episode,reward,rate_avg,hops_avg,ho_avg,q_spread,uniq_sat,beam_avg,rew_rate,rew_ho,loss,q_gap_avg,q_gap_noise,n_valid
1,32.8174,347,2.7,1.000,0.0000,45,0.035,0.53,-0.00,0.0000,0.0000,0.000
2,30.8392,232,2.6,0.080,0.0000,48,0.033,0.36,-1.38,0.0000,0.0000,0.000
3,17.8272,189,2.6,0.730,0.0000,45,0.035,0.29,-0.41,0.0000,0.0000,0.000
4,39.7758,311,2.8,0.230,0.0000,47,0.033,0.48,-1.16,0.0000,0.0000,0.000
5,10.0561,249,2.8,0.640,0.0000,46,0.034,0.38,-0.54,0.0000,0.0000,0.000
6,34.6148,247,2.8,0.300,0.0000,46,0.034,0.38,-1.05,0.0000,0.0000,0.000
7,12.4505,272,2.7,0.610,0.0000,46,0.034,0.42,-0.58,0.0000,0.0000,0.000
8,40.6723,265,2.6,0.310,0.0000,45,0.035,0.41,-1.03,0.0000,0.0000,0.000
9,36.9050,325,2.8,0.470,0.0000,44,0.036,0.50,-0.80,0.0000,0.0000,0.000
10,28.3741,291,2.8,0.470,0.0000,43,0.036,0.45,-0.80,0.0000,0.0000,0.000
11,21.4963,249,2.7,0.400,0.0000,44,0.036,0.38,-0.90,0.0000,0.0000,0.000
12,24.4014,254,2.7,0.470,0.0000,49,0.032,0.39,-0.80,0.0000,0.0000,0.000
13,33.6038,272,2.7,0.470,0.0000,51,0.031,0.42,-0.80,0.0000,0.0000,0.000
14,25.4727,289,2.6,0.400,0.0000,47,0.033,0.44,-0.90,0.0000,0.0000,0.000
15,28.2112,258,2.6,0.460,0.0000,45,0.035,0.40,-0.81,0.0000,0.0000,0.000
16,35.0272,315,2.7,0.390,0.0000,44,0.036,0.48,-0.92,0.0000,0.0000,0.000
17,35.3906,293,2.6,0.480,0.0000,47,0.033,0.45,-0.78,0.0000,0.0000,0.000
18,33.7236,315,2.8,0.430,0.0000,46,0.034,0.48,-0.86,0.0000,0.0000,0.000
19,18.7729,224,2.8,0.480,0.0000,44,0.036,0.34,-0.78,0.0000,0.0000,0.000
20,40.0524,259,2.8,0.410,0.0000,45,0.035,0.40,-0.89,0.0000,0.0000,0.000
21,35.7991,326,2.7,0.360,0.0000,46,0.034,0.50,-0.96,0.1622,0.0000,0.000
22,31.5671,324,2.6,0.440,0.0000,47,0.033,0.50,-0.84,0.1591,0.0000,0.000
23,22.1078,241,2.6,0.480,0.0002,42,0.037,0.37,-0.78,0.1540,0.0108,0.000
24,31.1325,309,2.7,0.410,0.0008,45,0.035,0.47,-0.89,0.1494,0.0108,0.000
25,11.3213,207,2.8,0.460,0.0018,43,0.036,0.32,-0.81,0.1538,0.0110,0.333
26,24.7536,187,2.8,0.420,0.0018,49,0.032,0.29,-0.87,0.1328,0.0110,0.333
27,35.8888,272,2.7,0.450,0.0026,50,0.031,0.42,-0.83,0.1349,0.0111,0.250
28,25.3802,326,2.7,0.390,0.0026,46,0.034,0.50,-0.92,0.1265,0.0111,0.250
29,23.2564,292,2.5,0.540,0.0026,44,0.036,0.45,-0.69,0.1237,0.0111,0.250
30,30.2444,266,2.6,0.360,0.0026,46,0.034,0.41,-0.96,0.1197,0.0111,0.250
31,29.4698,320,2.6,0.460,0.0027,47,0.033,0.49,-0.81,0.1164,0.0100,0.400
32,20.2532,256,2.9,0.420,0.0027,46,0.034,0.39,-0.87,0.1011,0.0100,0.400
33,21.9264,248,2.8,0.490,0.0029,45,0.035,0.38,-0.77,0.0975,0.0106,0.333
34,22.7005,233,2.8,0.320,0.0029,49,0.032,0.36,-1.02,0.0923,0.0106,0.333
35,19.0459,217,2.7,0.480,0.0033,47,0.033,0.33,-0.78,0.0904,0.0106,0.333
36,28.9182,309,2.5,0.440,0.0043,50,0.031,0.47,-0.84,0.0849,0.0180,0.250
37,33.9529,248,2.6,0.450,0.0047,46,0.034,0.38,-0.83,0.0891,0.0198,0.222
38,43.4358,365,2.7,0.410,0.0054,44,0.036,0.56,-0.89,0.0870,0.0203,0.182
39,23.6407,301,2.7,0.400,0.0056,46,0.034,0.46,-0.90,0.0819,0.0203,0.182
40,20.9471,247,2.6,0.470,0.0064,47,0.033,0.38,-0.80,0.0843,0.0231,0.167
41,28.4102,272,2.8,0.400,0.0066,44,0.036,0.42,-0.90,0.0804,0.0223,0.154
42,23.3486,261,2.8,0.460,0.0070,44,0.036,0.40,-0.81,0.1429,0.0219,0.143
43,31.7844,248,2.6,0.410,0.0070,49,0.032,0.38,-0.89,0.1326,0.0219,0.143
44,30.0683,301,2.5,0.450,0.0070,47,0.033,0.46,-0.83,0.1284,0.0219,0.143
45,36.7334,289,2.5,0.420,0.0070,49,0.032,0.44,-0.87,0.1121,0.0219,0.143
46,26.4054,315,2.6,0.450,0.0071,49,0.032,0.48,-0.83,0.0996,0.0233,0.143
47,22.2910,258,2.7,0.460,0.0071,44,0.036,0.40,-0.81,0.0955,0.0233,0.143
48,25.6156,269,2.7,0.430,0.0072,43,0.036,0.41,-0.86,0.0851,0.0219,0.143
49,41.5383,346,2.7,0.440,0.0076,46,0.034,0.53,-0.84,0.0860,0.0226,0.133
50,28.8887,267,2.9,0.460,0.0085,46,0.034,0.41,-0.81,0.0888,0.0274,0.125
51,31.9710,295,2.7,0.460,0.0085,42,0.037,0.45,-0.81,0.0934,0.0274,0.125
52,21.9647,251,2.6,0.450,0.0085,47,0.033,0.39,-0.83,0.0924,0.0274,0.125
53,38.3703,318,2.8,0.440,0.0093,47,0.033,0.49,-0.84,0.0871,0.0274,0.125
54,21.2774,301,2.9,0.460,0.0097,46,0.034,0.46,-0.81,0.0835,0.0269,0.176
55,16.9482,196,2.9,0.400,0.0105,48,0.033,0.30,-0.90,0.0830,0.0324,0.167
56,24.2559,202,2.8,0.520,0.0109,47,0.033,0.31,-0.72,0.0810,0.0303,0.200
57,26.2315,273,2.6,0.330,0.0119,48,0.033,0.42,-1.00,0.0769,0.0303,0.182
58,31.7512,308,2.6,0.450,0.0129,46,0.034,0.47,-0.83,0.0716,0.0317,0.174
59,29.5750,320,2.7,0.420,0.0145,48,0.033,0.49,-0.87,0.0695,0.0312,0.200
60,31.9213,292,2.7,0.430,0.0147,46,0.034,0.45,-0.86,0.0713,0.0307,0.192
61,30.3255,290,2.8,0.460,0.0150,45,0.035,0.45,-0.81,0.0710,0.0297,0.222
62,26.0867,252,2.7,0.360,0.0184,44,0.036,0.39,-0.96,0.1303,0.0334,0.207
63,21.7225,272,2.7,0.530,0.0184,45,0.035,0.42,-0.70,0.1325,0.0334,0.207
64,34.7812,260,2.6,0.340,0.0182,45,0.035,0.40,-0.99,0.1226,0.0324,0.214
65,21.5995,245,2.8,0.500,0.0187,44,0.036,0.38,-0.75,0.1156,0.0312,0.214
66,28.0466,248,2.7,0.400,0.0203,44,0.036,0.38,-0.90,0.1033,0.0365,0.222
67,36.2790,253,2.6,0.460,0.0217,47,0.033,0.39,-0.81,0.0917,0.0385,0.207
68,39.4283,328,2.7,0.390,0.0275,44,0.036,0.50,-0.92,0.0811,0.0437,0.194
69,23.0659,305,2.8,0.390,0.0288,49,0.032,0.47,-0.92,0.0805,0.0449,0.194
70,20.1747,260,2.8,0.460,0.0309,48,0.033,0.40,-0.81,0.0798,0.0449,0.194
71,31.4544,303,2.6,0.420,0.0309,45,0.035,0.47,-0.87,0.0765,0.0449,0.194
72,25.4474,337,2.5,0.480,0.0331,46,0.034,0.52,-0.78,0.0804,0.0463,0.182
73,19.4239,246,2.7,0.360,0.0333,46,0.034,0.38,-0.96,0.0821,0.0451,0.206
74,35.9153,282,2.6,0.500,0.0360,44,0.036,0.43,-0.75,0.0796,0.0442,0.212
75,32.3477,316,2.5,0.440,0.0368,45,0.035,0.49,-0.84,0.0851,0.0457,0.206
76,24.8739,250,2.7,0.410,0.0371,46,0.034,0.38,-0.89,0.0809,0.0473,0.200
77,29.8985,302,2.7,0.490,0.0398,46,0.034,0.46,-0.77,0.0763,0.0493,0.216
78,36.1339,293,2.6,0.370,0.0416,47,0.033,0.45,-0.95,0.0737,0.0474,0.225
79,34.8547,280,2.6,0.410,0.0435,44,0.036,0.43,-0.89,0.0670,0.0458,0.220
80,35.6979,284,2.6,0.480,0.0427,45,0.035,0.44,-0.78,0.0674,0.0437,0.220
81,31.3328,334,2.7,0.440,0.0429,45,0.035,0.51,-0.84,0.0682,0.0428,0.238
82,20.3466,251,2.8,0.370,0.0470,43,0.036,0.39,-0.95,0.1246,0.0441,0.233
83,35.4981,291,2.8,0.460,0.0469,43,0.036,0.45,-0.81,0.1239,0.0435,0.227
84,30.1542,287,2.6,0.390,0.0462,45,0.035,0.44,-0.92,0.1170,0.0443,0.233
85,26.7970,237,2.6,0.490,0.0459,41,0.038,0.36,-0.77,0.1075,0.0459,0.238
86,24.8698,292,2.6,0.450,0.0459,44,0.036,0.45,-0.83,0.0998,0.0470,0.233
87,28.5502,261,2.5,0.450,0.0526,48,0.033,0.40,-0.83,0.0898,0.0554,0.227
88,27.8567,291,2.5,0.390,0.0564,46,0.034,0.45,-0.92,0.0805,0.0581,0.222
89,35.3268,256,2.5,0.510,0.0565,48,0.033,0.39,-0.73,0.0738,0.0580,0.196
90,22.2807,272,2.7,0.380,0.0578,47,0.033,0.42,-0.93,0.0719,0.0627,0.191
91,25.8321,247,2.7,0.470,0.0596,49,0.032,0.38,-0.80,0.0741,0.0611,0.188
92,29.1828,238,2.6,0.400,0.0618,50,0.031,0.37,-0.90,0.0760,0.0642,0.180
93,28.3543,260,2.6,0.450,0.0634,44,0.036,0.40,-0.83,0.0800,0.0648,0.173
94,34.4253,295,2.5,0.370,0.0624,44,0.036,0.45,-0.95,0.0783,0.0593,0.192
95,31.9423,330,2.6,0.490,0.0620,45,0.035,0.51,-0.77,0.0786,0.0582,0.192
96,21.6280,251,2.6,0.380,0.0620,48,0.033,0.39,-0.93,0.0843,0.0571,0.192
97,26.2405,306,2.7,0.480,0.0656,48,0.033,0.47,-0.78,0.0756,0.0580,0.200
98,20.9449,233,2.8,0.440,0.0650,46,0.034,0.36,-0.84,0.0703,0.0569,0.200
99,31.5929,294,2.8,0.400,0.0703,45,0.035,0.45,-0.90,0.0680,0.0541,0.175
100,27.8376,270,2.8,0.510,0.0703,48,0.033,0.41,-0.73,0.0653,0.0541,0.175
101,29.3873,298,2.5,0.390,0.0712,46,0.034,0.46,-0.92,0.0678,0.0548,0.179
102,31.8061,291,2.6,0.510,0.0730,48,0.033,0.45,-0.73,0.1139,0.0562,0.175
103,25.5234,291,2.6,0.440,0.0749,45,0.035,0.45,-0.84,0.1168,0.0543,0.172
104,20.5780,259,2.6,0.490,0.0776,41,0.038,0.40,-0.77,0.1092,0.0592,0.169
105,32.4992,256,2.6,0.410,0.0815,43,0.036,0.39,-0.89,0.1021,0.0586,0.169
106,26.8811,303,2.7,0.510,0.0850,45,0.035,0.47,-0.73,0.0944,0.0647,0.172
107,32.9721,277,2.8,0.380,0.0868,45,0.035,0.43,-0.93,0.0843,0.0661,0.175
108,31.7335,268,2.7,0.460,0.0884,46,0.034,0.41,-0.81,0.0774,0.0639,0.189
109,42.6825,351,2.6,0.350,0.0880,45,0.035,0.54,-0.98,0.0686,0.0630,0.189
110,28.6247,254,2.7,0.500,0.0892,47,0.033,0.39,-0.75,0.0764,0.0618,0.192
111,29.2851,296,2.7,0.430,0.0902,42,0.037,0.46,-0.86,0.0701,0.0618,0.192
112,23.1612,263,2.7,0.480,0.0937,48,0.033,0.40,-0.78,0.0717,0.0652,0.189
113,28.6026,230,2.6,0.430,0.0954,44,0.036,0.35,-0.86,0.0788,0.0676,0.170
114,26.2650,275,2.6,0.470,0.0961,47,0.033,0.42,-0.80,0.0781,0.0700,0.173
115,35.5932,323,2.5,0.400,0.0958,45,0.035,0.50,-0.90,0.0838,0.0688,0.189
116,31.6988,324,2.4,0.550,0.0988,44,0.036,0.50,-0.67,0.0761,0.0704,0.182
117,27.5351,289,2.5,0.390,0.0990,50,0.031,0.44,-0.92,0.0714,0.0730,0.182
118,27.4746,256,2.6,0.470,0.0990,51,0.031,0.39,-0.80,0.0701,0.0730,0.182
119,31.8080,283,2.7,0.420,0.0978,45,0.035,0.44,-0.87,0.0713,0.0758,0.179
120,31.6419,291,2.6,0.390,0.0994,49,0.032,0.45,-0.92,0.0644,0.0784,0.161
121,21.8056,299,2.6,0.440,0.0981,50,0.031,0.46,-0.84,0.0632,0.0742,0.148
122,28.7919,256,2.6,0.570,0.0988,48,0.033,0.39,-0.65,0.1082,0.0747,0.130
123,28.7132,296,2.6,0.350,0.0998,47,0.033,0.45,-0.98,0.1081,0.0757,0.113
124,36.1404,272,2.6,0.520,0.1019,48,0.033,0.42,-0.72,0.1040,0.0762,0.111
125,35.3890,342,2.8,0.370,0.1014,47,0.033,0.53,-0.95,0.0930,0.0754,0.111
126,18.4624,211,2.9,0.500,0.1034,45,0.035,0.32,-0.75,0.0900,0.0848,0.109
127,33.6102,282,2.8,0.430,0.1057,47,0.033,0.43,-0.86,0.0805,0.0887,0.086
128,33.4620,329,2.6,0.410,0.1142,45,0.035,0.51,-0.89,0.0720,0.0945,0.067
129,32.2268,320,2.5,0.500,0.1181,46,0.034,0.49,-0.75,0.0707,0.0963,0.066
130,42.4193,358,2.6,0.420,0.1168,44,0.036,0.55,-0.87,0.0715,0.0963,0.067
131,27.0590,362,2.6,0.430,0.1129,46,0.034,0.56,-0.86,0.0736,0.0961,0.067
132,19.8391,230,2.6,0.470,0.1154,48,0.033,0.35,-0.80,0.0731,0.0999,0.068
133,31.5556,249,2.6,0.400,0.1177,44,0.036,0.38,-0.90,0.0776,0.0999,0.086
134,21.8361,271,2.5,0.480,0.1206,43,0.036,0.42,-0.78,0.0800,0.0973,0.070
135,19.9403,234,2.6,0.430,0.1225,44,0.036,0.36,-0.86,0.0766,0.0992,0.070
136,25.2238,282,2.6,0.420,0.1237,45,0.035,0.43,-0.87,0.0724,0.1010,0.070
137,15.7909,221,2.7,0.480,0.1288,45,0.035,0.34,-0.78,0.0730,0.1010,0.070
138,27.4536,258,2.7,0.380,0.1286,43,0.036,0.40,-0.93,0.0674,0.1057,0.070
139,33.6024,264,2.5,0.460,0.1350,47,0.033,0.41,-0.81,0.0692,0.1083,0.074
140,23.2155,224,2.8,0.420,0.1328,46,0.034,0.34,-0.87,0.0641,0.1055,0.111
141,23.8318,259,2.8,0.440,0.1327,44,0.036,0.40,-0.84,0.0660,0.1047,0.115
142,13.6539,195,2.8,0.470,0.1331,41,0.038,0.30,-0.80,0.0990,0.1074,0.100
143,38.9609,312,2.6,0.370,0.1330,42,0.037,0.48,-0.95,0.1094,0.1052,0.102
144,11.2248,241,2.7,0.480,0.1351,45,0.035,0.37,-0.78,0.0970,0.1090,0.106
145,40.9774,298,2.6,0.400,0.1341,46,0.034,0.46,-0.90,0.0929,0.1074,0.106
146,28.3710,318,2.5,0.430,0.1322,47,0.033,0.49,-0.86,0.0825,0.1058,0.109
147,27.5177,287,2.6,0.430,0.1335,43,0.036,0.44,-0.86,0.0784,0.1108,0.111
148,24.5105,261,2.6,0.460,0.1340,45,0.035,0.40,-0.81,0.0738,0.1130,0.109
149,25.2413,217,2.7,0.480,0.1326,44,0.036,0.33,-0.78,0.0723,0.1109,0.085
150,18.6091,242,2.6,0.470,0.1345,42,0.037,0.37,-0.80,0.0746,0.1113,0.083
151,29.1660,280,2.6,0.440,0.1340,43,0.036,0.43,-0.84,0.0786,0.1119,0.085
152,27.1209,275,2.6,0.450,0.1365,47,0.033,0.42,-0.83,0.0776,0.1076,0.064
153,19.3744,221,2.5,0.370,0.1419,47,0.033,0.34,-0.95,0.0767,0.1051,0.062
154,30.5404,245,2.8,0.450,0.1461,44,0.036,0.38,-0.83,0.0755,0.1126,0.059
155,35.4168,278,2.8,0.440,0.1427,45,0.035,0.43,-0.84,0.0742,0.1087,0.056
156,24.6557,264,2.8,0.480,0.1475,44,0.036,0.41,-0.78,0.0695,0.1092,0.057
157,31.9306,234,2.7,0.410,0.1484,45,0.035,0.36,-0.89,0.0683,0.1108,0.058
158,29.1489,333,2.6,0.430,0.1502,44,0.036,0.51,-0.86,0.0668,0.1051,0.059
159,27.7763,257,2.5,0.460,0.1519,42,0.037,0.40,-0.81,0.0699,0.1052,0.058
160,31.7375,282,2.6,0.380,0.1547,44,0.036,0.43,-0.93,0.0693,0.1113,0.056
161,20.8062,251,2.6,0.460,0.1592,43,0.036,0.39,-0.81,0.0707,0.1155,0.055
162,27.4755,247,2.8,0.460,0.1614,45,0.035,0.38,-0.81,0.1014,0.1172,0.055
163,25.6551,317,2.7,0.390,0.1666,47,0.033,0.49,-0.92,0.0963,0.1207,0.055
164,29.1385,260,2.6,0.480,0.1690,50,0.031,0.40,-0.78,0.0950,0.1302,0.036
165,35.2318,308,2.5,0.430,0.1726,43,0.036,0.47,-0.86,0.0866,0.1369,0.037
166,30.2611,259,2.4,0.470,0.1771,50,0.031,0.40,-0.80,0.0809,0.1414,0.036
167,21.8433,257,2.5,0.500,0.1720,49,0.032,0.40,-0.75,0.0756,0.1342,0.035
168,24.5066,273,2.5,0.390,0.1733,48,0.033,0.42,-0.92,0.0698,0.1328,0.035
169,18.8123,226,2.7,0.510,0.1733,47,0.033,0.35,-0.73,0.0715,0.1334,0.036
170,29.0249,260,2.6,0.380,0.1735,46,0.034,0.40,-0.93,0.0753,0.1334,0.035
171,34.8440,303,2.5,0.500,0.1742,44,0.036,0.47,-0.75,0.0743,0.1291,0.034
172,19.4613,298,2.4,0.460,0.1703,49,0.032,0.46,-0.81,0.0764,0.1253,0.069
173,32.8876,265,2.4,0.340,0.1720,46,0.034,0.41,-0.99,0.0759,0.1282,0.068
174,33.1903,253,2.6,0.500,0.1727,45,0.035,0.39,-0.75,0.0754,0.1292,0.069
175,25.9262,292,2.8,0.420,0.1747,46,0.034,0.45,-0.87,0.0769,0.1358,0.052
176,9.5893,197,2.7,0.480,0.1772,45,0.035,0.30,-0.78,0.0706,0.1305,0.068
177,37.7342,250,2.7,0.390,0.1822,46,0.034,0.38,-0.92,0.0669,0.1411,0.070
178,32.1351,337,2.5,0.470,0.1864,48,0.033,0.52,-0.80,0.0686,0.1445,0.070
179,26.4986,245,2.5,0.420,0.1844,45,0.035,0.38,-0.87,0.0691,0.1411,0.053
180,25.2011,231,2.5,0.460,0.1794,43,0.036,0.35,-0.81,0.0709,0.1402,0.070
181,30.7045,279,2.5,0.420,0.1799,46,0.034,0.43,-0.87,0.0681,0.1412,0.071
182,22.4967,271,2.6,0.490,0.1854,47,0.033,0.42,-0.77,0.0951,0.1460,0.052
183,20.8598,234,2.7,0.390,0.1867,47,0.033,0.36,-0.92,0.0955,0.1450,0.034
184,18.0313,205,2.7,0.520,0.1892,44,0.036,0.32,-0.72,0.0912,0.1463,0.032
185,24.7772,257,2.6,0.350,0.1873,45,0.035,0.40,-0.98,0.0832,0.1448,0.033
186,19.0089,270,2.6,0.560,0.1868,44,0.036,0.41,-0.66,0.0773,0.1462,0.033
187,24.0859,224,2.5,0.320,0.1851,48,0.033,0.34,-1.02,0.0723,0.1543,0.035
188,22.6244,292,2.4,0.560,0.1866,47,0.033,0.45,-0.66,0.0738,0.1535,0.035
189,20.7623,278,2.6,0.370,0.1907,46,0.034,0.43,-0.95,0.0743,0.1554,0.035
190,18.1791,205,2.7,0.440,0.1933,46,0.034,0.31,-0.84,0.0779,0.1604,0.034
191,18.5143,208,2.8,0.460,0.1989,48,0.033,0.32,-0.81,0.0774,0.1686,0.034
192,17.0662,207,2.6,0.410,0.2002,47,0.033,0.32,-0.89,0.0782,0.1638,0.050
193,29.6396,245,2.6,0.410,0.1955,47,0.033,0.38,-0.89,0.0772,0.1691,0.049
194,33.6695,267,2.6,0.430,0.1987,45,0.035,0.41,-0.86,0.0773,0.1678,0.049
195,28.0045,304,2.5,0.410,0.2042,45,0.035,0.47,-0.89,0.0714,0.1714,0.065
196,21.5137,256,2.5,0.460,0.1996,49,0.032,0.39,-0.81,0.0688,0.1631,0.065
197,34.8701,350,2.6,0.400,0.2019,47,0.033,0.54,-0.90,0.0706,0.1619,0.082
198,13.0816,216,2.8,0.520,0.2043,48,0.033,0.33,-0.72,0.0719,0.1647,0.081
199,16.8908,215,2.8,0.370,0.2026,50,0.031,0.33,-0.95,0.0710,0.1567,0.079
200,32.2987,296,2.6,0.510,0.2116,46,0.034,0.45,-0.73,0.0711,0.1683,0.063
201,24.5919,263,2.6,0.370,0.2090,43,0.036,0.40,-0.95,0.0743,0.1671,0.065
202,34.6271,287,2.5,0.490,0.2133,49,0.032,0.44,-0.77,0.0963,0.1689,0.065
203,36.7417,322,2.5,0.380,0.2133,48,0.033,0.49,-0.93,0.0920,0.1679,0.065
204,19.0476,248,2.7,0.450,0.2098,47,0.033,0.38,-0.83,0.0853,0.1690,0.067
205,15.0023,225,2.7,0.450,0.2135,44,0.036,0.35,-0.83,0.0797,0.1712,0.063
206,14.4102,261,2.7,0.470,0.2325,47,0.033,0.40,-0.80,0.0789,0.1797,0.048
207,27.4546,248,2.6,0.440,0.2243,44,0.036,0.38,-0.84,0.0760,0.1847,0.032
208,39.0578,292,2.6,0.390,0.2241,45,0.035,0.45,-0.92,0.0723,0.1900,0.034
209,26.6387,282,2.5,0.460,0.2203,43,0.036,0.43,-0.81,0.0752,0.1860,0.049
210,19.9519,293,2.5,0.440,0.2192,47,0.033,0.45,-0.84,0.0758,0.1836,0.048
211,33.8258,297,2.4,0.480,0.2169,45,0.035,0.46,-0.78,0.0785,0.1794,0.048
212,39.3732,339,2.6,0.430,0.2159,47,0.033,0.52,-0.86,0.0804,0.1753,0.049
213,13.6322,247,2.7,0.460,0.2194,46,0.034,0.38,-0.81,0.0798,0.1726,0.048
214,27.9903,292,2.6,0.390,0.2161,44,0.036,0.45,-0.92,0.0764,0.1568,0.050
215,25.9910,303,2.5,0.500,0.2247,41,0.038,0.47,-0.75,0.0733,0.1686,0.048
216,35.4958,296,2.6,0.430,0.2205,48,0.033,0.45,-0.86,0.0758,0.1651,0.048
217,27.5565,245,2.6,0.420,0.2187,46,0.034,0.38,-0.87,0.0702,0.1591,0.049
218,31.3950,270,2.6,0.510,0.2137,48,0.033,0.42,-0.73,0.0741,0.1406,0.033
219,36.1692,313,2.6,0.370,0.2112,53,0.029,0.48,-0.95,0.0713,0.1367,0.033
220,21.3304,244,2.7,0.440,0.2068,50,0.031,0.37,-0.84,0.0739,0.1373,0.033
221,24.5162,276,2.8,0.450,0.2048,45,0.035,0.42,-0.83,0.0701,0.1330,0.050
222,29.2289,266,2.5,0.480,0.2003,46,0.034,0.41,-0.78,0.0841,0.1313,0.049
223,40.8368,283,2.5,0.390,0.1983,45,0.035,0.43,-0.92,0.0894,0.1353,0.048
224,25.5341,289,2.5,0.430,0.1986,45,0.035,0.44,-0.86,0.0808,0.1352,0.048
225,25.3624,300,2.5,0.440,0.1963,46,0.034,0.46,-0.84,0.0801,0.1204,0.079
226,23.1164,260,2.7,0.450,0.2008,46,0.034,0.40,-0.83,0.0720,0.1224,0.062
227,28.4148,235,2.6,0.420,0.2060,43,0.036,0.36,-0.87,0.0716,0.1244,0.062
228,14.7754,254,2.7,0.470,0.2062,42,0.037,0.39,-0.80,0.0732,0.1305,0.059
229,21.5187,228,2.6,0.480,0.2155,46,0.034,0.35,-0.78,0.0760,0.1314,0.044
230,42.5085,285,2.6,0.400,0.2178,48,0.033,0.44,-0.90,0.0798,0.1330,0.045
231,38.1185,344,2.6,0.430,0.2253,46,0.034,0.53,-0.86,0.0787,0.1389,0.059
232,39.0715,331,2.5,0.460,0.2183,43,0.036,0.51,-0.81,0.0804,0.1374,0.057
233,16.3169,268,2.6,0.420,0.2137,46,0.034,0.41,-0.87,0.0767,0.1346,0.057
234,24.4453,239,2.7,0.430,0.2101,44,0.036,0.37,-0.86,0.0724,0.1294,0.059
235,17.9845,227,2.8,0.450,0.2096,45,0.035,0.35,-0.83,0.0736,0.1277,0.058
236,27.5942,270,2.7,0.420,0.2091,44,0.036,0.42,-0.87,0.0716,0.1292,0.057
237,30.6521,306,2.4,0.440,0.2142,46,0.034,0.47,-0.84,0.0729,0.1299,0.097
238,35.7571,325,2.4,0.440,0.2174,49,0.032,0.50,-0.84,0.0741,0.1316,0.111
239,25.9284,269,2.5,0.410,0.2202,47,0.033,0.41,-0.89,0.0744,0.1270,0.111
240,20.5680,246,2.6,0.420,0.2273,47,0.033,0.38,-0.87,0.0755,0.1349,0.129
241,23.0449,228,2.6,0.460,0.2235,44,0.036,0.35,-0.81,0.0732,0.1371,0.129
242,29.6277,269,2.8,0.470,0.2311,45,0.035,0.41,-0.80,0.0886,0.1387,0.125
243,28.3190,238,2.8,0.350,0.2418,48,0.033,0.37,-0.98,0.0883,0.1513,0.110
244,22.2103,268,2.5,0.460,0.2457,44,0.036,0.41,-0.81,0.0794,0.1547,0.110
245,33.3587,329,2.5,0.470,0.2388,42,0.037,0.51,-0.80,0.0753,0.1469,0.110
246,28.6735,294,2.6,0.360,0.2341,47,0.033,0.45,-0.96,0.0762,0.1464,0.110
247,21.7305,211,2.6,0.480,0.2353,48,0.033,0.32,-0.78,0.0714,0.1454,0.110
248,36.8307,290,2.7,0.380,0.2334,48,0.033,0.45,-0.93,0.0744,0.1478,0.096
249,20.4052,265,2.7,0.440,0.2417,47,0.033,0.41,-0.84,0.0738,0.1507,0.097
250,23.5971,192,2.7,0.470,0.2433,46,0.034,0.30,-0.80,0.0753,0.1542,0.096
251,37.1240,303,2.6,0.420,0.2329,47,0.033,0.46,-0.87,0.0755,0.1440,0.070
252,25.0232,275,2.5,0.480,0.2349,45,0.035,0.42,-0.78,0.0775,0.1434,0.087
253,35.0188,285,2.5,0.410,0.2330,46,0.034,0.44,-0.89,0.0757,0.1488,0.100
254,27.3299,298,2.6,0.480,0.2349,45,0.035,0.46,-0.78,0.0754,0.1506,0.103
255,33.7667,302,2.7,0.360,0.2325,45,0.035,0.46,-0.96,0.0718,0.1611,0.119
256,15.5046,196,2.6,0.500,0.2312,44,0.036,0.30,-0.75,0.0683,0.1565,0.132
257,25.7795,256,2.7,0.400,0.2269,43,0.036,0.39,-0.90,0.0721,0.1482,0.130
258,29.1877,312,2.6,0.480,0.2293,47,0.033,0.48,-0.78,0.0708,0.1545,0.090
259,45.5059,368,2.5,0.360,0.2250,49,0.032,0.57,-0.96,0.0743,0.1557,0.094
260,37.5898,294,2.5,0.470,0.2243,45,0.035,0.45,-0.80,0.0730,0.1580,0.079
261,24.0187,266,2.7,0.380,0.2231,46,0.034,0.41,-0.93,0.0747,0.1531,0.094
262,10.5649,216,2.8,0.530,0.2255,45,0.035,0.33,-0.70,0.0843,0.1449,0.094
263,24.4601,191,2.8,0.350,0.2282,47,0.033,0.29,-0.98,0.0792,0.1497,0.094
264,17.5682,232,2.8,0.530,0.2250,47,0.033,0.36,-0.70,0.0749,0.1438,0.090
265,26.2943,250,2.7,0.360,0.2272,50,0.031,0.38,-0.96,0.0728,0.1470,0.090
266,30.4104,269,2.5,0.560,0.2308,45,0.035,0.41,-0.66,0.0742,0.1450,0.072
267,41.7639,333,2.5,0.300,0.2360,48,0.033,0.51,-1.05,0.0718,0.1537,0.058
268,31.1049,289,2.5,0.480,0.2392,46,0.034,0.44,-0.78,0.0774,0.1495,0.071
269,17.2528,220,2.6,0.470,0.2456,45,0.035,0.34,-0.80,0.0749,0.1487,0.058
270,28.5830,244,2.6,0.400,0.2454,41,0.038,0.37,-0.90,0.0749,0.1474,0.043
271,15.5033,226,2.6,0.470,0.2471,44,0.036,0.35,-0.80,0.0748,0.1487,0.042
272,24.5040,227,2.6,0.440,0.2491,44,0.036,0.35,-0.84,0.0790,0.1603,0.041
273,32.0314,287,2.7,0.410,0.2411,46,0.034,0.44,-0.89,0.0767,0.1563,0.040
274,46.7484,325,2.5,0.410,0.2254,46,0.034,0.50,-0.89,0.0722,0.1531,0.041
275,34.5723,317,2.5,0.430,0.2307,44,0.036,0.49,-0.86,0.0708,0.1594,0.042
276,29.4938,277,2.5,0.340,0.2260,45,0.035,0.43,-0.99,0.0742,0.1605,0.029
277,12.8924,210,2.8,0.480,0.2229,44,0.036,0.32,-0.78,0.0712,0.1633,0.029
278,27.2118,209,2.7,0.380,0.2217,39,0.040,0.32,-0.93,0.0690,0.1688,0.000
279,29.5268,328,2.6,0.480,0.2233,47,0.033,0.50,-0.78,0.0735,0.1719,0.000
280,28.7867,258,2.6,0.460,0.2218,45,0.035,0.40,-0.81,0.0716,0.1731,0.000
281,36.7135,280,2.6,0.450,0.2226,41,0.038,0.43,-0.83,0.0732,0.1745,0.000
282,38.9990,305,2.6,0.400,0.2261,45,0.035,0.47,-0.90,0.0811,0.1763,0.000
283,22.0832,303,2.5,0.500,0.2296,49,0.032,0.47,-0.75,0.0814,0.1784,0.000
284,25.2051,253,2.6,0.400,0.2322,46,0.034,0.39,-0.90,0.0794,0.1815,0.000
285,22.1455,257,2.7,0.490,0.2399,47,0.033,0.39,-0.77,0.0732,0.1814,0.014
286,38.8394,328,2.6,0.490,0.2381,46,0.034,0.50,-0.77,0.0687,0.1763,0.015
287,38.9831,325,2.4,0.390,0.2396,44,0.036,0.50,-0.92,0.0714,0.1801,0.015
288,42.2575,344,2.5,0.420,0.2382,48,0.033,0.53,-0.87,0.0791,0.1776,0.030
289,37.5904,306,2.7,0.420,0.2372,47,0.033,0.47,-0.87,0.0829,0.1814,0.031
290,32.0316,327,2.6,0.450,0.2365,45,0.035,0.50,-0.83,0.0790,0.1872,0.031
291,23.6189,249,2.7,0.390,0.2416,46,0.034,0.38,-0.92,0.0808,0.1853,0.031
292,21.8362,247,2.6,0.440,0.2432,43,0.036,0.38,-0.84,0.0745,0.1783,0.032
293,18.9846,262,2.6,0.450,0.2358,47,0.033,0.40,-0.83,0.0769,0.1748,0.032
294,23.9052,242,2.7,0.450,0.2363,47,0.033,0.37,-0.83,0.0671,0.1722,0.032
295,28.2681,274,2.6,0.460,0.2522,47,0.033,0.42,-0.81,0.0694,0.1884,0.016
296,34.0835,324,2.5,0.420,0.2529,43,0.036,0.50,-0.87,0.0737,0.1895,0.016
297,25.6630,306,2.5,0.440,0.2532,46,0.034,0.47,-0.84,0.0745,0.1797,0.032
298,26.8432,276,2.6,0.410,0.2557,46,0.034,0.42,-0.89,0.0737,0.1850,0.033
299,26.1152,258,2.7,0.440,0.2495,51,0.031,0.40,-0.84,0.0683,0.1758,0.050
300,33.0682,326,2.6,0.440,0.2452,48,0.033,0.50,-0.84,0.0772,0.1655,0.053
301,38.8389,302,2.5,0.460,0.2410,43,0.036,0.46,-0.81,0.0739,0.1687,0.035
302,40.8381,350,2.5,0.400,0.2431,46,0.034,0.54,-0.90,0.0836,0.1644,0.035
303,25.2140,319,2.6,0.470,0.2366,45,0.035,0.49,-0.80,0.0770,0.1603,0.053
304,34.5980,275,2.6,0.370,0.2405,44,0.036,0.42,-0.95,0.0727,0.1582,0.071
305,24.6142,314,2.8,0.510,0.2402,44,0.036,0.48,-0.73,0.0681,0.1479,0.074
306,21.7353,214,2.9,0.450,0.2359,46,0.034,0.33,-0.83,0.0715,0.1409,0.073
307,23.2495,211,2.8,0.380,0.2392,47,0.033,0.32,-0.93,0.0754,0.1409,0.073
308,36.0510,310,2.7,0.480,0.2390,49,0.032,0.48,-0.78,0.0749,0.1456,0.086
309,29.8556,329,2.5,0.480,0.2360,44,0.036,0.51,-0.78,0.0803,0.1477,0.081
310,44.4518,348,2.5,0.300,0.2309,43,0.036,0.54,-1.05,0.0784,0.1475,0.094
311,28.8360,301,2.6,0.510,0.2306,45,0.035,0.46,-0.73,0.0783,0.1506,0.081
312,30.2032,308,2.7,0.370,0.2356,47,0.033,0.47,-0.95,0.0769,0.1519,0.083
313,28.8222,270,2.5,0.520,0.2318,47,0.033,0.42,-0.72,0.0686,0.1491,0.073
314,23.0862,250,2.5,0.330,0.2348,45,0.035,0.38,-1.00,0.0724,0.1464,0.055
315,23.9417,263,2.6,0.540,0.2344,49,0.032,0.40,-0.69,0.0732,0.1466,0.091
316,27.4050,278,2.6,0.380,0.2390,46,0.034,0.43,-0.93,0.0747,0.1458,0.091
317,48.8055,331,2.5,0.490,0.2402,47,0.033,0.51,-0.77,0.0747,0.1504,0.075
318,34.8505,391,2.6,0.380,0.2433,47,0.033,0.60,-0.93,0.0747,0.1535,0.074
319,19.5720,257,2.8,0.490,0.2392,43,0.036,0.40,-0.77,0.0741,0.1667,0.086
320,39.5524,325,2.8,0.480,0.2366,46,0.034,0.50,-0.78,0.0716,0.1711,0.050
321,27.1014,301,2.8,0.440,0.2399,49,0.032,0.46,-0.84,0.0729,0.1651,0.051
322,33.4382,278,2.7,0.440,0.2301,41,0.038,0.43,-0.84,0.0787,0.1508,0.053
323,29.1308,290,2.5,0.450,0.2240,50,0.031,0.45,-0.83,0.0748,0.1427,0.055
324,24.7684,290,2.6,0.540,0.2247,43,0.036,0.45,-0.69,0.0728,0.1427,0.053
325,37.5522,286,2.6,0.390,0.2281,48,0.033,0.44,-0.92,0.0689,0.1504,0.050
326,28.5745,341,2.6,0.470,0.2270,43,0.036,0.52,-0.80,0.0722,0.1439,0.068
327,22.8759,288,2.5,0.410,0.2337,45,0.035,0.44,-0.89,0.0751,0.1466,0.069
328,36.1452,265,2.5,0.480,0.2264,45,0.035,0.41,-0.78,0.0798,0.1425,0.070
329,27.9071,304,2.5,0.400,0.2223,49,0.032,0.47,-0.90,0.0750,0.1386,0.054
330,35.5705,317,2.5,0.360,0.2170,47,0.033,0.49,-0.96,0.0731,0.1382,0.053
331,31.2977,282,2.5,0.440,0.2256,45,0.035,0.43,-0.84,0.0801,0.1521,0.051
332,42.7572,306,2.4,0.380,0.2245,42,0.037,0.47,-0.93,0.0792,0.1484,0.050
333,30.8441,308,2.7,0.460,0.2216,45,0.035,0.47,-0.81,0.0707,0.1468,0.050
334,30.1950,269,2.7,0.310,0.2255,43,0.036,0.41,-1.03,0.0708,0.1465,0.033
335,19.1814,265,2.7,0.600,0.2314,43,0.036,0.41,-0.60,0.0716,0.1505,0.032
336,32.1823,279,2.6,0.270,0.2315,46,0.034,0.43,-1.09,0.0703,0.1502,0.031
337,40.4768,331,2.6,0.540,0.2281,47,0.033,0.51,-0.69,0.0701,0.1479,0.032
338,28.5086,353,2.5,0.420,0.2276,44,0.036,0.54,-0.87,0.0761,0.1522,0.034
339,33.4056,271,2.6,0.410,0.2306,44,0.036,0.42,-0.89,0.0692,0.1642,0.017
340,38.8662,319,2.7,0.490,0.2293,48,0.033,0.49,-0.77,0.0702,0.1666,0.019
341,37.4416,304,2.7,0.350,0.2270,45,0.035,0.47,-0.98,0.0725,0.1702,0.019
342,29.6295,303,2.6,0.490,0.2268,43,0.036,0.47,-0.77,0.0800,0.1731,0.036
343,25.1033,273,2.5,0.420,0.2278,44,0.036,0.42,-0.87,0.0752,0.1695,0.019
344,40.5291,314,2.5,0.330,0.2220,45,0.035,0.48,-1.00,0.0730,0.1709,0.020
345,23.6688,349,2.5,0.530,0.2260,48,0.033,0.54,-0.70,0.0723,0.1698,0.018
346,29.6076,294,2.5,0.400,0.2265,45,0.035,0.45,-0.90,0.0746,0.1713,0.054
347,50.1844,323,2.6,0.460,0.2201,44,0.036,0.50,-0.81,0.0785,0.1659,0.073
348,35.5846,298,2.8,0.440,0.2234,47,0.033,0.46,-0.84,0.0747,0.1675,0.054
349,24.4096,284,2.8,0.410,0.2170,48,0.033,0.44,-0.89,0.0760,0.1584,0.057
350,24.7098,263,2.8,0.420,0.2184,44,0.036,0.40,-0.87,0.0757,0.1625,0.057
351,28.7750,286,2.6,0.470,0.2080,45,0.035,0.44,-0.80,0.0740,0.1527,0.058
352,41.4372,312,2.6,0.410,0.2102,45,0.035,0.48,-0.89,0.0708,0.1464,0.058
353,35.3877,286,2.5,0.380,0.2120,48,0.033,0.44,-0.93,0.0676,0.1439,0.060
354,31.3292,303,2.4,0.470,0.2193,48,0.033,0.47,-0.80,0.0718,0.1341,0.042
355,29.9360,332,2.5,0.420,0.2170,45,0.035,0.51,-0.87,0.0707,0.1312,0.039
356,35.5607,282,2.6,0.470,0.2192,46,0.034,0.43,-0.80,0.0776,0.1299,0.060
357,32.2606,307,2.6,0.450,0.2174,48,0.033,0.47,-0.83,0.0722,0.1431,0.058
358,29.0234,260,2.5,0.470,0.2149,51,0.031,0.40,-0.80,0.0734,0.1517,0.037
359,40.3650,278,2.5,0.410,0.2168,48,0.033,0.43,-0.89,0.0723,0.1515,0.036
360,24.6679,259,2.5,0.420,0.2188,44,0.036,0.40,-0.87,0.0714,0.1389,0.035
361,34.3516,300,2.6,0.490,0.2180,45,0.035,0.46,-0.77,0.0711,0.1384,0.050
362,32.9550,302,2.7,0.350,0.2148,45,0.035,0.46,-0.98,0.0724,0.1333,0.048
363,13.2337,209,2.8,0.520,0.2131,43,0.036,0.32,-0.72,0.0756,0.1430,0.048
364,33.2662,259,2.8,0.310,0.2148,47,0.033,0.40,-1.03,0.0725,0.1412,0.067
365,27.6463,309,2.7,0.490,0.2162,45,0.035,0.48,-0.77,0.0708,0.1415,0.083
366,39.3832,293,2.6,0.440,0.2226,46,0.034,0.45,-0.84,0.0772,0.1453,0.086
367,36.4468,343,2.6,0.430,0.2191,43,0.036,0.53,-0.86,0.0724,0.1386,0.085
368,26.3730,252,2.5,0.420,0.2127,43,0.036,0.39,-0.87,0.0737,0.1448,0.079
369,33.4335,300,2.5,0.400,0.2131,46,0.034,0.46,-0.90,0.0755,0.1464,0.079
370,31.5968,302,2.6,0.420,0.2174,46,0.034,0.46,-0.87,0.0765,0.1414,0.067
371,22.8881,251,2.7,0.560,0.2136,46,0.034,0.39,-0.66,0.0746,0.1418,0.067
372,34.7800,263,2.7,0.350,0.2178,47,0.033,0.40,-0.98,0.0731,0.1470,0.050
373,36.0015,325,2.5,0.530,0.2130,45,0.035,0.50,-0.70,0.0711,0.1519,0.049
374,42.0421,346,2.5,0.300,0.2157,49,0.032,0.53,-1.05,0.0722,0.1602,0.049
375,24.2802,312,2.6,0.530,0.2111,50,0.031,0.48,-0.70,0.0744,0.1574,0.050
376,28.7148,266,2.6,0.380,0.2147,40,0.039,0.41,-0.93,0.0741,0.1458,0.048
377,18.7925,263,2.9,0.460,0.2160,42,0.037,0.40,-0.81,0.0740,0.1461,0.032
378,27.8733,275,2.8,0.400,0.2156,42,0.037,0.42,-0.90,0.0739,0.1439,0.047
379,28.6904,320,2.7,0.500,0.2116,40,0.039,0.49,-0.75,0.0748,0.1415,0.063
380,29.4957,289,2.6,0.410,0.2133,44,0.036,0.44,-0.89,0.0735,0.1364,0.076
381,38.2691,301,2.6,0.460,0.2115,48,0.033,0.46,-0.81,0.0721,0.1396,0.062
382,40.1690,290,2.6,0.370,0.2136,45,0.035,0.45,-0.95,0.0749,0.1343,0.061
383,34.9444,315,2.7,0.470,0.2051,44,0.036,0.48,-0.80,0.0716,0.1324,0.062
384,26.2408,271,2.6,0.420,0.2146,46,0.034,0.42,-0.87,0.0667,0.1343,0.062
385,23.6655,270,2.7,0.380,0.2216,48,0.033,0.42,-0.93,0.0728,0.1435,0.066
386,25.4116,297,2.7,0.470,0.2204,47,0.033,0.46,-0.80,0.0740,0.1487,0.049
387,41.9765,320,2.6,0.360,0.2239,45,0.035,0.49,-0.96,0.0725,0.1521,0.047
388,28.8777,291,2.5,0.530,0.2232,43,0.036,0.45,-0.70,0.0745,0.1543,0.061
389,39.2497,313,2.5,0.320,0.2264,43,0.036,0.48,-1.02,0.0722,0.1546,0.061
390,27.5804,267,2.5,0.540,0.2268,47,0.033,0.41,-0.69,0.0721,0.1578,0.074
391,32.5193,304,2.7,0.360,0.2247,44,0.036,0.47,-0.96,0.0716,0.1602,0.088
392,39.7077,305,2.8,0.340,0.2224,43,0.036,0.47,-0.99,0.0706,0.1585,0.098
393,27.4278,267,2.7,0.530,0.2197,45,0.035,0.41,-0.70,0.0767,0.1472,0.127
394,40.1418,276,2.6,0.430,0.2144,42,0.037,0.42,-0.86,0.0706,0.1367,0.141
395,29.6740,334,2.5,0.470,0.2123,45,0.035,0.51,-0.80,0.0679,0.1261,0.134
396,29.3909,305,2.5,0.410,0.2119,47,0.033,0.47,-0.89,0.0714,0.1318,0.127
397,23.1220,221,2.7,0.490,0.2223,45,0.035,0.34,-0.77,0.0724,0.1355,0.127
398,22.9499,210,2.7,0.410,0.2219,43,0.036,0.32,-0.89,0.0739,0.1313,0.123
399,23.9605,254,2.7,0.440,0.2168,43,0.036,0.39,-0.84,0.0725,0.1329,0.086
400,31.2902,254,2.7,0.450,0.2134,40,0.039,0.39,-0.83,0.0695,0.1305,0.088
401,38.5590,250,2.6,0.430,0.2123,48,0.033,0.38,-0.86,0.0717,0.1281,0.076
402,37.5036,307,2.6,0.400,0.2093,46,0.034,0.47,-0.90,0.0752,0.1348,0.062
403,22.9370,295,2.7,0.440,0.2157,45,0.035,0.45,-0.84,0.0713,0.1465,0.048
404,50.6942,311,2.4,0.450,0.2203,43,0.036,0.48,-0.83,0.0689,0.1512,0.065
405,37.0282,325,2.6,0.420,0.2222,44,0.036,0.50,-0.87,0.0733,0.1495,0.089
406,14.0246,238,2.7,0.440,0.2277,41,0.038,0.37,-0.84,0.0726,0.1603,0.089
407,32.0120,271,2.7,0.440,0.2223,44,0.036,0.42,-0.84,0.0716,0.1500,0.081
408,30.5489,317,2.5,0.390,0.2171,47,0.033,0.49,-0.92,0.0715,0.1399,0.082
409,36.3102,351,2.6,0.390,0.2119,42,0.037,0.54,-0.92,0.0764,0.1441,0.086
410,27.8865,299,2.5,0.470,0.2113,48,0.033,0.46,-0.80,0.0737,0.1511,0.089
411,35.3052,330,2.5,0.470,0.2104,46,0.034,0.51,-0.80,0.0719,0.1554,0.068
412,28.8958,302,2.6,0.410,0.2145,45,0.035,0.46,-0.89,0.0719,0.1514,0.050
413,25.3081,258,2.7,0.400,0.2190,42,0.037,0.40,-0.90,0.0712,0.1451,0.063
414,12.8506,215,2.7,0.490,0.2119,43,0.036,0.33,-0.77,0.0693,0.1366,0.049
415,13.8981,190,2.5,0.370,0.2115,47,0.033,0.29,-0.95,0.0711,0.1334,0.049
416,36.8646,290,2.6,0.430,0.2131,48,0.033,0.45,-0.86,0.0750,0.1323,0.048
417,34.9704,308,2.6,0.420,0.2151,46,0.034,0.47,-0.87,0.0705,0.1363,0.049
418,21.8836,276,2.6,0.510,0.2141,43,0.036,0.42,-0.73,0.0718,0.1440,0.048
419,19.9684,245,2.6,0.380,0.2127,45,0.035,0.38,-0.93,0.0725,0.1451,0.048
420,26.2158,209,2.8,0.470,0.2126,44,0.036,0.32,-0.80,0.0669,0.1326,0.068
421,23.7359,274,2.8,0.370,0.2127,47,0.033,0.42,-0.95,0.0684,0.1352,0.052
422,4.9930,173,2.8,0.520,0.2164,48,0.033,0.27,-0.72,0.0754,0.1478,0.050
423,34.6177,264,2.6,0.340,0.2144,44,0.036,0.41,-0.99,0.0717,0.1490,0.083
424,29.1171,292,2.7,0.510,0.2122,46,0.034,0.45,-0.73,0.0701,0.1420,0.083
425,25.1186,250,2.7,0.380,0.2118,46,0.034,0.38,-0.93,0.0681,0.1394,0.086
426,29.9065,255,2.5,0.500,0.2076,49,0.032,0.39,-0.75,0.0690,0.1373,0.061
427,27.5020,233,2.6,0.390,0.2093,44,0.036,0.36,-0.92,0.0699,0.1443,0.045
428,25.6764,207,2.7,0.450,0.2109,44,0.036,0.32,-0.83,0.0686,0.1430,0.032
429,20.6596,255,2.7,0.420,0.2093,50,0.031,0.39,-0.87,0.0761,0.1384,0.049
430,27.9136,258,2.6,0.440,0.2039,46,0.034,0.40,-0.84,0.0690,0.1385,0.049
431,37.0463,287,2.6,0.360,0.2024,48,0.033,0.44,-0.96,0.0751,0.1301,0.067
432,25.5735,292,2.6,0.480,0.2043,49,0.032,0.45,-0.78,0.0731,0.1383,0.086
433,23.1476,299,2.5,0.380,0.2070,44,0.036,0.46,-0.93,0.0689,0.1395,0.086
434,23.5129,251,2.6,0.420,0.2074,47,0.033,0.39,-0.87,0.0685,0.1349,0.091
435,27.2682,250,2.6,0.460,0.2093,47,0.033,0.38,-0.81,0.0702,0.1365,0.069
436,26.1707,239,2.7,0.370,0.2090,50,0.031,0.37,-0.95,0.0733,0.1356,0.048
437,26.0408,227,2.5,0.490,0.2170,45,0.035,0.35,-0.77,0.0729,0.1351,0.049
438,27.4399,294,2.6,0.380,0.2198,47,0.033,0.45,-0.93,0.0694,0.1471,0.048
439,44.9275,342,2.6,0.440,0.2257,49,0.032,0.52,-0.84,0.0707,0.1422,0.032
440,34.2031,310,2.6,0.400,0.2244,46,0.034,0.48,-0.90,0.0745,0.1452,0.048
441,21.3538,255,2.5,0.530,0.2279,47,0.033,0.39,-0.70,0.0789,0.1458,0.049
442,17.6072,250,2.6,0.430,0.2323,44,0.036,0.38,-0.86,0.0713,0.1510,0.065
443,23.4551,238,2.7,0.430,0.2385,45,0.035,0.37,-0.86,0.0708,0.1532,0.053
444,29.3346,255,2.7,0.390,0.2421,44,0.036,0.39,-0.92,0.0691,0.1385,0.069
445,39.7347,311,2.6,0.470,0.2319,44,0.036,0.48,-0.80,0.0719,0.1438,0.085
446,35.8235,306,2.4,0.430,0.2285,46,0.034,0.47,-0.86,0.0653,0.1351,0.083
447,23.5596,283,2.6,0.400,0.2347,45,0.035,0.43,-0.90,0.0709,0.1284,0.148
448,30.9041,267,2.6,0.470,0.2318,49,0.032,0.41,-0.80,0.0712,0.1448,0.136
449,14.7597,288,2.8,0.440,0.2365,44,0.036,0.44,-0.84,0.0666,0.1498,0.123
450,21.0907,193,2.7,0.480,0.2383,44,0.036,0.30,-0.78,0.0742,0.1533,0.111
451,25.2403,226,2.6,0.340,0.2351,45,0.035,0.35,-0.99,0.0707,0.1586,0.113
452,19.7669,243,2.7,0.460,0.2353,43,0.036,0.37,-0.81,0.0726,0.1492,0.117
453,29.8901,273,2.6,0.420,0.2417,42,0.037,0.42,-0.87,0.0717,0.1634,0.095
454,21.8073,267,2.6,0.430,0.2241,46,0.034,0.41,-0.86,0.0719,0.1786,0.065
455,26.6555,273,2.6,0.450,0.2186,45,0.035,0.42,-0.83,0.0728,0.1760,0.050
456,30.9358,300,2.6,0.440,0.2168,42,0.037,0.46,-0.84,0.0704,0.1705,0.098
457,18.7007,276,2.6,0.460,0.2185,46,0.034,0.42,-0.81,0.0675,0.1602,0.107
458,36.0441,255,2.7,0.450,0.2283,44,0.036,0.39,-0.83,0.0747,0.1731,0.070
459,45.0908,373,2.6,0.430,0.2366,45,0.035,0.57,-0.86,0.0707,0.1847,0.048
460,37.5095,330,2.5,0.430,0.2270,47,0.033,0.51,-0.86,0.0731,0.1720,0.048
461,36.1869,338,2.4,0.420,0.2236,48,0.033,0.52,-0.87,0.0720,0.1657,0.050
462,27.1195,296,2.6,0.410,0.2309,47,0.033,0.45,-0.89,0.0686,0.1656,0.049
463,25.9132,296,2.7,0.440,0.2274,48,0.033,0.46,-0.84,0.0684,0.1539,0.048
464,26.8521,255,2.6,0.420,0.2192,46,0.034,0.39,-0.87,0.0671,0.1492,0.016
465,33.7588,268,2.7,0.440,0.2364,45,0.035,0.41,-0.84,0.0693,0.1592,0.016
466,34.3277,285,2.6,0.450,0.2284,49,0.032,0.44,-0.83,0.0693,0.1473,0.016
467,31.5012,300,2.5,0.490,0.2215,44,0.036,0.46,-0.77,0.0706,0.1396,0.015
468,41.9799,306,2.5,0.410,0.2172,46,0.034,0.47,-0.89,0.0721,0.1403,0.032
469,28.8393,282,2.6,0.440,0.2173,45,0.035,0.43,-0.84,0.0734,0.1417,0.032
470,17.7932,207,2.8,0.470,0.2236,46,0.034,0.32,-0.80,0.0729,0.1521,0.016
471,16.1266,266,2.8,0.360,0.2161,47,0.033,0.41,-0.96,0.0693,0.1501,0.016
472,25.7363,280,2.7,0.420,0.2141,46,0.034,0.43,-0.87,0.0691,0.1454,0.034
473,38.0324,283,2.5,0.430,0.2134,48,0.033,0.43,-0.86,0.0694,0.1328,0.048
474,24.2242,271,2.4,0.470,0.2026,45,0.035,0.42,-0.80,0.0708,0.1264,0.048
475,27.4174,284,2.4,0.450,0.2052,42,0.037,0.44,-0.83,0.0749,0.1168,0.077
476,26.9935,300,2.5,0.390,0.2035,45,0.035,0.46,-0.92,0.0712,0.1218,0.075
477,28.2547,277,2.6,0.500,0.2136,49,0.032,0.43,-0.75,0.0699,0.1216,0.074
478,25.8019,255,2.7,0.420,0.2040,47,0.033,0.39,-0.87,0.0713,0.1195,0.074
479,23.7206,260,2.7,0.460,0.2095,43,0.036,0.40,-0.81,0.0675,0.1269,0.075
480,27.5315,265,2.7,0.380,0.2119,44,0.036,0.41,-0.93,0.0708,0.1408,0.076
481,47.4020,308,2.5,0.440,0.2137,46,0.034,0.47,-0.84,0.0691,0.1428,0.062
482,31.3228,340,2.5,0.460,0.2117,47,0.033,0.52,-0.81,0.0716,0.1369,0.061
483,30.7258,269,2.7,0.410,0.2076,47,0.033,0.41,-0.89,0.0689,0.1386,0.031
484,26.1630,213,2.7,0.410,0.2121,46,0.034,0.33,-0.89,0.0712,0.1515,0.030
485,27.2035,241,2.8,0.450,0.2285,42,0.037,0.37,-0.83,0.0681,0.1653,0.030
486,18.9683,218,2.8,0.380,0.2319,42,0.037,0.34,-0.93,0.0728,0.1698,0.046
487,35.0395,286,2.6,0.470,0.2321,46,0.034,0.44,-0.80,0.0742,0.1699,0.046
488,39.1865,313,2.6,0.400,0.2185,45,0.035,0.48,-0.90,0.0698,0.1622,0.032
489,28.7619,320,2.5,0.470,0.2221,47,0.033,0.49,-0.80,0.0681,0.1674,0.062
490,39.3116,294,2.5,0.430,0.2200,46,0.034,0.45,-0.86,0.0701,0.1592,0.092
491,22.8668,278,2.7,0.470,0.2189,47,0.033,0.43,-0.80,0.0679,0.1498,0.113
492,21.9624,252,2.8,0.430,0.2190,45,0.035,0.39,-0.86,0.0718,0.1487,0.100
493,28.8070,269,2.6,0.450,0.2098,44,0.036,0.41,-0.83,0.0693,0.1462,0.068
494,31.6691,312,2.6,0.390,0.2086,45,0.035,0.48,-0.92,0.0698,0.1509,0.086
495,28.6017,293,2.5,0.370,0.2007,46,0.034,0.45,-0.95,0.0675,0.1542,0.055
496,21.9355,264,2.6,0.520,0.1999,44,0.036,0.41,-0.72,0.0712,0.1522,0.055
497,19.6752,295,2.6,0.320,0.2008,43,0.036,0.45,-1.02,0.0688,0.1609,0.054
498,29.7241,254,2.6,0.460,0.1974,46,0.034,0.39,-0.81,0.0692,0.1412,0.055
499,22.4253,244,2.8,0.420,0.2089,45,0.035,0.38,-0.87,0.0730,0.1506,0.052
500,31.9990,247,2.8,0.420,0.2024,43,0.036,0.38,-0.87,0.0705,0.1539,0.050
501,19.0520,270,2.7,0.480,0.2057,45,0.035,0.42,-0.78,0.0688,0.1541,0.049
502,35.3226,275,2.6,0.330,0.2091,50,0.031,0.42,-1.00,0.0678,0.1608,0.069
503,32.0530,289,2.6,0.470,0.2139,49,0.032,0.44,-0.80,0.0688,0.1654,0.054
504,30.6404,311,2.4,0.420,0.2087,45,0.035,0.48,-0.87,0.0677,0.1568,0.052
505,33.7861,327,2.4,0.450,0.2101,43,0.036,0.50,-0.83,0.0712,0.1479,0.054
506,33.2703,268,2.5,0.440,0.2107,46,0.034,0.41,-0.84,0.0669,0.1643,0.037
507,18.8145,258,2.5,0.510,0.2120,41,0.038,0.40,-0.73,0.0700,0.1598,0.035
508,29.2845,234,2.6,0.370,0.2187,45,0.035,0.36,-0.95,0.0716,0.1624,0.036
509,31.8606,327,2.4,0.510,0.2221,46,0.034,0.50,-0.73,0.0694,0.1614,0.034
510,29.0984,295,2.5,0.360,0.2273,46,0.034,0.45,-0.96,0.0675,0.1506,0.016
511,21.6447,265,2.6,0.480,0.2372,44,0.036,0.41,-0.78,0.0695,0.1567,0.016
512,28.7378,255,2.6,0.370,0.2259,42,0.037,0.39,-0.95,0.0698,0.1397,0.049
513,18.3458,251,2.8,0.520,0.2245,46,0.034,0.39,-0.72,0.0710,0.1396,0.062
514,19.8624,217,2.8,0.390,0.2208,44,0.036,0.33,-0.92,0.0698,0.1404,0.047
515,19.9152,260,2.8,0.450,0.2111,43,0.036,0.40,-0.83,0.0692,0.1325,0.045
516,23.9865,287,2.6,0.410,0.2169,47,0.033,0.44,-0.89,0.0730,0.1417,0.046
517,29.1551,235,2.5,0.420,0.2200,47,0.033,0.36,-0.87,0.0689,0.1424,0.047
518,30.4494,283,2.5,0.430,0.2232,46,0.034,0.43,-0.86,0.0716,0.1377,0.048
519,32.2639,322,2.5,0.510,0.2226,46,0.034,0.50,-0.73,0.0705,0.1346,0.047
520,30.7993,295,2.5,0.370,0.2241,45,0.035,0.45,-0.95,0.0676,0.1300,0.047
521,18.4045,280,2.6,0.520,0.2261,43,0.036,0.43,-0.72,0.0700,0.1246,0.045
522,31.2766,256,2.6,0.460,0.2256,46,0.034,0.39,-0.81,0.0708,0.1217,0.058
523,30.9126,321,2.5,0.390,0.2345,47,0.033,0.49,-0.92,0.0691,0.1394,0.044
524,20.0615,256,2.5,0.480,0.2365,48,0.033,0.39,-0.78,0.0681,0.1493,0.045
525,46.2980,315,2.5,0.320,0.2312,48,0.033,0.48,-1.02,0.0683,0.1404,0.063
526,38.5547,323,2.6,0.400,0.2285,43,0.036,0.50,-0.90,0.0707,0.1452,0.047
527,30.1567,308,2.7,0.450,0.2169,42,0.037,0.47,-0.83,0.0741,0.1317,0.063
528,40.6661,267,2.8,0.430,0.2060,43,0.036,0.41,-0.86,0.0714,0.1178,0.069
529,20.1672,275,2.8,0.490,0.2076,46,0.034,0.42,-0.77,0.0713,0.1289,0.052
530,14.8970,254,2.6,0.470,0.2196,44,0.036,0.39,-0.80,0.0725,0.1394,0.062
531,33.2598,278,2.5,0.400,0.2194,49,0.032,0.43,-0.90,0.0682,0.1491,0.062
532,40.6389,309,2.5,0.480,0.2226,46,0.034,0.48,-0.78,0.0690,0.1517,0.063
533,27.7636,305,2.5,0.400,0.2279,42,0.037,0.47,-0.90,0.0686,0.1666,0.065
534,24.9048,276,2.6,0.460,0.2306,46,0.034,0.42,-0.81,0.0692,0.1673,0.063
535,34.6394,276,2.6,0.430,0.2207,46,0.034,0.42,-0.86,0.0698,0.1456,0.050
536,26.6857,298,2.6,0.460,0.2353,42,0.037,0.46,-0.81,0.0688,0.1619,0.063
537,31.3677,297,2.5,0.420,0.2300,43,0.036,0.46,-0.87,0.0704,0.1588,0.051
538,22.8160,232,2.5,0.450,0.2288,46,0.034,0.36,-0.83,0.0708,0.1500,0.034
539,40.0558,332,2.5,0.450,0.2288,50,0.031,0.51,-0.83,0.0694,0.1377,0.046
540,22.0968,293,2.5,0.420,0.2275,43,0.036,0.45,-0.87,0.0694,0.1391,0.078
541,23.6830,294,2.7,0.420,0.2152,46,0.034,0.45,-0.87,0.0693,0.1403,0.062
542,30.1329,273,2.9,0.410,0.2167,43,0.036,0.42,-0.89,0.0659,0.1391,0.048
543,32.4669,295,2.7,0.450,0.2272,47,0.033,0.45,-0.83,0.0699,0.1591,0.017
544,31.4285,282,2.7,0.450,0.2154,47,0.033,0.43,-0.83,0.0666,0.1339,0.017
545,45.9643,352,2.6,0.380,0.2182,46,0.034,0.54,-0.93,0.0681,0.1349,0.034
546,30.5484,304,2.6,0.470,0.2089,44,0.036,0.47,-0.80,0.0694,0.1368,0.036
547,29.7910,239,2.6,0.360,0.2080,49,0.032,0.37,-0.96,0.0694,0.1328,0.036
548,34.4670,296,2.6,0.460,0.2127,46,0.034,0.46,-0.81,0.0684,0.1333,0.053
549,23.5719,276,2.6,0.510,0.2454,48,0.033,0.42,-0.73,0.0721,0.1727,0.033
550,34.9070,279,2.7,0.440,0.2538,46,0.034,0.43,-0.84,0.0693,0.1792,0.048
551,27.6110,287,2.6,0.450,0.2591,45,0.035,0.44,-0.83,0.0703,0.1820,0.029
552,26.9939,277,2.5,0.400,0.2526,49,0.032,0.43,-0.90,0.0705,0.1645,0.029
553,27.6337,273,2.6,0.480,0.2503,44,0.036,0.42,-0.78,0.0719,0.1608,0.029
554,33.7572,276,2.5,0.370,0.2394,46,0.034,0.42,-0.95,0.0696,0.1525,0.043
555,35.3014,298,2.6,0.460,0.2337,46,0.034,0.46,-0.81,0.0699,0.1448,0.058
556,21.2642,258,2.8,0.430,0.2396,40,0.039,0.40,-0.86,0.0713,0.1625,0.059
557,23.1258,240,2.8,0.440,0.2421,48,0.033,0.37,-0.84,0.0700,0.1582,0.044
558,33.2516,262,2.8,0.420,0.2366,47,0.033,0.40,-0.87,0.0706,0.1497,0.029
559,32.6483,329,2.7,0.470,0.2379,47,0.033,0.51,-0.80,0.0687,0.1522,0.043
560,32.3219,290,2.5,0.440,0.2234,44,0.036,0.45,-0.84,0.0677,0.1479,0.045
561,44.0471,327,2.5,0.430,0.2254,48,0.033,0.50,-0.86,0.0702,0.1415,0.045
562,29.9163,307,2.6,0.470,0.2161,44,0.036,0.47,-0.80,0.0656,0.1377,0.045
563,29.7964,267,2.7,0.430,0.2113,46,0.034,0.41,-0.86,0.0694,0.1361,0.044
564,28.9181,252,2.7,0.420,0.2155,46,0.034,0.39,-0.87,0.0666,0.1408,0.030
565,32.1635,267,2.6,0.420,0.2195,48,0.033,0.41,-0.87,0.0688,0.1415,0.031
566,33.1891,321,2.6,0.420,0.2206,45,0.035,0.49,-0.87,0.0695,0.1364,0.048
567,24.3732,303,2.5,0.490,0.2264,46,0.034,0.47,-0.77,0.0709,0.1446,0.045
568,33.0228,300,2.5,0.450,0.2185,49,0.032,0.46,-0.83,0.0676,0.1329,0.087
569,24.7818,274,2.5,0.480,0.2103,45,0.035,0.42,-0.78,0.0704,0.1233,0.103
570,26.8112,293,2.7,0.390,0.2162,45,0.035,0.45,-0.92,0.0717,0.1399,0.062
571,21.6855,259,2.9,0.440,0.2069,49,0.032,0.40,-0.84,0.0667,0.1372,0.071
572,27.5548,192,2.9,0.370,0.2028,48,0.033,0.29,-0.95,0.0690,0.1232,0.075
573,39.3240,307,2.7,0.410,0.2116,43,0.036,0.47,-0.89,0.0659,0.1157,0.062
574,36.2992,372,2.5,0.410,0.2135,46,0.034,0.57,-0.89,0.0702,0.1196,0.045
575,31.9409,296,2.6,0.420,0.2100,44,0.036,0.46,-0.87,0.0704,0.1244,0.015
576,25.8583,309,2.5,0.490,0.2207,45,0.035,0.47,-0.77,0.0678,0.1272,0.015
577,37.2128,307,2.5,0.450,0.2333,48,0.033,0.47,-0.83,0.0717,0.1376,0.014
578,27.2484,275,2.6,0.370,0.2389,48,0.033,0.42,-0.95,0.0659,0.1450,0.032
579,27.5139,254,2.6,0.480,0.2349,45,0.035,0.39,-0.78,0.0717,0.1559,0.032
580,48.6694,340,2.5,0.370,0.2193,42,0.037,0.52,-0.95,0.0702,0.1424,0.065
581,32.7886,336,2.5,0.460,0.2118,45,0.035,0.52,-0.81,0.0680,0.1431,0.077
582,33.1609,260,2.6,0.420,0.2197,45,0.035,0.40,-0.87,0.0678,0.1442,0.079
583,30.8608,286,2.5,0.470,0.2208,47,0.033,0.44,-0.80,0.0675,0.1472,0.079
584,31.2802,318,2.6,0.380,0.2186,47,0.033,0.49,-0.93,0.0686,0.1382,0.097
585,29.0756,275,2.9,0.430,0.2191,45,0.035,0.42,-0.86,0.0705,0.1250,0.150
586,23.0028,274,2.8,0.460,0.2280,47,0.033,0.42,-0.81,0.0664,0.1476,0.113
587,35.7478,225,2.8,0.410,0.2349,44,0.036,0.35,-0.89,0.0711,0.1493,0.071
588,37.7873,327,2.6,0.450,0.2278,45,0.035,0.50,-0.83,0.0703,0.1438,0.082
589,48.0751,370,2.5,0.440,0.2372,48,0.033,0.57,-0.84,0.0695,0.1557,0.066
590,31.8497,280,2.6,0.440,0.2253,49,0.032,0.43,-0.84,0.0684,0.1505,0.097
591,41.1875,314,2.6,0.420,0.2419,48,0.033,0.48,-0.87,0.0689,0.1606,0.098
592,22.5473,310,2.8,0.380,0.2435,49,0.032,0.48,-0.93,0.0703,0.1593,0.100
593,19.2820,247,2.6,0.460,0.2368,46,0.034,0.38,-0.81,0.0710,0.1422,0.103
594,18.3409,229,2.6,0.420,0.2347,50,0.031,0.35,-0.87,0.0703,0.1517,0.082
595,23.7878,269,2.6,0.460,0.2315,46,0.034,0.41,-0.81,0.0710,0.1529,0.090
596,33.6063,280,2.5,0.370,0.2324,45,0.035,0.43,-0.95,0.0662,0.1433,0.075
597,29.3712,264,2.5,0.460,0.2395,45,0.035,0.41,-0.81,0.0644,0.1515,0.057
598,40.3384,277,2.6,0.370,0.2468,43,0.036,0.43,-0.95,0.0709,0.1576,0.061
599,45.6090,326,2.7,0.430,0.2355,43,0.036,0.50,-0.86,0.0697,0.1470,0.058
600,27.1721,317,2.7,0.470,0.2077,46,0.034,0.49,-0.80,0.0661,0.1275,0.071
601,17.6263,224,2.9,0.400,0.2157,43,0.036,0.34,-0.90,0.0692,0.1300,0.060
602,36.8972,249,2.6,0.490,0.2213,45,0.035,0.38,-0.77,0.0690,0.1337,0.059
603,41.3732,375,2.5,0.340,0.2176,46,0.034,0.58,-0.99,0.0679,0.1308,0.061
604,36.8717,281,2.5,0.570,0.2072,48,0.033,0.43,-0.65,0.0686,0.1403,0.029
605,38.0435,339,2.6,0.320,0.2108,44,0.036,0.52,-1.02,0.0661,0.1450,0.031
606,18.6766,253,2.6,0.500,0.2109,45,0.035,0.39,-0.75,0.0651,0.1527,0.031
607,22.7817,227,2.6,0.430,0.2095,45,0.035,0.35,-0.86,0.0731,0.1545,0.048
608,35.5969,336,2.7,0.440,0.2100,46,0.034,0.52,-0.84,0.0678,0.1553,0.033
609,30.5370,290,2.6,0.390,0.2142,42,0.037,0.45,-0.92,0.0685,0.1665,0.018
610,30.5531,337,2.5,0.400,0.2085,43,0.036,0.52,-0.90,0.0703,0.1560,0.017
611,35.1853,319,2.5,0.440,0.1954,45,0.035,0.49,-0.84,0.0674,0.1393,0.033
612,37.0800,320,2.5,0.420,0.2067,48,0.033,0.49,-0.87,0.0694,0.1428,0.034
613,35.2121,320,2.6,0.420,0.2134,48,0.033,0.49,-0.87,0.0712,0.1536,0.050
614,27.4693,264,2.7,0.480,0.2308,44,0.036,0.41,-0.78,0.0691,0.1697,0.045
615,35.5917,277,2.7,0.400,0.2373,47,0.033,0.43,-0.90,0.0652,0.1676,0.061
616,28.8576,272,2.7,0.440,0.2464,46,0.034,0.42,-0.84,0.0672,0.1596,0.083
617,37.9202,328,2.6,0.390,0.2405,45,0.035,0.50,-0.92,0.0694,0.1575,0.069
618,40.4000,310,2.5,0.390,0.2447,39,0.040,0.48,-0.92,0.0663,0.1662,0.088
619,30.5727,339,2.5,0.480,0.2386,46,0.034,0.52,-0.78,0.0688,0.1608,0.081
620,21.9364,238,2.6,0.410,0.2273,43,0.036,0.37,-0.89,0.0732,0.1422,0.077
621,31.0022,235,2.7,0.430,0.2350,46,0.034,0.36,-0.86,0.0696,0.1541,0.090
622,35.2114,344,2.6,0.330,0.2343,45,0.035,0.53,-1.00,0.0689,0.1469,0.092
623,23.1759,234,2.6,0.490,0.2234,47,0.033,0.36,-0.77,0.0709,0.1255,0.111
624,30.1519,303,2.6,0.340,0.2226,48,0.033,0.47,-0.99,0.0672,0.1345,0.117
625,33.6211,271,2.5,0.470,0.2279,45,0.035,0.42,-0.80,0.0689,0.1516,0.102
626,42.8485,350,2.4,0.340,0.2273,43,0.036,0.54,-0.99,0.0676,0.1438,0.113
627,32.5986,347,2.5,0.490,0.2216,45,0.035,0.53,-0.77,0.0692,0.1265,0.119
628,23.9953,265,2.8,0.410,0.2290,44,0.036,0.41,-0.89,0.0719,0.1289,0.129
629,33.8792,308,2.8,0.440,0.2343,43,0.036,0.47,-0.84,0.0724,0.1471,0.108
630,32.9091,257,2.6,0.460,0.2370,45,0.035,0.39,-0.81,0.0706,0.1491,0.125
631,38.0861,349,2.5,0.420,0.2385,46,0.034,0.54,-0.87,0.0690,0.1463,0.123
632,38.4593,321,2.5,0.380,0.2457,46,0.034,0.49,-0.93,0.0695,0.1474,0.094
633,48.4619,359,2.5,0.410,0.2450,45,0.035,0.55,-0.89,0.0687,0.1508,0.083
634,33.6550,320,2.6,0.460,0.2372,45,0.035,0.49,-0.81,0.0692,0.1664,0.085
635,19.4936,248,2.6,0.400,0.2388,48,0.033,0.38,-0.90,0.0647,0.1659,0.049
636,30.6435,285,2.7,0.430,0.2383,45,0.035,0.44,-0.86,0.0677,0.1576,0.050
637,27.2616,245,2.6,0.470,0.2442,45,0.035,0.38,-0.80,0.0656,0.1644,0.034
638,34.6051,314,2.5,0.390,0.2327,45,0.035,0.48,-0.92,0.0696,0.1373,0.017
639,23.0719,305,2.5,0.450,0.2279,48,0.033,0.47,-0.83,0.0712,0.1253,0.030
640,25.1429,310,2.6,0.440,0.2382,47,0.033,0.48,-0.84,0.0708,0.1413,0.045
641,38.8851,276,2.5,0.390,0.2374,43,0.036,0.42,-0.92,0.0704,0.1349,0.031
642,34.8323,290,2.5,0.390,0.2373,44,0.036,0.45,-0.92,0.0680,0.1441,0.017
643,28.7560,288,2.6,0.430,0.2361,43,0.036,0.44,-0.86,0.0688,0.1505,0.048
644,23.1931,297,2.7,0.450,0.2488,44,0.036,0.46,-0.83,0.0693,0.1561,0.062
645,32.3995,293,2.6,0.380,0.2452,46,0.034,0.45,-0.93,0.0676,0.1577,0.077
646,30.0247,276,2.7,0.460,0.2480,46,0.034,0.42,-0.81,0.0683,0.1507,0.098
647,41.2130,271,2.6,0.410,0.2583,50,0.031,0.42,-0.89,0.0728,0.1620,0.097
648,23.8877,269,2.6,0.420,0.2555,48,0.033,0.41,-0.87,0.0704,0.1547,0.094
649,34.9089,300,2.6,0.390,0.2557,44,0.036,0.46,-0.92,0.0726,0.1608,0.094
650,23.5504,312,2.7,0.410,0.2563,44,0.036,0.48,-0.89,0.0668,0.1596,0.091
651,37.3583,283,2.6,0.370,0.2562,44,0.036,0.43,-0.95,0.0712,0.1695,0.079
652,28.7966,324,2.6,0.480,0.2563,47,0.033,0.50,-0.78,0.0700,0.1659,0.094
653,22.1685,281,2.6,0.410,0.2503,49,0.032,0.43,-0.89,0.0668,0.1602,0.086
654,37.8944,280,2.6,0.400,0.2294,47,0.033,0.43,-0.90,0.0726,0.1515,0.072
655,33.8115,308,2.5,0.420,0.2374,44,0.036,0.47,-0.87,0.0698,0.1561,0.095
656,31.5658,293,2.5,0.400,0.2401,45,0.035,0.45,-0.90,0.0713,0.1619,0.097
657,11.8583,272,2.7,0.520,0.2399,42,0.037,0.42,-0.72,0.0679,0.1605,0.077
658,35.6972,256,2.8,0.390,0.2448,43,0.036,0.39,-0.92,0.0685,0.1640,0.059
659,31.9176,325,2.6,0.480,0.2381,47,0.033,0.50,-0.78,0.0681,0.1470,0.083
660,28.0119,262,2.5,0.410,0.2405,47,0.033,0.40,-0.89,0.0695,0.1587,0.034
661,36.4668,288,2.5,0.380,0.2380,43,0.036,0.44,-0.93,0.0673,0.1486,0.036
662,37.2136,339,2.6,0.420,0.2304,47,0.033,0.52,-0.87,0.0698,0.1328,0.052
663,40.3772,308,2.5,0.420,0.2280,48,0.033,0.47,-0.87,0.0666,0.1369,0.033
664,20.6313,254,2.7,0.430,0.2300,47,0.033,0.39,-0.86,0.0683,0.1414,0.033
665,18.1644,223,2.7,0.430,0.2352,45,0.035,0.34,-0.86,0.0714,0.1638,0.034
666,33.7797,308,2.6,0.480,0.2381,47,0.033,0.47,-0.78,0.0706,0.1700,0.030
667,34.4539,336,2.5,0.360,0.2334,42,0.037,0.52,-0.96,0.0685,0.1452,0.032
668,41.0986,312,2.5,0.420,0.2246,42,0.037,0.48,-0.87,0.0732,0.1445,0.034
669,33.7510,339,2.5,0.360,0.2264,48,0.033,0.52,-0.96,0.0710,0.1391,0.054
670,30.7540,282,2.5,0.460,0.2147,44,0.036,0.43,-0.81,0.0697,0.1442,0.068
671,26.5260,287,2.6,0.340,0.2244,45,0.035,0.44,-0.99,0.0686,0.1404,0.086
672,24.6214,300,2.8,0.500,0.2335,42,0.037,0.46,-0.75,0.0718,0.1411,0.086
673,32.4044,277,2.8,0.370,0.2245,45,0.035,0.43,-0.95,0.0690,0.1458,0.098
674,24.0239,266,2.6,0.480,0.2316,48,0.033,0.41,-0.78,0.0656,0.1513,0.100
675,40.5986,325,2.5,0.360,0.2259,46,0.034,0.50,-0.96,0.0656,0.1607,0.097
676,27.5780,324,2.5,0.470,0.2195,46,0.034,0.50,-0.80,0.0717,0.1495,0.094
677,36.6675,298,2.6,0.390,0.2122,47,0.033,0.46,-0.92,0.0668,0.1462,0.091
678,35.6538,349,2.6,0.420,0.2235,45,0.035,0.54,-0.87,0.0669,0.1409,0.095
679,22.2722,286,2.7,0.440,0.2392,46,0.034,0.44,-0.84,0.0678,0.1495,0.092
680,19.1715,232,2.8,0.450,0.2269,45,0.035,0.36,-0.83,0.0695,0.1531,0.047
681,29.9616,240,2.7,0.500,0.2274,46,0.034,0.37,-0.75,0.0698,0.1409,0.075
682,41.9242,341,2.5,0.400,0.2319,47,0.033,0.52,-0.90,0.0697,0.1415,0.076
683,34.7061,332,2.4,0.460,0.2037,47,0.033,0.51,-0.81,0.0626,0.1133,0.092
684,30.9600,307,2.5,0.410,0.2021,49,0.032,0.47,-0.89,0.0691,0.1141,0.106
685,25.0909,276,2.6,0.430,0.1913,45,0.035,0.42,-0.86,0.0643,0.1036,0.156
686,36.0237,330,2.7,0.410,0.1968,43,0.036,0.51,-0.89,0.0656,0.1143,0.136
687,29.0087,283,2.7,0.370,0.1975,45,0.035,0.44,-0.95,0.0681,0.1128,0.140
688,31.0922,284,2.6,0.460,0.2039,47,0.033,0.44,-0.81,0.0715,0.1301,0.153
689,37.2935,318,2.6,0.360,0.2068,46,0.034,0.49,-0.96,0.0693,0.1406,0.117
690,36.1266,316,2.6,0.440,0.2063,48,0.033,0.49,-0.84,0.0672,0.1423,0.107
691,36.6630,336,2.5,0.450,0.2124,45,0.035,0.52,-0.83,0.0655,0.1473,0.125
692,22.4753,293,2.8,0.410,0.2102,46,0.034,0.45,-0.89,0.0673,0.1423,0.172
693,25.7491,254,2.8,0.510,0.2084,47,0.033,0.39,-0.73,0.0691,0.1399,0.136
694,36.4933,352,2.5,0.360,0.2221,46,0.034,0.54,-0.96,0.0699,0.1456,0.085
695,31.5421,279,2.5,0.530,0.2282,45,0.035,0.43,-0.70,0.0667,0.1431,0.066
696,32.7748,317,2.6,0.370,0.2353,45,0.035,0.49,-0.95,0.0675,0.1532,0.062
697,34.2084,296,2.5,0.490,0.2271,47,0.033,0.46,-0.77,0.0674,0.1459,0.078
698,45.2732,351,2.5,0.390,0.2215,48,0.033,0.54,-0.92,0.0721,0.1399,0.063
699,30.9885,354,2.6,0.410,0.2199,46,0.034,0.54,-0.89,0.0665,0.1318,0.079
700,34.7382,303,2.6,0.440,0.2171,48,0.033,0.47,-0.84,0.0666,0.1375,0.083
701,20.7582,266,2.6,0.470,0.2242,43,0.036,0.41,-0.80,0.0648,0.1466,0.069
702,32.8666,282,2.6,0.410,0.2261,46,0.034,0.43,-0.89,0.0657,0.1462,0.081
703,35.6819,313,2.6,0.410,0.2160,47,0.033,0.48,-0.89,0.0700,0.1380,0.070
704,27.4256,301,2.5,0.520,0.2095,44,0.036,0.46,-0.72,0.0670,0.1430,0.097
705,31.0272,298,2.6,0.390,0.2112,47,0.033,0.46,-0.92,0.0694,0.1466,0.111
706,40.4195,259,2.7,0.400,0.2186,42,0.037,0.40,-0.90,0.0668,0.1496,0.123
707,26.1883,275,2.8,0.430,0.2160,44,0.036,0.42,-0.86,0.0681,0.1463,0.133
708,21.7320,246,2.8,0.480,0.2218,47,0.033,0.38,-0.78,0.0692,0.1514,0.106
709,18.2439,253,2.7,0.430,0.2216,44,0.036,0.39,-0.86,0.0674,0.1686,0.123
710,15.7493,235,2.6,0.470,0.2192,42,0.037,0.36,-0.80,0.0633,0.1729,0.090
711,31.6195,293,2.6,0.420,0.2167,46,0.034,0.45,-0.87,0.0645,0.1722,0.090
712,32.3580,316,2.5,0.390,0.2125,48,0.033,0.49,-0.92,0.0689,0.1687,0.078
713,38.3675,344,2.4,0.420,0.2034,44,0.036,0.53,-0.87,0.0693,0.1654,0.063
714,25.5475,334,2.6,0.400,0.2133,47,0.033,0.51,-0.90,0.0704,0.1684,0.052
715,25.7031,262,2.7,0.430,0.2198,48,0.033,0.40,-0.86,0.0696,0.1778,0.018
716,25.2329,266,2.7,0.440,0.2177,47,0.033,0.41,-0.84,0.0674,0.1678,0.018
717,35.9429,305,2.6,0.450,0.2200,46,0.034,0.47,-0.83,0.0700,0.1727,0.017
718,43.9342,295,2.5,0.410,0.2245,49,0.032,0.45,-0.89,0.0694,0.1645,0.033
719,33.9461,287,2.8,0.430,0.2168,45,0.035,0.44,-0.86,0.0677,0.1730,0.032
720,37.3656,297,2.5,0.390,0.2159,46,0.034,0.46,-0.92,0.0684,0.1749,0.016
721,35.4236,332,2.6,0.410,0.2062,43,0.036,0.51,-0.89,0.0698,0.1703,0.016
722,27.5709,268,2.7,0.420,0.1956,47,0.033,0.41,-0.87,0.0666,0.1592,0.030
723,34.2074,252,2.6,0.490,0.2065,48,0.033,0.39,-0.77,0.0656,0.1482,0.058
724,38.0116,308,2.5,0.330,0.2084,49,0.032,0.47,-1.00,0.0673,0.1501,0.062
725,27.6536,277,2.7,0.470,0.2081,47,0.033,0.42,-0.80,0.0683,0.1585,0.067
726,31.7896,297,2.7,0.420,0.2145,44,0.036,0.46,-0.87,0.0674,0.1576,0.065
727,29.7724,284,2.6,0.480,0.2063,45,0.035,0.44,-0.78,0.0698,0.1602,0.031
728,42.3970,331,2.5,0.400,0.2050,47,0.033,0.51,-0.90,0.0696,0.1496,0.063
729,23.5656,296,2.6,0.490,0.2153,46,0.034,0.45,-0.77,0.0708,0.1496,0.062
730,23.0566,233,2.6,0.420,0.2110,47,0.033,0.36,-0.87,0.0679,0.1495,0.078
731,34.8398,287,2.6,0.380,0.2060,45,0.035,0.44,-0.93,0.0697,0.1293,0.113
732,32.8082,302,2.6,0.430,0.2085,46,0.034,0.46,-0.86,0.0674,0.1272,0.115
733,29.5114,292,2.5,0.370,0.2180,44,0.036,0.45,-0.95,0.0699,0.1456,0.079
734,42.2750,348,2.5,0.490,0.2177,48,0.033,0.53,-0.77,0.0694,0.1417,0.065
735,42.0970,274,2.5,0.320,0.2205,45,0.035,0.42,-1.02,0.0682,0.1476,0.081
736,23.7134,288,2.8,0.500,0.2175,47,0.033,0.44,-0.75,0.0698,0.1473,0.095
737,30.4895,266,2.8,0.460,0.2196,43,0.036,0.41,-0.81,0.0681,0.1459,0.109
738,47.2928,330,2.6,0.350,0.2127,44,0.036,0.51,-0.98,0.0684,0.1298,0.103
739,24.0852,305,2.6,0.450,0.2083,44,0.036,0.47,-0.83,0.0664,0.1393,0.082
740,34.0608,297,2.6,0.430,0.1981,44,0.036,0.46,-0.86,0.0676,0.1329,0.100
741,30.3685,317,2.6,0.400,0.2101,45,0.035,0.49,-0.90,0.0736,0.1492,0.068
742,38.1126,269,2.6,0.400,0.2147,44,0.036,0.41,-0.90,0.0676,0.1468,0.082
743,33.2872,325,2.6,0.480,0.2223,46,0.034,0.50,-0.78,0.0681,0.1482,0.097
744,34.4300,308,2.6,0.370,0.2186,46,0.034,0.47,-0.95,0.0689,0.1392,0.113
745,30.4653,278,2.5,0.520,0.2258,47,0.033,0.43,-0.72,0.0725,0.1471,0.094
746,27.0858,267,2.5,0.370,0.2271,45,0.035,0.41,-0.95,0.0687,0.1455,0.113
747,31.6936,275,2.5,0.460,0.2249,44,0.036,0.42,-0.81,0.0694,0.1409,0.097
748,37.5267,272,2.5,0.370,0.2083,46,0.034,0.42,-0.95,0.0690,0.1328,0.111
749,25.9551,276,2.6,0.530,0.2075,41,0.038,0.42,-0.70,0.0684,0.1363,0.134
750,26.0665,303,2.7,0.360,0.2111,43,0.036,0.47,-0.96,0.0711,0.1471,0.119
751,29.3263,276,2.7,0.460,0.2197,48,0.033,0.42,-0.81,0.0697,0.1467,0.079
752,38.4920,287,2.8,0.360,0.2311,49,0.032,0.44,-0.96,0.0684,0.1560,0.033
753,38.8812,358,2.6,0.410,0.2289,44,0.036,0.55,-0.89,0.0671,0.1512,0.034
754,36.2231,316,2.4,0.440,0.2195,46,0.034,0.49,-0.84,0.0689,0.1287,0.032
755,39.7853,321,2.4,0.430,0.2254,45,0.035,0.49,-0.86,0.0688,0.1496,0.047
756,42.0305,312,2.5,0.400,0.2348,48,0.033,0.48,-0.90,0.0674,0.1575,0.082
757,36.5969,280,2.6,0.420,0.2266,50,0.031,0.43,-0.87,0.0690,0.1564,0.082
758,22.4054,256,2.6,0.410,0.2331,45,0.035,0.39,-0.89,0.0670,0.1614,0.119
759,34.3938,278,2.5,0.350,0.2404,42,0.037,0.43,-0.98,0.0718,0.1602,0.121
760,31.8808,286,2.4,0.490,0.2430,45,0.035,0.44,-0.77,0.0714,0.1756,0.136
761,29.6632,292,2.5,0.470,0.2347,48,0.033,0.45,-0.80,0.0733,0.1649,0.121
762,47.0557,293,2.4,0.470,0.2264,44,0.036,0.45,-0.80,0.0685,0.1571,0.103
763,36.9610,379,2.5,0.350,0.2302,44,0.036,0.58,-0.98,0.0652,0.1611,0.105
764,31.5250,270,2.7,0.470,0.2315,46,0.034,0.41,-0.80,0.0670,0.1553,0.078
765,24.4772,282,2.7,0.390,0.2349,45,0.035,0.43,-0.92,0.0660,0.1636,0.098
766,26.4959,301,2.7,0.460,0.2338,45,0.035,0.46,-0.81,0.0730,0.1654,0.109
767,36.4413,312,2.7,0.370,0.2322,42,0.037,0.48,-0.95,0.0676,0.1571,0.127
768,38.1294,332,2.6,0.450,0.2353,43,0.036,0.51,-0.83,0.0669,0.1310,0.154
769,32.8515,331,2.5,0.410,0.2334,46,0.034,0.51,-0.89,0.0653,0.1147,0.172
770,23.4445,288,2.6,0.400,0.2261,44,0.036,0.44,-0.90,0.0655,0.1264,0.164
771,38.5619,271,2.7,0.400,0.2359,46,0.034,0.42,-0.90,0.0677,0.1340,0.170
772,17.3435,262,2.7,0.400,0.2286,46,0.034,0.40,-0.90,0.0685,0.1251,0.185
773,33.6687,228,2.7,0.370,0.2274,47,0.033,0.35,-0.95,0.0650,0.1260,0.146
774,33.7748,318,2.6,0.400,0.2216,43,0.036,0.49,-0.90,0.0650,0.1106,0.133
775,43.8647,334,2.6,0.420,0.2206,44,0.036,0.51,-0.87,0.0670,0.1018,0.136
776,36.9933,332,2.4,0.390,0.2124,45,0.035,0.51,-0.92,0.0717,0.0990,0.104
777,26.8276,294,2.5,0.520,0.2159,46,0.034,0.45,-0.72,0.0686,0.1076,0.093
778,29.3948,292,2.6,0.320,0.2162,48,0.033,0.45,-1.02,0.0674,0.1088,0.096
779,24.7498,230,2.7,0.510,0.2110,45,0.035,0.35,-0.73,0.0678,0.1116,0.107
780,30.6376,273,2.8,0.350,0.2116,45,0.035,0.42,-0.98,0.0679,0.1098,0.115
781,26.5848,252,2.8,0.510,0.2059,46,0.034,0.39,-0.73,0.0716,0.1248,0.081
782,36.6296,321,2.5,0.380,0.2120,46,0.034,0.49,-0.93,0.0649,0.1317,0.078
783,31.1614,327,2.5,0.450,0.2213,46,0.034,0.50,-0.83,0.0676,0.1405,0.059
784,30.2371,332,2.6,0.390,0.2195,47,0.033,0.51,-0.92,0.0658,0.1365,0.029
785,24.6827,301,2.5,0.430,0.2395,47,0.033,0.46,-0.86,0.0650,0.1544,0.029
786,25.1480,238,2.6,0.410,0.2457,48,0.033,0.37,-0.89,0.0666,0.1666,0.045
787,26.5193,239,2.6,0.470,0.2622,46,0.034,0.37,-0.80,0.0689,0.1968,0.045
788,29.5878,258,2.6,0.400,0.2516,48,0.033,0.40,-0.90,0.0649,0.1805,0.045
789,37.5725,315,2.5,0.440,0.2501,47,0.033,0.48,-0.84,0.0707,0.1755,0.059
790,24.4999,289,2.7,0.440,0.2444,44,0.036,0.44,-0.84,0.0676,0.1814,0.029
791,31.8588,308,2.6,0.410,0.2335,46,0.034,0.47,-0.89,0.0714,0.1589,0.015
792,36.7821,366,2.5,0.360,0.2311,45,0.035,0.56,-0.96,0.0678,0.1663,0.016
793,21.7402,280,2.7,0.440,0.2321,44,0.036,0.43,-0.84,0.0693,0.1583,0.047
794,19.5241,259,2.8,0.450,0.2373,43,0.036,0.40,-0.83,0.0643,0.1584,0.044
795,44.4285,298,2.8,0.420,0.2293,44,0.036,0.46,-0.87,0.0648,0.1490,0.045
796,30.9604,317,2.6,0.470,0.2336,43,0.036,0.49,-0.80,0.0706,0.1542,0.045
797,35.1538,303,2.6,0.450,0.2355,46,0.034,0.46,-0.83,0.0681,0.1469,0.045
798,37.0559,346,2.5,0.400,0.2287,46,0.034,0.53,-0.90,0.0703,0.1518,0.061
799,28.6343,301,2.4,0.470,0.2354,45,0.035,0.46,-0.80,0.0718,0.1582,0.045
800,22.7237,266,2.5,0.380,0.2485,43,0.036,0.41,-0.93,0.0662,0.1364,0.059
801,13.2035,218,2.6,0.500,0.2577,48,0.033,0.34,-0.75,0.0699,0.1369,0.048
802,22.6389,259,2.6,0.370,0.2525,46,0.034,0.40,-0.95,0.0672,0.1594,0.035
803,30.6994,297,2.6,0.450,0.2543,42,0.037,0.46,-0.83,0.0640,0.1602,0.095
804,37.6851,313,2.5,0.400,0.2409,42,0.037,0.48,-0.90,0.0677,0.1487,0.108
805,38.1660,332,2.4,0.430,0.2464,45,0.035,0.51,-0.86,0.0661,0.1521,0.094
806,22.5412,273,2.5,0.440,0.2368,46,0.034,0.42,-0.84,0.0682,0.1588,0.063
807,30.5728,348,2.7,0.350,0.2263,46,0.034,0.53,-0.98,0.0695,0.1572,0.067
808,19.5034,235,2.8,0.470,0.2209,47,0.033,0.36,-0.80,0.0712,0.1507,0.061
809,27.4185,208,2.8,0.380,0.2303,44,0.036,0.32,-0.93,0.0729,0.1580,0.045
810,41.1780,318,2.6,0.460,0.2492,47,0.033,0.49,-0.81,0.0679,0.1668,0.045
811,41.8514,337,2.5,0.360,0.2446,46,0.034,0.52,-0.96,0.0663,0.1586,0.043
812,28.3601,292,2.5,0.470,0.2452,47,0.033,0.45,-0.80,0.0665,0.1563,0.047
813,27.4472,274,2.6,0.410,0.2415,48,0.033,0.42,-0.89,0.0665,0.1720,0.032
814,31.2794,295,2.6,0.460,0.2412,44,0.036,0.45,-0.81,0.0680,0.1801,0.031
815,28.5298,268,2.6,0.390,0.2496,45,0.035,0.41,-0.92,0.0676,0.1843,0.015
816,36.5111,295,2.6,0.430,0.2489,47,0.033,0.45,-0.86,0.0699,0.1783,0.016
817,22.3659,249,2.6,0.390,0.2419,44,0.036,0.38,-0.92,0.0690,0.1776,0.015
818,30.8368,304,2.5,0.400,0.2259,45,0.035,0.47,-0.90,0.0713,0.1589,0.033
819,27.1630,265,2.6,0.400,0.2199,44,0.036,0.41,-0.90,0.0717,0.1342,0.062
820,39.8638,327,2.6,0.440,0.2159,45,0.035,0.50,-0.84,0.0683,0.1237,0.090
821,33.0645,302,2.6,0.430,0.2206,43,0.036,0.46,-0.86,0.0706,0.1316,0.091
822,33.1471,340,2.8,0.410,0.2327,48,0.033,0.52,-0.89,0.0688,0.1251,0.113
823,14.8971,267,2.7,0.490,0.2310,44,0.036,0.41,-0.77,0.0683,0.1264,0.118
824,29.5621,248,2.8,0.410,0.2274,47,0.033,0.38,-0.89,0.0673,0.1303,0.099
825,26.6221,247,2.6,0.420,0.2257,46,0.034,0.38,-0.87,0.0703,0.1222,0.086
826,38.3584,315,2.5,0.340,0.2425,47,0.033,0.48,-0.99,0.0661,0.1270,0.090
827,35.6039,315,2.5,0.370,0.2326,42,0.037,0.48,-0.95,0.0649,0.1176,0.068
828,30.1134,283,2.6,0.390,0.2291,43,0.036,0.44,-0.92,0.0708,0.1231,0.107
829,25.0115,289,2.8,0.490,0.2391,46,0.034,0.44,-0.77,0.0695,0.1262,0.105
830,30.9631,269,2.6,0.410,0.2422,45,0.035,0.41,-0.89,0.0646,0.1449,0.088
831,35.8094,295,2.7,0.390,0.2266,46,0.034,0.45,-0.92,0.0675,0.1476,0.083
832,24.3112,230,2.5,0.480,0.2207,47,0.033,0.35,-0.78,0.0678,0.1344,0.082
833,30.9725,285,2.5,0.340,0.2055,48,0.033,0.44,-0.99,0.0681,0.1353,0.085
834,33.6371,314,2.5,0.470,0.2038,44,0.036,0.48,-0.80,0.0678,0.1334,0.066
835,28.3723,294,2.6,0.390,0.2183,45,0.035,0.45,-0.92,0.0709,0.1280,0.068
836,18.3521,319,2.7,0.450,0.2208,44,0.036,0.49,-0.83,0.0665,0.1274,0.032
837,33.8702,263,2.7,0.410,0.2222,44,0.036,0.40,-0.89,0.0695,0.1272,0.015
838,28.8066,284,2.7,0.420,0.2394,42,0.037,0.44,-0.87,0.0644,0.1390,0.015
839,34.1556,286,2.6,0.400,0.2432,42,0.037,0.44,-0.90,0.0693,0.1412,0.016
840,42.6704,351,2.5,0.440,0.2538,49,0.032,0.54,-0.84,0.0703,0.1507,0.000
841,21.8284,295,2.5,0.460,0.2502,47,0.033,0.45,-0.81,0.0691,0.1540,0.000
842,33.9136,283,2.7,0.380,0.2579,47,0.033,0.44,-0.93,0.0620,0.1572,0.000
843,32.4353,296,2.6,0.480,0.2547,45,0.035,0.46,-0.78,0.0667,0.1642,0.000
844,18.9916,243,2.7,0.390,0.2563,46,0.034,0.37,-0.92,0.0630,0.1748,0.016
845,40.7817,230,2.7,0.400,0.2450,46,0.034,0.35,-0.90,0.0700,0.1675,0.033
846,22.9118,310,2.5,0.410,0.2184,44,0.036,0.48,-0.89,0.0686,0.1400,0.054
847,28.3065,262,2.5,0.410,0.2095,43,0.036,0.40,-0.89,0.0660,0.1228,0.109
848,46.0332,326,2.6,0.420,0.2079,44,0.036,0.50,-0.87,0.0688,0.1242,0.069
849,35.1653,342,2.6,0.440,0.2061,43,0.036,0.53,-0.84,0.0720,0.1213,0.068
850,41.6618,362,2.5,0.370,0.2004,45,0.035,0.56,-0.95,0.0665,0.1193,0.105
851,26.5684,337,2.8,0.440,0.2139,44,0.036,0.52,-0.84,0.0690,0.1136,0.102
852,29.9493,243,2.8,0.460,0.2196,46,0.034,0.37,-0.81,0.0673,0.1223,0.052
853,44.8613,317,2.6,0.450,0.2304,48,0.033,0.49,-0.83,0.0668,0.1397,0.017
854,36.9472,308,2.6,0.400,0.2378,42,0.037,0.47,-0.90,0.0693,0.1434,0.032
855,33.3068,270,2.8,0.460,0.2352,44,0.036,0.42,-0.81,0.0666,0.1309,0.048
856,39.3290,316,2.7,0.360,0.2424,47,0.033,0.49,-0.96,0.0703,0.1431,0.030
857,33.7389,331,2.5,0.450,0.2498,39,0.040,0.51,-0.83,0.0654,0.1476,0.015
858,32.2303,302,2.6,0.400,0.2501,44,0.036,0.46,-0.90,0.0714,0.1427,0.016
859,36.7697,307,2.6,0.420,0.2386,43,0.036,0.47,-0.87,0.0679,0.1384,0.017
860,24.4795,272,2.6,0.390,0.2382,45,0.035,0.42,-0.92,0.0671,0.1394,0.033
861,38.4914,341,2.6,0.390,0.2210,47,0.033,0.52,-0.92,0.0702,0.1404,0.036
862,35.5413,317,2.6,0.450,0.2168,46,0.034,0.49,-0.83,0.0638,0.1269,0.048
863,28.5962,310,2.5,0.400,0.2244,49,0.032,0.48,-0.90,0.0662,0.1321,0.061
864,33.3487,283,2.5,0.420,0.2356,49,0.032,0.44,-0.87,0.0646,0.1281,0.066
865,39.1194,336,2.7,0.430,0.2253,47,0.033,0.52,-0.86,0.0672,0.1274,0.076
866,20.8337,272,2.8,0.480,0.2239,43,0.036,0.42,-0.78,0.0653,0.1418,0.070
867,32.7388,284,2.7,0.360,0.2250,44,0.036,0.44,-0.96,0.0712,0.1302,0.074
868,33.1305,335,2.6,0.500,0.2222,48,0.033,0.52,-0.75,0.0690,0.1226,0.090
869,45.1394,326,2.5,0.390,0.2205,47,0.033,0.50,-0.92,0.0668,0.1353,0.090
870,46.6036,386,2.5,0.480,0.2245,44,0.036,0.59,-0.78,0.0690,0.1437,0.075
871,38.7282,324,2.5,0.330,0.2332,44,0.036,0.50,-1.00,0.0693,0.1541,0.090
872,32.3299,311,2.5,0.490,0.2388,49,0.032,0.48,-0.77,0.0694,0.1454,0.119
873,39.9418,268,2.6,0.260,0.2508,48,0.033,0.41,-1.11,0.0654,0.1447,0.123
874,30.9701,269,2.8,0.510,0.2421,44,0.036,0.41,-0.73,0.0691,0.1359,0.141
875,28.1764,274,2.7,0.310,0.2370,44,0.036,0.42,-1.03,0.0664,0.1355,0.148
876,29.2522,257,2.5,0.510,0.2329,49,0.032,0.40,-0.73,0.0700,0.1376,0.083
877,44.6687,370,2.5,0.400,0.2373,46,0.034,0.57,-0.90,0.0665,0.1481,0.079
878,39.4847,346,2.5,0.420,0.2372,44,0.036,0.53,-0.87,0.0680,0.1330,0.091
879,30.6125,294,2.6,0.450,0.2417,45,0.035,0.45,-0.83,0.0681,0.1434,0.076
880,35.5421,309,2.8,0.370,0.2538,46,0.034,0.48,-0.95,0.0646,0.1543,0.048
881,26.8586,270,2.7,0.460,0.2537,45,0.035,0.41,-0.81,0.0667,0.1489,0.046
882,28.5221,276,2.7,0.400,0.2487,44,0.036,0.42,-0.90,0.0650,0.1420,0.047
883,40.3481,321,2.5,0.440,0.2376,50,0.031,0.49,-0.84,0.0625,0.1467,0.048
884,46.9196,333,2.5,0.430,0.2261,48,0.033,0.51,-0.86,0.0645,0.1472,0.048
885,33.0679,324,2.5,0.480,0.2059,47,0.033,0.50,-0.78,0.0703,0.1221,0.059
886,35.1955,347,2.6,0.380,0.2030,47,0.033,0.53,-0.93,0.0645,0.1287,0.046
887,33.0174,303,2.7,0.380,0.2182,46,0.034,0.46,-0.93,0.0683,0.1482,0.016
888,35.6866,279,2.7,0.410,0.2128,44,0.036,0.43,-0.89,0.0676,0.1333,0.050
889,37.2316,326,2.6,0.400,0.2104,47,0.033,0.50,-0.90,0.0653,0.1459,0.052
890,31.0784,336,2.5,0.450,0.2151,49,0.032,0.52,-0.83,0.0643,0.1512,0.068
891,37.8797,299,2.5,0.440,0.2265,46,0.034,0.46,-0.84,0.0688,0.1567,0.067
892,33.4313,326,2.6,0.420,0.2261,46,0.034,0.50,-0.87,0.0654,0.1455,0.048
893,39.7424,355,2.7,0.370,0.2175,48,0.033,0.55,-0.95,0.0678,0.1387,0.034
894,36.6504,313,2.6,0.380,0.2240,46,0.034,0.48,-0.93,0.0664,0.1421,0.051
895,35.9230,294,2.6,0.430,0.2232,46,0.034,0.45,-0.86,0.0675,0.1463,0.062
896,35.1336,331,2.6,0.390,0.2151,47,0.033,0.51,-0.92,0.0658,0.1309,0.062
897,40.6155,346,2.5,0.410,0.2227,44,0.036,0.53,-0.89,0.0684,0.1553,0.054
898,32.0080,351,2.6,0.450,0.2227,45,0.035,0.54,-0.83,0.0626,0.1582,0.053
899,43.2749,292,2.5,0.380,0.2048,47,0.033,0.45,-0.93,0.0652,0.1463,0.034
900,38.9324,351,2.6,0.450,0.2131,46,0.034,0.54,-0.83,0.0664,0.1494,0.050
901,26.9419,297,2.7,0.350,0.2192,46,0.034,0.46,-0.98,0.0658,0.1514,0.050
902,27.8652,250,2.6,0.500,0.2139,45,0.035,0.38,-0.75,0.0664,0.1417,0.033
903,43.2349,285,2.6,0.350,0.2279,48,0.033,0.44,-0.98,0.0668,0.1458,0.063
904,33.8578,332,2.6,0.460,0.2127,45,0.035,0.51,-0.81,0.0685,0.1326,0.094
905,35.8255,338,2.6,0.370,0.2072,47,0.033,0.52,-0.95,0.0700,0.1343,0.066
906,42.0642,341,2.5,0.490,0.1998,47,0.033,0.52,-0.77,0.0695,0.1271,0.083
907,39.6447,393,2.7,0.380,0.2119,44,0.036,0.60,-0.93,0.0700,0.1240,0.106
908,25.1840,295,2.8,0.480,0.2099,45,0.035,0.45,-0.78,0.0699,0.1415,0.149
909,31.4013,286,2.7,0.420,0.2102,49,0.032,0.44,-0.87,0.0669,0.1481,0.167
910,31.3192,263,2.6,0.380,0.2208,48,0.033,0.40,-0.93,0.0663,0.1565,0.125
911,39.6945,326,2.6,0.340,0.2308,45,0.035,0.50,-0.99,0.0667,0.1635,0.107
912,37.6972,310,2.6,0.430,0.2333,46,0.034,0.48,-0.86,0.0666,0.1466,0.140
913,35.5038,296,2.5,0.390,0.2319,47,0.033,0.45,-0.92,0.0699,0.1475,0.115
914,28.5413,289,2.7,0.430,0.2156,45,0.035,0.44,-0.86,0.0692,0.1444,0.100
915,26.3335,280,2.7,0.450,0.2193,47,0.033,0.43,-0.83,0.0696,0.1329,0.085
916,31.3325,301,2.8,0.420,0.2131,47,0.033,0.46,-0.87,0.0661,0.1375,0.062
917,31.5285,263,2.7,0.380,0.2211,46,0.034,0.40,-0.93,0.0682,0.1459,0.095
918,20.9812,249,2.5,0.510,0.2417,47,0.033,0.38,-0.73,0.0675,0.1537,0.077
919,41.1090,279,2.6,0.340,0.2488,48,0.033,0.43,-0.99,0.0663,0.1576,0.078
920,39.7370,343,2.5,0.410,0.2326,47,0.033,0.53,-0.89,0.0700,0.1432,0.079
921,42.3594,358,2.6,0.390,0.2332,43,0.036,0.55,-0.92,0.0732,0.1412,0.062
922,32.3927,332,2.7,0.350,0.2271,47,0.033,0.51,-0.98,0.0677,0.1358,0.056
923,38.6229,311,2.7,0.410,0.2274,51,0.031,0.48,-0.89,0.0670,0.1286,0.068
924,32.1426,317,2.7,0.390,0.2083,46,0.034,0.49,-0.92,0.0656,0.1193,0.103
925,37.0537,283,2.6,0.390,0.2059,47,0.033,0.43,-0.92,0.0620,0.1106,0.089
926,33.0442,353,2.7,0.390,0.2120,40,0.039,0.54,-0.92,0.0633,0.1250,0.082
927,33.1656,296,2.6,0.450,0.2115,45,0.035,0.45,-0.83,0.0688,0.1300,0.079
928,38.3719,292,2.6,0.330,0.2168,47,0.033,0.45,-1.00,0.0669,0.1148,0.111
929,28.5240,295,2.7,0.480,0.1983,48,0.033,0.45,-0.78,0.0713,0.1042,0.133
930,24.6645,283,2.8,0.360,0.2068,47,0.033,0.44,-0.96,0.0685,0.1195,0.115
931,25.5898,249,2.6,0.490,0.2132,44,0.036,0.38,-0.77,0.0669,0.1245,0.085
932,37.0180,313,2.4,0.410,0.1988,47,0.033,0.48,-0.89,0.0659,0.1220,0.086
933,21.7116,255,2.6,0.450,0.2003,49,0.032,0.39,-0.83,0.0690,0.1133,0.053
934,34.6663,258,2.6,0.390,0.1997,47,0.033,0.40,-0.92,0.0658,0.1120,0.083
935,35.7707,342,2.4,0.410,0.2090,45,0.035,0.53,-0.89,0.0721,0.1067,0.102
936,44.7704,324,2.5,0.450,0.2063,45,0.035,0.50,-0.83,0.0641,0.0970,0.129
937,28.3619,320,2.6,0.350,0.2072,44,0.036,0.49,-0.98,0.0657,0.1047,0.132
938,20.7197,261,2.6,0.470,0.2069,44,0.036,0.40,-0.80,0.0695,0.0989,0.069
939,36.2459,341,2.6,0.390,0.2020,41,0.038,0.52,-0.92,0.0713,0.1127,0.034
940,31.1176,285,2.5,0.400,0.2100,45,0.035,0.44,-0.90,0.0681,0.1340,0.017
941,38.8443,273,2.6,0.340,0.2167,46,0.034,0.42,-0.99,0.0654,0.1329,0.054
942,34.4581,330,2.6,0.440,0.2140,49,0.032,0.51,-0.84,0.0687,0.1223,0.035
943,40.4423,342,2.5,0.410,0.2201,46,0.034,0.53,-0.89,0.0666,0.1186,0.035
944,34.2431,367,2.6,0.410,0.2074,46,0.034,0.56,-0.89,0.0654,0.1158,0.047
945,37.9226,357,2.7,0.380,0.2101,43,0.036,0.55,-0.93,0.0672,0.1172,0.047
946,38.2007,326,2.6,0.390,0.2066,42,0.037,0.50,-0.92,0.0650,0.1225,0.103
947,43.1058,358,2.5,0.410,0.2127,45,0.035,0.55,-0.89,0.0680,0.1325,0.088
948,44.2742,348,2.4,0.400,0.2202,46,0.034,0.53,-0.90,0.0688,0.1293,0.067
949,36.7737,334,2.5,0.410,0.2181,48,0.033,0.51,-0.89,0.0673,0.1246,0.069
950,42.1121,359,2.6,0.440,0.2200,46,0.034,0.55,-0.84,0.0699,0.1361,0.080
951,34.0272,255,2.7,0.410,0.2256,47,0.033,0.39,-0.89,0.0682,0.1349,0.071
952,42.4774,325,2.6,0.390,0.2172,49,0.032,0.50,-0.92,0.0636,0.1337,0.077
953,28.2850,273,2.8,0.480,0.2250,45,0.035,0.42,-0.78,0.0643,0.1340,0.067
954,21.9252,281,2.7,0.370,0.2190,47,0.033,0.43,-0.95,0.0658,0.1289,0.068
955,44.7663,295,2.5,0.390,0.2212,47,0.033,0.45,-0.92,0.0685,0.1371,0.048
956,39.3197,298,2.4,0.390,0.2078,47,0.033,0.46,-0.92,0.0699,0.1430,0.032
957,45.4222,307,2.5,0.430,0.2132,48,0.033,0.47,-0.86,0.0713,0.1461,0.032
958,25.6041,306,2.8,0.450,0.2163,47,0.033,0.47,-0.83,0.0688,0.1301,0.063
959,42.2307,318,2.8,0.400,0.2307,46,0.034,0.49,-0.90,0.0709,0.1317,0.050
960,29.6095,337,2.6,0.430,0.2361,44,0.036,0.52,-0.86,0.0710,0.1445,0.062
961,35.5946,281,2.6,0.360,0.2313,46,0.034,0.43,-0.96,0.0680,0.1479,0.076
962,38.1226,383,2.4,0.380,0.2349,42,0.037,0.59,-0.93,0.0653,0.1351,0.107
963,27.1396,293,2.5,0.450,0.2370,42,0.037,0.45,-0.83,0.0635,0.1324,0.113
964,39.9875,337,2.6,0.420,0.2329,47,0.033,0.52,-0.87,0.0671,0.1434,0.059
965,28.9717,284,2.6,0.470,0.2376,45,0.035,0.44,-0.80,0.0643,0.1482,0.054
966,33.0569,293,2.6,0.360,0.2370,45,0.035,0.45,-0.96,0.0693,0.1441,0.054
967,30.5462,247,2.7,0.400,0.2417,48,0.033,0.38,-0.90,0.0689,0.1609,0.070
968,33.9032,327,2.5,0.420,0.2243,47,0.033,0.50,-0.87,0.0695,0.1327,0.083
969,39.3779,310,2.5,0.410,0.2228,48,0.033,0.48,-0.89,0.0640,0.1155,0.067
970,36.4867,294,2.6,0.430,0.2186,47,0.033,0.45,-0.86,0.0690,0.1153,0.062
971,35.0582,331,2.6,0.370,0.2163,47,0.033,0.51,-0.95,0.0672,0.1204,0.097
972,29.9720,324,2.7,0.400,0.2230,44,0.036,0.50,-0.90,0.0672,0.1219,0.078
973,29.6890,277,2.7,0.400,0.2378,48,0.033,0.43,-0.90,0.0662,0.1211,0.094
974,38.5194,302,2.8,0.400,0.2386,48,0.033,0.46,-0.90,0.0643,0.1264,0.086
975,43.6788,302,2.6,0.390,0.2340,46,0.034,0.46,-0.92,0.0660,0.1226,0.083
976,36.9463,381,2.6,0.460,0.2383,46,0.034,0.59,-0.81,0.0699,0.1255,0.053
977,38.0229,322,2.5,0.400,0.2252,44,0.036,0.49,-0.90,0.0707,0.1194,0.042
978,34.7521,287,2.5,0.420,0.2324,45,0.035,0.44,-0.87,0.0664,0.1282,0.055
979,31.6935,341,2.5,0.440,0.2238,43,0.036,0.52,-0.84,0.0679,0.1313,0.056
980,29.8728,246,2.7,0.450,0.2163,48,0.033,0.38,-0.83,0.0677,0.1281,0.060
981,35.2788,282,2.6,0.360,0.2349,47,0.033,0.43,-0.96,0.0679,0.1381,0.082
982,32.0521,302,2.5,0.440,0.2451,48,0.033,0.46,-0.84,0.0640,0.1381,0.081
983,34.5620,312,2.5,0.330,0.2423,45,0.035,0.48,-1.00,0.0644,0.1589,0.049
984,29.8436,310,2.4,0.430,0.2473,46,0.034,0.48,-0.86,0.0644,0.1867,0.031
985,32.1206,286,2.5,0.410,0.2366,47,0.033,0.44,-0.89,0.0660,0.1819,0.029
986,30.5596,315,2.8,0.350,0.2337,48,0.033,0.48,-0.98,0.0686,0.1569,0.030
987,20.9313,244,2.8,0.400,0.2351,44,0.036,0.38,-0.90,0.0682,0.1477,0.047
988,19.9180,207,2.8,0.420,0.2334,45,0.035,0.32,-0.87,0.0658,0.1491,0.057
989,48.7432,337,2.7,0.350,0.2235,46,0.034,0.52,-0.98,0.0664,0.1530,0.045
990,42.8589,391,2.5,0.470,0.2203,43,0.036,0.60,-0.80,0.0656,0.1262,0.044
991,40.2889,322,2.5,0.340,0.2119,47,0.033,0.49,-0.99,0.0635,0.1257,0.049
992,32.4734,331,2.4,0.440,0.2165,50,0.031,0.51,-0.84,0.0670,0.1499,0.051
993,38.5220,320,2.5,0.350,0.2283,50,0.031,0.49,-0.98,0.0660,0.1438,0.053
994,31.3003,321,2.7,0.540,0.2270,44,0.036,0.49,-0.69,0.0694,0.1335,0.048
995,28.1670,293,2.6,0.310,0.2303,46,0.034,0.45,-1.03,0.0638,0.1345,0.046
996,36.3086,277,2.6,0.450,0.2371,46,0.034,0.43,-0.83,0.0663,0.1572,0.063
997,40.3581,315,2.4,0.360,0.2282,47,0.033,0.48,-0.96,0.0664,0.1412,0.063
998,44.8126,361,2.5,0.420,0.2187,47,0.033,0.56,-0.87,0.0690,0.1408,0.032
999,27.6499,309,2.5,0.420,0.2061,47,0.033,0.47,-0.87,0.0669,0.1519,0.000
1000,33.2570,273,2.5,0.470,0.2041,44,0.036,0.42,-0.80,0.0656,0.1387,0.000
1001,32.7023,296,2.6,0.420,0.1980,48,0.033,0.46,-0.87,0.0686,0.1286,0.000
1002,25.4297,285,2.7,0.390,0.2014,44,0.036,0.44,-0.92,0.0658,0.1224,0.000
1003,17.9272,207,2.8,0.500,0.2073,44,0.036,0.32,-0.75,0.0686,0.1228,0.061
1004,41.5439,356,2.5,0.360,0.2180,46,0.034,0.55,-0.96,0.0677,0.1250,0.094
1005,36.0279,330,2.5,0.490,0.2283,46,0.034,0.51,-0.77,0.0657,0.1347,0.079
1006,34.5735,334,2.6,0.320,0.2280,47,0.033,0.51,-1.02,0.0677,0.1413,0.069
1007,34.3616,290,2.5,0.510,0.2303,43,0.036,0.45,-0.73,0.0686,0.1518,0.098
1008,40.9328,335,2.5,0.360,0.2338,47,0.033,0.51,-0.96,0.0701,0.1463,0.094
1009,29.4488,289,2.5,0.440,0.2332,49,0.032,0.44,-0.84,0.0678,0.1426,0.049
1010,18.0071,232,2.5,0.460,0.2350,44,0.036,0.36,-0.81,0.0648,0.1284,0.097
1011,36.0017,284,2.5,0.370,0.2120,43,0.036,0.44,-0.95,0.0677,0.1292,0.115
1012,33.9873,312,2.6,0.420,0.2181,45,0.035,0.48,-0.87,0.0690,0.1292,0.068
1013,28.0025,283,2.6,0.380,0.2116,47,0.033,0.43,-0.93,0.0718,0.1199,0.082
1014,21.2221,267,2.5,0.510,0.2180,46,0.034,0.41,-0.73,0.0667,0.1359,0.104
1015,34.0454,283,2.5,0.380,0.2290,46,0.034,0.43,-0.93,0.0667,0.1448,0.083
1016,29.4254,339,2.6,0.460,0.2158,48,0.033,0.52,-0.81,0.0661,0.1130,0.116
1017,31.2847,288,2.7,0.350,0.2257,46,0.034,0.44,-0.98,0.0669,0.1170,0.097
1018,34.0719,317,2.6,0.460,0.2177,48,0.033,0.49,-0.81,0.0686,0.1150,0.116
1019,37.7652,287,2.5,0.350,0.2109,44,0.036,0.44,-0.98,0.0673,0.1031,0.116
1020,34.4202,325,2.5,0.430,0.2098,45,0.035,0.50,-0.86,0.0670,0.1162,0.079
1021,37.9345,333,2.6,0.380,0.2091,45,0.035,0.51,-0.93,0.0655,0.1293,0.066
1022,31.8700,302,2.5,0.430,0.2146,48,0.033,0.46,-0.86,0.0681,0.1407,0.050
1023,35.8653,282,2.6,0.340,0.2212,47,0.033,0.43,-0.99,0.0653,0.1407,0.086
1024,30.0170,280,2.5,0.430,0.2226,42,0.037,0.43,-0.86,0.0667,0.1450,0.068
1025,33.9785,307,2.5,0.390,0.2229,45,0.035,0.47,-0.92,0.0684,0.1435,0.068
1026,38.0573,348,2.5,0.390,0.2234,46,0.034,0.54,-0.92,0.0703,0.1560,0.094
1027,46.5765,317,2.5,0.400,0.2177,48,0.033,0.49,-0.90,0.0680,0.1435,0.075
1028,30.0899,312,2.6,0.410,0.2084,48,0.033,0.48,-0.89,0.0679,0.1374,0.057
1029,32.7354,289,2.5,0.410,0.2190,48,0.033,0.44,-0.89,0.0664,0.1475,0.069
1030,34.6441,296,2.6,0.370,0.2242,48,0.033,0.45,-0.95,0.0674,0.1515,0.081
1031,23.8118,235,2.7,0.470,0.2353,42,0.037,0.36,-0.80,0.0683,0.1501,0.045
1032,32.2965,267,2.7,0.320,0.2340,43,0.036,0.41,-1.02,0.0654,0.1209,0.078
1033,33.0903,290,2.6,0.460,0.2360,46,0.034,0.45,-0.81,0.0688,0.1278,0.083
1034,39.4508,352,2.5,0.350,0.2347,45,0.035,0.54,-0.98,0.0634,0.1249,0.051
1035,25.9181,294,2.5,0.400,0.2350,40,0.039,0.45,-0.90,0.0689,0.1193,0.073
1036,33.3725,278,2.5,0.350,0.2447,42,0.037,0.43,-0.98,0.0690,0.1310,0.088
1037,18.2144,249,2.7,0.490,0.2464,48,0.033,0.38,-0.77,0.0694,0.1483,0.083
1038,22.5305,242,2.7,0.370,0.2372,48,0.033,0.37,-0.95,0.0660,0.1399,0.100
1039,26.6459,241,2.7,0.420,0.2466,44,0.036,0.37,-0.87,0.0676,0.1410,0.123
1040,30.6019,288,2.5,0.420,0.2314,49,0.032,0.44,-0.87,0.0655,0.1361,0.119
1041,27.8568,318,2.4,0.390,0.2232,47,0.033,0.49,-0.92,0.0651,0.1275,0.079
1042,40.5301,290,2.5,0.460,0.2279,46,0.034,0.45,-0.81,0.0629,0.1256,0.114
1043,37.0484,287,2.5,0.440,0.2280,48,0.033,0.44,-0.84,0.0665,0.1289,0.097
1044,25.2871,298,2.6,0.330,0.2302,46,0.034,0.46,-1.00,0.0654,0.1333,0.077
1045,23.7999,222,2.6,0.440,0.2378,49,0.032,0.34,-0.84,0.0655,0.1426,0.106
1046,47.4702,287,2.6,0.370,0.2490,48,0.033,0.44,-0.95,0.0661,0.1531,0.088
1047,33.2367,345,2.6,0.410,0.2509,49,0.032,0.53,-0.89,0.0679,0.1668,0.046
1048,51.2790,398,2.4,0.350,0.2170,45,0.035,0.61,-0.98,0.0669,0.1591,0.089
1049,32.3763,332,2.5,0.430,0.2192,46,0.034,0.51,-0.86,0.0673,0.1271,0.085
1050,27.4421,280,2.5,0.410,0.2171,45,0.035,0.43,-0.89,0.0670,0.1406,0.047
1051,39.5429,302,2.6,0.370,0.2200,47,0.033,0.46,-0.95,0.0673,0.1356,0.050
1052,22.6127,258,2.7,0.460,0.2212,46,0.034,0.40,-0.81,0.0669,0.1351,0.048
1053,15.9186,240,2.7,0.360,0.2338,46,0.034,0.37,-0.96,0.0659,0.1273,0.049
1054,30.2412,248,2.6,0.420,0.2149,43,0.036,0.38,-0.87,0.0665,0.1109,0.036
1055,36.2435,282,2.6,0.390,0.2081,47,0.033,0.43,-0.92,0.0675,0.1251,0.032
1056,37.0959,322,2.4,0.420,0.2043,45,0.035,0.49,-0.87,0.0656,0.1117,0.092
1057,31.5265,322,2.4,0.460,0.2103,45,0.035,0.49,-0.81,0.0674,0.1141,0.117
1058,28.3417,262,2.6,0.380,0.2087,46,0.034,0.40,-0.93,0.0658,0.1161,0.119
1059,17.0751,247,2.7,0.470,0.2163,46,0.034,0.38,-0.80,0.0662,0.1139,0.127
1060,26.3630,243,2.6,0.400,0.2226,47,0.033,0.37,-0.90,0.0705,0.1195,0.102
1061,35.0116,296,2.5,0.430,0.2334,45,0.035,0.46,-0.86,0.0666,0.1342,0.083
1062,33.7433,293,2.5,0.410,0.2353,46,0.034,0.45,-0.89,0.0645,0.1273,0.127
1063,44.5312,338,2.5,0.400,0.2328,42,0.037,0.52,-0.90,0.0662,0.1286,0.115
1064,32.9688,326,2.6,0.360,0.2313,45,0.035,0.50,-0.96,0.0664,0.1336,0.073
1065,34.6246,258,2.6,0.430,0.2229,46,0.034,0.40,-0.86,0.0669,0.1203,0.053
1066,23.4353,267,2.7,0.390,0.2256,44,0.036,0.41,-0.92,0.0710,0.1285,0.047
1067,28.2460,259,2.7,0.390,0.2256,46,0.034,0.40,-0.92,0.0678,0.1394,0.069
1068,35.6695,273,2.7,0.390,0.2292,47,0.033,0.42,-0.92,0.0679,0.1377,0.083
1069,20.6242,295,2.3,0.430,0.2153,46,0.034,0.45,-0.86,0.0693,0.1202,0.076
1070,21.9303,266,2.5,0.430,0.2076,46,0.034,0.41,-0.86,0.0661,0.1081,0.082
1071,33.3866,270,2.6,0.410,0.2092,48,0.033,0.42,-0.89,0.0680,0.1145,0.069
1072,37.5479,279,2.4,0.480,0.2113,48,0.033,0.43,-0.78,0.0688,0.1199,0.080
1073,27.7059,296,2.6,0.330,0.2057,44,0.036,0.46,-1.00,0.0677,0.1152,0.088
1074,21.8183,295,2.7,0.450,0.2176,45,0.035,0.45,-0.83,0.0732,0.1195,0.077
1075,29.0787,243,2.7,0.420,0.2323,43,0.036,0.37,-0.87,0.0670,0.1504,0.057
1076,29.9460,320,2.5,0.450,0.2351,45,0.035,0.49,-0.83,0.0648,0.1424,0.072
1077,30.9835,289,2.5,0.390,0.2280,44,0.036,0.44,-0.92,0.0662,0.1378,0.081
1078,25.6274,295,2.6,0.410,0.2269,46,0.034,0.45,-0.89,0.0678,0.1292,0.049
1079,27.8226,296,2.4,0.430,0.2254,45,0.035,0.45,-0.86,0.0679,0.1254,0.031
1080,36.6367,300,2.6,0.330,0.2232,48,0.033,0.46,-1.00,0.0672,0.1183,0.048
1081,20.7860,261,2.6,0.500,0.2254,47,0.033,0.40,-0.75,0.0669,0.1185,0.033
1082,30.6834,246,2.7,0.390,0.2254,49,0.032,0.38,-0.92,0.0651,0.1247,0.031
1083,38.7712,327,2.5,0.430,0.2092,46,0.034,0.50,-0.86,0.0650,0.1200,0.067
1084,34.7745,307,2.5,0.410,0.2005,48,0.033,0.47,-0.89,0.0663,0.1283,0.078
1085,40.7483,318,2.6,0.390,0.2070,46,0.034,0.49,-0.92,0.0651,0.1187,0.068
1086,36.9123,347,2.5,0.390,0.2105,48,0.033,0.53,-0.92,0.0686,0.1259,0.062
1087,30.3209,320,2.5,0.390,0.2126,46,0.034,0.49,-0.92,0.0679,0.1393,0.051
1088,29.2307,249,2.6,0.430,0.2220,44,0.036,0.38,-0.86,0.0692,0.1396,0.058
1089,28.1200,309,2.8,0.430,0.2297,45,0.035,0.47,-0.86,0.0655,0.1384,0.089
1090,27.8974,243,2.6,0.400,0.2236,40,0.039,0.37,-0.90,0.0684,0.1413,0.088
1091,31.4759,313,2.6,0.470,0.2286,45,0.035,0.48,-0.80,0.0708,0.1401,0.098
1092,32.5505,289,2.5,0.450,0.2349,47,0.033,0.44,-0.83,0.0702,0.1368,0.149
1093,35.3074,249,2.5,0.380,0.2310,46,0.034,0.38,-0.93,0.0661,0.1308,0.116
1094,38.7052,290,2.5,0.410,0.2458,45,0.035,0.45,-0.89,0.0695,0.1445,0.087
1095,31.8867,306,2.6,0.400,0.2584,42,0.037,0.47,-0.90,0.0666,0.1485,0.086
1096,23.8236,239,2.7,0.420,0.2443,44,0.036,0.37,-0.87,0.0684,0.1338,0.110
1097,28.2436,255,2.6,0.380,0.2504,44,0.036,0.39,-0.93,0.0654,0.1484,0.087
1098,17.7687,267,2.6,0.470,0.2365,42,0.037,0.41,-0.80,0.0678,0.1382,0.092
1099,29.4178,263,2.5,0.390,0.2304,46,0.034,0.40,-0.92,0.0665,0.1355,0.065
1100,42.8693,324,2.5,0.440,0.2228,46,0.034,0.50,-0.84,0.0713,0.1449,0.062
1101,38.6557,318,2.5,0.420,0.2244,45,0.035,0.49,-0.87,0.0650,0.1463,0.058
1102,28.7376,297,2.6,0.360,0.2236,45,0.035,0.46,-0.96,0.0651,0.1470,0.016
1103,25.8735,269,2.8,0.390,0.2406,45,0.035,0.41,-0.92,0.0666,0.1557,0.051
1104,36.4654,273,2.7,0.410,0.2420,47,0.033,0.42,-0.89,0.0673,0.1610,0.061
1105,45.3048,334,2.5,0.340,0.2279,44,0.036,0.51,-0.99,0.0673,0.1405,0.062
1106,33.5331,346,2.5,0.480,0.2296,47,0.033,0.53,-0.78,0.0656,0.1332,0.061
1107,45.8773,316,2.4,0.350,0.2347,47,0.033,0.49,-0.98,0.0686,0.1276,0.045
1108,44.0306,326,2.5,0.410,0.2335,48,0.033,0.50,-0.89,0.0657,0.1421,0.029
1109,19.2463,311,2.6,0.360,0.2387,50,0.031,0.48,-0.96,0.0708,0.1448,0.088
1110,35.7510,273,2.6,0.420,0.2336,45,0.035,0.42,-0.87,0.0667,0.1327,0.063
1111,27.5645,307,2.7,0.350,0.2251,46,0.034,0.47,-0.98,0.0649,0.1308,0.034
1112,36.8844,287,2.6,0.430,0.2304,44,0.036,0.44,-0.86,0.0688,0.1300,0.071
1113,29.5973,295,2.5,0.320,0.2236,42,0.037,0.45,-1.02,0.0671,0.1309,0.047
1114,33.4958,294,2.5,0.410,0.2205,50,0.031,0.45,-0.89,0.0677,0.1253,0.045
1115,34.7400,337,2.6,0.410,0.2205,48,0.033,0.52,-0.89,0.0660,0.1093,0.072
1116,24.0823,294,2.8,0.380,0.2182,46,0.034,0.45,-0.93,0.0649,0.0990,0.087
1117,34.0366,301,2.6,0.350,0.2087,49,0.032,0.46,-0.98,0.0660,0.1188,0.115
1118,35.0205,280,2.6,0.460,0.2141,45,0.035,0.43,-0.81,0.0686,0.1354,0.092
1119,40.3481,342,2.5,0.330,0.2044,47,0.033,0.53,-1.00,0.0673,0.1203,0.129
1120,38.3101,324,2.5,0.410,0.2100,45,0.035,0.50,-0.89,0.0675,0.1336,0.102
1121,39.3368,312,2.5,0.410,0.2151,46,0.034,0.48,-0.89,0.0643,0.1372,0.069
1122,36.6580,343,2.6,0.360,0.2086,45,0.035,0.53,-0.96,0.0644,0.1323,0.071
1123,27.4000,280,2.7,0.430,0.2163,45,0.035,0.43,-0.86,0.0661,0.1424,0.049
1124,25.0613,264,2.7,0.400,0.2250,47,0.033,0.41,-0.90,0.0636,0.1399,0.075
1125,38.7204,306,2.6,0.420,0.2220,51,0.031,0.47,-0.87,0.0693,0.1299,0.075
1126,32.1820,283,2.6,0.370,0.2130,49,0.032,0.43,-0.95,0.0657,0.1328,0.033
1127,28.2026,267,2.7,0.440,0.2120,44,0.036,0.41,-0.84,0.0675,0.1290,0.054
1128,33.6200,340,2.4,0.380,0.2147,43,0.036,0.52,-0.93,0.0662,0.1290,0.069
1129,30.0344,340,2.5,0.460,0.2093,46,0.034,0.52,-0.81,0.0669,0.1350,0.081
1130,29.2124,302,2.6,0.380,0.2066,47,0.033,0.46,-0.93,0.0679,0.1419,0.102
1131,19.9129,246,2.8,0.440,0.2050,45,0.035,0.38,-0.84,0.0653,0.1396,0.079
1132,23.9807,224,2.6,0.380,0.2173,45,0.035,0.34,-0.93,0.0672,0.1434,0.092
1133,33.3549,302,2.4,0.400,0.2271,49,0.032,0.46,-0.90,0.0625,0.1434,0.098
1134,44.4081,345,2.6,0.400,0.2251,49,0.032,0.53,-0.90,0.0689,0.1358,0.138
1135,40.3859,367,2.5,0.380,0.2367,44,0.036,0.56,-0.93,0.0637,0.1439,0.138
1136,50.9583,385,2.5,0.390,0.2410,44,0.036,0.59,-0.92,0.0668,0.1311,0.108
1137,37.6494,332,2.7,0.310,0.2315,47,0.033,0.51,-1.03,0.0688,0.1244,0.085
1138,37.0168,306,2.6,0.450,0.2351,46,0.034,0.47,-0.83,0.0655,0.1447,0.032
1139,33.8497,310,2.6,0.350,0.2272,46,0.034,0.48,-0.98,0.0691,0.1263,0.047
1140,24.2130,320,2.6,0.480,0.2228,48,0.033,0.49,-0.78,0.0681,0.1276,0.062
1141,35.8045,279,2.6,0.370,0.2127,50,0.031,0.43,-0.95,0.0691,0.1319,0.076
1142,42.0966,322,2.6,0.390,0.2132,48,0.033,0.49,-0.92,0.0656,0.1247,0.077
1143,32.0865,328,2.5,0.420,0.2162,47,0.033,0.50,-0.87,0.0662,0.1196,0.030
1144,40.3371,359,2.4,0.410,0.2105,45,0.035,0.55,-0.89,0.0660,0.1049,0.077
1145,21.9873,300,2.6,0.480,0.2105,48,0.033,0.46,-0.78,0.0678,0.1026,0.092
1146,34.1198,283,2.6,0.370,0.2058,51,0.031,0.43,-0.95,0.0670,0.0959,0.076
1147,32.6066,309,2.5,0.420,0.2061,48,0.033,0.47,-0.87,0.0691,0.1001,0.078
1148,30.2343,329,2.5,0.400,0.2059,45,0.035,0.51,-0.90,0.0657,0.1106,0.048
1149,34.8010,321,2.6,0.420,0.2063,45,0.035,0.49,-0.87,0.0679,0.1176,0.032
1150,43.8532,358,2.6,0.350,0.2104,49,0.032,0.55,-0.98,0.0684,0.1196,0.051
1151,30.5654,302,2.4,0.530,0.2002,48,0.033,0.46,-0.70,0.0662,0.1117,0.077
1152,26.3169,288,2.7,0.340,0.2068,44,0.036,0.44,-0.99,0.0674,0.1062,0.106
1153,32.5373,300,2.6,0.430,0.2335,44,0.036,0.46,-0.86,0.0661,0.1276,0.123
1154,29.3408,266,2.6,0.380,0.2302,47,0.033,0.41,-0.93,0.0661,0.1399,0.076
1155,31.7940,287,2.5,0.390,0.2209,48,0.033,0.44,-0.92,0.0699,0.1388,0.079
1156,39.1299,337,2.5,0.440,0.2206,44,0.036,0.52,-0.84,0.0707,0.1333,0.057
1157,44.2730,360,2.6,0.410,0.2276,45,0.035,0.55,-0.89,0.0651,0.1337,0.044
1158,40.9810,306,2.6,0.420,0.2379,47,0.033,0.47,-0.87,0.0683,0.1422,0.029
1159,35.8639,364,2.5,0.420,0.2323,48,0.033,0.56,-0.87,0.0660,0.1441,0.062
1160,28.4992,305,2.5,0.430,0.2157,47,0.033,0.47,-0.86,0.0663,0.1274,0.065
1161,38.3065,265,2.7,0.390,0.2166,52,0.030,0.41,-0.92,0.0677,0.1331,0.016
1162,53.8601,389,2.6,0.340,0.2129,48,0.033,0.60,-0.99,0.0677,0.1214,0.036
1163,35.1453,351,2.6,0.370,0.2040,49,0.032,0.54,-0.95,0.0655,0.1215,0.070
1164,38.7716,324,2.6,0.440,0.2003,50,0.031,0.50,-0.84,0.0647,0.1317,0.069
1165,37.7537,280,2.6,0.430,0.2259,46,0.034,0.43,-0.86,0.0656,0.1597,0.065
1166,35.2438,349,2.7,0.400,0.2299,46,0.034,0.54,-0.90,0.0660,0.1643,0.079
1167,39.6584,347,2.6,0.380,0.2304,50,0.031,0.53,-0.93,0.0655,0.1555,0.070
1168,37.2204,328,2.6,0.340,0.2310,49,0.032,0.50,-0.99,0.0684,0.1372,0.105
1169,21.3284,294,2.7,0.400,0.2315,44,0.036,0.45,-0.90,0.0662,0.1240,0.078
1170,41.5580,332,2.5,0.400,0.2189,46,0.034,0.51,-0.90,0.0654,0.1311,0.054
1171,46.3854,374,2.5,0.390,0.2093,47,0.033,0.57,-0.92,0.0666,0.1274,0.051
1172,47.9557,412,2.5,0.370,0.2092,48,0.033,0.63,-0.95,0.0690,0.1069,0.054
1173,45.5485,368,2.5,0.380,0.2044,46,0.034,0.57,-0.93,0.0710,0.1089,0.052
1174,39.1377,330,2.5,0.360,0.2126,51,0.031,0.51,-0.96,0.0660,0.1121,0.140
1175,40.5681,318,2.7,0.380,0.2116,41,0.038,0.49,-0.93,0.0725,0.1037,0.148
1176,38.9436,312,2.6,0.430,0.2041,45,0.035,0.48,-0.86,0.0677,0.1041,0.148
1177,35.7819,346,2.6,0.370,0.2166,47,0.033,0.53,-0.95,0.0678,0.1087,0.140
1178,36.2443,335,2.5,0.430,0.2044,47,0.033,0.51,-0.86,0.0687,0.1277,0.115
1179,42.2035,323,2.6,0.330,0.2036,44,0.036,0.50,-1.00,0.0713,0.1219,0.109
1180,45.3573,350,2.7,0.410,0.1904,50,0.031,0.54,-0.89,0.0647,0.1166,0.098
1181,27.0131,318,2.7,0.430,0.2106,49,0.032,0.49,-0.86,0.0677,0.1105,0.116
1182,24.6382,252,2.7,0.430,0.2228,46,0.034,0.39,-0.86,0.0674,0.1228,0.134
1183,47.9346,344,2.6,0.390,0.2360,43,0.036,0.53,-0.92,0.0642,0.1472,0.132
1184,43.1512,406,2.5,0.380,0.2460,42,0.037,0.62,-0.93,0.0629,0.1401,0.111
1185,41.9618,341,2.4,0.370,0.2466,42,0.037,0.52,-0.95,0.0686,0.1193,0.109
1186,39.9039,352,2.5,0.380,0.2379,46,0.034,0.54,-0.93,0.0662,0.1216,0.129
1187,28.9705,332,2.6,0.430,0.2470,47,0.033,0.51,-0.86,0.0667,0.1104,0.100
1188,36.7186,283,2.6,0.430,0.2522,47,0.033,0.44,-0.86,0.0704,0.1271,0.078
1189,33.1440,364,2.5,0.380,0.2466,47,0.033,0.56,-0.93,0.0667,0.1311,0.067
1190,38.9553,316,2.5,0.410,0.2453,47,0.033,0.49,-0.89,0.0690,0.1148,0.070
1191,40.5171,349,2.5,0.400,0.2503,46,0.034,0.54,-0.90,0.0673,0.1219,0.032
1192,38.4963,300,2.5,0.370,0.2287,43,0.036,0.46,-0.95,0.0666,0.1383,0.035
1193,29.3623,317,2.5,0.410,0.2201,47,0.033,0.49,-0.89,0.0654,0.1435,0.036
1194,27.8290,298,2.6,0.400,0.2265,48,0.033,0.46,-0.90,0.0660,0.1313,0.032
1195,36.8580,340,2.7,0.340,0.2149,47,0.033,0.52,-0.99,0.0677,0.1341,0.052
1196,22.3969,264,2.9,0.400,0.2148,45,0.035,0.41,-0.90,0.0652,0.1290,0.059
1197,36.6554,318,2.7,0.340,0.2324,47,0.033,0.49,-0.99,0.0672,0.1307,0.034
1198,46.0348,377,2.5,0.400,0.2352,47,0.033,0.58,-0.90,0.0676,0.1576,0.032
1199,50.7898,327,2.4,0.380,0.2455,42,0.037,0.50,-0.93,0.0661,0.1599,0.032
1200,44.8208,379,2.5,0.440,0.2507,43,0.036,0.58,-0.84,0.0688,0.1469,0.036
1201,33.0750,336,2.5,0.400,0.2505,49,0.032,0.52,-0.90,0.0671,0.1289,0.056
1202,45.8806,359,2.4,0.410,0.2270,45,0.035,0.55,-0.89,0.0682,0.1132,0.140
1203,35.3188,312,2.5,0.400,0.2205,45,0.035,0.48,-0.90,0.0647,0.1476,0.121
1204,26.0597,287,2.6,0.490,0.2302,45,0.035,0.44,-0.77,0.0682,0.1426,0.089
1205,36.7380,325,2.5,0.380,0.2437,44,0.036,0.50,-0.93,0.0647,0.1380,0.049
1206,35.7818,313,2.4,0.440,0.2193,43,0.036,0.48,-0.84,0.0650,0.1283,0.070
1207,35.4793,343,2.5,0.400,0.1932,46,0.034,0.53,-0.90,0.0678,0.1212,0.091
1208,35.3973,314,2.6,0.450,0.2017,44,0.036,0.48,-0.83,0.0696,0.1230,0.059
1209,30.3302,287,2.8,0.430,0.1980,44,0.036,0.44,-0.86,0.0662,0.1248,0.056
1210,28.7329,331,2.8,0.410,0.2109,46,0.034,0.51,-0.89,0.0670,0.1382,0.030
1211,45.8630,315,2.7,0.360,0.2129,48,0.033,0.48,-0.96,0.0668,0.1436,0.048
1212,36.3339,331,2.6,0.390,0.2167,46,0.034,0.51,-0.92,0.0641,0.1631,0.048
1213,39.1446,350,2.6,0.340,0.2244,47,0.033,0.54,-0.99,0.0669,0.1698,0.048
1214,32.6181,293,2.4,0.430,0.2401,46,0.034,0.45,-0.86,0.0685,0.1474,0.068
1215,38.5260,310,2.5,0.360,0.2455,50,0.031,0.48,-0.96,0.0646,0.1443,0.066
1216,35.4298,344,2.5,0.420,0.2436,50,0.031,0.53,-0.87,0.0727,0.1192,0.078
1217,36.0585,322,2.6,0.390,0.2479,47,0.033,0.49,-0.92,0.0694,0.1268,0.048
1218,31.2173,275,2.6,0.390,0.2392,44,0.036,0.42,-0.92,0.0652,0.1309,0.049
1219,36.3554,359,2.4,0.340,0.2278,43,0.036,0.55,-0.99,0.0706,0.1252,0.069
1220,39.7773,343,2.4,0.380,0.2210,45,0.035,0.53,-0.93,0.0701,0.1314,0.083
1221,30.3006,321,2.6,0.430,0.2253,44,0.036,0.49,-0.86,0.0669,0.1383,0.063
1222,47.6328,376,2.5,0.360,0.2096,44,0.036,0.58,-0.96,0.0645,0.1423,0.032
1223,28.1779,308,2.5,0.510,0.2024,44,0.036,0.47,-0.73,0.0664,0.1478,0.050
1224,32.7154,294,2.8,0.410,0.2143,43,0.036,0.45,-0.89,0.0668,0.1438,0.066
1225,21.5885,254,2.6,0.410,0.2274,46,0.034,0.39,-0.89,0.0656,0.1428,0.085
1226,42.2771,329,2.6,0.370,0.2414,44,0.036,0.50,-0.95,0.0657,0.1520,0.050
1227,40.9184,351,2.5,0.390,0.2501,45,0.035,0.54,-0.92,0.0676,0.1356,0.032
1228,30.8016,316,2.5,0.430,0.2571,44,0.036,0.49,-0.86,0.0661,0.1206,0.043
1229,48.9431,345,2.6,0.360,0.2548,44,0.036,0.53,-0.96,0.0657,0.1256,0.079
1230,28.7058,338,2.5,0.430,0.2401,45,0.035,0.52,-0.86,0.0675,0.1202,0.066
1231,27.4679,300,2.6,0.380,0.2311,47,0.033,0.46,-0.93,0.0661,0.1084,0.034
1232,40.8021,326,2.5,0.480,0.2212,47,0.033,0.50,-0.78,0.0664,0.1243,0.047
1233,32.9491,310,2.6,0.380,0.2131,48,0.033,0.48,-0.93,0.0659,0.1333,0.079
1234,26.5780,296,2.6,0.400,0.2176,50,0.031,0.46,-0.90,0.0658,0.1399,0.048
1235,35.4390,346,2.5,0.470,0.2181,49,0.032,0.53,-0.80,0.0663,0.1356,0.062
1236,28.4664,318,2.5,0.400,0.2158,47,0.033,0.49,-0.90,0.0639,0.1377,0.043
1237,24.7595,264,2.6,0.460,0.2206,44,0.036,0.41,-0.81,0.0667,0.1257,0.088
1238,38.7322,355,2.8,0.380,0.2235,48,0.033,0.55,-0.93,0.0706,0.1203,0.096
1239,31.5445,297,2.8,0.420,0.2337,41,0.038,0.46,-0.87,0.0702,0.1190,0.058
1240,24.0859,237,2.7,0.400,0.2469,44,0.036,0.36,-0.90,0.0683,0.1300,0.060
1241,35.0356,302,2.7,0.420,0.2426,47,0.033,0.46,-0.87,0.0667,0.1386,0.044
1242,47.0537,346,2.6,0.400,0.2273,47,0.033,0.53,-0.90,0.0655,0.1376,0.076
1243,45.5663,356,2.5,0.380,0.2298,44,0.036,0.55,-0.93,0.0648,0.1370,0.066
1244,44.2956,341,2.5,0.380,0.2477,48,0.033,0.52,-0.93,0.0632,0.1540,0.035
1245,26.0378,304,2.6,0.400,0.2465,48,0.033,0.47,-0.90,0.0679,0.1517,0.057
1246,26.4747,253,2.7,0.380,0.2397,48,0.033,0.39,-0.93,0.0696,0.1470,0.055
1247,33.5935,241,2.7,0.460,0.2245,45,0.035,0.37,-0.81,0.0690,0.1386,0.082
1248,46.0628,344,2.6,0.280,0.2092,45,0.035,0.53,-1.08,0.0664,0.1423,0.096
1249,37.8892,318,2.6,0.510,0.2252,46,0.034,0.49,-0.73,0.0704,0.1219,0.102
1250,32.1122,289,2.6,0.290,0.2257,43,0.036,0.44,-1.06,0.0713,0.1254,0.115
1251,38.2684,319,2.5,0.500,0.2222,43,0.036,0.49,-0.75,0.0717,0.1288,0.117
1252,32.5030,339,2.6,0.330,0.2199,43,0.036,0.52,-1.00,0.0660,0.1308,0.081
1253,23.3364,264,2.7,0.460,0.2335,42,0.037,0.41,-0.81,0.0669,0.1220,0.097
1254,33.6545,296,2.7,0.380,0.2380,44,0.036,0.46,-0.93,0.0705,0.1348,0.076
1255,29.1296,295,2.7,0.400,0.2388,44,0.036,0.45,-0.90,0.0686,0.1476,0.031
1256,42.1408,357,2.6,0.380,0.2252,45,0.035,0.55,-0.93,0.0649,0.1427,0.050
1257,40.0231,348,2.5,0.380,0.2211,46,0.034,0.53,-0.93,0.0692,0.1369,0.078
1258,35.9045,300,2.5,0.500,0.2394,45,0.035,0.46,-0.75,0.0685,0.1490,0.069
1259,32.0783,318,2.7,0.360,0.2408,46,0.034,0.49,-0.96,0.0691,0.1538,0.070
1260,32.6120,351,2.6,0.400,0.2475,43,0.036,0.54,-0.90,0.0689,0.1372,0.044
1261,31.2404,287,2.5,0.420,0.2274,49,0.032,0.44,-0.87,0.0692,0.1356,0.028
1262,45.2031,319,2.5,0.340,0.2273,50,0.031,0.49,-0.99,0.0628,0.1479,0.062
1263,31.2086,315,2.5,0.470,0.2230,46,0.034,0.48,-0.80,0.0665,0.1361,0.079
1264,27.8910,319,2.4,0.330,0.2165,43,0.036,0.49,-1.00,0.0673,0.1397,0.045
1265,35.6593,290,2.5,0.420,0.2097,46,0.034,0.45,-0.87,0.0654,0.1151,0.057
1266,34.6517,317,2.6,0.410,0.2238,46,0.034,0.49,-0.89,0.0658,0.1200,0.076
1267,35.0449,334,2.7,0.380,0.2142,45,0.035,0.51,-0.93,0.0638,0.1048,0.094
1268,22.4075,276,2.7,0.400,0.2283,44,0.036,0.42,-0.90,0.0700,0.1042,0.091
1269,32.4677,262,2.6,0.440,0.2391,45,0.035,0.40,-0.84,0.0730,0.1096,0.088
1270,35.9562,303,2.6,0.330,0.2279,43,0.036,0.47,-1.00,0.0660,0.1230,0.071
1271,47.5677,398,2.5,0.440,0.2287,47,0.033,0.61,-0.84,0.0655,0.1081,0.107
1272,44.1049,337,2.4,0.370,0.2179,44,0.036,0.52,-0.95,0.0719,0.1067,0.133
1273,37.7938,345,2.7,0.450,0.2166,44,0.036,0.53,-0.83,0.0722,0.1149,0.136
1274,27.4310,304,2.7,0.370,0.2286,44,0.036,0.47,-0.95,0.0693,0.1090,0.121
1275,24.0219,244,2.6,0.420,0.2425,46,0.034,0.38,-0.87,0.0646,0.1295,0.085
1276,37.6148,301,2.6,0.410,0.2360,48,0.033,0.46,-0.89,0.0655,0.1356,0.066
1277,28.0343,300,2.5,0.430,0.2219,49,0.032,0.46,-0.86,0.0678,0.1244,0.085
1278,39.8369,303,2.5,0.340,0.2096,45,0.035,0.47,-0.99,0.0663,0.1221,0.072
1279,25.5278,313,2.4,0.480,0.2073,44,0.036,0.48,-0.78,0.0705,0.1086,0.070
1280,39.8352,328,2.5,0.330,0.2267,42,0.037,0.50,-1.00,0.0682,0.1118,0.106
1281,29.8683,297,2.7,0.500,0.2331,45,0.035,0.46,-0.75,0.0690,0.1134,0.111
1282,27.0694,294,2.6,0.290,0.2332,47,0.033,0.45,-1.06,0.0659,0.1095,0.123
1283,26.2359,257,2.6,0.500,0.2460,43,0.036,0.39,-0.75,0.0673,0.1447,0.078
1284,44.7645,374,2.6,0.310,0.2500,44,0.036,0.57,-1.03,0.0670,0.1460,0.094
1285,28.9229,313,2.6,0.510,0.2368,47,0.033,0.48,-0.73,0.0677,0.1310,0.125
1286,42.3397,321,2.5,0.350,0.2378,50,0.031,0.49,-0.98,0.0672,0.1281,0.094
1287,27.9620,280,2.5,0.500,0.2362,46,0.034,0.43,-0.75,0.0695,0.1363,0.088
1288,29.5742,301,2.6,0.310,0.2283,46,0.034,0.46,-1.03,0.0633,0.1321,0.061
1289,22.6615,238,2.6,0.520,0.2410,47,0.033,0.37,-0.72,0.0657,0.1416,0.078
1290,35.2754,314,2.5,0.370,0.2329,45,0.035,0.48,-0.95,0.0687,0.1340,0.101
1291,31.1570,290,2.5,0.370,0.2152,43,0.036,0.45,-0.95,0.0663,0.1361,0.060
1292,37.2434,300,2.5,0.400,0.2138,45,0.035,0.46,-0.90,0.0677,0.1363,0.062
1293,31.3897,381,2.7,0.390,0.2019,44,0.036,0.59,-0.92,0.0699,0.1173,0.104
1294,37.0091,324,2.5,0.350,0.2310,43,0.036,0.50,-0.98,0.0652,0.1248,0.118
1295,44.3066,312,2.6,0.390,0.2236,42,0.037,0.48,-0.92,0.0654,0.1329,0.106
1296,33.5585,346,2.7,0.380,0.2224,43,0.036,0.53,-0.93,0.0687,0.1217,0.047
1297,30.5124,222,2.7,0.440,0.2271,44,0.036,0.34,-0.84,0.0624,0.1152,0.078
1298,46.5930,366,2.6,0.310,0.2229,43,0.036,0.56,-1.03,0.0670,0.1242,0.081
1299,24.3083,260,2.6,0.430,0.2257,49,0.032,0.40,-0.86,0.0670,0.1338,0.034
1300,20.1990,250,2.7,0.370,0.2430,48,0.033,0.38,-0.95,0.0689,0.1372,0.016
1301,41.8493,331,2.6,0.440,0.2333,47,0.033,0.51,-0.84,0.0682,0.1350,0.045
1302,36.0100,367,2.5,0.310,0.2328,42,0.037,0.56,-1.03,0.0661,0.1350,0.062
1303,30.2287,294,2.6,0.430,0.2213,47,0.033,0.45,-0.86,0.0635,0.1206,0.063
1304,20.6638,214,2.8,0.380,0.2161,43,0.036,0.33,-0.93,0.0630,0.1184,0.097
1305,28.1540,243,2.6,0.510,0.2224,46,0.034,0.37,-0.73,0.0660,0.1245,0.116
1306,41.2669,339,2.5,0.280,0.2092,44,0.036,0.52,-1.08,0.0654,0.1342,0.116
1307,46.2651,337,2.5,0.460,0.2026,45,0.035,0.52,-0.81,0.0693,0.1115,0.156
1308,35.1866,311,2.6,0.430,0.2024,47,0.033,0.48,-0.86,0.0651,0.1113,0.111
1309,25.9993,271,2.6,0.430,0.2081,43,0.036,0.42,-0.86,0.0661,0.1284,0.068
1310,29.6689,264,2.8,0.400,0.2211,45,0.035,0.40,-0.90,0.0672,0.1421,0.031
1311,31.8766,264,2.8,0.440,0.2339,40,0.039,0.41,-0.84,0.0651,0.1435,0.034
1312,36.7273,348,2.7,0.370,0.2388,43,0.036,0.54,-0.95,0.0667,0.1616,0.048
1313,37.9978,337,2.6,0.360,0.2388,45,0.035,0.52,-0.96,0.0689,0.1660,0.016
1314,35.7380,281,2.6,0.420,0.2277,46,0.034,0.43,-0.87,0.0693,0.1404,0.048
1315,31.0288,322,2.6,0.410,0.2202,50,0.031,0.49,-0.89,0.0674,0.1362,0.081
1316,41.9075,334,2.5,0.370,0.2249,44,0.036,0.51,-0.95,0.0658,0.1427,0.098
1317,30.5137,354,2.5,0.360,0.2325,45,0.035,0.54,-0.96,0.0689,0.1295,0.113
1318,16.3037,231,2.6,0.480,0.2301,41,0.038,0.36,-0.78,0.0658,0.1313,0.098
1319,34.6992,242,2.8,0.360,0.2338,46,0.034,0.37,-0.96,0.0660,0.1264,0.111
1320,28.4229,264,2.5,0.370,0.2238,46,0.034,0.41,-0.95,0.0643,0.1147,0.113
1321,36.9282,324,2.3,0.390,0.1993,46,0.034,0.50,-0.92,0.0665,0.1161,0.117
1322,34.5872,342,2.4,0.400,0.2116,46,0.034,0.53,-0.90,0.0698,0.1303,0.079
1323,41.5044,344,2.5,0.330,0.2212,43,0.036,0.53,-1.00,0.0634,0.1364,0.078
1324,38.2890,359,2.6,0.380,0.2324,45,0.035,0.55,-0.93,0.0684,0.1376,0.086
1325,36.5928,313,2.6,0.410,0.2318,44,0.036,0.48,-0.89,0.0658,0.1309,0.086
1326,40.5363,323,2.7,0.320,0.2341,48,0.033,0.50,-1.02,0.0673,0.1311,0.074
1327,31.1512,315,2.7,0.440,0.2500,42,0.037,0.48,-0.84,0.0653,0.1786,0.083
1328,46.8526,357,2.5,0.310,0.2418,44,0.036,0.55,-1.03,0.0642,0.1799,0.054
1329,47.3864,374,2.5,0.370,0.2472,46,0.034,0.57,-0.95,0.0697,0.1449,0.091
1330,37.4102,329,2.7,0.400,0.2305,48,0.033,0.51,-0.90,0.0662,0.1322,0.082
1331,25.3852,297,2.8,0.410,0.2182,46,0.034,0.46,-0.89,0.0689,0.1326,0.074
1332,35.3747,254,2.7,0.410,0.2147,43,0.036,0.39,-0.89,0.0664,0.1420,0.056
1333,33.8263,272,2.6,0.440,0.2183,47,0.033,0.42,-0.84,0.0672,0.1410,0.047
1334,27.7715,300,2.5,0.380,0.2310,48,0.033,0.46,-0.93,0.0676,0.1410,0.063
1335,40.1627,300,2.5,0.370,0.2223,52,0.030,0.46,-0.95,0.0666,0.1327,0.095
1336,39.6066,360,2.5,0.320,0.2093,51,0.031,0.55,-1.02,0.0651,0.1265,0.119
1337,33.1887,306,2.5,0.510,0.2289,47,0.033,0.47,-0.73,0.0650,0.1495,0.062
1338,35.4064,322,2.7,0.350,0.2325,49,0.032,0.49,-0.98,0.0669,0.1338,0.072
1339,24.0807,319,2.7,0.480,0.2146,47,0.033,0.49,-0.78,0.0704,0.1117,0.086
1340,26.1185,290,2.6,0.340,0.2264,49,0.032,0.45,-0.99,0.0669,0.1303,0.071
1341,40.8865,355,2.4,0.420,0.2372,45,0.035,0.55,-0.87,0.0635,0.1258,0.061
1342,35.9004,353,2.6,0.340,0.2285,45,0.035,0.54,-0.99,0.0621,0.1028,0.102
1343,37.2802,321,2.6,0.400,0.2324,48,0.033,0.49,-0.90,0.0661,0.0824,0.140
1344,32.6753,339,2.6,0.390,0.2073,48,0.033,0.52,-0.92,0.0659,0.0959,0.098
1345,35.7829,344,2.6,0.340,0.2124,46,0.034,0.53,-0.99,0.0663,0.0987,0.083
1346,26.8854,301,2.7,0.320,0.2184,46,0.034,0.46,-1.02,0.0657,0.1045,0.107
1347,30.7179,274,2.8,0.380,0.2157,49,0.032,0.42,-0.93,0.0685,0.1172,0.083
1348,38.1535,266,2.6,0.380,0.2320,50,0.031,0.41,-0.93,0.0670,0.1475,0.062
1349,32.7941,338,2.6,0.390,0.2271,48,0.033,0.52,-0.92,0.0660,0.1501,0.050
1350,46.7316,319,2.4,0.330,0.2097,50,0.031,0.49,-1.00,0.0659,0.1288,0.055
1351,31.2831,312,2.4,0.380,0.2122,46,0.034,0.48,-0.93,0.0642,0.1336,0.061
1352,28.4439,283,2.5,0.340,0.2229,48,0.033,0.44,-0.99,0.0673,0.1199,0.094
1353,38.2587,321,2.6,0.400,0.2107,46,0.034,0.49,-0.90,0.0662,0.1135,0.113
1354,35.5616,316,2.6,0.380,0.2146,44,0.036,0.49,-0.93,0.0656,0.1237,0.098
1355,25.1259,249,2.6,0.370,0.2196,47,0.033,0.38,-0.95,0.0686,0.1245,0.068
1356,37.0652,297,2.5,0.460,0.2346,47,0.033,0.46,-0.81,0.0683,0.1385,0.077
1357,38.1012,352,2.7,0.390,0.2312,47,0.033,0.54,-0.92,0.0630,0.1409,0.058
1358,30.0696,301,2.6,0.340,0.2259,47,0.033,0.46,-0.99,0.0688,0.1277,0.072
1359,37.4586,312,2.5,0.450,0.2261,47,0.033,0.48,-0.83,0.0688,0.1496,0.043
1360,26.5202,304,2.7,0.340,0.2197,46,0.034,0.47,-0.99,0.0652,0.1362,0.044
1361,31.4983,297,2.7,0.350,0.2199,46,0.034,0.46,-0.98,0.0686,0.1157,0.068
1362,32.2824,283,2.6,0.380,0.2384,47,0.033,0.43,-0.93,0.0672,0.1302,0.071
1363,31.2457,284,2.5,0.390,0.2428,46,0.034,0.44,-0.92,0.0656,0.1225,0.075
1364,38.7926,323,2.6,0.440,0.2151,47,0.033,0.50,-0.84,0.0655,0.1129,0.092
1365,32.9974,304,2.6,0.350,0.2180,47,0.033,0.47,-0.98,0.0666,0.1265,0.079
1366,36.9873,337,2.3,0.490,0.2184,43,0.036,0.52,-0.77,0.0652,0.1146,0.058
1367,47.0753,351,2.5,0.300,0.2322,47,0.033,0.54,-1.05,0.0733,0.1156,0.061
1368,33.8194,310,2.5,0.460,0.2385,46,0.034,0.48,-0.81,0.0680,0.1328,0.017
1369,30.2370,313,2.5,0.370,0.2251,45,0.035,0.48,-0.95,0.0703,0.1295,0.048
1370,32.9894,337,2.5,0.340,0.2181,48,0.033,0.52,-0.99,0.0660,0.1175,0.107
1371,26.9874,265,2.6,0.380,0.2113,49,0.032,0.41,-0.93,0.0657,0.1122,0.119
1372,35.6102,300,2.5,0.390,0.2183,49,0.032,0.46,-0.92,0.0660,0.1057,0.131
1373,27.8713,299,2.5,0.410,0.2191,44,0.036,0.46,-0.89,0.0649,0.1199,0.103
1374,48.7389,387,2.5,0.340,0.2292,48,0.033,0.59,-0.99,0.0651,0.1388,0.066
1375,38.1040,348,2.5,0.430,0.2353,45,0.035,0.53,-0.86,0.0690,0.1422,0.045
1376,32.6471,284,2.7,0.360,0.2375,47,0.033,0.44,-0.96,0.0664,0.1334,0.065
1377,33.3975,298,2.6,0.420,0.2253,44,0.036,0.46,-0.87,0.0660,0.1241,0.094
1378,38.2401,310,2.6,0.370,0.2142,46,0.034,0.48,-0.95,0.0658,0.1350,0.094
1379,51.0089,353,2.5,0.430,0.2167,49,0.032,0.54,-0.86,0.0675,0.1504,0.097
1380,40.9404,364,2.5,0.430,0.2153,48,0.033,0.56,-0.86,0.0702,0.1183,0.081
1381,40.9730,290,2.5,0.400,0.2412,46,0.034,0.45,-0.90,0.0656,0.1386,0.091
1382,41.0647,326,2.7,0.360,0.2431,43,0.036,0.50,-0.96,0.0688,0.1416,0.071
1383,38.1286,355,2.7,0.310,0.2375,46,0.034,0.55,-1.03,0.0678,0.1299,0.049
1384,41.1945,338,2.5,0.400,0.2301,48,0.033,0.52,-0.90,0.0654,0.1118,0.092
1385,47.6608,332,2.5,0.350,0.2314,47,0.033,0.51,-0.98,0.0658,0.1225,0.106
1386,46.0766,373,2.5,0.430,0.2120,49,0.032,0.57,-0.86,0.0674,0.1043,0.117
1387,35.6738,366,2.6,0.330,0.2062,42,0.037,0.56,-1.00,0.0712,0.1027,0.085
1388,40.3556,306,2.5,0.420,0.2322,46,0.034,0.47,-0.87,0.0667,0.1039,0.109
1389,37.9753,344,2.6,0.380,0.2237,47,0.033,0.53,-0.93,0.0672,0.1227,0.062
1390,30.5019,309,2.7,0.380,0.2320,47,0.033,0.47,-0.93,0.0662,0.1443,0.015
1391,34.0726,310,2.7,0.390,0.2566,46,0.034,0.48,-0.92,0.0698,0.1487,0.016
1392,26.2357,282,2.5,0.480,0.2426,46,0.034,0.43,-0.78,0.0696,0.1232,0.047
1393,42.5761,316,2.5,0.340,0.2396,49,0.032,0.49,-0.99,0.0642,0.1215,0.048
1394,46.3625,358,2.4,0.430,0.2416,44,0.036,0.55,-0.86,0.0685,0.1378,0.045
1395,35.8203,325,2.5,0.380,0.2394,47,0.033,0.50,-0.93,0.0651,0.1249,0.072
1396,33.9714,303,2.8,0.400,0.2372,47,0.033,0.47,-0.90,0.0689,0.1047,0.098
1397,41.0392,358,2.7,0.380,0.2452,42,0.037,0.55,-0.93,0.0685,0.1113,0.097
1398,25.2504,290,2.6,0.420,0.2268,41,0.038,0.45,-0.87,0.0664,0.1106,0.088
1399,40.3665,310,2.5,0.350,0.2164,46,0.034,0.48,-0.98,0.0663,0.1093,0.090
1400,38.2213,315,2.5,0.440,0.2280,47,0.033,0.48,-0.84,0.0657,0.1282,0.100
1401,36.9339,343,2.5,0.360,0.2314,46,0.034,0.53,-0.96,0.0683,0.1298,0.086
1402,28.5097,311,2.6,0.430,0.2255,44,0.036,0.48,-0.86,0.0649,0.1272,0.059
1403,29.4447,275,2.7,0.350,0.2240,45,0.035,0.42,-0.98,0.0649,0.1426,0.077
1404,30.9387,331,2.6,0.400,0.2274,47,0.033,0.51,-0.90,0.0684,0.1372,0.077
1405,45.5367,334,2.6,0.340,0.2289,49,0.032,0.51,-0.99,0.0682,0.1240,0.079
1406,31.4706,334,2.6,0.420,0.2319,48,0.033,0.51,-0.87,0.0689,0.1239,0.032
1407,45.2397,309,2.4,0.420,0.2374,48,0.033,0.48,-0.87,0.0646,0.1253,0.045
1408,40.7120,354,2.3,0.360,0.2301,49,0.032,0.54,-0.96,0.0671,0.1283,0.066
1409,39.8180,379,2.4,0.330,0.2313,49,0.032,0.58,-1.00,0.0682,0.1183,0.077
1410,38.1234,317,2.5,0.360,0.2356,45,0.035,0.49,-0.96,0.0693,0.1085,0.135
1411,31.7516,296,2.5,0.390,0.2553,47,0.033,0.46,-0.92,0.0651,0.1358,0.113
1412,30.5691,316,2.5,0.370,0.2421,46,0.034,0.49,-0.95,0.0705,0.1288,0.058
1413,41.3937,323,2.5,0.390,0.2431,45,0.035,0.50,-0.92,0.0663,0.1189,0.049
1414,42.2160,353,2.5,0.440,0.2356,46,0.034,0.54,-0.84,0.0687,0.1485,0.085
1415,40.3383,339,2.5,0.350,0.2187,46,0.034,0.52,-0.98,0.0667,0.1468,0.074
1416,37.8517,357,2.6,0.430,0.1985,45,0.035,0.55,-0.86,0.0687,0.1291,0.059
1417,44.4811,373,2.7,0.360,0.1989,47,0.033,0.57,-0.96,0.0670,0.1190,0.081
1418,27.8709,310,2.8,0.480,0.2085,47,0.033,0.48,-0.78,0.0660,0.1293,0.094
1419,26.1471,249,2.8,0.410,0.2281,46,0.034,0.38,-0.89,0.0686,0.1253,0.074
1420,36.6300,288,2.5,0.380,0.2225,46,0.034,0.44,-0.93,0.0704,0.1286,0.044
1421,34.8352,325,2.5,0.460,0.2068,45,0.035,0.50,-0.81,0.0659,0.1175,0.055
1422,37.7828,356,2.5,0.280,0.2210,47,0.033,0.55,-1.08,0.0664,0.1157,0.062
1423,35.0555,362,2.5,0.460,0.2051,47,0.033,0.56,-0.81,0.0666,0.1006,0.116
1424,46.1882,358,2.5,0.320,0.2114,45,0.035,0.55,-1.02,0.0642,0.1031,0.111
1425,35.7924,357,2.7,0.390,0.2250,47,0.033,0.55,-0.92,0.0644,0.1164,0.069
1426,39.9871,352,2.7,0.390,0.2409,48,0.033,0.54,-0.92,0.0669,0.1334,0.033
1427,37.1228,325,2.4,0.430,0.2244,48,0.033,0.50,-0.86,0.0665,0.1229,0.049
1428,39.8898,349,2.5,0.340,0.2236,45,0.035,0.54,-0.99,0.0664,0.1305,0.035
1429,48.9568,406,2.5,0.380,0.2245,46,0.034,0.62,-0.93,0.0667,0.1315,0.048
1430,51.2509,395,2.5,0.330,0.2063,44,0.036,0.61,-1.00,0.0658,0.1283,0.103
1431,28.7889,305,2.6,0.340,0.2193,49,0.032,0.47,-0.99,0.0647,0.1239,0.077
1432,26.5513,310,2.7,0.380,0.2059,43,0.036,0.48,-0.93,0.0668,0.1154,0.064
1433,26.9177,272,2.7,0.370,0.2171,48,0.033,0.42,-0.95,0.0669,0.1146,0.038
1434,25.4071,278,2.8,0.500,0.2272,50,0.031,0.43,-0.75,0.0681,0.1098,0.108
1435,31.5019,289,2.5,0.280,0.2211,45,0.035,0.44,-1.08,0.0658,0.1300,0.109
1436,45.1097,321,2.5,0.460,0.2441,49,0.032,0.49,-0.81,0.0662,0.1385,0.085
1437,40.7848,353,2.4,0.320,0.2497,46,0.034,0.54,-1.02,0.0670,0.1222,0.098
1438,48.1414,390,2.3,0.360,0.2558,48,0.033,0.60,-0.96,0.0632,0.1044,0.078
1439,41.5803,345,2.5,0.340,0.2249,44,0.036,0.53,-0.99,0.0710,0.1144,0.019
1440,40.0863,330,2.5,0.380,0.2281,46,0.034,0.51,-0.93,0.0706,0.1127,0.034
1441,39.3121,307,2.5,0.340,0.2412,48,0.033,0.47,-0.99,0.0657,0.1097,0.034
1442,37.5937,330,2.5,0.400,0.2269,48,0.033,0.51,-0.90,0.0644,0.1147,0.034
1443,38.9100,354,2.5,0.410,0.2290,44,0.036,0.54,-0.89,0.0656,0.1250,0.045
1444,37.4399,353,2.5,0.330,0.2286,42,0.037,0.54,-1.00,0.0691,0.1261,0.048
1445,45.5583,308,2.5,0.340,0.2234,43,0.036,0.47,-0.99,0.0662,0.1039,0.055
1446,28.7197,332,2.9,0.360,0.2327,45,0.035,0.51,-0.96,0.0694,0.1016,0.111
1447,30.3372,278,2.8,0.430,0.2317,50,0.031,0.43,-0.86,0.0720,0.1226,0.086
1448,35.5000,324,2.7,0.350,0.2362,48,0.033,0.50,-0.98,0.0700,0.1324,0.033
1449,35.8267,332,2.6,0.390,0.2078,45,0.035,0.51,-0.92,0.0691,0.1193,0.079
1450,49.3980,320,2.6,0.330,0.2185,47,0.033,0.49,-1.00,0.0655,0.1042,0.129
1451,30.5490,315,2.6,0.420,0.2186,46,0.034,0.48,-0.87,0.0658,0.1098,0.115
1452,43.7036,314,2.6,0.340,0.2149,46,0.034,0.48,-0.99,0.0684,0.1312,0.088
1453,29.3942,348,2.6,0.480,0.2337,45,0.035,0.54,-0.78,0.0670,0.1378,0.048
1454,19.6234,252,2.7,0.360,0.2363,44,0.036,0.39,-0.96,0.0706,0.1303,0.031
1455,32.7735,300,2.7,0.440,0.2299,43,0.036,0.46,-0.84,0.0704,0.1160,0.043
1456,36.7353,301,2.6,0.400,0.2089,44,0.036,0.46,-0.90,0.0658,0.1046,0.100
1457,44.1082,339,2.4,0.430,0.2191,48,0.033,0.52,-0.86,0.0695,0.1059,0.104
1458,45.1728,367,2.3,0.380,0.2274,44,0.036,0.56,-0.93,0.0655,0.1018,0.058
1459,40.4608,323,2.4,0.400,0.2206,41,0.038,0.50,-0.90,0.0668,0.1178,0.065
1460,36.7256,339,2.6,0.350,0.2274,45,0.035,0.52,-0.98,0.0695,0.1274,0.071
1461,33.2804,335,2.7,0.350,0.2396,47,0.033,0.51,-0.98,0.0666,0.1243,0.088
1462,40.2198,336,2.8,0.340,0.2378,44,0.036,0.52,-0.99,0.0647,0.1374,0.107
1463,44.3881,343,2.7,0.380,0.2452,45,0.035,0.53,-0.93,0.0642,0.1428,0.069
1464,39.8106,379,2.4,0.410,0.2383,44,0.036,0.58,-0.89,0.0635,0.1130,0.075
1465,49.5303,374,2.5,0.360,0.2276,46,0.034,0.58,-0.96,0.0670,0.0978,0.079
1466,51.7399,368,2.5,0.320,0.2286,47,0.033,0.57,-1.02,0.0711,0.1089,0.085
1467,39.9579,338,2.6,0.430,0.2302,47,0.033,0.52,-0.86,0.0665,0.1074,0.065
1468,37.2556,345,2.7,0.350,0.2362,48,0.033,0.53,-0.98,0.0663,0.1208,0.085
1469,46.6892,335,2.6,0.360,0.2372,48,0.033,0.52,-0.96,0.0676,0.1241,0.098
1470,38.3279,330,2.5,0.390,0.2285,49,0.032,0.51,-0.92,0.0664,0.1456,0.035
1471,33.8688,301,2.5,0.410,0.2265,48,0.033,0.46,-0.89,0.0687,0.1470,0.015
1472,42.8191,333,2.5,0.320,0.2216,45,0.035,0.51,-1.02,0.0678,0.1382,0.032
1473,27.4082,302,2.6,0.460,0.2161,46,0.034,0.46,-0.81,0.0683,0.1265,0.046
1474,35.3516,299,2.7,0.330,0.2171,45,0.035,0.46,-1.00,0.0698,0.1169,0.078
1475,38.1879,330,2.7,0.410,0.2248,48,0.033,0.51,-0.89,0.0715,0.1193,0.113
1476,39.1441,324,2.6,0.390,0.2284,44,0.036,0.50,-0.92,0.0684,0.1280,0.129
1477,36.8325,291,2.7,0.410,0.2328,48,0.033,0.45,-0.89,0.0696,0.1249,0.127
1478,39.0373,286,2.6,0.410,0.2311,47,0.033,0.44,-0.89,0.0660,0.1231,0.048
1479,39.8155,328,2.5,0.390,0.2338,47,0.033,0.50,-0.92,0.0687,0.1404,0.032
1480,46.8514,382,2.4,0.440,0.2189,46,0.034,0.59,-0.84,0.0652,0.1417,0.061
1481,36.5306,349,2.5,0.330,0.2203,46,0.034,0.54,-1.00,0.0686,0.1227,0.127
1482,30.9489,303,2.7,0.390,0.2363,47,0.033,0.47,-0.92,0.0645,0.1308,0.138
1483,31.2842,294,2.8,0.410,0.2490,41,0.038,0.45,-0.89,0.0700,0.1464,0.103
1484,39.2744,337,2.6,0.360,0.2356,44,0.036,0.52,-0.96,0.0638,0.1343,0.097
1485,42.8988,352,2.6,0.390,0.2052,50,0.031,0.54,-0.92,0.0666,0.1268,0.076
1486,43.7727,366,2.5,0.380,0.2065,44,0.036,0.56,-0.93,0.0670,0.1209,0.094
1487,33.4345,314,2.5,0.390,0.2121,44,0.036,0.48,-0.92,0.0671,0.1227,0.078
1488,40.5396,324,2.6,0.370,0.2305,42,0.037,0.50,-0.95,0.0664,0.1344,0.033
1489,30.2681,286,2.7,0.460,0.2228,48,0.033,0.44,-0.81,0.0686,0.1274,0.059
1490,41.0630,341,2.8,0.390,0.2515,46,0.034,0.52,-0.92,0.0687,0.1149,0.129
1491,33.8885,319,2.7,0.400,0.2488,42,0.037,0.49,-0.90,0.0678,0.1139,0.132
1492,44.2997,386,2.6,0.400,0.2476,46,0.034,0.59,-0.90,0.0710,0.1172,0.062
1493,49.8984,401,2.6,0.340,0.2285,46,0.034,0.62,-0.99,0.0648,0.1023,0.051
1494,41.0205,348,2.5,0.440,0.2218,48,0.033,0.53,-0.84,0.0656,0.1142,0.050
1495,46.5407,374,2.5,0.320,0.2280,49,0.032,0.57,-1.02,0.0664,0.1260,0.065
1496,26.3004,318,2.7,0.450,0.2383,49,0.032,0.49,-0.83,0.0713,0.1698,0.065
1497,35.5418,309,2.7,0.370,0.2374,47,0.033,0.47,-0.95,0.0656,0.1660,0.095
1498,30.5571,262,2.7,0.350,0.2324,44,0.036,0.40,-0.98,0.0678,0.1408,0.123
1499,42.2929,340,2.5,0.410,0.2167,42,0.037,0.52,-0.89,0.0703,0.1386,0.049
1500,36.5425,333,2.5,0.380,0.2075,42,0.037,0.51,-0.93,0.0671,0.1127,0.125
1501,43.6068,348,2.5,0.390,0.2179,47,0.033,0.53,-0.92,0.0653,0.1056,0.101
1502,33.4269,352,2.6,0.400,0.2147,45,0.035,0.54,-0.90,0.0653,0.0971,0.044
1503,33.3040,344,2.6,0.390,0.2314,42,0.037,0.53,-0.92,0.0657,0.1188,0.044
1504,46.3574,362,2.7,0.380,0.2277,45,0.035,0.56,-0.93,0.0685,0.1296,0.045
1505,40.0795,340,2.6,0.370,0.2264,47,0.033,0.52,-0.95,0.0700,0.1306,0.045
1506,46.7220,370,2.6,0.320,0.2333,48,0.033,0.57,-1.02,0.0664,0.1552,0.016
1507,29.4693,273,2.6,0.380,0.2301,46,0.034,0.42,-0.93,0.0672,0.1348,0.033
1508,28.9254,286,2.6,0.350,0.2446,46,0.034,0.44,-0.98,0.0670,0.1237,0.018
1509,47.1192,418,2.5,0.410,0.2334,44,0.036,0.64,-0.89,0.0704,0.1274,0.031
1510,47.1102,369,2.6,0.300,0.2263,45,0.035,0.57,-1.05,0.0664,0.1304,0.032
1511,23.7334,339,2.6,0.530,0.2323,48,0.033,0.52,-0.70,0.0691,0.1401,0.029
1512,33.7554,315,2.6,0.270,0.2252,46,0.034,0.48,-1.09,0.0645,0.1311,0.082
1513,32.2021,293,2.6,0.480,0.2266,45,0.035,0.45,-0.78,0.0650,0.1184,0.100
1514,53.2925,364,2.5,0.280,0.2275,46,0.034,0.56,-1.08,0.0690,0.1189,0.082
1515,34.6658,344,2.5,0.510,0.2125,48,0.033,0.53,-0.73,0.0645,0.1168,0.158
1516,47.1192,394,2.5,0.250,0.2189,47,0.033,0.61,-1.12,0.0645,0.1214,0.129
1517,35.2760,331,2.5,0.490,0.2283,43,0.036,0.51,-0.77,0.0662,0.1271,0.077
1518,49.7825,386,2.7,0.280,0.2237,44,0.036,0.59,-1.08,0.0657,0.1143,0.092
1519,46.2632,354,2.6,0.410,0.2330,45,0.035,0.54,-0.89,0.0673,0.1058,0.133
1520,40.0402,302,2.7,0.350,0.2367,47,0.033,0.46,-0.98,0.0669,0.1172,0.117
1521,41.5601,327,2.5,0.430,0.2324,45,0.035,0.50,-0.86,0.0713,0.1321,0.077
1522,47.3947,377,2.5,0.290,0.2426,48,0.033,0.58,-1.06,0.0609,0.1324,0.067
1523,32.6613,352,2.7,0.410,0.2317,47,0.033,0.54,-0.89,0.0675,0.1065,0.102
1524,43.5244,337,2.6,0.370,0.2254,45,0.035,0.52,-0.95,0.0682,0.1032,0.091
1525,43.0344,369,2.6,0.410,0.2316,41,0.038,0.57,-0.89,0.0688,0.1197,0.109
1526,28.1069,309,2.6,0.370,0.2392,45,0.035,0.47,-0.95,0.0644,0.1148,0.077
1527,36.2631,268,2.6,0.380,0.2437,46,0.034,0.41,-0.93,0.0641,0.1196,0.063
1528,45.7656,384,2.6,0.370,0.2407,45,0.035,0.59,-0.95,0.0643,0.1377,0.092
1529,41.5617,361,2.5,0.350,0.2250,49,0.032,0.56,-0.98,0.0689,0.1274,0.062
1530,37.9914,337,2.4,0.480,0.2213,52,0.030,0.52,-0.78,0.0677,0.1177,0.057
1531,39.0215,315,2.5,0.270,0.2186,45,0.035,0.48,-1.09,0.0657,0.1155,0.033
1532,39.1500,384,2.7,0.380,0.2278,46,0.034,0.59,-0.93,0.0694,0.1149,0.051
1533,29.2909,310,2.7,0.360,0.2300,45,0.035,0.48,-0.96,0.0706,0.1231,0.066
1534,27.6779,269,2.8,0.390,0.2254,46,0.034,0.41,-0.92,0.0670,0.1338,0.034
1535,41.7279,367,2.6,0.340,0.2287,45,0.035,0.56,-0.99,0.0699,0.1545,0.034
1536,44.4766,363,2.5,0.330,0.2222,45,0.035,0.56,-1.00,0.0666,0.1395,0.068
1537,59.6137,403,2.5,0.380,0.2367,44,0.036,0.62,-0.93,0.0687,0.1337,0.053
1538,41.1168,339,2.6,0.390,0.2414,44,0.036,0.52,-0.92,0.0684,0.1375,0.062
1539,25.6376,332,2.6,0.370,0.2438,47,0.033,0.51,-0.95,0.0685,0.1279,0.077
1540,37.5925,338,2.5,0.370,0.2287,48,0.033,0.52,-0.95,0.0695,0.1179,0.048
1541,44.5134,315,2.6,0.330,0.2417,44,0.036,0.48,-1.00,0.0688,0.1256,0.034
1542,28.2155,304,2.6,0.500,0.2328,47,0.033,0.47,-0.75,0.0649,0.1228,0.061
1543,39.2698,313,2.5,0.340,0.2318,50,0.031,0.48,-0.99,0.0608,0.1097,0.100
1544,38.7677,312,2.5,0.400,0.2319,52,0.030,0.48,-0.90,0.0633,0.1094,0.075
1545,50.8926,410,2.5,0.350,0.2212,50,0.031,0.63,-0.98,0.0732,0.1262,0.062
1546,38.0516,369,2.6,0.470,0.2330,45,0.035,0.57,-0.80,0.0688,0.1223,0.111
1547,20.1478,272,2.7,0.350,0.2255,47,0.033,0.42,-0.98,0.0662,0.1089,0.092
1548,35.1372,294,2.6,0.480,0.2389,46,0.034,0.45,-0.78,0.0641,0.1422,0.069
1549,55.1533,395,2.6,0.290,0.2389,43,0.036,0.61,-1.06,0.0687,0.1597,0.036
1550,41.3467,369,2.6,0.400,0.2585,44,0.036,0.57,-0.90,0.0631,0.1410,0.036
1551,50.2934,366,2.5,0.350,0.2620,48,0.033,0.56,-0.98,0.0639,0.1271,0.082
1552,41.6307,382,2.5,0.360,0.2365,43,0.036,0.59,-0.96,0.0705,0.1186,0.089
1553,47.9327,348,2.6,0.420,0.2310,47,0.033,0.53,-0.87,0.0679,0.1333,0.097
1554,38.7397,350,2.7,0.350,0.2140,48,0.033,0.54,-0.98,0.0691,0.1357,0.077
1555,38.4470,317,2.6,0.460,0.2135,48,0.033,0.49,-0.81,0.0658,0.1171,0.083
1556,44.4888,361,2.5,0.320,0.2291,48,0.033,0.55,-1.02,0.0698,0.1389,0.082
1557,33.0888,344,2.5,0.400,0.2185,47,0.033,0.53,-0.90,0.0705,0.1292,0.058
1558,45.4306,380,2.5,0.350,0.2160,48,0.033,0.58,-0.98,0.0653,0.1061,0.104
1559,47.5542,316,2.6,0.400,0.2114,47,0.033,0.49,-0.90,0.0637,0.1019,0.116
1560,33.6113,378,2.7,0.330,0.2288,47,0.033,0.58,-1.00,0.0706,0.1041,0.106
1561,29.6372,304,2.7,0.370,0.2212,43,0.036,0.47,-0.95,0.0689,0.1061,0.089
1562,36.4773,334,2.7,0.410,0.2406,47,0.033,0.51,-0.89,0.0653,0.1386,0.052
1563,34.5995,302,2.6,0.330,0.2497,45,0.035,0.46,-1.00,0.0679,0.1459,0.089
1564,37.6282,356,2.4,0.440,0.2550,46,0.034,0.55,-0.84,0.0706,0.1322,0.102
1565,36.2894,358,2.5,0.260,0.2428,47,0.033,0.55,-1.11,0.0676,0.1431,0.053
1566,35.9168,346,2.6,0.450,0.2357,46,0.034,0.53,-0.83,0.0718,0.1362,0.094
1567,34.3784,300,2.6,0.280,0.2334,46,0.034,0.46,-1.08,0.0722,0.1372,0.077
1568,28.7394,284,2.6,0.420,0.2476,45,0.035,0.44,-0.87,0.0666,0.1582,0.015
1569,34.5292,306,2.7,0.350,0.2392,46,0.034,0.47,-0.98,0.0669,0.1569,0.045
1570,31.4872,311,2.6,0.420,0.2384,49,0.032,0.48,-0.87,0.0674,0.1571,0.060
1571,38.9469,298,2.5,0.420,0.2618,44,0.036,0.46,-0.87,0.0697,0.1703,0.059
1572,45.4752,332,2.5,0.380,0.2576,47,0.033,0.51,-0.93,0.0652,0.1466,0.078
1573,34.5705,350,2.5,0.340,0.2411,48,0.033,0.54,-0.99,0.0684,0.1172,0.111
1574,31.4947,345,2.5,0.430,0.2371,50,0.031,0.53,-0.86,0.0641,0.1244,0.108
1575,38.2829,329,2.6,0.380,0.2356,46,0.034,0.51,-0.93,0.0692,0.1342,0.077
1576,34.4228,320,2.6,0.330,0.2428,47,0.033,0.49,-1.00,0.0691,0.1292,0.066
1577,36.9651,325,2.6,0.320,0.2458,47,0.033,0.50,-1.02,0.0681,0.1190,0.054
1578,43.8174,363,2.5,0.380,0.2438,48,0.033,0.56,-0.93,0.0690,0.1218,0.103
1579,38.1893,341,2.5,0.290,0.2426,43,0.036,0.52,-1.06,0.0653,0.1384,0.113
1580,43.5264,354,2.7,0.390,0.2282,48,0.033,0.54,-0.92,0.0684,0.1183,0.077
1581,33.1015,375,2.5,0.360,0.2230,49,0.032,0.58,-0.96,0.0694,0.1144,0.093
1582,36.5475,332,2.5,0.440,0.2354,50,0.031,0.51,-0.84,0.0653,0.1186,0.109
1583,42.1688,358,2.6,0.310,0.2473,47,0.033,0.55,-1.03,0.0672,0.1325,0.083
1584,33.4464,337,2.6,0.430,0.2218,48,0.033,0.52,-0.86,0.0654,0.1123,0.053
1585,38.1371,319,2.5,0.340,0.2385,51,0.031,0.49,-0.99,0.0672,0.0996,0.066
1586,34.0133,342,2.5,0.390,0.2401,47,0.033,0.53,-0.92,0.0623,0.1277,0.053
1587,30.3678,270,2.7,0.370,0.2302,50,0.031,0.41,-0.95,0.0692,0.1129,0.082
1588,40.2679,319,2.4,0.410,0.2314,47,0.033,0.49,-0.89,0.0671,0.0977,0.113
1589,41.0969,354,2.4,0.260,0.2299,45,0.035,0.54,-1.11,0.0712,0.1054,0.113
1590,36.7453,339,2.6,0.350,0.2295,46,0.034,0.52,-0.98,0.0668,0.1146,0.143
1591,46.1166,343,2.6,0.340,0.2394,45,0.035,0.53,-0.99,0.0686,0.1302,0.163
1592,39.6679,356,2.6,0.280,0.2404,45,0.035,0.55,-1.08,0.0701,0.1240,0.149
1593,28.0785,324,2.5,0.450,0.2356,45,0.035,0.50,-0.83,0.0655,0.1366,0.086
1594,31.8283,301,2.4,0.340,0.2266,42,0.037,0.46,-0.99,0.0674,0.1211,0.065
1595,42.5748,361,2.6,0.390,0.2224,48,0.033,0.55,-0.92,0.0650,0.1192,0.065
1596,40.2177,354,2.6,0.330,0.2349,44,0.036,0.54,-1.00,0.0676,0.1159,0.127
1597,36.7725,345,2.7,0.350,0.2457,50,0.031,0.53,-0.98,0.0660,0.1193,0.121
1598,43.9097,366,2.6,0.390,0.2381,49,0.032,0.56,-0.92,0.0660,0.1229,0.052
1599,36.5701,301,2.5,0.320,0.2396,45,0.035,0.46,-1.02,0.0723,0.1008,0.071
1600,36.2303,299,2.4,0.390,0.2361,47,0.033,0.46,-0.92,0.0645,0.1130,0.068
1601,45.2473,347,2.4,0.310,0.2321,47,0.033,0.53,-1.03,0.0623,0.1142,0.115
1602,42.7967,361,2.5,0.440,0.2371,48,0.033,0.55,-0.84,0.0682,0.1132,0.117
1603,51.3873,379,2.6,0.270,0.2426,47,0.033,0.58,-1.09,0.0666,0.1196,0.086
1604,39.2626,366,2.5,0.390,0.2472,44,0.036,0.56,-0.92,0.0662,0.1077,0.078
1605,36.9749,348,2.5,0.390,0.2446,46,0.034,0.54,-0.92,0.0686,0.1056,0.109
1606,37.1481,350,2.5,0.360,0.2334,48,0.033,0.54,-0.96,0.0682,0.1029,0.096
1607,28.1636,292,2.6,0.400,0.2410,46,0.034,0.45,-0.90,0.0682,0.1216,0.055
1608,39.0189,324,2.5,0.340,0.2385,44,0.036,0.50,-0.99,0.0689,0.1249,0.049
1609,33.1234,287,2.5,0.420,0.2346,47,0.033,0.44,-0.87,0.0695,0.1240,0.098
1610,54.4283,367,2.5,0.360,0.2258,44,0.036,0.56,-0.96,0.0649,0.1301,0.108
1611,30.0570,343,2.6,0.450,0.2343,48,0.033,0.53,-0.83,0.0676,0.1471,0.068
1612,39.7791,301,2.6,0.290,0.2442,49,0.032,0.46,-1.06,0.0684,0.1451,0.088
1613,23.9371,299,2.6,0.440,0.2592,47,0.033,0.46,-0.84,0.0681,0.1416,0.061
1614,37.7690,314,2.6,0.310,0.2539,47,0.033,0.48,-1.03,0.0662,0.1426,0.044
1615,45.4576,356,2.4,0.290,0.2410,48,0.033,0.55,-1.06,0.0674,0.1484,0.054
1616,42.5233,355,2.4,0.400,0.2358,48,0.033,0.55,-0.90,0.0661,0.1321,0.083
1617,47.8709,405,2.4,0.320,0.2107,48,0.033,0.62,-1.02,0.0636,0.1079,0.098
1618,43.7564,376,2.5,0.390,0.2337,45,0.035,0.58,-0.92,0.0692,0.0970,0.113
1619,47.3210,364,2.6,0.320,0.2366,45,0.035,0.56,-1.02,0.0672,0.0998,0.117
1620,26.3044,339,2.6,0.400,0.2321,45,0.035,0.52,-0.90,0.0684,0.1047,0.098
1621,30.0250,287,2.5,0.350,0.2374,44,0.036,0.44,-0.98,0.0685,0.1053,0.115
1622,52.5259,369,2.5,0.470,0.2347,44,0.036,0.57,-0.80,0.0645,0.1322,0.103
1623,37.4388,336,2.4,0.340,0.2256,44,0.036,0.52,-0.99,0.0666,0.1235,0.113
1624,33.0532,309,2.4,0.360,0.2390,40,0.039,0.47,-0.96,0.0662,0.0935,0.169
1625,26.4736,316,2.8,0.450,0.2377,51,0.031,0.49,-0.83,0.0663,0.0916,0.139
1626,34.8973,293,2.8,0.330,0.2265,47,0.033,0.45,-1.00,0.0653,0.0944,0.127
1627,33.9218,317,2.6,0.410,0.2321,49,0.032,0.49,-0.89,0.0662,0.1154,0.121
1628,43.6858,364,2.5,0.350,0.2323,48,0.033,0.56,-0.98,0.0667,0.1285,0.075
1629,38.9790,328,2.5,0.390,0.2263,46,0.034,0.50,-0.92,0.0679,0.1114,0.091
1630,48.6118,355,2.4,0.420,0.2085,45,0.035,0.55,-0.87,0.0632,0.1077,0.071
1631,41.8685,357,2.4,0.370,0.2137,42,0.037,0.55,-0.95,0.0654,0.1131,0.058
1632,36.2857,319,2.5,0.400,0.2333,45,0.035,0.49,-0.90,0.0693,0.1100,0.076
1633,45.0924,365,2.5,0.320,0.2649,47,0.033,0.56,-1.02,0.0670,0.1264,0.090
1634,46.3794,371,2.5,0.340,0.2676,46,0.034,0.57,-0.99,0.0678,0.1298,0.062
1635,35.6117,309,2.5,0.390,0.2572,43,0.036,0.48,-0.92,0.0685,0.1312,0.086
1636,47.9492,340,2.4,0.350,0.2381,46,0.034,0.52,-0.98,0.0668,0.1245,0.089
1637,44.1643,360,2.5,0.350,0.2261,43,0.036,0.55,-0.98,0.0664,0.1069,0.136
1638,41.8440,368,2.6,0.370,0.2121,44,0.036,0.56,-0.95,0.0677,0.1227,0.136
1639,34.1206,299,2.6,0.350,0.2197,45,0.035,0.46,-0.98,0.0675,0.1195,0.131
1640,36.0484,299,2.7,0.380,0.2315,49,0.032,0.46,-0.93,0.0689,0.1138,0.148
1641,34.0239,310,2.7,0.370,0.2299,48,0.033,0.48,-0.95,0.0655,0.1227,0.148
1642,35.3368,276,2.7,0.400,0.2367,48,0.033,0.42,-0.90,0.0664,0.0971,0.183
1643,39.3569,351,2.5,0.320,0.2175,49,0.032,0.54,-1.02,0.0652,0.0744,0.186
1644,47.0449,391,2.5,0.360,0.2310,50,0.031,0.60,-0.96,0.0714,0.0988,0.161
1645,45.4448,376,2.5,0.330,0.2279,49,0.032,0.58,-1.00,0.0698,0.1126,0.125
1646,48.3539,334,2.4,0.420,0.2393,51,0.031,0.51,-0.87,0.0675,0.1081,0.068
1647,37.9229,387,2.5,0.380,0.2541,42,0.037,0.60,-0.93,0.0658,0.1109,0.032
1648,32.3465,321,2.6,0.340,0.2433,50,0.031,0.49,-0.99,0.0704,0.1262,0.079
1649,38.5649,301,2.6,0.400,0.2400,49,0.032,0.46,-0.90,0.0681,0.1404,0.063
1650,44.8918,377,2.4,0.320,0.2349,47,0.033,0.58,-1.02,0.0677,0.1214,0.067
1651,41.9038,382,2.4,0.370,0.2299,45,0.035,0.59,-0.95,0.0662,0.1134,0.085
1652,32.6697,359,2.6,0.370,0.2414,41,0.038,0.55,-0.95,0.0669,0.1255,0.048
1653,43.7122,356,2.6,0.320,0.2313,44,0.036,0.55,-1.02,0.0645,0.1431,0.034
1654,28.9641,284,2.7,0.400,0.2242,50,0.031,0.44,-0.90,0.0674,0.1335,0.045
1655,31.2708,270,2.8,0.400,0.2367,47,0.033,0.42,-0.90,0.0663,0.1439,0.015
1656,32.7176,339,2.7,0.380,0.2433,49,0.032,0.52,-0.93,0.0692,0.1561,0.015
1657,37.6561,351,2.5,0.360,0.2489,47,0.033,0.54,-0.96,0.0678,0.1393,0.046
1658,41.9183,330,2.5,0.430,0.2466,47,0.033,0.51,-0.86,0.0718,0.1386,0.075
1659,42.2657,344,2.5,0.290,0.2240,45,0.035,0.53,-1.06,0.0637,0.1252,0.046
1660,41.8008,366,2.5,0.400,0.2427,47,0.033,0.56,-0.90,0.0683,0.1273,0.000
1661,42.3807,372,2.5,0.350,0.2603,47,0.033,0.57,-0.98,0.0693,0.1285,0.030
1662,41.4463,353,2.6,0.370,0.2520,47,0.033,0.54,-0.95,0.0679,0.1282,0.068
1663,27.2872,304,2.7,0.420,0.2437,46,0.034,0.47,-0.87,0.0694,0.1198,0.113
1664,36.6374,268,2.5,0.280,0.2561,46,0.034,0.41,-1.08,0.0684,0.1421,0.121
1665,35.4456,327,2.5,0.450,0.2311,43,0.036,0.50,-0.83,0.0658,0.1278,0.108
1666,51.7500,372,2.5,0.350,0.2199,49,0.032,0.57,-0.98,0.0687,0.1072,0.095
1667,41.2371,333,2.6,0.360,0.2295,47,0.033,0.51,-0.96,0.0660,0.1022,0.085
1668,41.9941,338,2.5,0.390,0.2423,46,0.034,0.52,-0.92,0.0712,0.1045,0.127
1669,32.4102,321,2.8,0.370,0.2447,46,0.034,0.49,-0.95,0.0647,0.1144,0.094
1670,31.9943,283,2.8,0.350,0.2450,45,0.035,0.43,-0.98,0.0682,0.1181,0.053
1671,34.6844,291,2.7,0.390,0.2363,47,0.033,0.45,-0.92,0.0736,0.1124,0.068
1672,38.8000,311,2.5,0.360,0.2373,46,0.034,0.48,-0.96,0.0669,0.1083,0.094
1673,36.7535,331,2.5,0.380,0.2272,47,0.033,0.51,-0.93,0.0661,0.1095,0.079
1674,35.3381,337,2.6,0.390,0.2328,48,0.033,0.52,-0.92,0.0655,0.1099,0.092
1675,45.3794,362,2.6,0.330,0.2305,46,0.034,0.56,-1.00,0.0698,0.0957,0.083
1676,22.4852,283,2.6,0.430,0.2243,45,0.035,0.44,-0.86,0.0688,0.0830,0.067
1677,35.3843,276,2.6,0.370,0.2217,46,0.034,0.42,-0.95,0.0657,0.0939,0.083
1678,46.3355,344,2.5,0.430,0.2210,48,0.033,0.53,-0.86,0.0678,0.1078,0.083
1679,28.7743,301,2.6,0.370,0.2227,46,0.034,0.46,-0.95,0.0665,0.1189,0.047
1680,33.3578,305,2.4,0.400,0.2242,43,0.036,0.47,-0.90,0.0650,0.1159,0.045
1681,40.6513,318,2.5,0.340,0.2229,44,0.036,0.49,-0.99,0.0704,0.1121,0.075
1682,37.2633,342,2.6,0.340,0.2244,42,0.037,0.53,-0.99,0.0636,0.1040,0.143
1683,20.2581,308,2.7,0.470,0.2242,47,0.033,0.47,-0.80,0.0686,0.1061,0.134
1684,41.7587,322,2.7,0.300,0.2462,47,0.033,0.50,-1.05,0.0660,0.1230,0.091
1685,32.3456,281,2.7,0.490,0.2556,45,0.035,0.43,-0.77,0.0665,0.1398,0.100
1686,42.1525,329,2.6,0.320,0.2661,48,0.033,0.51,-1.02,0.0678,0.1373,0.114
1687,35.9797,346,2.5,0.420,0.2595,45,0.035,0.53,-0.87,0.0703,0.1140,0.167
1688,41.0787,319,2.4,0.300,0.2443,45,0.035,0.49,-1.05,0.0687,0.0932,0.172
1689,49.3224,354,2.5,0.350,0.2254,44,0.036,0.54,-0.98,0.0693,0.0970,0.109
1690,34.7610,325,2.7,0.360,0.2154,47,0.033,0.50,-0.96,0.0648,0.1103,0.102
1691,25.1852,306,2.8,0.380,0.2268,46,0.034,0.47,-0.93,0.0696,0.1153,0.082
1692,32.0094,286,2.7,0.430,0.2219,47,0.033,0.44,-0.86,0.0669,0.1245,0.060
1693,41.6644,327,2.5,0.360,0.2202,47,0.033,0.50,-0.96,0.0696,0.1279,0.095
1694,36.5799,317,2.5,0.410,0.2072,47,0.033,0.49,-0.89,0.0689,0.1162,0.104
1695,40.0697,324,2.6,0.300,0.2131,48,0.033,0.50,-1.05,0.0684,0.1110,0.086
1696,36.8663,328,2.5,0.370,0.2209,42,0.037,0.50,-0.95,0.0633,0.1382,0.036
1697,43.3774,359,2.8,0.330,0.2388,45,0.035,0.55,-1.00,0.0701,0.1366,0.033
1698,30.9720,351,2.8,0.430,0.2487,44,0.036,0.54,-0.86,0.0700,0.1356,0.062
1699,29.9952,287,2.6,0.330,0.2532,45,0.035,0.44,-1.00,0.0642,0.1383,0.090
1700,38.7312,324,2.5,0.460,0.2652,48,0.033,0.50,-0.81,0.0682,0.1432,0.094
1701,41.8579,338,2.6,0.300,0.2630,48,0.033,0.52,-1.05,0.0677,0.1291,0.082
1702,42.9136,341,2.5,0.410,0.2573,47,0.033,0.52,-0.89,0.0658,0.1218,0.051
1703,53.6526,418,2.5,0.380,0.2429,46,0.034,0.64,-0.93,0.0660,0.1280,0.050
1704,30.3634,370,2.6,0.370,0.2504,43,0.036,0.57,-0.95,0.0677,0.1174,0.078
1705,27.0977,285,2.8,0.340,0.2722,47,0.033,0.44,-0.99,0.0668,0.1197,0.032
1706,35.8244,284,2.8,0.410,0.2399,47,0.033,0.44,-0.89,0.0685,0.1203,0.072
1707,46.2171,328,2.5,0.320,0.2082,48,0.033,0.50,-1.02,0.0675,0.1206,0.108
1708,28.1156,287,2.6,0.410,0.2117,45,0.035,0.44,-0.89,0.0673,0.1132,0.062
1709,46.1176,326,2.6,0.280,0.2091,44,0.036,0.50,-1.08,0.0687,0.1092,0.051
1710,37.2430,374,2.6,0.400,0.2257,42,0.037,0.58,-0.90,0.0694,0.1219,0.054
1711,39.6315,362,2.7,0.350,0.2384,41,0.038,0.56,-0.98,0.0673,0.1197,0.048
1712,38.7313,335,2.8,0.300,0.2419,47,0.033,0.52,-1.05,0.0679,0.0994,0.111
1713,36.2202,334,2.7,0.370,0.2399,45,0.035,0.51,-0.95,0.0682,0.1081,0.125
1714,27.4447,280,2.7,0.350,0.2442,44,0.036,0.43,-0.98,0.0713,0.1358,0.113
1715,31.2121,296,2.5,0.360,0.2535,41,0.038,0.46,-0.96,0.0699,0.1390,0.100
1716,49.2302,386,2.5,0.360,0.2615,44,0.036,0.59,-0.96,0.0720,0.1244,0.082
1717,48.0048,365,2.5,0.380,0.2508,45,0.035,0.56,-0.93,0.0680,0.1189,0.078
1718,43.7587,359,2.5,0.330,0.2390,48,0.033,0.55,-1.00,0.0640,0.1374,0.082
1719,34.5396,365,2.7,0.390,0.2432,46,0.034,0.56,-0.92,0.0676,0.1361,0.073
1720,31.2761,335,2.7,0.310,0.2331,47,0.033,0.51,-1.03,0.0685,0.1219,0.039
1721,35.1356,285,2.7,0.400,0.2233,49,0.032,0.44,-0.90,0.0655,0.0883,0.085
1722,30.7877,315,2.5,0.370,0.2217,47,0.033,0.48,-0.95,0.0643,0.1044,0.082
1723,29.9572,285,2.6,0.370,0.2112,43,0.036,0.44,-0.95,0.0677,0.1148,0.051
1724,41.2170,316,2.6,0.340,0.2163,45,0.035,0.49,-0.99,0.0672,0.1042,0.065
1725,36.3696,315,2.5,0.330,0.2225,46,0.034,0.48,-1.00,0.0657,0.1115,0.083
1726,37.9421,363,2.7,0.340,0.2415,48,0.033,0.56,-0.99,0.0653,0.1189,0.088
1727,44.7048,333,2.7,0.290,0.2568,44,0.036,0.51,-1.06,0.0691,0.1367,0.093
1728,42.1789,346,2.6,0.380,0.2542,44,0.036,0.53,-0.93,0.0685,0.1361,0.051
1729,39.6999,330,2.4,0.340,0.2435,45,0.035,0.51,-0.99,0.0694,0.1282,0.067
1730,33.7502,318,2.5,0.380,0.2610,49,0.032,0.49,-0.93,0.0655,0.1427,0.069
1731,42.8231,357,2.6,0.400,0.2518,47,0.033,0.55,-0.90,0.0680,0.1354,0.077
1732,39.4576,335,2.7,0.320,0.2559,44,0.036,0.52,-1.02,0.0672,0.1396,0.078
1733,35.0902,319,2.6,0.380,0.2519,45,0.035,0.49,-0.93,0.0652,0.1473,0.049
1734,33.9661,315,2.6,0.370,0.2392,44,0.036,0.48,-0.95,0.0642,0.1297,0.079
1735,36.1656,287,2.8,0.380,0.2175,46,0.034,0.44,-0.93,0.0720,0.1196,0.138
1736,29.2312,328,2.7,0.350,0.2276,46,0.034,0.50,-0.98,0.0675,0.1109,0.111
1737,43.0618,310,2.5,0.350,0.2070,46,0.034,0.48,-0.98,0.0659,0.1167,0.081
1738,45.2709,384,2.6,0.290,0.2102,46,0.034,0.59,-1.06,0.0691,0.1309,0.145
1739,28.9429,317,2.6,0.400,0.2170,41,0.038,0.49,-0.90,0.0682,0.1098,0.143
1740,45.4811,352,2.5,0.330,0.2333,44,0.036,0.54,-1.00,0.0642,0.1051,0.115
1741,26.9402,330,2.8,0.400,0.2260,43,0.036,0.51,-0.90,0.0659,0.1119,0.090
1742,39.9352,364,2.8,0.280,0.2463,46,0.034,0.56,-1.08,0.0668,0.1054,0.048
1743,49.5046,369,2.7,0.430,0.2344,44,0.036,0.57,-0.86,0.0685,0.1185,0.031
1744,50.3293,401,2.5,0.260,0.2454,43,0.036,0.62,-1.11,0.0678,0.1349,0.048
1745,40.0892,352,2.5,0.430,0.2348,46,0.034,0.54,-0.86,0.0680,0.1129,0.075
1746,43.9994,390,2.6,0.310,0.2413,47,0.033,0.60,-1.03,0.0675,0.1036,0.075
1747,34.1455,375,2.5,0.360,0.2612,47,0.033,0.58,-0.96,0.0662,0.1165,0.048
1748,41.7989,352,2.7,0.340,0.2478,47,0.033,0.54,-0.99,0.0695,0.1256,0.016
1749,35.1331,314,2.7,0.400,0.2546,47,0.033,0.48,-0.90,0.0698,0.1477,0.016
1750,37.5757,315,2.6,0.450,0.2481,47,0.033,0.48,-0.83,0.0677,0.1555,0.056
1751,35.7481,309,2.5,0.350,0.2326,46,0.034,0.48,-0.98,0.0673,0.1328,0.099
1752,48.7994,349,2.5,0.350,0.2129,46,0.034,0.54,-0.98,0.0655,0.1192,0.063
1753,50.9918,375,2.5,0.350,0.2208,43,0.036,0.58,-0.98,0.0658,0.1247,0.049
1754,35.3122,362,2.6,0.340,0.2308,46,0.034,0.56,-0.99,0.0680,0.1132,0.098
1755,43.9253,362,2.7,0.250,0.2361,46,0.034,0.56,-1.12,0.0636,0.1139,0.094
1756,42.7302,349,2.7,0.410,0.2211,48,0.033,0.54,-0.89,0.0658,0.1282,0.052
1757,38.0625,354,2.7,0.300,0.2295,45,0.035,0.54,-1.05,0.0682,0.1243,0.083
1758,47.5085,339,2.6,0.380,0.2429,45,0.035,0.52,-0.93,0.0713,0.1387,0.159
1759,52.7701,393,2.5,0.350,0.2424,44,0.036,0.60,-0.98,0.0641,0.1258,0.212
1760,38.8204,386,2.4,0.380,0.2225,44,0.036,0.59,-0.93,0.0629,0.1027,0.175
1761,42.9043,398,2.6,0.300,0.2351,50,0.031,0.61,-1.05,0.0654,0.1246,0.103
1762,36.1241,346,2.7,0.380,0.2608,51,0.031,0.53,-0.93,0.0702,0.1220,0.132
1763,35.9182,328,2.6,0.400,0.2412,47,0.033,0.50,-0.90,0.0669,0.1209,0.121
1764,30.0462,261,2.7,0.400,0.2417,45,0.035,0.40,-0.90,0.0675,0.1209,0.113
1765,36.9785,296,2.6,0.290,0.2381,45,0.035,0.45,-1.06,0.0666,0.1054,0.136
1766,41.1591,373,2.5,0.430,0.2349,51,0.031,0.57,-0.86,0.0686,0.1132,0.136
1767,37.4814,344,2.5,0.340,0.2428,47,0.033,0.53,-0.99,0.0643,0.1225,0.108
1768,45.6494,377,2.6,0.380,0.2334,43,0.036,0.58,-0.93,0.0676,0.1161,0.092
1769,49.3602,371,2.7,0.390,0.2477,46,0.034,0.57,-0.92,0.0674,0.1122,0.088
1770,41.7989,375,2.7,0.300,0.2280,47,0.033,0.58,-1.05,0.0679,0.1133,0.047
1771,40.1606,328,2.6,0.370,0.2460,47,0.033,0.50,-0.95,0.0646,0.1285,0.069
1772,37.8901,356,2.6,0.370,0.2426,49,0.032,0.55,-0.95,0.0667,0.1267,0.127
1773,46.2012,327,2.6,0.380,0.2539,45,0.035,0.50,-0.93,0.0720,0.1202,0.134
1774,51.3356,391,2.5,0.330,0.2474,43,0.036,0.60,-1.00,0.0674,0.1297,0.097
1775,34.9285,374,2.5,0.370,0.2317,47,0.033,0.57,-0.95,0.0680,0.1117,0.100
1776,30.1181,288,2.5,0.320,0.2268,45,0.035,0.44,-1.02,0.0628,0.1203,0.066
1777,36.0587,343,2.6,0.410,0.2465,46,0.034,0.53,-0.89,0.0687,0.1488,0.065
1778,36.1187,287,2.7,0.290,0.2330,45,0.035,0.44,-1.06,0.0704,0.1328,0.049
1779,47.8682,377,2.5,0.390,0.2243,49,0.032,0.58,-0.92,0.0692,0.1194,0.081
1780,47.4837,386,2.5,0.320,0.2313,48,0.033,0.59,-1.02,0.0721,0.1048,0.134
1781,39.9120,356,2.5,0.350,0.2277,50,0.031,0.55,-0.98,0.0700,0.1091,0.102
1782,30.6679,316,2.6,0.350,0.2400,44,0.036,0.49,-0.98,0.0658,0.1098,0.095
1783,32.0088,326,2.6,0.390,0.2473,45,0.035,0.50,-0.92,0.0650,0.1019,0.104
1784,52.3768,378,2.6,0.280,0.2402,50,0.031,0.58,-1.08,0.0667,0.1058,0.100
1785,30.8022,342,2.7,0.380,0.2428,47,0.033,0.52,-0.93,0.0646,0.1158,0.133
1786,38.9261,359,2.6,0.300,0.2294,44,0.036,0.55,-1.05,0.0694,0.1221,0.115
1787,37.5792,346,2.5,0.350,0.2390,46,0.034,0.53,-0.98,0.0633,0.1200,0.055
1788,50.2008,359,2.6,0.340,0.2230,45,0.035,0.55,-0.99,0.0728,0.1137,0.049
1789,42.0050,408,2.6,0.240,0.2336,44,0.036,0.63,-1.14,0.0692,0.1181,0.057
1790,39.8051,346,2.5,0.360,0.2374,47,0.033,0.53,-0.96,0.0645,0.1118,0.039
1791,43.5279,352,2.7,0.350,0.2394,46,0.034,0.54,-0.98,0.0688,0.1060,0.119
1792,38.7966,330,2.6,0.370,0.2473,47,0.033,0.51,-0.95,0.0654,0.1127,0.100
1793,43.0381,322,2.5,0.330,0.2448,49,0.032,0.49,-1.00,0.0694,0.1328,0.017
1794,34.3729,325,2.5,0.390,0.2380,49,0.032,0.50,-0.92,0.0651,0.1442,0.088
1795,46.5270,339,2.6,0.330,0.2121,46,0.034,0.52,-1.00,0.0674,0.1294,0.083
1796,44.7308,377,2.4,0.390,0.2262,46,0.034,0.58,-0.92,0.0668,0.1097,0.063
1797,38.1633,340,2.5,0.300,0.2334,50,0.031,0.52,-1.05,0.0687,0.1162,0.091
1798,50.8965,363,2.6,0.300,0.2229,47,0.033,0.56,-1.05,0.0681,0.1249,0.087
1799,54.7797,441,2.6,0.340,0.2320,47,0.033,0.68,-0.99,0.0703,0.1275,0.082
1800,38.2214,355,2.6,0.330,0.2445,46,0.034,0.55,-1.00,0.0715,0.1135,0.089
1801,46.6801,364,2.5,0.310,0.2327,47,0.033,0.56,-1.03,0.0639,0.0999,0.054
1802,37.2659,319,2.5,0.310,0.2233,47,0.033,0.49,-1.03,0.0645,0.0890,0.086
1803,42.1702,384,2.6,0.360,0.2105,45,0.035,0.59,-0.96,0.0648,0.0901,0.076
1804,41.6300,374,2.5,0.360,0.2296,46,0.034,0.58,-0.96,0.0661,0.1119,0.046
1805,39.8097,342,2.7,0.360,0.2443,46,0.034,0.53,-0.96,0.0674,0.1167,0.115
1806,42.4976,370,2.7,0.320,0.2381,46,0.034,0.57,-1.02,0.0648,0.1099,0.108
1807,35.3873,378,2.7,0.390,0.2509,43,0.036,0.58,-0.92,0.0664,0.1272,0.031
1808,41.0084,362,2.6,0.310,0.2456,45,0.035,0.56,-1.03,0.0677,0.1380,0.000
1809,40.9219,324,2.6,0.350,0.2289,47,0.033,0.50,-0.98,0.0677,0.1364,0.018
1810,48.5181,335,2.5,0.300,0.2348,49,0.032,0.51,-1.05,0.0675,0.1358,0.034
1811,48.9483,375,2.4,0.420,0.2407,48,0.033,0.58,-0.87,0.0679,0.1051,0.098
1812,38.2387,374,2.5,0.290,0.2480,44,0.036,0.57,-1.06,0.0687,0.1150,0.115
1813,37.1586,358,2.6,0.370,0.2391,45,0.035,0.55,-0.95,0.0680,0.1223,0.107
1814,37.8713,308,2.6,0.310,0.2428,44,0.036,0.47,-1.03,0.0652,0.0979,0.158
1815,37.0460,348,2.6,0.380,0.2301,45,0.035,0.54,-0.93,0.0662,0.1207,0.082
1816,52.1945,358,2.5,0.340,0.2314,50,0.031,0.55,-0.99,0.0703,0.1231,0.065
1817,56.4194,368,2.5,0.350,0.2255,46,0.034,0.57,-0.98,0.0671,0.1043,0.054
1818,51.5776,401,2.5,0.330,0.2246,44,0.036,0.62,-1.00,0.0667,0.1088,0.053
1819,52.6059,441,2.6,0.290,0.2402,45,0.035,0.68,-1.06,0.0673,0.1179,0.103
1820,35.1587,372,2.6,0.370,0.2450,48,0.033,0.57,-0.95,0.0671,0.1182,0.091
1821,40.9661,342,2.6,0.330,0.2493,48,0.033,0.52,-1.00,0.0655,0.1189,0.051
1822,44.8144,384,2.6,0.330,0.2532,48,0.033,0.59,-1.00,0.0688,0.1232,0.075
1823,47.9784,403,2.4,0.370,0.2406,50,0.031,0.62,-0.95,0.0652,0.1218,0.054
1824,43.9184,377,2.5,0.340,0.2270,47,0.033,0.58,-0.99,0.0689,0.1148,0.050
1825,42.4535,336,2.4,0.400,0.2545,46,0.034,0.52,-0.90,0.0626,0.1150,0.045
1826,46.2500,376,2.5,0.340,0.2488,46,0.034,0.58,-0.99,0.0675,0.1172,0.045
1827,30.3874,320,2.5,0.340,0.2432,45,0.035,0.49,-0.99,0.0650,0.0913,0.032
1828,37.1254,314,2.6,0.340,0.2602,45,0.035,0.48,-0.99,0.0676,0.1245,0.047
1829,29.5153,321,2.7,0.420,0.2647,46,0.034,0.49,-0.87,0.0680,0.1536,0.070
1830,42.8136,340,2.5,0.250,0.2611,47,0.033,0.52,-1.12,0.0668,0.1446,0.063
1831,41.9936,348,2.5,0.370,0.2285,46,0.034,0.54,-0.95,0.0697,0.1140,0.041
1832,40.7951,345,2.4,0.330,0.2385,46,0.034,0.53,-1.00,0.0717,0.1003,0.067
1833,43.7447,379,2.6,0.330,0.2449,45,0.035,0.58,-1.00,0.0704,0.1012,0.095
1834,38.9215,292,2.8,0.380,0.2376,46,0.034,0.45,-0.93,0.0689,0.1096,0.114
1835,39.7175,348,2.6,0.270,0.2489,49,0.032,0.53,-1.09,0.0705,0.1159,0.119
1836,44.5275,363,2.5,0.430,0.2506,49,0.032,0.56,-0.86,0.0684,0.1238,0.115
1837,56.7301,419,2.5,0.290,0.2204,49,0.032,0.64,-1.06,0.0629,0.1129,0.149
1838,47.5161,393,2.5,0.340,0.2200,45,0.035,0.60,-0.99,0.0688,0.1131,0.183
1839,38.8017,337,2.5,0.430,0.2388,46,0.034,0.52,-0.86,0.0669,0.1173,0.162
1840,51.8994,409,2.5,0.290,0.2395,43,0.036,0.63,-1.06,0.0633,0.0958,0.138
1841,38.9110,343,2.5,0.390,0.2674,45,0.035,0.53,-0.92,0.0664,0.1069,0.136
1842,42.2752,315,2.5,0.240,0.2574,46,0.034,0.48,-1.14,0.0659,0.1050,0.121
1843,43.9475,387,2.6,0.300,0.2509,46,0.034,0.59,-1.05,0.0666,0.0894,0.104
1844,38.7751,359,2.5,0.350,0.2639,45,0.035,0.55,-0.98,0.0660,0.1102,0.093
1845,41.3909,350,2.5,0.370,0.2565,44,0.036,0.54,-0.95,0.0663,0.1070,0.095
1846,53.7790,383,2.4,0.380,0.2323,44,0.036,0.59,-0.93,0.0656,0.1010,0.121
1847,34.9245,386,2.7,0.390,0.2333,47,0.033,0.59,-0.92,0.0659,0.1047,0.135
1848,34.0245,330,2.8,0.330,0.2341,45,0.035,0.51,-1.00,0.0619,0.1125,0.116
1849,42.4093,340,2.8,0.340,0.2408,49,0.032,0.52,-0.99,0.0643,0.1222,0.109
1850,39.6060,338,2.6,0.360,0.2415,48,0.033,0.52,-0.96,0.0674,0.1082,0.108
1851,46.8588,379,2.5,0.350,0.2355,48,0.033,0.58,-0.98,0.0680,0.1018,0.079
1852,40.2661,342,2.6,0.330,0.2237,49,0.032,0.53,-1.00,0.0655,0.0953,0.111
1853,48.9356,380,2.4,0.310,0.2362,47,0.033,0.58,-1.03,0.0661,0.1273,0.119
1854,49.9996,409,2.5,0.340,0.2439,45,0.035,0.63,-0.99,0.0674,0.1245,0.070
1855,50.6704,406,2.5,0.290,0.2449,43,0.036,0.62,-1.06,0.0659,0.0903,0.074
1856,32.9190,369,2.6,0.400,0.2407,42,0.037,0.57,-0.90,0.0656,0.0879,0.067
1857,38.5472,306,2.6,0.300,0.2470,46,0.034,0.47,-1.05,0.0677,0.1078,0.119
1858,50.0726,373,2.5,0.370,0.2360,45,0.035,0.57,-0.95,0.0671,0.1382,0.105
1859,40.9188,376,2.5,0.280,0.2311,47,0.033,0.58,-1.08,0.0638,0.1125,0.125
1860,33.7260,373,2.5,0.320,0.2361,46,0.034,0.57,-1.02,0.0675,0.1187,0.148
1861,40.0528,328,2.5,0.400,0.2272,47,0.033,0.50,-0.90,0.0687,0.1112,0.127
1862,37.5146,372,2.6,0.350,0.2311,50,0.031,0.57,-0.98,0.0680,0.1152,0.083
1863,30.2411,287,2.6,0.400,0.2384,46,0.034,0.44,-0.90,0.0683,0.1301,0.046
1864,35.7104,272,2.7,0.350,0.2404,46,0.034,0.42,-0.98,0.0642,0.1412,0.062
1865,41.5154,396,2.4,0.370,0.2390,49,0.032,0.61,-0.95,0.0690,0.1355,0.088
1866,31.8810,306,2.5,0.420,0.2379,50,0.031,0.47,-0.87,0.0679,0.1157,0.066
1867,58.4313,378,2.5,0.290,0.2306,48,0.033,0.58,-1.06,0.0661,0.1136,0.109
1868,38.5506,386,2.5,0.360,0.2365,44,0.036,0.59,-0.96,0.0653,0.0991,0.127
1869,39.7074,342,2.6,0.360,0.2521,47,0.033,0.53,-0.96,0.0716,0.0836,0.100
1870,32.0951,330,2.5,0.340,0.2610,43,0.036,0.51,-0.99,0.0684,0.1125,0.078
1871,33.8952,299,2.4,0.370,0.2616,43,0.036,0.46,-0.95,0.0674,0.1598,0.060
1872,46.7011,367,2.4,0.260,0.2562,43,0.036,0.56,-1.11,0.0712,0.1534,0.067
1873,39.6865,347,2.5,0.410,0.2521,47,0.033,0.53,-0.89,0.0709,0.1287,0.081
1874,41.0545,328,2.5,0.280,0.2453,47,0.033,0.50,-1.08,0.0682,0.1203,0.108
1875,40.3990,313,2.5,0.340,0.2442,46,0.034,0.48,-0.99,0.0648,0.1248,0.117
1876,37.8914,370,2.4,0.340,0.2384,48,0.033,0.57,-0.99,0.0663,0.1250,0.121
1877,34.8050,321,2.7,0.400,0.2403,47,0.033,0.49,-0.90,0.0657,0.1084,0.125
1878,27.9270,287,2.6,0.300,0.2569,48,0.033,0.44,-1.05,0.0658,0.1083,0.088
1879,37.0908,319,2.5,0.390,0.2496,47,0.033,0.49,-0.92,0.0685,0.1118,0.062
1880,39.3555,349,2.4,0.300,0.2410,47,0.033,0.54,-1.05,0.0679,0.1150,0.062
1881,47.2486,336,2.4,0.380,0.2470,47,0.033,0.52,-0.93,0.0674,0.1364,0.091
1882,46.5011,387,2.4,0.350,0.2438,44,0.036,0.60,-0.98,0.0644,0.1288,0.095
1883,35.5351,345,2.6,0.370,0.2396,43,0.036,0.53,-0.95,0.0612,0.0962,0.062
1884,25.6893,322,2.6,0.430,0.2535,44,0.036,0.49,-0.86,0.0633,0.1144,0.055
1885,38.1825,302,2.5,0.350,0.2434,45,0.035,0.46,-0.98,0.0679,0.1256,0.044
1886,27.5907,284,2.6,0.370,0.2518,43,0.036,0.44,-0.95,0.0682,0.1248,0.063
1887,36.5417,331,2.5,0.370,0.2387,45,0.035,0.51,-0.95,0.0659,0.1082,0.101
1888,34.8947,273,2.5,0.390,0.2360,46,0.034,0.42,-0.92,0.0671,0.1143,0.113
1889,36.1465,331,2.6,0.340,0.2426,44,0.036,0.51,-0.99,0.0702,0.1204,0.108
1890,42.0062,333,2.6,0.340,0.2502,45,0.035,0.51,-0.99,0.0736,0.1111,0.102
1891,37.4849,342,2.6,0.340,0.2500,47,0.033,0.53,-0.99,0.0684,0.1325,0.050
1892,26.0796,264,2.8,0.310,0.2542,48,0.033,0.41,-1.03,0.0666,0.1363,0.055
1893,31.2898,268,2.6,0.390,0.2655,45,0.035,0.41,-0.92,0.0691,0.1215,0.081
1894,45.1250,345,2.5,0.290,0.2680,46,0.034,0.53,-1.06,0.0676,0.1041,0.048
1895,49.5695,428,2.5,0.340,0.2554,46,0.034,0.66,-0.99,0.0713,0.1074,0.051
1896,38.9445,316,2.5,0.300,0.2430,45,0.035,0.49,-1.05,0.0669,0.0963,0.068
1897,37.3279,307,2.5,0.310,0.2590,46,0.034,0.47,-1.03,0.0661,0.1027,0.105
1898,47.6721,375,2.5,0.360,0.2518,44,0.036,0.58,-0.96,0.0736,0.1264,0.125
1899,21.8357,269,2.6,0.360,0.2464,45,0.035,0.41,-0.96,0.0697,0.1156,0.108
1900,39.3268,290,2.6,0.330,0.2416,45,0.035,0.45,-1.00,0.0671,0.1104,0.154
1901,49.4972,361,2.5,0.350,0.2284,44,0.036,0.56,-0.98,0.0666,0.1250,0.133
1902,37.5225,342,2.5,0.330,0.2355,48,0.033,0.53,-1.00,0.0650,0.1242,0.085
1903,47.0029,354,2.5,0.360,0.2362,46,0.034,0.54,-0.96,0.0648,0.1313,0.079
1904,42.9016,372,2.5,0.350,0.2438,43,0.036,0.57,-0.98,0.0656,0.1280,0.088
1905,39.6724,348,2.5,0.330,0.2515,44,0.036,0.53,-1.00,0.0663,0.1246,0.123
1906,29.6421,290,2.6,0.400,0.2666,44,0.036,0.45,-0.90,0.0646,0.1109,0.103
1907,52.7061,368,2.6,0.270,0.2536,45,0.035,0.57,-1.09,0.0670,0.1116,0.077
1908,47.1101,398,2.5,0.370,0.2352,44,0.036,0.61,-0.95,0.0651,0.1312,0.073
1909,52.5732,407,2.4,0.260,0.2380,44,0.036,0.63,-1.11,0.0665,0.1216,0.075
1910,49.1696,391,2.4,0.330,0.2593,44,0.036,0.60,-1.00,0.0667,0.1301,0.057
1911,47.4821,357,2.6,0.300,0.2427,46,0.034,0.55,-1.05,0.0640,0.1147,0.020
1912,44.7113,378,2.6,0.420,0.2445,47,0.033,0.58,-0.87,0.0656,0.1096,0.034
1913,33.8400,332,2.7,0.360,0.2632,46,0.034,0.51,-0.96,0.0653,0.1293,0.045
1914,34.8040,283,2.6,0.340,0.2792,43,0.036,0.43,-0.99,0.0642,0.1237,0.048
1915,54.9992,367,2.4,0.320,0.2368,44,0.036,0.56,-1.02,0.0694,0.1085,0.063
1916,30.4563,355,2.5,0.390,0.2270,46,0.034,0.55,-0.92,0.0666,0.0937,0.123
1917,39.0602,316,2.4,0.360,0.2333,44,0.036,0.49,-0.96,0.0682,0.1083,0.118
1918,41.5858,376,2.5,0.330,0.2373,44,0.036,0.58,-1.00,0.0706,0.1237,0.081
1919,37.2860,340,2.6,0.310,0.2411,47,0.033,0.52,-1.03,0.0718,0.1267,0.125
1920,40.9759,383,2.6,0.340,0.2380,43,0.036,0.59,-0.99,0.0665,0.1123,0.115
1921,30.0880,284,2.6,0.350,0.2322,42,0.037,0.44,-0.98,0.0680,0.0965,0.125
1922,29.8923,283,2.7,0.300,0.2376,44,0.036,0.44,-1.05,0.0656,0.1115,0.102
1923,47.4156,375,2.6,0.380,0.2648,47,0.033,0.58,-0.93,0.0692,0.1165,0.032
1924,45.3188,398,2.5,0.300,0.2615,47,0.033,0.61,-1.05,0.0662,0.1191,0.033
1925,42.3928,353,2.4,0.290,0.2634,46,0.034,0.54,-1.06,0.0671,0.1237,0.055
1926,49.9978,385,2.4,0.270,0.2654,44,0.036,0.59,-1.09,0.0690,0.1327,0.054
1927,43.5733,398,2.7,0.380,0.2538,46,0.034,0.61,-0.93,0.0695,0.1360,0.066
1928,40.4543,376,2.6,0.290,0.2500,43,0.036,0.58,-1.06,0.0695,0.1281,0.048
1929,22.9909,316,2.6,0.360,0.2264,45,0.035,0.49,-0.96,0.0686,0.1075,0.102
1930,33.1715,291,2.5,0.370,0.2159,44,0.036,0.45,-0.95,0.0691,0.1027,0.104
1931,32.0303,331,2.4,0.380,0.2135,46,0.034,0.51,-0.93,0.0698,0.1021,0.119
1932,34.6367,327,2.5,0.370,0.2333,43,0.036,0.50,-0.95,0.0667,0.0932,0.116
1933,45.1148,364,2.5,0.380,0.2552,45,0.035,0.56,-0.93,0.0682,0.1094,0.056
1934,31.7790,340,2.7,0.310,0.2459,43,0.036,0.52,-1.03,0.0687,0.1189,0.045
1935,31.6534,319,2.5,0.400,0.2549,46,0.034,0.49,-0.90,0.0674,0.1320,0.088
1936,36.4555,287,2.5,0.290,0.2478,46,0.034,0.44,-1.06,0.0671,0.1335,0.074
1937,38.6002,332,2.5,0.280,0.2683,46,0.034,0.51,-1.08,0.0655,0.1139,0.074
1938,35.4568,320,2.5,0.410,0.2743,48,0.033,0.49,-0.89,0.0670,0.1170,0.103
1939,42.6703,351,2.5,0.370,0.2744,46,0.034,0.54,-0.95,0.0698,0.1196,0.062
1940,41.5443,359,2.4,0.310,0.2547,50,0.031,0.55,-1.03,0.0705,0.1225,0.016
1941,44.7804,335,2.6,0.410,0.2435,48,0.033,0.52,-0.89,0.0720,0.1368,0.000
1942,39.0349,351,2.6,0.280,0.2599,46,0.034,0.54,-1.08,0.0645,0.1493,0.000
1943,29.9492,284,2.5,0.320,0.2580,47,0.033,0.44,-1.02,0.0647,0.1490,0.018
1944,37.1948,300,2.5,0.360,0.2420,47,0.033,0.46,-0.96,0.0655,0.1236,0.063
1945,27.4795,277,2.5,0.390,0.2248,47,0.033,0.43,-0.92,0.0666,0.1205,0.058
1946,46.6695,326,2.5,0.390,0.2188,46,0.034,0.50,-0.92,0.0668,0.1314,0.068
1947,36.5438,307,2.5,0.380,0.2272,44,0.036,0.47,-0.93,0.0662,0.1117,0.118
1948,29.2246,314,2.4,0.350,0.2250,45,0.035,0.48,-0.98,0.0681,0.0983,0.143
1949,40.6306,374,2.5,0.360,0.2520,45,0.035,0.57,-0.96,0.0677,0.1124,0.147
1950,50.3732,356,2.5,0.360,0.2610,43,0.036,0.55,-0.96,0.0673,0.1205,0.091
1951,40.1553,383,2.5,0.290,0.2607,44,0.036,0.59,-1.06,0.0637,0.1193,0.034
1952,41.1898,328,2.5,0.340,0.2531,45,0.035,0.50,-0.99,0.0642,0.1313,0.054
1953,53.1756,383,2.4,0.310,0.2469,46,0.034,0.59,-1.03,0.0684,0.1331,0.085
1954,39.2568,389,2.5,0.400,0.2558,45,0.035,0.60,-0.90,0.0683,0.1125,0.100
1955,40.1625,354,2.5,0.300,0.2589,45,0.035,0.54,-1.05,0.0610,0.1003,0.162
1956,45.9029,373,2.6,0.340,0.2262,47,0.033,0.57,-0.99,0.0668,0.1068,0.156
1957,35.5792,344,2.6,0.290,0.2272,45,0.035,0.53,-1.06,0.0701,0.1134,0.063
1958,34.9796,296,2.6,0.390,0.2394,44,0.036,0.46,-0.92,0.0673,0.1000,0.061
1959,31.3975,251,2.5,0.400,0.2365,47,0.033,0.39,-0.90,0.0657,0.1054,0.110
1960,46.8566,342,2.4,0.280,0.2209,47,0.033,0.52,-1.08,0.0678,0.1014,0.159
1961,43.2155,368,2.5,0.390,0.2254,47,0.033,0.57,-0.92,0.0665,0.0987,0.172
1962,47.0691,393,2.5,0.280,0.2353,45,0.035,0.60,-1.08,0.0648,0.1088,0.138
1963,46.5054,402,2.5,0.300,0.2407,43,0.036,0.62,-1.05,0.0685,0.1188,0.123
1964,40.1898,397,2.7,0.330,0.2461,45,0.035,0.61,-1.00,0.0659,0.1334,0.079
1965,39.8269,361,2.6,0.280,0.2574,49,0.032,0.56,-1.08,0.0672,0.1273,0.102
1966,40.2470,308,2.5,0.410,0.2469,45,0.035,0.47,-0.89,0.0697,0.1061,0.091
1967,48.2900,393,2.4,0.260,0.2641,46,0.034,0.60,-1.11,0.0661,0.1033,0.063
1968,45.6292,403,2.5,0.330,0.2711,46,0.034,0.62,-1.00,0.0714,0.1058,0.089
1969,43.5773,394,2.5,0.340,0.2469,47,0.033,0.61,-0.99,0.0649,0.0967,0.100
1970,28.2933,324,2.5,0.370,0.2403,43,0.036,0.50,-0.95,0.0693,0.1090,0.094
1971,43.3981,324,2.5,0.260,0.2694,46,0.034,0.50,-1.11,0.0704,0.1294,0.068
1972,39.2545,322,2.6,0.380,0.2585,48,0.033,0.49,-0.93,0.0662,0.1272,0.050
1973,28.1188,313,2.6,0.320,0.2611,48,0.033,0.48,-1.02,0.0702,0.1177,0.059
1974,47.3091,321,2.4,0.320,0.2338,47,0.033,0.49,-1.02,0.0703,0.1048,0.076
1975,41.9012,344,2.4,0.340,0.2204,48,0.033,0.53,-0.99,0.0664,0.1146,0.092
1976,35.5812,324,2.5,0.350,0.2259,44,0.036,0.50,-0.98,0.0655,0.1056,0.090
1977,45.1942,330,2.6,0.390,0.2378,47,0.033,0.51,-0.92,0.0672,0.1135,0.103
1978,45.2000,384,2.5,0.260,0.2366,46,0.034,0.59,-1.11,0.0626,0.1354,0.100
1979,45.0642,379,2.5,0.310,0.2342,44,0.036,0.58,-1.03,0.0696,0.1533,0.059
1980,35.3822,353,2.5,0.310,0.2521,44,0.036,0.54,-1.03,0.0695,0.1399,0.055
1981,48.8999,373,2.4,0.280,0.2454,46,0.034,0.57,-1.08,0.0686,0.1148,0.058
1982,53.0250,392,2.4,0.310,0.2399,49,0.032,0.60,-1.03,0.0657,0.1015,0.089
1983,45.4484,372,2.4,0.250,0.2486,48,0.033,0.57,-1.12,0.0624,0.1000,0.130
1984,43.9274,378,2.5,0.360,0.2471,50,0.031,0.58,-0.96,0.0632,0.1102,0.121
1985,46.1384,380,2.6,0.230,0.2613,48,0.033,0.58,-1.16,0.0728,0.1226,0.091
1986,47.1462,392,2.5,0.370,0.2481,48,0.033,0.60,-0.95,0.0679,0.1291,0.036
1987,30.8650,329,2.5,0.350,0.2441,51,0.031,0.50,-0.98,0.0654,0.1165,0.043
1988,35.0121,291,2.5,0.400,0.2432,46,0.034,0.45,-0.90,0.0683,0.1122,0.070
1989,47.6433,374,2.4,0.270,0.2307,46,0.034,0.57,-1.09,0.0694,0.1118,0.062
1990,47.9938,384,2.4,0.360,0.2308,48,0.033,0.59,-0.96,0.0677,0.1025,0.050
1991,50.3489,406,2.5,0.290,0.2391,46,0.034,0.62,-1.06,0.0648,0.1224,0.049
1992,35.9186,342,2.6,0.330,0.2378,47,0.033,0.53,-1.00,0.0696,0.1155,0.051
1993,33.1714,305,2.6,0.260,0.2495,47,0.033,0.47,-1.11,0.0677,0.0993,0.107
1994,38.6582,352,2.5,0.360,0.2729,45,0.035,0.54,-0.96,0.0676,0.1206,0.138
1995,41.2500,374,2.6,0.340,0.2571,46,0.034,0.57,-0.99,0.0662,0.1219,0.154
1996,52.6338,378,2.5,0.270,0.2472,46,0.034,0.58,-1.09,0.0679,0.1373,0.123
1997,45.3631,382,2.5,0.340,0.2441,47,0.033,0.59,-0.99,0.0691,0.1462,0.103
1998,42.6847,355,2.5,0.320,0.2197,44,0.036,0.55,-1.02,0.0687,0.0987,0.206
1999,39.8704,374,2.7,0.290,0.2510,44,0.036,0.58,-1.06,0.0649,0.1092,0.136
2000,33.4960,319,2.6,0.410,0.2641,45,0.035,0.49,-0.89,0.0654,0.1120,0.077
2001,31.7689,298,2.6,0.390,0.2598,46,0.034,0.46,-0.92,0.0727,0.1222,0.113
2002,48.5239,393,2.4,0.290,0.2578,46,0.034,0.60,-1.06,0.0656,0.1444,0.077
2003,45.4720,374,2.4,0.310,0.2270,45,0.035,0.57,-1.03,0.0639,0.1104,0.103
2004,41.5486,347,2.5,0.340,0.2308,48,0.033,0.53,-0.99,0.0679,0.1003,0.098
2005,40.1999,359,2.4,0.320,0.2432,45,0.035,0.55,-1.02,0.0683,0.1073,0.086
2006,58.4168,415,2.5,0.300,0.2248,47,0.033,0.64,-1.05,0.0672,0.1027,0.091
2007,58.8353,404,2.5,0.280,0.2365,46,0.034,0.62,-1.08,0.0693,0.1122,0.052
2008,43.7304,377,2.5,0.310,0.2388,47,0.033,0.58,-1.03,0.0655,0.1145,0.068
2009,41.4104,357,2.5,0.310,0.2366,44,0.036,0.55,-1.03,0.0681,0.1211,0.070
2010,42.2609,373,2.5,0.340,0.2359,44,0.036,0.57,-0.99,0.0658,0.1241,0.052
2011,39.4066,374,2.4,0.350,0.2282,47,0.033,0.58,-0.98,0.0696,0.1214,0.046
2012,46.7507,321,2.4,0.260,0.2485,47,0.033,0.49,-1.11,0.0665,0.1156,0.086
2013,48.9642,399,2.6,0.380,0.2350,46,0.034,0.61,-0.93,0.0645,0.1069,0.082
2014,44.0912,363,2.6,0.280,0.2425,46,0.034,0.56,-1.08,0.0675,0.1086,0.060
2015,43.1825,310,2.6,0.370,0.2662,46,0.034,0.48,-0.95,0.0666,0.1182,0.097
2016,40.2281,380,2.5,0.290,0.2489,49,0.032,0.58,-1.06,0.0662,0.1106,0.148
2017,49.6079,352,2.5,0.280,0.2400,50,0.031,0.54,-1.08,0.0716,0.1049,0.189
2018,62.1108,398,2.4,0.330,0.2305,48,0.033,0.61,-1.00,0.0721,0.1222,0.121
2019,49.9823,447,2.4,0.290,0.2402,44,0.036,0.69,-1.06,0.0675,0.0959,0.153
2020,50.2131,384,2.5,0.350,0.2471,49,0.032,0.59,-0.98,0.0709,0.0868,0.226
2021,50.8736,417,2.5,0.240,0.2454,49,0.032,0.64,-1.14,0.0679,0.0945,0.228
2022,40.5326,387,2.6,0.390,0.2427,48,0.033,0.60,-0.92,0.0626,0.0838,0.175
2023,47.5886,372,2.6,0.290,0.2507,45,0.035,0.57,-1.06,0.0671,0.1043,0.119
2024,44.7481,356,2.5,0.270,0.2349,45,0.035,0.55,-1.09,0.0669,0.1279,0.038
2025,52.6892,373,2.5,0.290,0.2336,46,0.034,0.57,-1.06,0.0685,0.1136,0.038
2026,44.0784,396,2.6,0.360,0.2326,47,0.033,0.61,-0.96,0.0669,0.1079,0.050
2027,48.1853,398,2.6,0.280,0.2408,47,0.033,0.61,-1.08,0.0681,0.1184,0.017
2028,49.0475,393,2.7,0.260,0.2396,50,0.031,0.60,-1.11,0.0672,0.1248,0.019
2029,51.1214,364,2.7,0.260,0.2518,48,0.033,0.56,-1.11,0.0645,0.1289,0.115
2030,46.3310,384,2.5,0.280,0.2543,44,0.036,0.59,-1.08,0.0673,0.1182,0.180
2031,49.5016,373,2.5,0.370,0.2318,50,0.031,0.57,-0.95,0.0677,0.0827,0.190
2032,57.7188,437,2.4,0.210,0.2253,48,0.033,0.67,-1.19,0.0689,0.0762,0.190
2033,46.2636,421,2.5,0.340,0.2388,47,0.033,0.65,-0.99,0.0663,0.0813,0.151
2034,53.8529,381,2.5,0.230,0.2591,47,0.033,0.59,-1.16,0.0700,0.0858,0.094
2035,46.9937,407,2.5,0.350,0.2469,44,0.036,0.63,-0.98,0.0683,0.0940,0.109
2036,51.1891,394,2.5,0.210,0.2465,45,0.035,0.61,-1.19,0.0666,0.1046,0.154
2037,47.3464,398,2.5,0.330,0.2397,48,0.033,0.61,-1.00,0.0624,0.1140,0.077
2038,46.4472,370,2.5,0.290,0.2455,49,0.032,0.57,-1.06,0.0714,0.0890,0.111
2039,52.0278,428,2.5,0.290,0.2398,49,0.032,0.66,-1.06,0.0665,0.0745,0.109
2040,51.7259,384,2.4,0.290,0.2263,48,0.033,0.59,-1.06,0.0684,0.0774,0.161
2041,40.4055,406,2.4,0.370,0.2478,46,0.034,0.62,-0.95,0.0695,0.0854,0.194
2042,44.4842,406,2.6,0.310,0.2532,46,0.034,0.62,-1.03,0.0686,0.1085,0.111
2043,36.3750,317,2.6,0.420,0.2584,47,0.033,0.49,-0.87,0.0659,0.1313,0.129
2044,43.9815,355,2.6,0.310,0.2590,48,0.033,0.55,-1.03,0.0615,0.1303,0.116
2045,48.0405,396,2.5,0.360,0.2432,47,0.033,0.61,-0.96,0.0654,0.1168,0.095
2046,48.8363,393,2.4,0.250,0.2365,48,0.033,0.60,-1.12,0.0689,0.1228,0.054
2047,54.7249,404,2.4,0.300,0.2235,48,0.033,0.62,-1.05,0.0697,0.1132,0.020
2048,51.3185,394,2.5,0.250,0.2411,45,0.035,0.61,-1.12,0.0720,0.0910,0.075
2049,51.7469,373,2.5,0.310,0.2612,47,0.033,0.57,-1.03,0.0676,0.0982,0.077
2050,45.6544,390,2.5,0.300,0.2622,46,0.034,0.60,-1.05,0.0720,0.0975,0.073
2051,51.7655,377,2.4,0.320,0.2332,46,0.034,0.58,-1.02,0.0687,0.0929,0.093
2052,44.5916,382,2.4,0.380,0.2325,47,0.033,0.59,-0.93,0.0695,0.0975,0.085
2053,50.7021,369,2.4,0.360,0.2459,46,0.034,0.57,-0.96,0.0665,0.1224,0.065
2054,51.3028,371,2.4,0.280,0.2350,46,0.034,0.57,-1.08,0.0676,0.1300,0.035
2055,44.0216,429,2.6,0.300,0.2367,49,0.032,0.66,-1.05,0.0729,0.1012,0.037
2056,34.1168,371,2.6,0.330,0.2526,47,0.033,0.57,-1.00,0.0672,0.1058,0.095
2057,41.2295,335,2.7,0.320,0.2536,44,0.036,0.51,-1.02,0.0651,0.1127,0.115
2058,57.9596,388,2.6,0.300,0.2547,46,0.034,0.60,-1.05,0.0689,0.1249,0.103
2059,49.4886,438,2.5,0.280,0.2518,47,0.033,0.67,-1.08,0.0694,0.1186,0.167
2060,51.9233,415,2.6,0.280,0.2426,45,0.035,0.64,-1.08,0.0676,0.1056,0.157
2061,51.5944,409,2.5,0.340,0.2383,46,0.034,0.63,-0.99,0.0643,0.1000,0.085
2062,53.0011,394,2.5,0.310,0.2360,49,0.032,0.61,-1.03,0.0631,0.0984,0.067
2063,44.9905,377,2.6,0.330,0.2510,47,0.033,0.58,-1.00,0.0712,0.0954,0.111
2064,46.1466,356,2.6,0.300,0.2638,48,0.033,0.55,-1.05,0.0679,0.1057,0.094
2065,46.8588,364,2.5,0.260,0.2681,49,0.032,0.56,-1.11,0.0713,0.1186,0.056
2066,42.7971,378,2.5,0.360,0.2460,47,0.033,0.58,-0.96,0.0697,0.1284,0.034
2067,48.8038,377,2.5,0.330,0.2302,42,0.037,0.58,-1.00,0.0641,0.1145,0.092
2068,44.1458,362,2.5,0.320,0.2205,47,0.033,0.56,-1.02,0.0672,0.0879,0.148
2069,48.2408,407,2.5,0.260,0.2281,45,0.035,0.63,-1.11,0.0750,0.0894,0.125
2070,35.1677,411,2.7,0.360,0.2242,49,0.032,0.63,-0.96,0.0702,0.1063,0.098
2071,39.7073,338,2.7,0.310,0.2387,49,0.032,0.52,-1.03,0.0689,0.1265,0.065
2072,49.4978,362,2.7,0.330,0.2474,50,0.031,0.56,-1.00,0.0688,0.1231,0.161
2073,45.9453,398,2.5,0.270,0.2360,48,0.033,0.61,-1.09,0.0679,0.1066,0.203
2074,49.3011,399,2.5,0.350,0.2263,45,0.035,0.61,-0.98,0.0679,0.1120,0.119
2075,52.3928,378,2.6,0.310,0.2501,46,0.034,0.58,-1.03,0.0671,0.1170,0.081
2076,46.1271,399,2.5,0.320,0.2603,47,0.033,0.61,-1.02,0.0689,0.1151,0.053
2077,43.9450,344,2.5,0.320,0.2644,48,0.033,0.53,-1.02,0.0661,0.1078,0.086
2078,45.0471,377,2.5,0.330,0.2617,49,0.032,0.58,-1.00,0.0714,0.1126,0.083
2079,43.6888,316,2.5,0.360,0.2548,48,0.033,0.49,-0.96,0.0641,0.1170,0.061
2080,46.8382,361,2.5,0.290,0.2453,42,0.037,0.55,-1.06,0.0698,0.1005,0.079
2081,45.7930,401,2.5,0.330,0.2485,46,0.034,0.62,-1.00,0.0706,0.1059,0.119
2082,52.1131,385,2.5,0.280,0.2461,47,0.033,0.59,-1.08,0.0655,0.1234,0.125
2083,53.7289,444,2.5,0.360,0.2243,47,0.033,0.68,-0.96,0.0667,0.1117,0.130
2084,53.5807,396,2.5,0.240,0.2213,49,0.032,0.61,-1.14,0.0638,0.1091,0.093
2085,42.5411,379,2.7,0.350,0.2425,48,0.033,0.58,-0.98,0.0681,0.1463,0.035
2086,34.0235,333,2.6,0.340,0.2659,45,0.035,0.51,-0.99,0.0694,0.1397,0.108
2087,49.9462,340,2.6,0.320,0.2550,45,0.035,0.52,-1.02,0.0654,0.1313,0.094
2088,39.0171,361,2.6,0.300,0.2506,47,0.033,0.56,-1.05,0.0664,0.1225,0.049
2089,53.7115,391,2.6,0.340,0.2386,48,0.033,0.60,-0.99,0.0621,0.0973,0.100
2090,49.0950,386,2.6,0.310,0.2421,47,0.033,0.59,-1.03,0.0639,0.1045,0.150
2091,49.4889,414,2.5,0.360,0.2644,49,0.032,0.64,-0.96,0.0689,0.1169,0.150
2092,44.8524,405,2.5,0.310,0.2661,50,0.031,0.62,-1.03,0.0672,0.1087,0.097
2093,40.5325,315,2.5,0.340,0.2678,44,0.036,0.48,-0.99,0.0618,0.0995,0.066
2094,44.6091,334,2.6,0.290,0.2581,44,0.036,0.51,-1.06,0.0678,0.1051,0.115
2095,40.9935,331,2.5,0.320,0.2475,43,0.036,0.51,-1.02,0.0668,0.1018,0.136
2096,36.8927,362,2.6,0.310,0.2372,45,0.035,0.56,-1.03,0.0700,0.1117,0.105
2097,50.5222,392,2.5,0.300,0.2487,47,0.033,0.60,-1.05,0.0660,0.1487,0.055
2098,49.3658,404,2.5,0.300,0.2545,45,0.035,0.62,-1.05,0.0654,0.1380,0.077
2099,40.6853,363,2.6,0.340,0.2597,45,0.035,0.56,-0.99,0.0686,0.1095,0.131
2100,43.9288,381,2.8,0.280,0.2640,44,0.036,0.59,-1.08,0.0659,0.1173,0.100
2101,31.0396,345,2.8,0.360,0.2634,45,0.035,0.53,-0.96,0.0668,0.1186,0.034
2102,44.9982,326,2.6,0.330,0.2772,48,0.033,0.50,-1.00,0.0664,0.1120,0.060
2103,53.6873,427,2.4,0.270,0.2521,46,0.034,0.66,-1.09,0.0628,0.1145,0.069
2104,60.1582,424,2.4,0.270,0.2438,47,0.033,0.65,-1.09,0.0659,0.1217,0.061
2105,51.9729,421,2.6,0.310,0.2402,48,0.033,0.65,-1.03,0.0662,0.0924,0.096
2106,41.5413,370,2.5,0.280,0.2570,46,0.034,0.57,-1.08,0.0658,0.1004,0.073
2107,38.7139,369,2.5,0.280,0.2641,49,0.032,0.57,-1.08,0.0661,0.1165,0.094
2108,51.0093,354,2.6,0.290,0.2549,48,0.033,0.54,-1.06,0.0702,0.1177,0.111
2109,41.3663,337,2.7,0.340,0.2275,49,0.032,0.52,-0.99,0.0683,0.1202,0.086
2110,43.9073,369,2.6,0.380,0.2342,47,0.033,0.57,-0.93,0.0707,0.1097,0.077
2111,49.9087,340,2.5,0.320,0.2494,47,0.033,0.52,-1.02,0.0677,0.1053,0.060
2112,50.9630,390,2.5,0.350,0.2286,41,0.038,0.60,-0.98,0.0690,0.1147,0.076
2113,49.5909,408,2.6,0.320,0.2347,44,0.036,0.63,-1.02,0.0636,0.1155,0.108
2114,33.0444,334,2.6,0.350,0.2565,43,0.036,0.51,-0.98,0.0671,0.1082,0.094
2115,36.1101,322,2.5,0.300,0.2719,44,0.036,0.50,-1.05,0.0647,0.1149,0.079
2116,46.5640,383,2.5,0.340,0.2633,47,0.033,0.59,-0.99,0.0718,0.1412,0.094
2117,53.7815,398,2.5,0.250,0.2445,49,0.032,0.61,-1.12,0.0683,0.1377,0.102
2118,48.4355,390,2.5,0.300,0.2583,49,0.032,0.60,-1.05,0.0663,0.1101,0.074
2119,43.2305,366,2.5,0.330,0.2539,51,0.031,0.56,-1.00,0.0710,0.1115,0.052
2120,40.7454,363,2.6,0.280,0.2470,47,0.033,0.56,-1.08,0.0675,0.1103,0.069
2121,47.1467,396,2.6,0.300,0.2634,45,0.035,0.61,-1.05,0.0673,0.1178,0.036
2122,45.3482,351,2.6,0.340,0.2498,42,0.037,0.54,-0.99,0.0657,0.1196,0.066
2123,45.9421,382,2.6,0.310,0.2380,46,0.034,0.59,-1.03,0.0662,0.1191,0.088
2124,42.6586,353,2.5,0.350,0.2350,46,0.034,0.54,-0.98,0.0654,0.1236,0.052
2125,49.9060,365,2.4,0.300,0.2323,43,0.036,0.56,-1.05,0.0673,0.1175,0.063
2126,37.8437,389,2.4,0.360,0.2389,46,0.034,0.60,-0.96,0.0665,0.0995,0.119
2127,45.1009,348,2.7,0.320,0.2437,44,0.036,0.53,-1.02,0.0662,0.0998,0.123
2128,43.2709,375,2.8,0.320,0.2490,46,0.034,0.58,-1.02,0.0663,0.1096,0.083
2129,42.1211,402,2.6,0.340,0.2677,48,0.033,0.62,-0.99,0.0714,0.1195,0.078
2130,35.5623,339,2.5,0.310,0.2682,44,0.036,0.52,-1.03,0.0681,0.1167,0.081
2131,43.3951,352,2.5,0.340,0.2516,46,0.034,0.54,-0.99,0.0651,0.0959,0.094
2132,47.2950,392,2.5,0.260,0.2640,48,0.033,0.60,-1.11,0.0685,0.1051,0.086
2133,49.8947,408,2.5,0.290,0.2651,47,0.033,0.63,-1.06,0.0651,0.1291,0.074
2134,34.5771,334,2.5,0.380,0.2575,44,0.036,0.51,-0.93,0.0678,0.1295,0.104
2135,35.1812,327,2.6,0.360,0.2602,43,0.036,0.50,-0.96,0.0677,0.1143,0.110
2136,38.5258,326,2.6,0.270,0.2614,43,0.036,0.50,-1.09,0.0672,0.1246,0.032
2137,44.4415,328,2.6,0.300,0.2315,47,0.033,0.50,-1.05,0.0684,0.1204,0.017
2138,37.3015,341,2.6,0.350,0.2241,49,0.032,0.52,-0.98,0.0697,0.1082,0.079
2139,45.1684,369,2.6,0.320,0.2334,47,0.033,0.57,-1.02,0.0665,0.1268,0.082
2140,49.5650,382,2.4,0.330,0.2224,45,0.035,0.59,-1.00,0.0641,0.1188,0.063
2141,48.4464,363,2.5,0.330,0.2390,43,0.036,0.56,-1.00,0.0681,0.1231,0.095
2142,42.1696,365,2.6,0.300,0.2387,44,0.036,0.56,-1.05,0.0657,0.1311,0.088
2143,39.0136,323,2.7,0.340,0.2524,45,0.035,0.50,-0.99,0.0660,0.1231,0.097
2144,33.3104,341,2.7,0.310,0.2619,42,0.037,0.52,-1.03,0.0690,0.1212,0.113
2145,41.1993,309,2.6,0.360,0.2691,48,0.033,0.47,-0.96,0.0659,0.1322,0.063
2146,47.7594,381,2.6,0.340,0.2730,47,0.033,0.58,-0.99,0.0667,0.1490,0.059
2147,47.8820,411,2.5,0.270,0.2633,44,0.036,0.63,-1.09,0.0666,0.1266,0.103
2148,35.1598,336,2.6,0.340,0.2580,44,0.036,0.52,-0.99,0.0677,0.1006,0.125
2149,35.8480,299,2.5,0.330,0.2813,43,0.036,0.46,-1.00,0.0636,0.1381,0.078
2150,41.9742,310,2.6,0.320,0.2792,47,0.033,0.48,-1.02,0.0696,0.1506,0.032
2151,48.7928,414,2.6,0.270,0.2528,43,0.036,0.64,-1.09,0.0638,0.1376,0.069
2152,39.6526,369,2.5,0.370,0.2327,41,0.038,0.57,-0.95,0.0662,0.1132,0.111
2153,44.8526,351,2.5,0.330,0.2189,46,0.034,0.54,-1.00,0.0668,0.1001,0.103
2154,36.7309,319,2.5,0.380,0.2357,46,0.034,0.49,-0.93,0.0689,0.1068,0.071
2155,48.0014,374,2.5,0.320,0.2556,45,0.035,0.57,-1.02,0.0695,0.1186,0.063
2156,38.9896,354,2.5,0.320,0.2399,38,0.041,0.54,-1.02,0.0683,0.1206,0.086
2157,46.8767,394,2.6,0.320,0.2518,44,0.036,0.61,-1.02,0.0696,0.1165,0.067
2158,44.1496,349,2.5,0.290,0.2652,48,0.033,0.54,-1.06,0.0680,0.1165,0.054
2159,48.0207,364,2.5,0.260,0.2769,47,0.033,0.56,-1.11,0.0668,0.1243,0.037
2160,41.9741,332,2.6,0.360,0.2685,44,0.036,0.51,-0.96,0.0697,0.1315,0.034
2161,40.1934,307,2.5,0.300,0.2712,51,0.031,0.47,-1.05,0.0666,0.1300,0.048
2162,26.3228,347,2.5,0.390,0.2750,46,0.034,0.53,-0.92,0.0632,0.1272,0.082
2163,44.8900,350,2.5,0.250,0.2670,44,0.036,0.54,-1.12,0.0646,0.1342,0.105
2164,32.6081,316,2.6,0.410,0.2695,47,0.033,0.49,-0.89,0.0657,0.1348,0.121
2165,33.9361,300,2.6,0.300,0.2654,47,0.033,0.46,-1.05,0.0727,0.1408,0.101
2166,31.0759,297,2.5,0.380,0.2822,46,0.034,0.46,-0.93,0.0677,0.1290,0.062
2167,37.7669,338,2.5,0.320,0.2438,49,0.032,0.52,-1.02,0.0686,0.1026,0.104
2168,49.0831,380,2.4,0.330,0.2182,48,0.033,0.58,-1.00,0.0662,0.1153,0.079
2169,37.4134,380,2.5,0.320,0.2305,44,0.036,0.58,-1.02,0.0689,0.1154,0.045
2170,41.0195,324,2.5,0.390,0.2530,45,0.035,0.50,-0.92,0.0707,0.1120,0.083
2171,27.4731,345,2.7,0.280,0.2616,47,0.033,0.53,-1.08,0.0712,0.1214,0.078
2172,31.1662,291,2.6,0.350,0.2485,46,0.034,0.45,-0.98,0.0714,0.1222,0.067
2173,34.2850,246,2.6,0.390,0.2752,47,0.033,0.38,-0.92,0.0640,0.1460,0.045
2174,44.5379,283,2.7,0.280,0.2799,45,0.035,0.44,-1.08,0.0661,0.1663,0.000
2175,38.3838,367,2.5,0.360,0.2708,46,0.034,0.56,-0.96,0.0701,0.1432,0.098
2176,32.6537,326,2.4,0.350,0.2644,47,0.033,0.50,-0.98,0.0678,0.1121,0.119
2177,52.5635,340,2.4,0.260,0.2579,46,0.034,0.52,-1.11,0.0737,0.1177,0.051
2178,24.9291,355,2.5,0.400,0.2770,44,0.036,0.55,-0.90,0.0708,0.1409,0.047
2179,49.4254,362,2.6,0.290,0.2662,41,0.038,0.56,-1.06,0.0688,0.1325,0.030
2180,33.8302,351,2.6,0.330,0.2475,48,0.033,0.54,-1.00,0.0720,0.1298,0.016
2181,33.9747,315,2.6,0.400,0.2560,48,0.033,0.48,-0.90,0.0672,0.1200,0.119
2182,49.2652,349,2.5,0.340,0.2506,45,0.035,0.54,-0.99,0.0642,0.1279,0.156
2183,44.8944,326,2.4,0.360,0.2422,47,0.033,0.50,-0.96,0.0633,0.1323,0.065
2184,45.7951,383,2.5,0.280,0.2527,47,0.033,0.59,-1.08,0.0653,0.1142,0.033
2185,36.8343,347,2.6,0.430,0.2479,45,0.035,0.53,-0.86,0.0690,0.0972,0.062
2186,41.3351,354,2.5,0.240,0.2508,47,0.033,0.54,-1.14,0.0680,0.1064,0.083
2187,34.7933,353,2.6,0.340,0.2715,46,0.034,0.54,-0.99,0.0684,0.1453,0.054
2188,38.3768,320,2.5,0.290,0.2681,46,0.034,0.49,-1.06,0.0673,0.1465,0.049
2189,51.0018,380,2.4,0.310,0.2630,45,0.035,0.58,-1.03,0.0648,0.1233,0.088
2190,43.9596,372,2.4,0.310,0.2816,47,0.033,0.57,-1.03,0.0680,0.1117,0.085
2191,41.6946,319,2.4,0.300,0.2512,48,0.033,0.49,-1.05,0.0651,0.1175,0.069
2192,36.7126,328,2.5,0.330,0.2625,46,0.034,0.50,-1.00,0.0665,0.1181,0.102
2193,40.6504,362,2.6,0.310,0.2680,47,0.033,0.56,-1.03,0.0702,0.1232,0.103
2194,44.1366,319,2.5,0.420,0.2665,49,0.032,0.49,-0.87,0.0668,0.1318,0.061
2195,41.4109,365,2.5,0.300,0.2597,48,0.033,0.56,-1.05,0.0672,0.1293,0.060
2196,29.9187,316,2.5,0.370,0.2584,48,0.033,0.49,-0.95,0.0641,0.1353,0.079
2197,33.1354,348,2.5,0.350,0.2522,45,0.035,0.54,-0.98,0.0653,0.1310,0.091
2198,43.8822,345,2.5,0.360,0.2363,46,0.034,0.53,-0.96,0.0694,0.1193,0.104
2199,36.8971,336,2.6,0.310,0.2550,43,0.036,0.52,-1.03,0.0667,0.1207,0.077
2200,50.6537,374,2.6,0.370,0.2586,45,0.035,0.57,-0.95,0.0686,0.1331,0.032
2201,46.0068,373,2.5,0.230,0.2476,46,0.034,0.57,-1.16,0.0656,0.1338,0.019
2202,49.3988,381,2.4,0.360,0.2570,48,0.033,0.59,-0.96,0.0656,0.1295,0.019
2203,47.7640,387,2.5,0.310,0.2650,47,0.033,0.59,-1.03,0.0631,0.1384,0.069
2204,32.8365,327,2.4,0.330,0.2689,44,0.036,0.50,-1.00,0.0653,0.1344,0.100
2205,44.0830,351,2.4,0.350,0.2692,43,0.036,0.54,-0.98,0.0634,0.1300,0.048
2206,50.0443,394,2.6,0.340,0.2531,46,0.034,0.60,-0.99,0.0686,0.1258,0.016
2207,37.4653,317,2.7,0.350,0.2499,45,0.035,0.49,-0.98,0.0668,0.1213,0.015
2208,36.3750,309,2.6,0.300,0.2706,45,0.035,0.48,-1.05,0.0671,0.1374,0.050
2209,41.0720,320,2.5,0.340,0.2634,46,0.034,0.49,-0.99,0.0670,0.1395,0.049
2210,35.9334,366,2.4,0.410,0.2401,46,0.034,0.56,-0.89,0.0709,0.1213,0.082
2211,33.2528,327,2.5,0.320,0.2217,49,0.032,0.50,-1.02,0.0678,0.1077,0.113
2212,44.3492,365,2.4,0.330,0.2299,47,0.033,0.56,-1.00,0.0656,0.1042,0.125
2213,40.9590,382,2.4,0.330,0.2512,46,0.034,0.59,-1.00,0.0699,0.1215,0.109
2214,42.5694,374,2.6,0.310,0.2485,50,0.031,0.57,-1.03,0.0675,0.1203,0.086
2215,36.0047,324,2.6,0.350,0.2508,49,0.032,0.50,-0.98,0.0698,0.1134,0.102
2216,39.7823,356,2.5,0.280,0.2582,50,0.031,0.55,-1.08,0.0664,0.1269,0.086
2217,37.4263,350,2.5,0.380,0.2451,47,0.033,0.54,-0.93,0.0708,0.1312,0.070
2218,34.2154,293,2.5,0.320,0.2408,44,0.036,0.45,-1.02,0.0696,0.1185,0.098
2219,49.7524,367,2.5,0.380,0.2484,48,0.033,0.56,-0.93,0.0730,0.1275,0.094
2220,37.1792,342,2.5,0.310,0.2794,44,0.036,0.53,-1.03,0.0679,0.1245,0.081
2221,43.0252,352,2.5,0.350,0.2659,48,0.033,0.54,-0.98,0.0663,0.1138,0.097
2222,47.0975,370,2.6,0.270,0.2618,45,0.035,0.57,-1.09,0.0633,0.1375,0.066
2223,40.3861,389,2.6,0.370,0.2812,47,0.033,0.60,-0.95,0.0658,0.1377,0.063
2224,41.1113,376,2.5,0.330,0.2665,49,0.032,0.58,-1.00,0.0635,0.1158,0.074
2225,34.2465,315,2.4,0.300,0.2530,46,0.034,0.48,-1.05,0.0657,0.0937,0.098
2226,45.0797,337,2.6,0.280,0.2483,46,0.034,0.52,-1.08,0.0653,0.1180,0.089
2227,48.4839,382,2.4,0.390,0.2701,48,0.033,0.59,-0.92,0.0687,0.1205,0.100
2228,50.9817,406,2.4,0.240,0.2524,49,0.032,0.62,-1.14,0.0673,0.1049,0.086
2229,39.3738,386,2.5,0.310,0.2516,47,0.033,0.59,-1.03,0.0696,0.1058,0.082
2230,48.0798,339,2.6,0.230,0.2527,46,0.034,0.52,-1.16,0.0638,0.0958,0.125
2231,46.3169,373,2.5,0.340,0.2409,46,0.034,0.57,-0.99,0.0674,0.1229,0.075
2232,38.0759,328,2.5,0.310,0.2468,44,0.036,0.50,-1.03,0.0653,0.1286,0.049
2233,37.8461,344,2.5,0.390,0.2431,46,0.034,0.53,-0.92,0.0660,0.1241,0.090
2234,42.0695,339,2.5,0.340,0.2579,47,0.033,0.52,-0.99,0.0669,0.1240,0.118
2235,47.9629,376,2.5,0.300,0.2581,50,0.031,0.58,-1.05,0.0689,0.1249,0.082
2236,41.5533,384,2.6,0.340,0.2472,42,0.037,0.59,-0.99,0.0664,0.1179,0.048
2237,38.2276,335,2.6,0.370,0.2695,46,0.034,0.51,-0.95,0.0675,0.1146,0.061
2238,39.8340,330,2.5,0.310,0.2648,48,0.033,0.51,-1.03,0.0640,0.1230,0.076
2239,40.9761,354,2.4,0.360,0.2732,47,0.033,0.54,-0.96,0.0647,0.1223,0.091
2240,44.8854,388,2.3,0.270,0.2643,44,0.036,0.60,-1.09,0.0660,0.1042,0.115
2241,38.1694,361,2.4,0.410,0.2512,45,0.035,0.55,-0.89,0.0674,0.0943,0.108
2242,42.0032,313,2.4,0.260,0.2803,48,0.033,0.48,-1.11,0.0663,0.0998,0.081
2243,44.2583,390,2.6,0.330,0.2651,47,0.033,0.60,-1.00,0.0669,0.1132,0.071
2244,40.1201,359,2.6,0.310,0.2554,45,0.035,0.55,-1.03,0.0654,0.1192,0.083
2245,43.9752,359,2.5,0.330,0.2405,48,0.033,0.55,-1.00,0.0669,0.1219,0.103
2246,56.8572,414,2.5,0.240,0.2523,48,0.033,0.64,-1.14,0.0712,0.1517,0.075
2247,45.8311,368,2.5,0.300,0.2605,47,0.033,0.57,-1.05,0.0698,0.1589,0.098
2248,36.2566,391,2.6,0.330,0.2425,48,0.033,0.60,-1.00,0.0720,0.1151,0.103
2249,47.0276,368,2.6,0.330,0.2508,50,0.031,0.57,-1.00,0.0677,0.1126,0.082
2250,35.0498,336,2.7,0.310,0.2684,50,0.031,0.52,-1.03,0.0666,0.1100,0.048
2251,39.7155,351,2.7,0.360,0.2766,44,0.036,0.54,-0.96,0.0708,0.1171,0.077
2252,43.2461,344,2.6,0.360,0.2701,47,0.033,0.53,-0.96,0.0673,0.1322,0.070
2253,35.9199,325,2.5,0.310,0.2845,51,0.031,0.50,-1.03,0.0671,0.1211,0.000
2254,44.8255,334,2.3,0.330,0.2787,48,0.033,0.51,-1.00,0.0655,0.1172,0.081
2255,48.9032,389,2.3,0.310,0.2590,46,0.034,0.60,-1.03,0.0713,0.1118,0.125
2256,48.9992,367,2.4,0.330,0.2618,49,0.032,0.56,-1.00,0.0669,0.1048,0.068
2257,43.0310,389,2.5,0.310,0.2656,48,0.033,0.60,-1.03,0.0681,0.1112,0.070
2258,40.1344,361,2.5,0.370,0.2745,47,0.033,0.55,-0.95,0.0671,0.1359,0.075
2259,31.0364,339,2.5,0.340,0.2441,44,0.036,0.52,-0.99,0.0687,0.1236,0.061
2260,40.9862,337,2.4,0.380,0.2583,44,0.036,0.52,-0.93,0.0704,0.1112,0.074
2261,51.3907,388,2.4,0.280,0.2527,46,0.034,0.60,-1.08,0.0688,0.1344,0.063
2262,40.9778,345,2.5,0.330,0.2587,44,0.036,0.53,-1.00,0.0664,0.1277,0.036
2263,52.1038,354,2.5,0.320,0.2526,44,0.036,0.54,-1.02,0.0672,0.1327,0.051
2264,41.1562,403,2.8,0.310,0.2736,50,0.031,0.62,-1.03,0.0682,0.1344,0.069
2265,43.3832,409,2.8,0.340,0.2699,48,0.033,0.63,-0.99,0.0666,0.1215,0.121
2266,47.5850,399,2.6,0.260,0.2742,48,0.033,0.61,-1.11,0.0690,0.1331,0.107
2267,50.6100,405,2.6,0.290,0.2718,47,0.033,0.62,-1.06,0.0711,0.1398,0.038
2268,54.1662,398,2.5,0.300,0.2630,49,0.032,0.61,-1.05,0.0668,0.1269,0.055
2269,43.1701,378,2.4,0.320,0.2477,49,0.032,0.58,-1.02,0.0672,0.1066,0.052
2270,49.5384,366,2.4,0.290,0.2609,45,0.035,0.56,-1.06,0.0666,0.0929,0.052
2271,53.5325,391,2.5,0.330,0.2751,45,0.035,0.60,-1.00,0.0665,0.0930,0.085
2272,43.5275,392,2.6,0.280,0.2744,45,0.035,0.60,-1.08,0.0668,0.1072,0.088
2273,33.1143,288,2.5,0.390,0.3012,48,0.033,0.44,-0.92,0.0682,0.1305,0.083
2274,41.4329,346,2.4,0.300,0.2781,50,0.031,0.53,-1.05,0.0666,0.1280,0.065
2275,43.3627,345,2.5,0.370,0.2661,50,0.031,0.53,-0.95,0.0648,0.1229,0.049
2276,37.2686,321,2.5,0.330,0.2530,45,0.035,0.49,-1.00,0.0681,0.1297,0.065
2277,43.4729,339,2.5,0.330,0.2492,44,0.036,0.52,-1.00,0.0692,0.1310,0.082
2278,41.7853,398,2.7,0.360,0.2524,46,0.034,0.61,-0.96,0.0655,0.1416,0.087
2279,41.5592,360,2.7,0.320,0.2613,47,0.033,0.55,-1.02,0.0695,0.1356,0.090
2280,36.7250,313,2.7,0.330,0.2562,44,0.036,0.48,-1.00,0.0697,0.1066,0.111
2281,35.6017,354,2.6,0.330,0.2831,43,0.036,0.54,-1.00,0.0726,0.1223,0.123
2282,44.0551,374,2.6,0.350,0.2765,44,0.036,0.57,-0.98,0.0694,0.1349,0.104
2283,56.9086,392,2.5,0.270,0.2450,48,0.033,0.60,-1.09,0.0660,0.1209,0.113
2284,55.9695,391,2.4,0.330,0.2617,48,0.033,0.60,-1.00,0.0710,0.1316,0.150
2285,44.8102,379,2.5,0.280,0.2815,45,0.035,0.58,-1.08,0.0639,0.1361,0.136
2286,37.1579,386,2.6,0.360,0.2703,45,0.035,0.59,-0.96,0.0688,0.1115,0.089
2287,46.7983,359,2.5,0.270,0.2662,44,0.036,0.55,-1.09,0.0684,0.1092,0.088
2288,41.2751,365,2.5,0.350,0.2504,46,0.034,0.56,-0.98,0.0652,0.1044,0.102
2289,48.4665,403,2.4,0.300,0.2596,46,0.034,0.62,-1.05,0.0663,0.1099,0.068
2290,45.8905,377,2.5,0.270,0.2582,44,0.036,0.58,-1.09,0.0646,0.1290,0.038
2291,49.5990,373,2.5,0.310,0.2378,44,0.036,0.57,-1.03,0.0671,0.1282,0.055
2292,38.2008,342,2.4,0.320,0.2419,44,0.036,0.53,-1.02,0.0678,0.1319,0.066
2293,45.1014,383,2.7,0.340,0.2559,44,0.036,0.59,-0.99,0.0692,0.1305,0.111
2294,33.0473,331,2.8,0.360,0.2666,45,0.035,0.51,-0.96,0.0673,0.1258,0.118
2295,37.6397,297,2.7,0.360,0.2557,47,0.033,0.46,-0.96,0.0672,0.1278,0.043
2296,52.0998,419,2.5,0.310,0.2602,47,0.033,0.64,-1.03,0.0686,0.1215,0.048
2297,51.2741,392,2.5,0.300,0.2481,46,0.034,0.60,-1.05,0.0674,0.1109,0.119
2298,47.7866,421,2.4,0.290,0.2607,47,0.033,0.65,-1.06,0.0661,0.1085,0.190
2299,45.6203,366,2.3,0.350,0.2628,41,0.038,0.56,-0.98,0.0671,0.0932,0.210
2300,50.9244,414,2.5,0.250,0.2676,45,0.035,0.64,-1.12,0.0675,0.0930,0.125
2301,47.7957,349,2.5,0.320,0.2650,47,0.033,0.54,-1.02,0.0687,0.0991,0.073
2302,45.6026,332,2.5,0.360,0.2560,44,0.036,0.51,-0.96,0.0632,0.0938,0.075
2303,45.4020,397,2.4,0.330,0.2547,42,0.037,0.61,-1.00,0.0659,0.0975,0.136
2304,49.8730,386,2.5,0.250,0.2669,47,0.033,0.59,-1.12,0.0659,0.1042,0.172
2305,37.6467,358,2.5,0.390,0.2664,46,0.034,0.55,-0.92,0.0631,0.1166,0.105
2306,43.5120,373,2.5,0.290,0.2545,47,0.033,0.57,-1.06,0.0695,0.1146,0.133
2307,40.0072,327,2.7,0.330,0.2628,45,0.035,0.50,-1.00,0.0640,0.1244,0.119
2308,34.9010,305,2.7,0.400,0.2638,48,0.033,0.47,-0.90,0.0641,0.1379,0.043
2309,38.5899,313,2.7,0.340,0.2820,46,0.034,0.48,-0.99,0.0653,0.1267,0.042
2310,40.3160,375,2.6,0.360,0.2711,44,0.036,0.58,-0.96,0.0685,0.1238,0.092
2311,52.0242,398,2.5,0.300,0.2802,47,0.033,0.61,-1.05,0.0658,0.1294,0.098
2312,44.9238,350,2.5,0.380,0.2573,47,0.033,0.54,-0.93,0.0720,0.1143,0.081
2313,43.1464,373,2.5,0.320,0.2448,45,0.035,0.57,-1.02,0.0642,0.0854,0.123
2314,55.7416,376,2.5,0.340,0.2626,44,0.036,0.58,-0.99,0.0668,0.0929,0.109
2315,39.0436,397,2.6,0.360,0.2737,42,0.037,0.61,-0.96,0.0677,0.1048,0.032
2316,33.5271,323,2.7,0.300,0.2653,47,0.033,0.50,-1.05,0.0695,0.1151,0.066
2317,30.3616,312,2.6,0.390,0.2409,44,0.036,0.48,-0.92,0.0690,0.1056,0.136
2318,43.0769,339,2.5,0.270,0.2306,45,0.035,0.52,-1.09,0.0685,0.0993,0.125
2319,39.4952,315,2.5,0.340,0.2418,47,0.033,0.48,-0.99,0.0699,0.1244,0.069
2320,45.2655,343,2.5,0.280,0.2457,46,0.034,0.53,-1.08,0.0688,0.1335,0.054
2321,44.6243,341,2.4,0.310,0.2557,42,0.037,0.52,-1.03,0.0673,0.1242,0.089
2322,26.1424,315,2.7,0.460,0.2729,44,0.036,0.48,-0.81,0.0664,0.1058,0.066
2323,37.8439,344,2.8,0.230,0.2635,47,0.033,0.53,-1.16,0.0644,0.0979,0.072
2324,43.4367,362,2.6,0.350,0.2799,48,0.033,0.56,-0.98,0.0633,0.1133,0.133
2325,47.3439,428,2.5,0.290,0.2749,46,0.034,0.66,-1.06,0.0679,0.1150,0.097
2326,48.3256,390,2.5,0.330,0.2816,46,0.034,0.60,-1.00,0.0667,0.1066,0.053
2327,37.0397,340,2.5,0.290,0.2771,43,0.036,0.52,-1.06,0.0679,0.1039,0.056
2328,50.2403,369,2.5,0.370,0.2772,45,0.035,0.57,-0.95,0.0640,0.1108,0.115
2329,49.1408,418,2.6,0.240,0.2787,44,0.036,0.64,-1.14,0.0630,0.1216,0.136
2330,36.9826,309,2.7,0.330,0.2772,45,0.035,0.47,-1.00,0.0688,0.1022,0.107
2331,28.7774,320,2.7,0.350,0.2550,46,0.034,0.49,-0.98,0.0683,0.0806,0.141
2332,39.9793,325,2.5,0.310,0.2430,45,0.035,0.50,-1.03,0.0677,0.1074,0.145
2333,42.7784,364,2.4,0.400,0.2522,43,0.036,0.56,-0.90,0.0674,0.1197,0.119
2334,43.4861,351,2.4,0.270,0.2531,46,0.034,0.54,-1.09,0.0708,0.1015,0.129
2335,43.0162,349,2.5,0.380,0.2520,46,0.034,0.54,-0.93,0.0692,0.1247,0.117
2336,42.4280,397,2.7,0.280,0.2525,45,0.035,0.61,-1.08,0.0698,0.1324,0.095
2337,46.1524,379,2.7,0.360,0.2700,49,0.032,0.58,-0.96,0.0649,0.1295,0.048
2338,35.7542,293,2.7,0.430,0.2800,47,0.033,0.45,-0.86,0.0678,0.1155,0.081
2339,48.6206,340,2.6,0.340,0.2721,48,0.033,0.52,-0.99,0.0695,0.0991,0.111
2340,57.4501,431,2.5,0.290,0.2663,49,0.032,0.66,-1.06,0.0673,0.1108,0.129
2341,46.7325,416,2.4,0.300,0.2640,47,0.033,0.64,-1.05,0.0662,0.1372,0.119
2342,48.9863,365,2.5,0.360,0.2635,43,0.036,0.56,-0.96,0.0645,0.1260,0.078
2343,47.3954,409,2.6,0.310,0.2474,47,0.033,0.63,-1.03,0.0663,0.1117,0.049
2344,44.5944,392,2.6,0.320,0.2667,46,0.034,0.60,-1.02,0.0658,0.1356,0.103
2345,35.1524,344,2.5,0.320,0.2589,45,0.035,0.53,-1.02,0.0670,0.1391,0.119
2346,34.6172,314,2.5,0.410,0.2360,43,0.036,0.48,-0.89,0.0673,0.1105,0.119
2347,45.2468,347,2.5,0.250,0.2323,45,0.035,0.53,-1.12,0.0698,0.1111,0.115
2348,46.5631,356,2.5,0.380,0.2536,46,0.034,0.55,-0.93,0.0720,0.1236,0.065
2349,42.3589,372,2.5,0.320,0.2677,43,0.036,0.57,-1.02,0.0687,0.1274,0.071
2350,42.4339,349,2.4,0.210,0.2560,45,0.035,0.54,-1.19,0.0639,0.1365,0.057
2351,41.5085,360,2.6,0.350,0.2685,45,0.035,0.55,-0.98,0.0655,0.1369,0.074
2352,39.2893,336,2.7,0.320,0.2773,47,0.033,0.52,-1.02,0.0663,0.1307,0.065
2353,54.5113,406,2.5,0.260,0.2748,45,0.035,0.62,-1.11,0.0684,0.1262,0.036
2354,47.8769,425,2.5,0.300,0.2649,47,0.033,0.65,-1.05,0.0685,0.1164,0.111
2355,48.9674,412,2.4,0.360,0.2794,47,0.033,0.63,-0.96,0.0708,0.1159,0.113
2356,47.6326,395,2.5,0.340,0.2795,46,0.034,0.61,-0.99,0.0686,0.1095,0.076
2357,49.1980,398,2.6,0.270,0.2723,45,0.035,0.61,-1.09,0.0681,0.1014,0.100
2358,34.8233,352,2.7,0.340,0.2777,46,0.034,0.54,-0.99,0.0707,0.1215,0.070
2359,29.1568,309,2.7,0.360,0.2551,43,0.036,0.48,-0.96,0.0637,0.1168,0.061
2360,33.3195,299,2.6,0.380,0.2510,45,0.035,0.46,-0.93,0.0676,0.1150,0.086
2361,46.3560,332,2.5,0.300,0.2244,50,0.031,0.51,-1.05,0.0679,0.1208,0.111
2362,46.7686,422,2.5,0.370,0.2248,45,0.035,0.65,-0.95,0.0666,0.1149,0.094
2363,37.5529,358,2.6,0.270,0.2510,43,0.036,0.55,-1.09,0.0721,0.1278,0.065
2364,54.2838,380,2.4,0.330,0.2596,43,0.036,0.58,-1.00,0.0627,0.1200,0.035
2365,41.6368,395,2.6,0.370,0.2702,46,0.034,0.61,-0.95,0.0672,0.1168,0.031
2366,36.3782,323,2.6,0.310,0.2688,45,0.035,0.50,-1.03,0.0668,0.1170,0.066
2367,45.9379,341,2.5,0.350,0.2744,45,0.035,0.52,-0.98,0.0673,0.1234,0.067
2368,52.7575,376,2.5,0.300,0.2646,44,0.036,0.58,-1.05,0.0635,0.1360,0.051
2369,48.7478,402,2.5,0.320,0.2759,44,0.036,0.62,-1.02,0.0684,0.1361,0.103
2370,54.1703,395,2.5,0.300,0.2845,47,0.033,0.61,-1.05,0.0705,0.1223,0.102
2371,36.8140,365,2.4,0.350,0.2834,47,0.033,0.56,-0.98,0.0699,0.1041,0.111
2372,46.0309,378,2.5,0.320,0.2785,44,0.036,0.58,-1.02,0.0662,0.1303,0.091
2373,30.3539,350,2.7,0.330,0.2679,49,0.032,0.54,-1.00,0.0702,0.1493,0.066
2374,41.1717,329,2.7,0.320,0.2682,47,0.033,0.51,-1.02,0.0675,0.1382,0.083
2375,35.1997,349,2.5,0.400,0.2400,49,0.032,0.54,-0.90,0.0653,0.1296,0.045
2376,43.2599,356,2.5,0.300,0.2488,48,0.033,0.55,-1.05,0.0650,0.1195,0.076
2377,46.8999,371,2.5,0.350,0.2566,47,0.033,0.57,-0.98,0.0720,0.1209,0.066
2378,44.8106,344,2.5,0.290,0.2642,45,0.035,0.53,-1.06,0.0659,0.1178,0.097
2379,43.6740,367,2.6,0.350,0.2526,46,0.034,0.56,-0.98,0.0669,0.1209,0.131
2380,44.4633,373,2.7,0.290,0.2570,47,0.033,0.57,-1.06,0.0657,0.1336,0.017
2381,45.0686,385,2.6,0.330,0.2810,46,0.034,0.59,-1.00,0.0691,0.1336,0.034
2382,40.8677,339,2.5,0.370,0.2710,46,0.034,0.52,-0.95,0.0663,0.1189,0.119
2383,47.7580,366,2.5,0.330,0.2728,46,0.034,0.56,-1.00,0.0613,0.1235,0.132
2384,55.6170,421,2.5,0.370,0.2751,47,0.033,0.65,-0.95,0.0687,0.1362,0.118
2385,48.7030,411,2.5,0.270,0.2818,45,0.035,0.63,-1.09,0.0664,0.1241,0.100
2386,36.4781,383,2.6,0.360,0.2588,44,0.036,0.59,-0.96,0.0652,0.0886,0.050
2387,43.9876,340,2.8,0.260,0.2651,45,0.035,0.52,-1.11,0.0656,0.1024,0.049
2388,42.0572,326,2.8,0.340,0.2766,45,0.035,0.50,-0.99,0.0703,0.1490,0.049
2389,39.3805,330,2.6,0.290,0.2807,45,0.035,0.51,-1.06,0.0640,0.1496,0.097
2390,42.8457,349,2.5,0.390,0.2606,51,0.031,0.54,-0.92,0.0678,0.1261,0.077
2391,41.9063,355,2.5,0.330,0.2566,47,0.033,0.55,-1.00,0.0623,0.1260,0.076
2392,42.2150,337,2.5,0.350,0.2496,42,0.037,0.52,-0.98,0.0689,0.1268,0.125
2393,48.5501,421,2.6,0.320,0.2596,47,0.033,0.65,-1.02,0.0693,0.1062,0.092
2394,40.6559,406,2.6,0.330,0.2763,47,0.033,0.62,-1.00,0.0683,0.1194,0.016
2395,51.8959,369,2.6,0.250,0.2650,46,0.034,0.57,-1.12,0.0695,0.1340,0.019
2396,55.2874,436,2.6,0.240,0.2704,48,0.033,0.67,-1.14,0.0656,0.1341,0.070
2397,49.2200,386,2.5,0.340,0.2668,41,0.038,0.59,-0.99,0.0661,0.1268,0.151
2398,48.7109,359,2.4,0.300,0.2563,45,0.035,0.55,-1.05,0.0670,0.1136,0.183
2399,44.5807,347,2.5,0.390,0.2499,49,0.032,0.53,-0.92,0.0654,0.1176,0.121
2400,39.6435,366,2.6,0.250,0.2699,45,0.035,0.56,-1.12,0.0695,0.1359,0.081
2401,32.7371,351,2.7,0.370,0.2869,46,0.034,0.54,-0.95,0.0659,0.1480,0.100
2402,38.2973,312,2.7,0.270,0.2830,44,0.036,0.48,-1.09,0.0664,0.1339,0.063
2403,35.8395,347,2.7,0.350,0.2806,48,0.033,0.53,-0.98,0.0658,0.1252,0.065
2404,38.3444,319,2.6,0.300,0.2641,47,0.033,0.49,-1.05,0.0688,0.1151,0.062
2405,55.2109,375,2.5,0.330,0.2316,47,0.033,0.58,-1.00,0.0669,0.1227,0.034
2406,48.7121,404,2.5,0.300,0.2370,47,0.033,0.62,-1.05,0.0727,0.1173,0.069
2407,43.5773,392,2.6,0.260,0.2623,49,0.032,0.60,-1.11,0.0649,0.0842,0.080
2408,42.1946,361,2.6,0.360,0.2552,45,0.035,0.56,-0.96,0.0690,0.1034,0.070
2409,60.1112,433,2.6,0.170,0.2648,45,0.035,0.67,-1.24,0.0669,0.1212,0.118
2410,52.7221,449,2.6,0.320,0.2803,44,0.036,0.69,-1.02,0.0670,0.1367,0.087
2411,53.6492,396,2.6,0.270,0.2727,45,0.035,0.61,-1.09,0.0713,0.1406,0.089
2412,55.3615,417,2.5,0.330,0.2797,44,0.036,0.64,-1.00,0.0653,0.1285,0.068
2413,47.9206,399,2.5,0.270,0.2727,46,0.034,0.61,-1.09,0.0648,0.1107,0.033
2414,38.0323,348,2.6,0.340,0.2469,48,0.033,0.53,-0.99,0.0670,0.1004,0.050
2415,34.4424,346,2.6,0.330,0.2691,45,0.035,0.53,-1.00,0.0666,0.1133,0.047
2416,32.0548,284,2.6,0.340,0.2602,47,0.033,0.44,-0.99,0.0682,0.1192,0.095
2417,36.4676,297,2.7,0.360,0.2525,48,0.033,0.46,-0.96,0.0684,0.1297,0.111
2418,42.6949,366,2.6,0.310,0.2679,47,0.033,0.56,-1.03,0.0661,0.1288,0.032
2419,35.2903,359,2.5,0.350,0.2333,49,0.032,0.55,-0.98,0.0680,0.1183,0.015
2420,45.4964,366,2.4,0.350,0.2390,50,0.031,0.56,-0.98,0.0703,0.1223,0.062
2421,51.6200,389,2.5,0.340,0.2565,44,0.036,0.60,-0.99,0.0646,0.1460,0.098
2422,47.1505,439,2.5,0.300,0.2498,48,0.033,0.68,-1.05,0.0659,0.1315,0.190
2423,45.0949,364,2.6,0.280,0.2630,47,0.033,0.56,-1.08,0.0644,0.1113,0.170
2424,43.6625,346,2.5,0.270,0.2671,46,0.034,0.53,-1.09,0.0675,0.1360,0.059
2425,36.9568,337,2.5,0.320,0.2545,47,0.033,0.52,-1.02,0.0697,0.1348,0.132
2426,48.9337,377,2.5,0.350,0.2673,47,0.033,0.58,-0.98,0.0665,0.1507,0.098
2427,44.4114,353,2.4,0.360,0.2843,49,0.032,0.54,-0.96,0.0693,0.1645,0.030
2428,39.9826,310,2.4,0.380,0.2824,47,0.033,0.48,-0.93,0.0706,0.1605,0.059
2429,40.0598,354,2.5,0.200,0.2901,48,0.033,0.54,-1.20,0.0665,0.1382,0.094
2430,43.9991,360,2.8,0.390,0.2802,45,0.035,0.55,-0.92,0.0677,0.1487,0.036
2431,33.3661,312,2.7,0.310,0.2841,48,0.033,0.48,-1.03,0.0663,0.1467,0.015
2432,31.5983,345,2.5,0.410,0.2646,45,0.035,0.53,-0.89,0.0678,0.1217,0.087
2433,46.8565,355,2.5,0.310,0.2684,49,0.032,0.55,-1.03,0.0682,0.1365,0.072
2434,47.1221,383,2.3,0.360,0.2509,48,0.033,0.59,-0.96,0.0638,0.1426,0.031
2435,37.3601,328,2.5,0.320,0.2454,47,0.033,0.50,-1.02,0.0687,0.1317,0.077
2436,43.8887,371,2.6,0.330,0.2729,47,0.033,0.57,-1.00,0.0640,0.1320,0.103
2437,44.0751,358,2.6,0.380,0.2895,48,0.033,0.55,-0.93,0.0681,0.1567,0.109
2438,40.3058,369,2.6,0.260,0.2870,45,0.035,0.57,-1.11,0.0679,0.1627,0.091
2439,44.6643,368,2.4,0.260,0.2651,45,0.035,0.57,-1.11,0.0653,0.1407,0.043
2440,58.5498,414,2.4,0.290,0.2718,46,0.034,0.64,-1.06,0.0685,0.1144,0.042
2441,40.5211,363,2.5,0.370,0.2748,49,0.032,0.56,-0.95,0.0668,0.1121,0.100
2442,45.1975,364,2.5,0.280,0.2801,50,0.031,0.56,-1.08,0.0649,0.1225,0.079
2443,38.4667,336,2.5,0.310,0.2629,48,0.033,0.52,-1.03,0.0654,0.1320,0.034
2444,47.7893,333,2.7,0.360,0.2828,46,0.034,0.51,-0.96,0.0697,0.1247,0.076
2445,49.5317,354,2.7,0.330,0.2924,48,0.033,0.54,-1.00,0.0652,0.1426,0.090
2446,37.4225,337,2.5,0.370,0.2680,49,0.032,0.52,-0.95,0.0646,0.1432,0.154
2447,33.3652,355,2.5,0.320,0.2738,43,0.036,0.55,-1.02,0.0635,0.1227,0.161
2448,35.1849,365,2.5,0.370,0.2650,44,0.036,0.56,-0.95,0.0691,0.1016,0.095
2449,43.5653,324,2.5,0.340,0.2511,43,0.036,0.50,-0.99,0.0663,0.1061,0.061
2450,60.2527,434,2.4,0.320,0.2462,51,0.031,0.67,-1.02,0.0708,0.1211,0.065
2451,45.5072,398,2.5,0.330,0.2507,51,0.031,0.61,-1.00,0.0690,0.1128,0.097
2452,42.7834,341,2.5,0.320,0.2733,49,0.032,0.52,-1.02,0.0672,0.1296,0.066
2453,44.7997,337,2.6,0.350,0.2851,47,0.033,0.52,-0.98,0.0645,0.1513,0.031
2454,41.5207,390,2.5,0.260,0.2839,47,0.033,0.60,-1.11,0.0694,0.1448,0.049
2455,41.7246,379,2.5,0.340,0.2690,47,0.033,0.58,-0.99,0.0704,0.1344,0.055
2456,41.2833,344,2.5,0.400,0.2613,47,0.033,0.53,-0.90,0.0680,0.1311,0.060
2457,45.5028,369,2.4,0.280,0.2719,48,0.033,0.57,-1.08,0.0665,0.1428,0.047
2458,43.9159,379,2.7,0.340,0.2765,45,0.035,0.58,-0.99,0.0669,0.1380,0.034
2459,41.6540,346,2.7,0.310,0.2781,49,0.032,0.53,-1.03,0.0651,0.1275,0.049
2460,47.7941,337,2.7,0.400,0.2770,48,0.033,0.52,-0.90,0.0670,0.1391,0.048
2461,45.7246,371,2.6,0.220,0.2639,46,0.034,0.57,-1.17,0.0660,0.1397,0.083
2462,39.5788,345,2.4,0.450,0.2484,47,0.033,0.53,-0.83,0.0699,0.1253,0.077
2463,44.0318,346,2.4,0.220,0.2634,43,0.036,0.53,-1.17,0.0666,0.1261,0.061
2464,43.3141,363,2.5,0.350,0.2899,46,0.034,0.56,-0.98,0.0651,0.1379,0.088
2465,43.1415,361,2.5,0.240,0.2630,43,0.036,0.56,-1.14,0.0672,0.1161,0.085
2466,43.1739,370,2.5,0.320,0.2499,47,0.033,0.57,-1.02,0.0697,0.1000,0.127
2467,49.5340,380,2.5,0.280,0.2694,52,0.030,0.58,-1.08,0.0660,0.1144,0.143
2468,38.5363,360,2.6,0.330,0.2752,48,0.033,0.55,-1.00,0.0660,0.1226,0.143
2469,55.2809,384,2.5,0.300,0.2661,47,0.033,0.59,-1.05,0.0665,0.1566,0.102
2470,40.3770,389,2.5,0.330,0.2531,47,0.033,0.60,-1.00,0.0697,0.1483,0.052
2471,39.7722,362,2.5,0.310,0.2549,49,0.032,0.56,-1.03,0.0659,0.1101,0.086
2472,37.5170,325,2.6,0.390,0.2597,48,0.033,0.50,-0.92,0.0663,0.1271,0.079
2473,43.4208,361,2.7,0.300,0.2643,48,0.033,0.55,-1.05,0.0715,0.1247,0.062
2474,39.3361,385,2.6,0.310,0.2674,49,0.032,0.59,-1.03,0.0646,0.1065,0.133
2475,54.2653,390,2.5,0.230,0.3031,45,0.035,0.60,-1.16,0.0692,0.1210,0.135
2476,44.2287,381,2.4,0.370,0.2738,46,0.034,0.58,-0.95,0.0699,0.1221,0.069
2477,51.5578,398,2.4,0.180,0.2672,46,0.034,0.61,-1.23,0.0707,0.1113,0.074
2478,49.1420,357,2.3,0.380,0.2961,45,0.035,0.55,-0.93,0.0680,0.1317,0.055
2479,51.0249,370,2.5,0.280,0.3119,43,0.036,0.57,-1.08,0.0696,0.1145,0.081
2480,39.5135,371,2.5,0.290,0.2878,45,0.035,0.57,-1.06,0.0690,0.0894,0.077
2481,48.6853,366,2.5,0.310,0.2862,48,0.033,0.56,-1.03,0.0703,0.1192,0.088
2482,39.1952,345,2.6,0.400,0.2736,48,0.033,0.53,-0.90,0.0670,0.1332,0.077
2483,40.4409,357,2.5,0.240,0.2728,46,0.034,0.55,-1.14,0.0662,0.1205,0.066
2484,56.8524,381,2.3,0.300,0.2685,47,0.033,0.59,-1.05,0.0654,0.1349,0.041
2485,46.7732,385,2.3,0.310,0.2627,47,0.033,0.59,-1.03,0.0640,0.1367,0.035
2486,27.1164,352,2.7,0.340,0.2593,47,0.033,0.54,-0.99,0.0657,0.1214,0.062
2487,38.5671,325,2.7,0.350,0.2706,48,0.033,0.50,-0.98,0.0651,0.1290,0.116
2488,36.3030,328,2.6,0.260,0.2746,48,0.033,0.50,-1.11,0.0675,0.1168,0.167
2489,34.5689,303,2.5,0.350,0.2842,48,0.033,0.46,-0.98,0.0679,0.1132,0.088
2490,52.0491,367,2.5,0.250,0.2716,46,0.034,0.56,-1.12,0.0649,0.1252,0.034
2491,51.8035,424,2.5,0.300,0.2646,48,0.033,0.65,-1.05,0.0643,0.1083,0.038
2492,52.6614,407,2.4,0.280,0.2807,47,0.033,0.63,-1.08,0.0724,0.1165,0.055
2493,42.6324,367,2.6,0.310,0.2829,47,0.033,0.56,-1.03,0.0716,0.1107,0.071
2494,50.1922,393,2.6,0.310,0.2867,47,0.033,0.60,-1.03,0.0660,0.1119,0.098
2495,46.1476,364,2.6,0.370,0.2782,46,0.034,0.56,-0.95,0.0679,0.1195,0.119
2496,45.1285,367,2.5,0.310,0.2682,48,0.033,0.56,-1.03,0.0719,0.1068,0.129
2497,39.2950,394,2.4,0.310,0.2860,47,0.033,0.61,-1.03,0.0708,0.1038,0.091
2498,39.8449,349,2.4,0.290,0.2620,41,0.038,0.54,-1.06,0.0662,0.0993,0.074
2499,40.6756,354,2.3,0.370,0.2445,46,0.034,0.54,-0.95,0.0730,0.0973,0.177
2500,40.3293,355,2.5,0.300,0.2553,48,0.033,0.55,-1.05,0.0701,0.1094,0.169
2501,37.9799,328,2.6,0.400,0.2664,46,0.034,0.50,-0.90,0.0683,0.1179,0.072
2502,31.9344,313,2.8,0.320,0.2663,44,0.036,0.48,-1.02,0.0638,0.1156,0.056
2503,26.0477,276,2.8,0.420,0.2935,48,0.033,0.42,-0.87,0.0688,0.1400,0.029
2504,45.9419,368,2.5,0.270,0.3052,46,0.034,0.57,-1.09,0.0635,0.1486,0.015
2505,44.1451,391,2.5,0.420,0.2798,43,0.036,0.60,-0.87,0.0669,0.1261,0.045
2506,53.8200,391,2.5,0.220,0.2750,46,0.034,0.60,-1.17,0.0669,0.1042,0.033
2507,51.1449,396,2.4,0.330,0.2809,49,0.032,0.61,-1.00,0.0678,0.1149,0.019
2508,43.4628,365,2.5,0.220,0.3005,47,0.033,0.56,-1.17,0.0661,0.1372,0.042
2509,41.7701,315,2.6,0.440,0.3143,45,0.035,0.48,-0.84,0.0688,0.1274,0.082
2510,43.5886,348,2.5,0.190,0.2966,44,0.036,0.53,-1.22,0.0691,0.1229,0.081
2511,40.1096,391,2.4,0.390,0.2758,43,0.036,0.60,-0.92,0.0695,0.1230,0.039
2512,54.6359,384,2.3,0.200,0.2660,45,0.035,0.59,-1.20,0.0680,0.1258,0.057
2513,34.6070,329,2.6,0.420,0.2610,42,0.037,0.51,-0.87,0.0704,0.1273,0.071
2514,38.7676,320,2.5,0.280,0.2599,44,0.036,0.49,-1.08,0.0697,0.1230,0.092
2515,28.8502,339,2.6,0.380,0.2575,47,0.033,0.52,-0.93,0.0694,0.1158,0.121
2516,27.2268,319,2.7,0.330,0.2563,48,0.033,0.49,-1.00,0.0691,0.1072,0.113
2517,30.1663,252,2.7,0.390,0.2715,46,0.034,0.39,-0.92,0.0675,0.1272,0.070
2518,45.2289,314,2.5,0.320,0.2630,49,0.032,0.48,-1.02,0.0691,0.1466,0.014
2519,41.9134,382,2.5,0.340,0.2530,47,0.033,0.59,-0.99,0.0667,0.1261,0.075
2520,46.8420,367,2.7,0.340,0.2789,45,0.035,0.56,-0.99,0.0709,0.1212,0.111
2521,42.4194,368,2.5,0.290,0.2948,47,0.033,0.57,-1.06,0.0671,0.1170,0.107
2522,37.2355,337,2.4,0.310,0.2898,46,0.034,0.52,-1.03,0.0681,0.1200,0.073
2523,37.5476,379,2.5,0.360,0.3006,44,0.036,0.58,-0.96,0.0662,0.1298,0.050
2524,42.7042,363,2.5,0.250,0.2892,45,0.035,0.56,-1.12,0.0688,0.1099,0.071
2525,40.2836,336,2.6,0.410,0.2796,43,0.036,0.52,-0.89,0.0700,0.1166,0.065
2526,44.6628,343,2.6,0.200,0.2600,44,0.036,0.53,-1.20,0.0671,0.1321,0.051
2527,31.3616,302,2.5,0.410,0.2708,44,0.036,0.46,-0.89,0.0675,0.1307,0.000
2528,47.5271,355,2.5,0.230,0.2609,43,0.036,0.55,-1.16,0.0691,0.1294,0.034
2529,39.0649,351,2.5,0.440,0.2602,43,0.036,0.54,-0.84,0.0647,0.1228,0.109
2530,45.3643,360,2.8,0.280,0.2625,47,0.033,0.55,-1.08,0.0694,0.0977,0.130
2531,35.0306,327,2.8,0.420,0.2625,46,0.034,0.50,-0.87,0.0702,0.1043,0.076
2532,48.7942,343,2.5,0.200,0.2869,45,0.035,0.53,-1.20,0.0666,0.1217,0.050
2533,44.6308,386,2.5,0.380,0.2771,42,0.037,0.59,-0.93,0.0688,0.1127,0.054
2534,56.6118,419,2.5,0.240,0.2632,46,0.034,0.64,-1.14,0.0711,0.1114,0.051
2535,44.9517,372,2.5,0.350,0.2552,48,0.033,0.57,-0.98,0.0694,0.1053,0.073
2536,47.8241,420,2.4,0.280,0.2905,47,0.033,0.65,-1.08,0.0706,0.1288,0.103
2537,45.0574,358,2.6,0.370,0.3004,42,0.037,0.55,-0.95,0.0703,0.1203,0.109
2538,43.6031,319,2.7,0.250,0.2591,45,0.035,0.49,-1.12,0.0667,0.0951,0.067
2539,37.4193,333,2.7,0.310,0.2511,46,0.034,0.51,-1.03,0.0687,0.1008,0.039
2540,29.4851,292,2.5,0.330,0.2466,44,0.036,0.45,-1.00,0.0749,0.0947,0.086
2541,36.3088,341,2.4,0.340,0.2468,44,0.036,0.52,-0.99,0.0674,0.1172,0.085
2542,34.3637,309,2.4,0.340,0.2723,42,0.037,0.48,-0.99,0.0654,0.1443,0.046
2543,43.1759,331,2.5,0.280,0.2594,42,0.037,0.51,-1.08,0.0648,0.1430,0.051
2544,31.3665,325,2.6,0.480,0.2850,47,0.033,0.50,-0.78,0.0658,0.1352,0.074
2545,47.3213,392,2.6,0.260,0.2909,48,0.033,0.60,-1.11,0.0686,0.1395,0.074
2546,30.7522,330,2.7,0.430,0.2923,44,0.036,0.51,-0.86,0.0698,0.1476,0.058
2547,42.7776,316,2.6,0.230,0.2963,45,0.035,0.49,-1.16,0.0697,0.1476,0.077
2548,42.4101,353,2.5,0.410,0.2867,46,0.034,0.54,-0.89,0.0685,0.1426,0.078
2549,53.0433,368,2.5,0.260,0.2917,46,0.034,0.56,-1.11,0.0703,0.1369,0.046
2550,47.1860,364,2.5,0.300,0.2924,43,0.036,0.56,-1.05,0.0699,0.1269,0.109
2551,35.7140,372,2.6,0.310,0.2890,45,0.035,0.57,-1.03,0.0676,0.1194,0.119
2552,34.6071,323,2.6,0.310,0.2670,43,0.036,0.50,-1.03,0.0677,0.1218,0.050
2553,32.4266,336,2.7,0.360,0.2834,44,0.036,0.52,-0.96,0.0684,0.1108,0.104
2554,23.6896,266,2.5,0.340,0.2675,44,0.036,0.41,-0.99,0.0674,0.1024,0.179
2555,37.0957,308,2.4,0.360,0.2533,46,0.034,0.47,-0.96,0.0686,0.1501,0.116
2556,41.9570,373,2.3,0.290,0.2613,45,0.035,0.57,-1.06,0.0682,0.1485,0.090
2557,48.3912,354,2.3,0.340,0.2670,42,0.037,0.54,-0.99,0.0669,0.1280,0.129
2558,43.4779,362,2.5,0.240,0.2738,42,0.037,0.56,-1.14,0.0636,0.1391,0.093
2559,30.3581,342,2.6,0.380,0.2751,46,0.034,0.53,-0.93,0.0694,0.1238,0.091
2560,31.7740,302,2.5,0.240,0.3010,45,0.035,0.46,-1.14,0.0672,0.1301,0.067
2561,40.0068,333,2.5,0.390,0.2839,46,0.034,0.51,-0.92,0.0695,0.1485,0.067
2562,41.9000,347,2.6,0.240,0.2804,50,0.031,0.53,-1.14,0.0648,0.1448,0.068
2563,50.6990,400,2.5,0.320,0.2885,45,0.035,0.61,-1.02,0.0656,0.1503,0.036
2564,53.7122,394,2.5,0.310,0.2789,43,0.036,0.61,-1.03,0.0702,0.1392,0.052
2565,39.0867,351,2.5,0.360,0.2669,42,0.037,0.54,-0.96,0.0644,0.1097,0.033
2566,28.9449,347,2.6,0.360,0.2813,44,0.036,0.53,-0.96,0.0665,0.1189,0.015
2567,35.8072,281,2.6,0.240,0.3011,46,0.034,0.43,-1.14,0.0677,0.1396,0.018
2568,28.5659,288,2.5,0.430,0.2676,47,0.033,0.44,-0.86,0.0669,0.1296,0.097
2569,42.8577,369,2.4,0.280,0.2450,45,0.035,0.57,-1.08,0.0708,0.1193,0.090
2570,45.8897,363,2.3,0.370,0.2323,45,0.035,0.56,-0.95,0.0679,0.1181,0.063
2571,42.6460,382,2.5,0.290,0.2611,45,0.035,0.59,-1.06,0.0708,0.1087,0.094
2572,40.3793,354,2.6,0.370,0.2610,43,0.036,0.54,-0.95,0.0667,0.0989,0.113
2573,35.4171,367,2.7,0.350,0.2723,45,0.035,0.56,-0.98,0.0690,0.1041,0.104
2574,41.8330,330,2.6,0.320,0.2631,47,0.033,0.51,-1.02,0.0718,0.1185,0.078
2575,36.6354,308,2.7,0.330,0.2633,45,0.035,0.47,-1.00,0.0719,0.1365,0.079
2576,44.9462,380,2.5,0.370,0.2804,43,0.036,0.58,-0.95,0.0662,0.1389,0.031
2577,45.2646,412,2.5,0.280,0.2763,44,0.036,0.63,-1.08,0.0689,0.1264,0.033
2578,47.8852,391,2.6,0.360,0.2952,46,0.034,0.60,-0.96,0.0702,0.1187,0.062
2579,51.3984,365,2.5,0.300,0.2938,48,0.033,0.56,-1.05,0.0691,0.1258,0.033
2580,52.8732,394,2.6,0.330,0.2806,45,0.035,0.61,-1.00,0.0653,0.1532,0.017
2581,39.7920,381,2.6,0.340,0.2682,48,0.033,0.59,-0.99,0.0677,0.1459,0.048
2582,46.8322,328,2.5,0.300,0.2683,47,0.033,0.50,-1.05,0.0659,0.1145,0.098
2583,40.5208,345,2.4,0.410,0.2416,47,0.033,0.53,-0.89,0.0683,0.1210,0.075
2584,42.6742,360,2.4,0.260,0.2446,48,0.033,0.55,-1.11,0.0670,0.1254,0.066
2585,41.3692,367,2.5,0.370,0.2596,45,0.035,0.56,-0.95,0.0674,0.1240,0.103
2586,46.5390,356,2.4,0.320,0.2650,44,0.036,0.55,-1.02,0.0665,0.1276,0.094
2587,52.7297,378,2.5,0.340,0.2660,49,0.032,0.58,-0.99,0.0669,0.1169,0.095
2588,43.3498,372,2.6,0.380,0.2739,47,0.033,0.57,-0.93,0.0681,0.1235,0.100
2589,42.5160,362,2.7,0.320,0.2799,47,0.033,0.56,-1.02,0.0702,0.1308,0.149
2590,42.5076,375,2.5,0.350,0.2753,44,0.036,0.58,-0.98,0.0655,0.1306,0.152
2591,58.5504,398,2.5,0.260,0.2804,43,0.036,0.61,-1.11,0.0720,0.1208,0.113
2592,51.7097,401,2.5,0.320,0.2935,46,0.034,0.62,-1.02,0.0680,0.1329,0.068
2593,47.8361,380,2.6,0.360,0.2905,47,0.033,0.58,-0.96,0.0689,0.1227,0.092
2594,47.7719,400,2.6,0.280,0.2772,48,0.033,0.62,-1.08,0.0671,0.1123,0.131
2595,38.0915,368,2.6,0.350,0.2808,46,0.034,0.57,-0.98,0.0658,0.1150,0.119
2596,38.3599,309,2.6,0.370,0.2662,44,0.036,0.48,-0.95,0.0693,0.1192,0.061
2597,39.4913,314,2.6,0.320,0.2775,46,0.034,0.48,-1.02,0.0712,0.1293,0.062
2598,39.7224,348,2.5,0.330,0.2413,46,0.034,0.53,-1.00,0.0716,0.1240,0.066
2599,50.6123,372,2.3,0.350,0.2357,46,0.034,0.57,-0.98,0.0723,0.1188,0.048
