episode,reward,rate_avg,hops_avg,ho_avg,q_spread,uniq_sat,beam_avg,rew_rate,rew_ho,loss,q_gap_avg,q_gap_noise,n_valid
1,39.7150,278,4.7,1.000,0.0000,129,0.024,0.43,-0.00,0.0000,0.0000,0.000
2,38.1004,135,4.7,0.070,0.0000,125,0.025,0.21,-1.40,0.0000,0.0000,0.000
3,-11.5017,186,4.8,0.845,0.0000,116,0.027,0.29,-0.23,0.0000,0.0000,0.000
4,45.5239,204,4.8,0.205,0.0000,122,0.026,0.31,-1.19,0.0000,0.0000,0.000
5,-6.9630,166,4.7,0.765,0.0000,121,0.026,0.26,-0.35,0.0000,0.0000,0.000
6,57.9390,206,4.7,0.245,0.0000,125,0.025,0.32,-1.13,0.0000,0.0000,0.000
7,24.4701,194,4.6,0.685,0.0000,118,0.026,0.30,-0.47,0.0000,0.0000,0.000
8,38.7272,254,4.5,0.375,0.0000,124,0.025,0.39,-0.94,0.0000,0.0000,0.000
9,18.7470,183,4.6,0.625,0.0000,114,0.027,0.28,-0.56,0.0000,0.0000,0.000
10,49.1438,249,4.5,0.410,0.0000,118,0.026,0.38,-0.89,0.0000,0.0000,0.000
11,-2.2813,208,4.6,0.600,0.0000,116,0.027,0.32,-0.60,0.0000,0.0000,0.000
12,23.5470,149,4.7,0.445,0.0000,115,0.027,0.23,-0.83,0.0000,0.0000,0.000
13,37.6843,197,4.6,0.570,0.0000,122,0.026,0.30,-0.65,0.0000,0.0000,0.000
14,34.7601,218,4.6,0.435,0.0000,115,0.027,0.34,-0.85,0.0000,0.0000,0.000
15,17.8026,205,4.5,0.575,0.0000,117,0.027,0.32,-0.64,0.0000,0.0000,0.000
16,48.0517,244,4.4,0.440,0.0000,118,0.026,0.37,-0.84,0.0000,0.0000,0.000
17,32.5396,230,4.5,0.550,0.0000,112,0.028,0.35,-0.67,0.0000,0.0000,0.000
18,35.9928,255,4.7,0.460,0.0000,124,0.025,0.39,-0.81,0.0000,0.0000,0.000
19,27.3504,215,4.8,0.550,0.0000,119,0.026,0.33,-0.67,0.0000,0.0000,0.000
20,9.5290,223,4.8,0.490,0.0000,115,0.027,0.34,-0.77,0.0000,0.0000,0.000
21,28.7093,185,4.7,0.515,0.0011,115,0.027,0.28,-0.73,0.1215,0.0153,0.333
22,37.0011,212,4.6,0.475,0.0013,121,0.026,0.33,-0.79,0.1098,0.0218,0.250
23,23.3321,218,4.6,0.505,0.0013,126,0.025,0.33,-0.74,0.1169,0.0218,0.250
24,38.0002,225,4.6,0.530,0.0019,124,0.025,0.35,-0.70,0.1142,0.0199,0.167
25,28.2754,202,4.6,0.475,0.0024,118,0.026,0.31,-0.79,0.1114,0.0212,0.143
26,26.6457,208,4.5,0.495,0.0024,123,0.025,0.32,-0.76,0.1018,0.0212,0.143
27,32.8001,205,4.6,0.515,0.0028,124,0.025,0.31,-0.73,0.1070,0.0214,0.111
28,13.4534,196,4.7,0.515,0.0028,122,0.026,0.30,-0.73,0.1010,0.0214,0.111
29,23.1907,208,4.6,0.460,0.0029,129,0.024,0.32,-0.81,0.0984,0.0198,0.200
30,32.7462,216,4.7,0.535,0.0037,116,0.027,0.33,-0.70,0.0927,0.0263,0.154
31,39.9189,220,4.7,0.445,0.0037,121,0.026,0.34,-0.83,0.0853,0.0263,0.154
32,13.2467,207,4.6,0.570,0.0040,120,0.026,0.32,-0.65,0.0827,0.0250,0.214
33,34.1890,228,4.6,0.430,0.0042,117,0.027,0.35,-0.86,0.0745,0.0250,0.214
34,12.1122,174,4.8,0.520,0.0042,115,0.027,0.27,-0.72,0.0753,0.0250,0.214
35,24.5000,199,4.7,0.455,0.0047,117,0.027,0.31,-0.82,0.0726,0.0257,0.188
36,19.2062,205,4.6,0.570,0.0047,117,0.027,0.32,-0.65,0.0717,0.0257,0.188
37,38.3957,229,4.6,0.440,0.0053,122,0.026,0.35,-0.84,0.0770,0.0257,0.200
38,30.9651,199,4.5,0.555,0.0061,117,0.027,0.31,-0.67,0.0736,0.0295,0.176
39,48.7173,233,4.6,0.455,0.0063,116,0.027,0.36,-0.82,0.0667,0.0305,0.167
40,19.6006,178,4.7,0.530,0.0065,121,0.026,0.27,-0.70,0.0730,0.0305,0.167
41,39.5458,235,4.6,0.470,0.0064,132,0.024,0.36,-0.80,0.0663,0.0280,0.222
42,10.8308,207,4.6,0.500,0.0080,118,0.026,0.32,-0.75,0.1059,0.0289,0.227
43,25.3663,163,4.6,0.485,0.0088,118,0.026,0.25,-0.77,0.1094,0.0289,0.227
44,38.4514,189,4.7,0.505,0.0088,113,0.028,0.29,-0.74,0.0923,0.0289,0.227
45,21.2949,209,4.7,0.495,0.0090,113,0.028,0.32,-0.76,0.0890,0.0278,0.261
46,17.3999,193,4.6,0.525,0.0094,114,0.027,0.30,-0.71,0.0840,0.0280,0.250
47,45.4306,207,4.6,0.475,0.0100,119,0.026,0.32,-0.79,0.0778,0.0295,0.240
48,33.1392,208,4.7,0.505,0.0104,116,0.027,0.32,-0.74,0.0739,0.0295,0.231
49,31.5676,204,4.7,0.510,0.0118,111,0.028,0.31,-0.73,0.0659,0.0295,0.231
50,30.2985,256,4.7,0.515,0.0129,123,0.025,0.39,-0.73,0.0696,0.0310,0.250
51,30.9844,224,4.6,0.495,0.0133,120,0.026,0.34,-0.76,0.0718,0.0310,0.250
52,21.2569,185,4.7,0.510,0.0133,113,0.028,0.28,-0.73,0.0733,0.0310,0.250
53,14.0528,194,4.6,0.530,0.0145,125,0.025,0.30,-0.70,0.0735,0.0321,0.226
54,42.7739,248,4.7,0.470,0.0160,119,0.026,0.38,-0.80,0.0696,0.0342,0.206
55,3.1212,188,4.8,0.525,0.0175,119,0.026,0.29,-0.71,0.0680,0.0336,0.200
56,32.5325,182,4.7,0.470,0.0191,119,0.026,0.28,-0.80,0.0715,0.0361,0.179
57,33.4608,228,4.6,0.520,0.0196,118,0.026,0.35,-0.72,0.0660,0.0358,0.175
58,22.0430,224,4.7,0.495,0.0211,125,0.025,0.34,-0.76,0.0672,0.0382,0.167
59,24.5102,221,4.7,0.500,0.0215,119,0.026,0.34,-0.75,0.0667,0.0381,0.163
60,36.7942,226,4.7,0.520,0.0221,121,0.026,0.35,-0.72,0.0635,0.0397,0.159
61,31.1221,212,4.6,0.495,0.0229,116,0.027,0.33,-0.76,0.0645,0.0381,0.170
62,23.0229,194,4.6,0.530,0.0237,120,0.026,0.30,-0.70,0.0991,0.0400,0.163
63,27.8983,207,4.6,0.470,0.0248,126,0.025,0.32,-0.80,0.1021,0.0411,0.173
64,23.0872,201,4.6,0.505,0.0257,119,0.026,0.31,-0.74,0.0929,0.0381,0.185
65,13.6578,198,4.8,0.490,0.0265,123,0.025,0.30,-0.77,0.0898,0.0377,0.182
66,20.5181,188,4.8,0.550,0.0276,122,0.026,0.29,-0.67,0.0871,0.0366,0.175
67,16.2538,214,4.6,0.470,0.0282,124,0.025,0.33,-0.80,0.0760,0.0356,0.186
68,28.4615,200,4.4,0.530,0.0306,126,0.025,0.31,-0.70,0.0717,0.0406,0.172
69,20.2127,200,4.6,0.460,0.0352,115,0.027,0.31,-0.81,0.0689,0.0425,0.149
70,28.6211,221,4.7,0.550,0.0367,120,0.026,0.34,-0.67,0.0699,0.0424,0.157
71,25.4028,233,4.6,0.455,0.0367,117,0.027,0.36,-0.82,0.0679,0.0426,0.159
72,15.2057,234,4.6,0.515,0.0376,122,0.026,0.36,-0.73,0.0680,0.0432,0.157
73,4.4086,181,4.8,0.480,0.0388,119,0.026,0.28,-0.78,0.0714,0.0433,0.155
74,14.1431,173,4.8,0.535,0.0389,123,0.025,0.27,-0.70,0.0703,0.0424,0.164
75,39.3535,265,4.7,0.500,0.0397,132,0.024,0.41,-0.75,0.0699,0.0428,0.157
76,26.4874,223,4.6,0.485,0.0397,134,0.023,0.34,-0.77,0.0688,0.0428,0.157
77,32.2228,212,4.6,0.535,0.0412,133,0.023,0.33,-0.70,0.0693,0.0432,0.169
78,40.2337,231,4.6,0.455,0.0420,127,0.025,0.36,-0.82,0.0701,0.0434,0.176
79,15.2611,215,4.6,0.575,0.0446,119,0.026,0.33,-0.64,0.0681,0.0455,0.171
80,37.8170,207,4.7,0.440,0.0460,114,0.027,0.32,-0.84,0.0696,0.0458,0.177
81,24.9853,241,4.7,0.550,0.0477,110,0.028,0.37,-0.67,0.0649,0.0457,0.190
82,27.6786,199,4.6,0.445,0.0482,121,0.026,0.31,-0.83,0.0928,0.0452,0.198
83,19.6580,207,4.5,0.540,0.0496,118,0.026,0.32,-0.69,0.0897,0.0447,0.193
84,15.1794,204,4.6,0.465,0.0513,123,0.025,0.31,-0.80,0.0837,0.0459,0.189
85,18.7097,193,4.6,0.520,0.0536,117,0.027,0.30,-0.72,0.0858,0.0473,0.176
86,34.1265,166,4.6,0.460,0.0556,118,0.026,0.26,-0.81,0.0784,0.0523,0.163
87,9.6957,194,4.8,0.545,0.0571,117,0.027,0.30,-0.68,0.0722,0.0530,0.152
88,22.7508,233,4.7,0.475,0.0582,118,0.026,0.36,-0.79,0.0697,0.0530,0.151
89,33.5744,230,4.6,0.495,0.0601,123,0.025,0.35,-0.76,0.0681,0.0556,0.147
90,16.1823,229,4.6,0.510,0.0620,128,0.024,0.35,-0.73,0.0655,0.0538,0.144
91,25.4385,172,4.6,0.515,0.0642,131,0.024,0.27,-0.73,0.0675,0.0508,0.152
92,26.7299,217,4.5,0.500,0.0646,121,0.026,0.33,-0.75,0.0653,0.0505,0.162
93,19.6520,197,4.5,0.495,0.0656,118,0.026,0.30,-0.76,0.0663,0.0515,0.139
94,24.0166,204,4.6,0.515,0.0665,115,0.027,0.31,-0.73,0.0692,0.0512,0.136
95,24.1537,203,4.6,0.485,0.0672,115,0.027,0.31,-0.77,0.0683,0.0500,0.136
96,16.4390,234,4.6,0.530,0.0681,120,0.026,0.36,-0.70,0.0690,0.0501,0.144
97,14.2038,171,4.7,0.495,0.0694,122,0.026,0.26,-0.76,0.0679,0.0490,0.143
98,29.3560,212,4.8,0.505,0.0704,130,0.024,0.33,-0.74,0.0676,0.0507,0.143
99,12.0977,192,4.8,0.530,0.0722,111,0.028,0.30,-0.70,0.0665,0.0540,0.123
100,38.2136,178,4.7,0.460,0.0731,122,0.026,0.27,-0.81,0.0662,0.0539,0.120
101,17.2104,226,4.6,0.550,0.0758,124,0.025,0.35,-0.67,0.0662,0.0558,0.119
102,25.0218,174,4.8,0.465,0.0782,122,0.026,0.27,-0.80,0.0771,0.0560,0.117
103,22.5168,218,4.8,0.525,0.0802,128,0.024,0.33,-0.71,0.0827,0.0569,0.114
104,19.4816,194,4.7,0.515,0.0826,119,0.026,0.30,-0.73,0.0854,0.0576,0.113
105,30.4886,227,4.6,0.515,0.0837,119,0.026,0.35,-0.73,0.0812,0.0590,0.113
106,17.0936,200,4.7,0.485,0.0852,120,0.026,0.31,-0.77,0.0780,0.0596,0.113
107,24.1204,171,4.6,0.495,0.0861,120,0.026,0.26,-0.76,0.0727,0.0606,0.107
108,25.0355,204,4.6,0.500,0.0870,115,0.027,0.31,-0.75,0.0695,0.0604,0.116
109,25.2916,254,4.5,0.510,0.0878,119,0.026,0.39,-0.73,0.0679,0.0598,0.123
110,36.0206,190,4.6,0.545,0.0890,119,0.026,0.29,-0.68,0.0672,0.0602,0.112
111,22.9936,226,4.8,0.485,0.0908,116,0.027,0.35,-0.77,0.0679,0.0604,0.111
112,24.3789,211,4.6,0.525,0.0940,121,0.026,0.32,-0.71,0.0711,0.0617,0.115
113,30.9229,224,4.5,0.480,0.0940,124,0.025,0.34,-0.78,0.0672,0.0619,0.107
114,11.6773,187,4.6,0.525,0.0946,122,0.026,0.29,-0.71,0.0682,0.0639,0.106
115,24.0457,196,4.7,0.490,0.0962,115,0.027,0.30,-0.77,0.0668,0.0641,0.111
116,21.1468,209,4.6,0.475,0.0986,120,0.026,0.32,-0.79,0.0694,0.0644,0.108
117,32.3833,227,4.5,0.530,0.1021,119,0.026,0.35,-0.70,0.0694,0.0644,0.115
118,26.4222,212,4.6,0.505,0.1055,114,0.027,0.33,-0.74,0.0671,0.0665,0.113
119,23.8728,206,4.6,0.500,0.1083,120,0.026,0.32,-0.75,0.0638,0.0674,0.109
120,38.2371,184,4.6,0.515,0.1106,115,0.027,0.28,-0.73,0.0665,0.0688,0.106
121,29.2200,221,4.6,0.520,0.1137,125,0.025,0.34,-0.72,0.0627,0.0667,0.104
122,5.5751,196,4.7,0.500,0.1146,128,0.024,0.30,-0.75,0.0768,0.0663,0.116
123,30.7512,197,4.6,0.500,0.1163,122,0.026,0.30,-0.75,0.0747,0.0677,0.110
124,39.0080,205,4.7,0.480,0.1182,125,0.025,0.31,-0.78,0.0776,0.0697,0.117
125,29.7740,233,4.5,0.530,0.1196,114,0.027,0.36,-0.70,0.0728,0.0751,0.117
126,41.7660,236,4.5,0.505,0.1204,116,0.027,0.36,-0.74,0.0731,0.0747,0.112
127,29.3470,183,4.7,0.485,0.1224,124,0.025,0.28,-0.77,0.0726,0.0748,0.111
128,50.7151,219,4.7,0.495,0.1222,121,0.026,0.34,-0.76,0.0706,0.0764,0.110
129,31.6075,258,4.5,0.510,0.1248,116,0.027,0.40,-0.73,0.0672,0.0758,0.108
130,20.9789,185,4.6,0.510,0.1269,118,0.026,0.28,-0.73,0.0662,0.0743,0.095
131,20.5942,195,4.7,0.490,0.1295,122,0.026,0.30,-0.77,0.0664,0.0744,0.096
132,11.0233,158,4.8,0.545,0.1317,119,0.026,0.24,-0.68,0.0692,0.0749,0.094
133,30.6004,209,4.7,0.455,0.1347,127,0.025,0.32,-0.82,0.0641,0.0751,0.100
134,22.4430,193,4.6,0.560,0.1355,117,0.027,0.30,-0.66,0.0650,0.0762,0.100
135,34.5528,236,4.6,0.485,0.1358,124,0.025,0.36,-0.77,0.0653,0.0770,0.101
136,25.3276,218,4.6,0.510,0.1353,132,0.024,0.33,-0.73,0.0677,0.0764,0.110
137,31.3233,186,4.7,0.490,0.1362,121,0.026,0.29,-0.77,0.0658,0.0764,0.110
138,30.1447,183,4.7,0.495,0.1389,122,0.026,0.28,-0.76,0.0652,0.0759,0.112
139,17.7444,225,4.5,0.530,0.1403,117,0.027,0.35,-0.70,0.0628,0.0793,0.106
140,23.2430,163,4.7,0.495,0.1407,127,0.025,0.25,-0.76,0.0630,0.0780,0.119
141,37.1719,251,4.6,0.490,0.1420,120,0.026,0.39,-0.77,0.0638,0.0782,0.118
142,25.3903,193,4.5,0.500,0.1447,118,0.026,0.30,-0.75,0.0759,0.0800,0.125
143,41.5633,239,4.6,0.515,0.1450,122,0.026,0.37,-0.73,0.0689,0.0785,0.126
144,24.6621,224,4.7,0.465,0.1481,122,0.026,0.34,-0.80,0.0736,0.0800,0.123
145,11.3772,181,4.7,0.510,0.1491,118,0.026,0.28,-0.73,0.0713,0.0815,0.118
146,23.1444,175,4.7,0.510,0.1506,118,0.026,0.27,-0.73,0.0685,0.0833,0.117
147,28.1692,237,4.6,0.500,0.1542,126,0.025,0.36,-0.75,0.0638,0.0845,0.118
148,43.1280,203,4.7,0.515,0.1544,123,0.025,0.31,-0.73,0.0697,0.0800,0.117
149,49.4626,260,4.5,0.480,0.1573,123,0.025,0.40,-0.78,0.0636,0.0824,0.102
150,31.3879,225,4.6,0.495,0.1602,119,0.026,0.35,-0.76,0.0664,0.0821,0.096
151,42.3193,249,4.8,0.515,0.1617,125,0.025,0.38,-0.73,0.0659,0.0814,0.097
152,23.1393,200,4.8,0.480,0.1636,119,0.026,0.31,-0.78,0.0677,0.0838,0.106
153,11.2957,206,4.8,0.545,0.1647,124,0.025,0.32,-0.68,0.0656,0.0870,0.106
154,34.6946,208,4.7,0.460,0.1663,120,0.026,0.32,-0.81,0.0663,0.0870,0.105
155,36.1667,232,4.5,0.525,0.1675,113,0.028,0.36,-0.71,0.0638,0.0895,0.110
156,31.8448,232,4.6,0.485,0.1675,114,0.027,0.36,-0.77,0.0696,0.0887,0.118
157,41.2943,220,4.6,0.500,0.1692,129,0.024,0.34,-0.75,0.0641,0.0921,0.101
158,40.3544,198,4.6,0.510,0.1724,126,0.025,0.30,-0.73,0.0666,0.0956,0.101
159,31.5060,214,4.7,0.505,0.1762,118,0.026,0.33,-0.74,0.0663,0.0979,0.087
160,19.1992,241,4.6,0.500,0.1778,117,0.027,0.37,-0.75,0.0642,0.0975,0.080
161,16.9705,186,4.7,0.490,0.1779,123,0.025,0.29,-0.77,0.0642,0.0963,0.078
162,23.3358,223,4.7,0.505,0.1777,126,0.025,0.34,-0.74,0.0741,0.0961,0.077
163,40.0431,255,4.6,0.465,0.1775,123,0.025,0.39,-0.80,0.0714,0.0965,0.077
164,11.8674,199,4.6,0.530,0.1805,117,0.027,0.31,-0.70,0.0738,0.1001,0.089
165,29.7267,223,4.6,0.480,0.1814,118,0.026,0.34,-0.78,0.0710,0.1019,0.083
166,26.0421,191,4.6,0.570,0.1807,122,0.026,0.29,-0.65,0.0713,0.1027,0.083
167,47.9293,250,4.6,0.410,0.1841,121,0.026,0.38,-0.89,0.0711,0.1020,0.083
168,15.0879,208,4.5,0.575,0.1845,121,0.026,0.32,-0.64,0.0673,0.1055,0.089
169,34.0171,213,4.6,0.415,0.1863,120,0.026,0.33,-0.88,0.0621,0.1075,0.090
170,20.3166,185,4.6,0.585,0.1890,119,0.026,0.28,-0.62,0.0679,0.1076,0.083
171,38.8550,241,4.6,0.445,0.1889,118,0.026,0.37,-0.83,0.0663,0.1072,0.083
172,28.5633,235,4.6,0.580,0.1912,128,0.024,0.36,-0.63,0.0666,0.1104,0.083
173,38.8753,250,4.5,0.435,0.1937,121,0.026,0.38,-0.85,0.0682,0.1115,0.086
174,31.5667,210,4.5,0.550,0.1964,118,0.026,0.32,-0.67,0.0643,0.1131,0.086
175,32.8736,224,4.7,0.440,0.1961,116,0.027,0.34,-0.84,0.0683,0.1132,0.086
176,25.9382,190,4.8,0.555,0.1967,128,0.024,0.29,-0.67,0.0648,0.1123,0.092
177,28.1373,221,4.6,0.450,0.1971,124,0.025,0.34,-0.83,0.0665,0.1126,0.093
178,13.8957,209,4.6,0.535,0.1992,121,0.026,0.32,-0.70,0.0674,0.1113,0.092
179,29.3382,181,4.7,0.480,0.1996,121,0.026,0.28,-0.78,0.0660,0.1116,0.084
180,35.6621,211,4.7,0.530,0.2020,120,0.026,0.32,-0.70,0.0663,0.1139,0.084
181,27.0855,220,4.6,0.505,0.2037,118,0.026,0.34,-0.74,0.0688,0.1157,0.090
182,27.9130,158,4.6,0.510,0.2075,115,0.027,0.24,-0.73,0.0707,0.1178,0.088
183,29.5175,278,4.6,0.460,0.2104,117,0.027,0.43,-0.81,0.0727,0.1157,0.095
184,17.6633,201,4.6,0.565,0.2110,117,0.027,0.31,-0.65,0.0743,0.1130,0.087
185,32.1658,228,4.6,0.465,0.2120,115,0.027,0.35,-0.80,0.0764,0.1146,0.081
186,20.0357,193,4.6,0.545,0.2124,122,0.026,0.30,-0.68,0.0698,0.1182,0.082
187,22.3030,180,4.7,0.500,0.2143,120,0.026,0.28,-0.75,0.0702,0.1193,0.083
188,24.2541,177,4.7,0.505,0.2177,125,0.025,0.27,-0.74,0.0657,0.1210,0.069
189,31.6818,238,4.6,0.490,0.2194,127,0.025,0.37,-0.77,0.0708,0.1195,0.075
190,28.0685,214,4.6,0.500,0.2206,119,0.026,0.33,-0.75,0.0678,0.1173,0.082
191,19.4670,186,4.7,0.480,0.2218,120,0.026,0.29,-0.78,0.0676,0.1180,0.076
192,29.4284,203,4.5,0.500,0.2230,122,0.026,0.31,-0.75,0.0686,0.1187,0.075
193,57.9422,227,4.6,0.475,0.2249,116,0.027,0.35,-0.79,0.0663,0.1205,0.083
194,24.7523,219,4.6,0.515,0.2256,118,0.026,0.34,-0.73,0.0699,0.1209,0.083
195,32.7780,204,4.7,0.495,0.2267,115,0.027,0.31,-0.76,0.0658,0.1220,0.078
196,17.3219,196,4.6,0.550,0.2261,114,0.027,0.30,-0.67,0.0673,0.1208,0.086
197,28.8113,235,4.6,0.470,0.2256,120,0.026,0.36,-0.80,0.0650,0.1212,0.086
198,35.0319,222,4.7,0.510,0.2264,123,0.025,0.34,-0.73,0.0658,0.1230,0.084
199,14.0990,181,4.5,0.520,0.2277,121,0.026,0.28,-0.72,0.0699,0.1234,0.089
200,26.3433,173,4.7,0.460,0.2288,121,0.026,0.27,-0.81,0.0664,0.1239,0.088
201,48.3112,238,4.7,0.540,0.2303,123,0.025,0.37,-0.69,0.0668,0.1222,0.091
202,26.2933,202,4.7,0.470,0.2325,120,0.026,0.31,-0.80,0.0729,0.1240,0.091
203,24.4326,176,4.6,0.535,0.2378,129,0.024,0.27,-0.70,0.0683,0.1267,0.093
204,27.6762,214,4.7,0.450,0.2392,114,0.027,0.33,-0.83,0.0654,0.1259,0.093
205,25.5924,218,4.7,0.555,0.2425,119,0.026,0.34,-0.67,0.0709,0.1277,0.082
206,42.2799,224,4.6,0.460,0.2435,122,0.026,0.34,-0.81,0.0699,0.1294,0.069
207,18.8349,200,4.7,0.550,0.2443,119,0.026,0.31,-0.67,0.0665,0.1283,0.068
208,31.9447,190,4.8,0.465,0.2424,122,0.026,0.29,-0.80,0.0690,0.1270,0.055
209,17.5248,181,4.8,0.485,0.2443,124,0.025,0.28,-0.77,0.0668,0.1301,0.063
210,18.9401,205,4.6,0.485,0.2436,122,0.026,0.31,-0.77,0.0666,0.1288,0.068
211,26.8680,235,4.6,0.500,0.2470,116,0.027,0.36,-0.75,0.0651,0.1341,0.068
212,16.5476,178,4.7,0.515,0.2480,123,0.025,0.27,-0.73,0.0663,0.1348,0.053
213,26.6027,278,4.8,0.505,0.2479,122,0.026,0.43,-0.74,0.0674,0.1342,0.053
214,18.1772,181,4.9,0.460,0.2514,120,0.026,0.28,-0.81,0.0681,0.1356,0.052
215,33.4425,222,4.8,0.530,0.2522,123,0.025,0.34,-0.70,0.0639,0.1345,0.052
216,33.1858,212,4.6,0.480,0.2543,121,0.026,0.33,-0.78,0.0657,0.1360,0.052
217,23.9616,218,4.6,0.500,0.2575,126,0.025,0.34,-0.75,0.0621,0.1375,0.053
218,14.7186,178,4.7,0.520,0.2578,119,0.026,0.27,-0.72,0.0671,0.1401,0.058
219,31.4945,195,4.6,0.465,0.2587,113,0.028,0.30,-0.80,0.0618,0.1378,0.071
220,12.4100,191,4.6,0.520,0.2583,120,0.026,0.29,-0.72,0.0688,0.1341,0.081
221,14.6123,197,4.6,0.475,0.2590,112,0.028,0.30,-0.79,0.0673,0.1354,0.069
222,12.0602,186,4.8,0.535,0.2588,116,0.027,0.29,-0.70,0.0731,0.1346,0.081
223,26.9333,231,4.8,0.465,0.2597,117,0.027,0.35,-0.80,0.0678,0.1323,0.086
224,26.9717,193,4.8,0.525,0.2604,118,0.026,0.30,-0.71,0.0664,0.1370,0.074
225,40.6584,209,4.6,0.500,0.2595,124,0.025,0.32,-0.75,0.0674,0.1371,0.073
226,18.1782,208,4.5,0.535,0.2625,121,0.026,0.32,-0.70,0.0696,0.1333,0.066
227,20.9586,219,4.5,0.465,0.2629,124,0.025,0.34,-0.80,0.0720,0.1352,0.072
228,26.8392,228,4.5,0.520,0.2614,125,0.025,0.35,-0.72,0.0633,0.1342,0.073
229,13.6333,191,4.6,0.475,0.2616,122,0.026,0.29,-0.79,0.0657,0.1341,0.067
230,38.4798,196,4.8,0.515,0.2607,114,0.027,0.30,-0.73,0.0644,0.1317,0.073
231,26.8083,218,4.7,0.480,0.2610,113,0.028,0.33,-0.78,0.0684,0.1348,0.086
232,21.6303,217,4.6,0.510,0.2636,117,0.027,0.33,-0.73,0.0651,0.1393,0.079
233,26.6001,231,4.6,0.480,0.2644,126,0.025,0.36,-0.78,0.0649,0.1395,0.086
234,30.7870,234,4.6,0.505,0.2633,118,0.026,0.36,-0.74,0.0662,0.1374,0.079
235,31.3384,237,4.6,0.485,0.2618,120,0.026,0.36,-0.77,0.0653,0.1354,0.073
236,18.9649,202,4.6,0.560,0.2634,123,0.025,0.31,-0.66,0.0668,0.1359,0.067
237,27.4498,234,4.6,0.450,0.2664,122,0.026,0.36,-0.83,0.0666,0.1380,0.067
238,19.6386,171,4.7,0.500,0.2677,117,0.027,0.26,-0.75,0.0666,0.1384,0.062
239,19.1898,238,4.7,0.525,0.2639,118,0.026,0.37,-0.71,0.0660,0.1318,0.056
240,11.5546,179,4.7,0.475,0.2648,120,0.026,0.28,-0.79,0.0658,0.1342,0.064
241,24.4669,212,4.6,0.505,0.2647,125,0.025,0.33,-0.74,0.0659,0.1326,0.052
242,41.7134,230,4.6,0.470,0.2680,127,0.025,0.35,-0.80,0.0719,0.1338,0.052
243,25.1655,209,4.6,0.525,0.2694,124,0.025,0.32,-0.71,0.0734,0.1363,0.060
244,35.7060,230,4.7,0.525,0.2697,123,0.025,0.35,-0.71,0.0673,0.1330,0.053
245,30.6996,189,4.8,0.470,0.2698,118,0.026,0.29,-0.80,0.0673,0.1357,0.065
246,28.1650,213,4.8,0.525,0.2705,117,0.027,0.33,-0.71,0.0688,0.1373,0.072
247,36.5198,226,4.7,0.485,0.2707,123,0.025,0.35,-0.77,0.0623,0.1333,0.076
248,40.1824,192,4.6,0.515,0.2739,120,0.026,0.30,-0.73,0.0707,0.1384,0.071
249,32.2580,218,4.5,0.490,0.2735,131,0.024,0.33,-0.77,0.0681,0.1353,0.065
250,19.5061,190,4.6,0.490,0.2733,126,0.025,0.29,-0.77,0.0662,0.1359,0.065
251,32.0831,238,4.6,0.505,0.2751,117,0.027,0.37,-0.74,0.0669,0.1430,0.064
252,15.1705,172,4.5,0.515,0.2744,120,0.026,0.26,-0.73,0.0694,0.1405,0.072
253,41.1797,213,4.6,0.480,0.2762,123,0.025,0.33,-0.78,0.0674,0.1439,0.060
254,30.8249,223,4.6,0.510,0.2773,120,0.026,0.34,-0.73,0.0649,0.1379,0.060
255,18.4131,180,4.7,0.450,0.2770,110,0.028,0.28,-0.83,0.0657,0.1389,0.059
256,42.3270,197,4.7,0.550,0.2767,116,0.027,0.30,-0.67,0.0627,0.1386,0.064
257,39.4490,245,4.7,0.425,0.2758,119,0.026,0.38,-0.86,0.0623,0.1385,0.071
258,28.1638,197,4.8,0.580,0.2791,120,0.026,0.30,-0.63,0.0643,0.1513,0.052
259,49.7274,254,4.7,0.440,0.2793,115,0.027,0.39,-0.84,0.0697,0.1534,0.052
260,30.9702,207,4.8,0.505,0.2783,118,0.026,0.32,-0.74,0.0651,0.1497,0.051
261,30.5220,176,4.8,0.520,0.2786,114,0.027,0.27,-0.72,0.0638,0.1539,0.050
262,47.8547,243,4.7,0.490,0.2806,128,0.024,0.37,-0.77,0.0670,0.1537,0.049
263,13.8919,178,4.7,0.505,0.2820,124,0.025,0.27,-0.74,0.0658,0.1557,0.049
264,26.4249,199,4.8,0.485,0.2805,113,0.028,0.31,-0.77,0.0662,0.1569,0.049
265,20.5795,216,4.8,0.550,0.2809,118,0.026,0.33,-0.67,0.0682,0.1608,0.032
266,42.1754,228,4.7,0.445,0.2795,125,0.025,0.35,-0.83,0.0629,0.1630,0.032
267,26.1284,189,4.6,0.545,0.2799,123,0.025,0.29,-0.68,0.0663,0.1657,0.043
268,33.1830,184,4.6,0.420,0.2809,116,0.027,0.28,-0.87,0.0658,0.1640,0.049
269,26.0201,233,4.8,0.560,0.2838,125,0.025,0.36,-0.66,0.0672,0.1600,0.056
270,33.0524,239,4.7,0.445,0.2852,123,0.025,0.37,-0.83,0.0663,0.1644,0.062
271,30.7619,228,4.5,0.520,0.2823,123,0.025,0.35,-0.72,0.0684,0.1595,0.075
272,20.2711,189,4.6,0.475,0.2820,120,0.026,0.29,-0.79,0.0669,0.1596,0.075
273,21.7071,187,4.8,0.520,0.2810,124,0.025,0.29,-0.72,0.0646,0.1618,0.057
274,50.0452,249,4.7,0.480,0.2806,119,0.026,0.38,-0.78,0.0652,0.1580,0.064
275,28.5154,239,4.6,0.520,0.2812,123,0.025,0.37,-0.72,0.0630,0.1587,0.057
276,29.9919,218,4.6,0.485,0.2808,125,0.025,0.33,-0.77,0.0691,0.1568,0.056
277,34.4437,231,4.7,0.495,0.2823,113,0.028,0.35,-0.76,0.0642,0.1606,0.049
278,27.3718,207,4.7,0.510,0.2822,119,0.026,0.32,-0.73,0.0667,0.1521,0.060
279,50.3639,259,4.7,0.475,0.2825,127,0.025,0.40,-0.79,0.0652,0.1571,0.055
280,26.4820,198,4.8,0.540,0.2833,120,0.026,0.30,-0.69,0.0637,0.1621,0.031
281,40.2173,239,4.7,0.515,0.2839,119,0.026,0.37,-0.73,0.0681,0.1629,0.030
282,26.0701,228,4.7,0.500,0.2832,116,0.027,0.35,-0.75,0.0674,0.1614,0.037
283,26.2897,213,4.8,0.525,0.2823,121,0.026,0.33,-0.71,0.0662,0.1555,0.031
284,33.8408,208,4.7,0.485,0.2835,115,0.027,0.32,-0.77,0.0705,0.1617,0.019
285,32.3310,249,4.6,0.500,0.2859,119,0.026,0.38,-0.75,0.0662,0.1647,0.032
286,22.6729,214,4.6,0.485,0.2845,122,0.026,0.33,-0.77,0.0657,0.1660,0.032
287,41.1809,223,4.6,0.480,0.2841,126,0.025,0.34,-0.78,0.0661,0.1691,0.032
288,28.8179,217,4.6,0.535,0.2840,127,0.025,0.33,-0.70,0.0644,0.1682,0.032
289,33.6252,245,4.5,0.445,0.2861,127,0.025,0.38,-0.83,0.0647,0.1645,0.033
290,16.2602,179,4.6,0.545,0.2877,124,0.025,0.27,-0.68,0.0633,0.1642,0.033
291,23.8978,215,4.7,0.470,0.2878,122,0.026,0.33,-0.80,0.0660,0.1621,0.040
292,35.6939,224,4.7,0.525,0.2880,119,0.026,0.34,-0.71,0.0677,0.1611,0.040
293,33.2493,218,4.6,0.520,0.2875,119,0.026,0.34,-0.72,0.0646,0.1622,0.046
294,34.5398,215,4.7,0.475,0.2905,119,0.026,0.33,-0.79,0.0653,0.1640,0.053
295,11.7690,210,4.7,0.535,0.2909,116,0.027,0.32,-0.70,0.0682,0.1614,0.053
296,38.4689,222,4.7,0.445,0.2924,123,0.025,0.34,-0.83,0.0694,0.1611,0.052
297,32.7763,221,4.7,0.535,0.2902,132,0.024,0.34,-0.70,0.0696,0.1597,0.045
298,21.6998,194,4.5,0.460,0.2937,124,0.025,0.30,-0.81,0.0643,0.1590,0.046
299,22.1058,220,4.5,0.520,0.2944,125,0.025,0.34,-0.72,0.0677,0.1597,0.039
300,30.0248,196,4.6,0.510,0.2927,124,0.025,0.30,-0.73,0.0668,0.1577,0.039
301,19.3858,220,4.6,0.505,0.2938,111,0.028,0.34,-0.74,0.0665,0.1619,0.039
302,38.8029,227,4.6,0.500,0.2911,119,0.026,0.35,-0.75,0.0667,0.1630,0.039
303,40.2656,229,4.6,0.490,0.2912,118,0.026,0.35,-0.77,0.0671,0.1589,0.039
304,31.2343,220,4.7,0.520,0.2916,124,0.025,0.34,-0.72,0.0642,0.1566,0.051
305,20.3714,205,4.8,0.490,0.2925,127,0.025,0.32,-0.77,0.0704,0.1559,0.058
306,36.3040,214,4.7,0.485,0.2926,120,0.026,0.33,-0.77,0.0613,0.1553,0.070
307,29.9978,257,4.6,0.510,0.2913,117,0.027,0.40,-0.73,0.0641,0.1525,0.069
308,30.0783,220,4.6,0.490,0.2901,119,0.026,0.34,-0.77,0.0663,0.1489,0.069
309,34.3058,232,4.7,0.570,0.2906,115,0.027,0.36,-0.65,0.0677,0.1507,0.075
310,56.2194,219,4.6,0.425,0.2925,116,0.027,0.34,-0.86,0.0624,0.1557,0.068
311,23.6147,223,4.6,0.570,0.2970,120,0.026,0.34,-0.65,0.0679,0.1633,0.069
312,36.2682,212,4.7,0.425,0.2983,129,0.024,0.33,-0.86,0.0644,0.1621,0.063
313,39.7338,230,4.8,0.560,0.2993,132,0.024,0.35,-0.66,0.0670,0.1677,0.057
314,34.1326,211,4.7,0.455,0.3024,126,0.025,0.32,-0.82,0.0662,0.1624,0.057
315,25.4305,231,4.8,0.535,0.3051,115,0.027,0.36,-0.70,0.0673,0.1594,0.051
316,24.5278,202,4.7,0.460,0.3060,112,0.028,0.31,-0.81,0.0679,0.1665,0.044
317,30.8113,216,4.8,0.555,0.3073,121,0.026,0.33,-0.67,0.0670,0.1674,0.045
318,31.5218,209,4.8,0.470,0.3072,122,0.026,0.32,-0.80,0.0660,0.1675,0.051
319,15.8349,220,4.6,0.490,0.3065,120,0.026,0.34,-0.77,0.0603,0.1675,0.043
320,23.3125,203,4.6,0.490,0.3061,125,0.025,0.31,-0.77,0.0636,0.1647,0.043
321,33.2485,189,4.7,0.485,0.3035,119,0.026,0.29,-0.77,0.0668,0.1614,0.061
322,27.1992,228,4.8,0.525,0.3001,116,0.027,0.35,-0.71,0.0698,0.1603,0.067
323,23.4070,238,4.8,0.455,0.2994,116,0.027,0.37,-0.82,0.0645,0.1604,0.062
324,29.1762,199,4.6,0.515,0.2995,125,0.025,0.31,-0.73,0.0673,0.1564,0.070
325,19.3320,228,4.7,0.520,0.2970,120,0.026,0.35,-0.72,0.0636,0.1526,0.071
326,7.6415,172,4.6,0.500,0.2977,118,0.026,0.26,-0.75,0.0651,0.1505,0.066
327,53.8002,202,4.6,0.505,0.2994,126,0.025,0.31,-0.74,0.0654,0.1531,0.046
328,25.4151,215,4.6,0.485,0.2994,128,0.024,0.33,-0.77,0.0650,0.1569,0.046
329,37.1895,216,4.6,0.490,0.2994,130,0.024,0.33,-0.77,0.0667,0.1633,0.053
330,29.8106,225,4.7,0.525,0.2962,121,0.026,0.35,-0.71,0.0677,0.1578,0.057
331,54.4364,246,4.6,0.455,0.2960,114,0.027,0.38,-0.82,0.0656,0.1569,0.069
332,33.2840,232,4.5,0.545,0.2940,126,0.025,0.36,-0.68,0.0718,0.1530,0.068
333,56.1271,275,4.7,0.410,0.2941,121,0.026,0.42,-0.89,0.0668,0.1522,0.063
334,19.1820,220,4.6,0.590,0.2957,120,0.026,0.34,-0.61,0.0657,0.1478,0.063
335,34.3856,192,4.7,0.415,0.2956,117,0.027,0.30,-0.88,0.0660,0.1441,0.064
336,21.8196,205,4.7,0.565,0.2959,117,0.027,0.31,-0.65,0.0667,0.1514,0.058
337,40.4687,241,4.6,0.380,0.2987,118,0.026,0.37,-0.93,0.0646,0.1588,0.052
338,31.7027,246,4.6,0.625,0.2949,126,0.025,0.38,-0.56,0.0644,0.1595,0.057
339,45.1196,242,4.6,0.415,0.2962,125,0.025,0.37,-0.88,0.0634,0.1575,0.051
340,37.0130,243,4.6,0.565,0.2981,119,0.026,0.37,-0.65,0.0674,0.1582,0.045
341,32.2992,224,4.7,0.455,0.2990,120,0.026,0.34,-0.82,0.0662,0.1581,0.044
342,30.6487,223,4.8,0.540,0.3021,119,0.026,0.34,-0.69,0.0622,0.1653,0.051
343,30.3141,226,4.7,0.460,0.3032,129,0.024,0.35,-0.81,0.0676,0.1666,0.051
344,31.3955,241,4.5,0.540,0.3045,131,0.024,0.37,-0.69,0.0671,0.1685,0.039
345,33.5364,235,4.6,0.405,0.3070,121,0.026,0.36,-0.89,0.0652,0.1707,0.038
346,33.9090,226,4.6,0.575,0.3057,122,0.026,0.35,-0.64,0.0620,0.1654,0.044
347,45.9142,236,4.7,0.440,0.3047,119,0.026,0.36,-0.84,0.0663,0.1637,0.044
348,28.5272,233,4.7,0.565,0.3044,126,0.025,0.36,-0.65,0.0675,0.1602,0.051
349,33.7326,223,4.6,0.455,0.3068,117,0.027,0.34,-0.82,0.0681,0.1560,0.052
350,26.1517,249,4.6,0.535,0.3076,117,0.027,0.38,-0.70,0.0651,0.1546,0.046
351,24.3795,234,4.6,0.485,0.3101,120,0.026,0.36,-0.77,0.0655,0.1594,0.053
352,23.9787,193,4.5,0.490,0.3093,120,0.026,0.30,-0.77,0.0677,0.1645,0.053
353,36.6794,236,4.5,0.515,0.3087,121,0.026,0.36,-0.73,0.0654,0.1575,0.064
354,16.5061,210,4.6,0.490,0.3084,118,0.026,0.32,-0.77,0.0667,0.1603,0.058
355,30.5218,203,4.6,0.515,0.3041,119,0.026,0.31,-0.73,0.0649,0.1636,0.058
356,30.7311,207,4.6,0.505,0.3037,114,0.027,0.32,-0.74,0.0667,0.1564,0.059
357,12.7076,206,4.8,0.460,0.3026,115,0.027,0.32,-0.81,0.0662,0.1525,0.059
358,38.0797,190,4.7,0.520,0.3013,119,0.026,0.29,-0.72,0.0655,0.1512,0.058
359,26.6072,221,4.6,0.470,0.3048,124,0.025,0.34,-0.80,0.0670,0.1549,0.058
360,21.3215,213,4.5,0.500,0.3047,123,0.025,0.33,-0.75,0.0672,0.1621,0.033
361,48.7595,241,4.4,0.480,0.3044,119,0.026,0.37,-0.78,0.0702,0.1617,0.040
362,37.3533,261,4.6,0.505,0.3020,124,0.025,0.40,-0.74,0.0685,0.1668,0.040
363,40.8490,231,4.6,0.475,0.3057,123,0.025,0.36,-0.79,0.0644,0.1671,0.033
364,26.7680,202,4.5,0.530,0.3066,123,0.025,0.31,-0.70,0.0681,0.1608,0.034
365,29.7817,220,4.5,0.485,0.3035,123,0.025,0.34,-0.77,0.0635,0.1597,0.043
366,41.7372,233,4.6,0.495,0.3065,125,0.025,0.36,-0.76,0.0656,0.1680,0.035
367,45.7873,235,4.7,0.470,0.3054,126,0.025,0.36,-0.80,0.0650,0.1726,0.021
368,24.7372,214,4.7,0.520,0.3028,117,0.027,0.33,-0.72,0.0667,0.1737,0.021
369,17.3627,187,4.5,0.500,0.3033,119,0.026,0.29,-0.75,0.0693,0.1771,0.021
370,30.3296,220,4.5,0.515,0.3060,123,0.025,0.34,-0.73,0.0676,0.1736,0.034
371,21.5427,245,4.7,0.500,0.3053,119,0.026,0.38,-0.75,0.0650,0.1705,0.041
372,24.8224,213,4.7,0.475,0.3046,124,0.025,0.33,-0.79,0.0681,0.1738,0.054
373,36.7876,237,4.6,0.530,0.3070,122,0.026,0.36,-0.70,0.0670,0.1744,0.047
374,13.1004,205,4.6,0.450,0.3068,120,0.026,0.32,-0.83,0.0688,0.1679,0.053
375,24.6818,221,4.6,0.555,0.3073,119,0.026,0.34,-0.67,0.0623,0.1667,0.045
376,46.4583,206,4.6,0.450,0.3071,118,0.026,0.32,-0.83,0.0643,0.1624,0.044
377,42.2056,244,4.5,0.535,0.3089,126,0.025,0.38,-0.70,0.0725,0.1649,0.057
378,29.1517,254,4.5,0.465,0.3077,120,0.026,0.39,-0.80,0.0675,0.1636,0.050
379,25.7697,219,4.6,0.530,0.3085,123,0.025,0.34,-0.70,0.0658,0.1621,0.050
380,34.8343,210,4.5,0.455,0.3089,121,0.026,0.32,-0.82,0.0653,0.1614,0.044
381,13.4218,178,4.7,0.560,0.3124,123,0.025,0.27,-0.66,0.0627,0.1698,0.043
382,21.2362,189,4.6,0.450,0.3154,120,0.026,0.29,-0.83,0.0667,0.1686,0.037
383,31.0963,210,4.5,0.515,0.3147,119,0.026,0.32,-0.73,0.0652,0.1665,0.037
384,32.6036,216,4.6,0.485,0.3116,120,0.026,0.33,-0.77,0.0663,0.1731,0.025
385,22.5719,224,4.6,0.495,0.3140,118,0.026,0.34,-0.76,0.0686,0.1766,0.025
386,18.7121,183,4.6,0.470,0.3154,119,0.026,0.28,-0.80,0.0691,0.1740,0.025
387,22.2555,212,4.7,0.480,0.3148,125,0.025,0.33,-0.78,0.0683,0.1730,0.026
388,25.1312,214,4.9,0.530,0.3132,116,0.027,0.33,-0.70,0.0665,0.1718,0.032
389,31.1073,215,4.8,0.455,0.3130,115,0.027,0.33,-0.82,0.0661,0.1689,0.026
390,18.9717,184,4.6,0.515,0.3155,122,0.026,0.28,-0.73,0.0663,0.1679,0.026
391,25.7086,177,4.5,0.465,0.3120,124,0.025,0.27,-0.80,0.0670,0.1655,0.025
392,23.9602,230,4.5,0.520,0.3101,120,0.026,0.35,-0.72,0.0675,0.1635,0.032
393,32.2730,223,4.5,0.500,0.3109,125,0.025,0.34,-0.75,0.0655,0.1665,0.032
394,26.3618,219,4.6,0.490,0.3116,121,0.026,0.34,-0.77,0.0681,0.1633,0.039
395,29.8423,246,4.6,0.480,0.3117,115,0.027,0.38,-0.78,0.0631,0.1621,0.045
396,17.1006,187,4.6,0.545,0.3127,119,0.026,0.29,-0.68,0.0693,0.1563,0.053
397,41.4349,257,4.7,0.430,0.3112,119,0.026,0.40,-0.86,0.0666,0.1564,0.058
398,24.0131,194,4.6,0.545,0.3129,127,0.025,0.30,-0.68,0.0647,0.1584,0.058
399,38.4762,223,4.6,0.445,0.3142,123,0.025,0.34,-0.83,0.0644,0.1627,0.071
400,26.6862,219,4.7,0.565,0.3143,118,0.026,0.34,-0.65,0.0636,0.1637,0.069
401,40.5428,250,4.8,0.425,0.3140,121,0.026,0.38,-0.86,0.0653,0.1626,0.069
402,24.3999,203,4.7,0.550,0.3143,118,0.026,0.31,-0.67,0.0672,0.1700,0.062
403,44.7967,215,4.6,0.425,0.3132,116,0.027,0.33,-0.86,0.0688,0.1698,0.070
404,38.4445,263,4.6,0.555,0.3144,123,0.025,0.40,-0.67,0.0665,0.1746,0.069
405,41.8022,265,4.6,0.465,0.3144,130,0.024,0.41,-0.80,0.0648,0.1666,0.062
406,33.3518,218,4.5,0.525,0.3137,117,0.027,0.34,-0.71,0.0661,0.1613,0.050
407,55.4667,224,4.7,0.485,0.3119,128,0.024,0.34,-0.77,0.0694,0.1611,0.050
408,35.4580,242,4.7,0.540,0.3063,123,0.025,0.37,-0.69,0.0666,0.1618,0.057
409,31.0559,270,4.6,0.470,0.3064,128,0.024,0.41,-0.80,0.0690,0.1604,0.050
410,40.4558,197,4.7,0.555,0.3095,117,0.027,0.30,-0.67,0.0663,0.1662,0.038
411,30.6767,241,4.7,0.480,0.3095,123,0.025,0.37,-0.78,0.0662,0.1680,0.044
412,34.7135,214,4.7,0.495,0.3094,118,0.026,0.33,-0.76,0.0663,0.1662,0.044
413,32.7761,192,4.7,0.520,0.3125,125,0.025,0.29,-0.72,0.0685,0.1661,0.043
414,35.3396,223,4.8,0.505,0.3110,122,0.026,0.34,-0.74,0.0660,0.1644,0.050
415,34.7962,214,4.7,0.465,0.3090,122,0.026,0.33,-0.80,0.0669,0.1641,0.044
416,22.9814,202,4.6,0.495,0.3059,121,0.026,0.31,-0.76,0.0666,0.1636,0.045
417,32.7662,201,4.6,0.525,0.3085,112,0.028,0.31,-0.71,0.0682,0.1649,0.044
418,14.3503,202,4.6,0.435,0.3069,111,0.028,0.31,-0.85,0.0657,0.1602,0.057
419,16.0388,214,4.5,0.525,0.3086,114,0.027,0.33,-0.71,0.0675,0.1577,0.051
420,27.3144,206,4.6,0.480,0.3111,118,0.026,0.32,-0.78,0.0639,0.1624,0.051
421,21.5029,199,4.6,0.520,0.3107,118,0.026,0.31,-0.72,0.0657,0.1664,0.065
422,23.1121,207,4.7,0.460,0.3122,124,0.025,0.32,-0.81,0.0631,0.1707,0.058
423,19.0629,217,4.7,0.530,0.3127,116,0.027,0.33,-0.70,0.0686,0.1691,0.051
424,27.4796,181,4.8,0.500,0.3109,120,0.026,0.28,-0.75,0.0631,0.1706,0.044
425,25.4705,208,4.7,0.475,0.3088,124,0.025,0.32,-0.79,0.0641,0.1674,0.045
426,26.7044,211,4.6,0.525,0.3115,119,0.026,0.32,-0.71,0.0683,0.1706,0.044
427,45.9364,228,4.6,0.490,0.3112,119,0.026,0.35,-0.77,0.0666,0.1694,0.051
428,33.4832,220,4.7,0.510,0.3082,118,0.026,0.34,-0.73,0.0630,0.1698,0.052
429,21.3989,196,4.9,0.480,0.3107,122,0.026,0.30,-0.78,0.0626,0.1720,0.045
430,30.9212,217,4.8,0.495,0.3082,124,0.025,0.33,-0.76,0.0673,0.1672,0.039
431,26.5668,204,4.8,0.495,0.3056,122,0.026,0.31,-0.76,0.0696,0.1669,0.051
432,25.5087,209,4.7,0.510,0.3034,116,0.027,0.32,-0.73,0.0671,0.1662,0.058
433,36.4001,225,4.6,0.470,0.3036,118,0.026,0.35,-0.80,0.0637,0.1668,0.083
434,29.7233,214,4.6,0.530,0.3046,122,0.026,0.33,-0.70,0.0649,0.1642,0.088
435,35.9521,233,4.7,0.490,0.3025,119,0.026,0.36,-0.77,0.0659,0.1624,0.089
436,26.3311,176,4.7,0.530,0.3054,116,0.027,0.27,-0.70,0.0672,0.1674,0.082
437,27.8309,224,4.7,0.470,0.3047,121,0.026,0.34,-0.80,0.0659,0.1677,0.076
438,14.2232,191,4.7,0.525,0.3068,117,0.027,0.29,-0.71,0.0663,0.1711,0.070
439,26.5662,218,4.7,0.470,0.3052,122,0.026,0.33,-0.80,0.0648,0.1624,0.063
440,25.7477,186,4.8,0.510,0.3062,117,0.027,0.29,-0.73,0.0701,0.1609,0.057
441,39.5172,225,4.6,0.490,0.3076,129,0.024,0.35,-0.77,0.0658,0.1673,0.051
442,41.7981,236,4.7,0.475,0.3080,120,0.026,0.36,-0.79,0.0686,0.1606,0.051
443,17.4011,203,4.6,0.485,0.3081,120,0.026,0.31,-0.77,0.0648,0.1596,0.044
444,47.1467,234,4.6,0.530,0.3106,114,0.027,0.36,-0.70,0.0658,0.1535,0.037
445,43.4363,247,4.5,0.410,0.3160,120,0.026,0.38,-0.89,0.0660,0.1577,0.038
446,25.6641,227,4.6,0.580,0.3153,120,0.026,0.35,-0.63,0.0676,0.1606,0.037
447,27.4104,223,4.5,0.390,0.3158,120,0.026,0.34,-0.92,0.0653,0.1604,0.037
448,22.9772,209,4.7,0.605,0.3172,117,0.027,0.32,-0.59,0.0671,0.1582,0.042
449,42.1240,219,4.6,0.380,0.3150,111,0.028,0.34,-0.93,0.0686,0.1592,0.042
450,41.0043,264,4.5,0.590,0.3112,124,0.025,0.41,-0.61,0.0652,0.1528,0.055
451,47.3512,241,4.6,0.400,0.3133,126,0.025,0.37,-0.90,0.0661,0.1525,0.062
452,28.5865,228,4.8,0.565,0.3096,122,0.026,0.35,-0.65,0.0643,0.1499,0.068
453,40.2000,230,4.6,0.445,0.3088,117,0.027,0.35,-0.83,0.0652,0.1438,0.071
454,44.3162,242,4.6,0.580,0.3062,121,0.026,0.37,-0.63,0.0664,0.1395,0.065
455,58.9976,240,4.6,0.435,0.3080,120,0.026,0.37,-0.85,0.0639,0.1396,0.073
456,28.1136,228,4.6,0.570,0.3090,117,0.027,0.35,-0.65,0.0670,0.1489,0.055
457,22.5137,241,4.7,0.455,0.3092,127,0.025,0.37,-0.82,0.0671,0.1522,0.052
458,17.2915,188,4.6,0.530,0.3095,125,0.025,0.29,-0.70,0.0662,0.1481,0.052
459,15.1388,200,4.7,0.505,0.3099,120,0.026,0.31,-0.74,0.0668,0.1485,0.052
460,31.0593,196,4.6,0.475,0.3079,114,0.027,0.30,-0.79,0.0677,0.1487,0.052
461,26.8104,216,4.6,0.505,0.3100,126,0.025,0.33,-0.74,0.0694,0.1538,0.032
462,22.6038,193,4.7,0.480,0.3126,127,0.025,0.30,-0.78,0.0664,0.1526,0.032
463,41.3209,228,4.7,0.485,0.3140,120,0.026,0.35,-0.77,0.0663,0.1485,0.034
464,42.3374,272,4.5,0.490,0.3143,117,0.027,0.42,-0.77,0.0659,0.1489,0.027
465,24.5556,206,4.5,0.500,0.3128,114,0.027,0.32,-0.75,0.0657,0.1505,0.034
466,34.7949,227,4.6,0.505,0.3124,111,0.028,0.35,-0.74,0.0655,0.1471,0.034
467,34.8026,227,4.7,0.480,0.3134,115,0.027,0.35,-0.78,0.0673,0.1511,0.033
468,52.9471,253,4.6,0.485,0.3109,112,0.028,0.39,-0.77,0.0635,0.1481,0.034
469,20.6739,274,4.6,0.500,0.3128,116,0.027,0.42,-0.75,0.0668,0.1493,0.041
470,42.0481,195,4.6,0.465,0.3112,120,0.026,0.30,-0.80,0.0644,0.1523,0.049
471,23.4158,220,4.6,0.525,0.3092,113,0.028,0.34,-0.71,0.0685,0.1458,0.056
472,42.2950,228,4.5,0.445,0.3131,123,0.025,0.35,-0.83,0.0666,0.1532,0.054
473,43.8940,247,4.6,0.520,0.3110,116,0.027,0.38,-0.72,0.0646,0.1596,0.046
474,34.8751,226,4.7,0.455,0.3126,115,0.027,0.35,-0.82,0.0662,0.1678,0.020
475,12.5204,203,4.6,0.545,0.3159,120,0.026,0.31,-0.68,0.0660,0.1744,0.026
476,30.6999,220,4.6,0.460,0.3112,124,0.025,0.34,-0.81,0.0646,0.1718,0.039
477,24.6519,237,4.5,0.530,0.3137,120,0.026,0.36,-0.70,0.0672,0.1714,0.038
478,44.5325,242,4.6,0.445,0.3109,123,0.025,0.37,-0.83,0.0635,0.1717,0.038
479,19.7588,180,4.8,0.540,0.3114,117,0.027,0.28,-0.69,0.0672,0.1620,0.051
480,32.9827,226,4.7,0.450,0.3100,127,0.025,0.35,-0.83,0.0688,0.1508,0.060
481,26.5605,221,4.7,0.545,0.3098,132,0.024,0.34,-0.68,0.0643,0.1555,0.060
482,33.0637,192,4.7,0.440,0.3123,128,0.024,0.29,-0.84,0.0651,0.1575,0.053
483,23.4807,196,4.7,0.505,0.3146,122,0.026,0.30,-0.74,0.0650,0.1571,0.054
484,30.1005,209,4.8,0.485,0.3155,117,0.027,0.32,-0.77,0.0647,0.1537,0.047
485,51.6825,232,4.8,0.515,0.3134,120,0.026,0.36,-0.73,0.0671,0.1499,0.047
486,26.1753,216,4.6,0.450,0.3113,123,0.025,0.33,-0.83,0.0672,0.1516,0.043
487,32.4214,231,4.6,0.535,0.3139,120,0.026,0.36,-0.70,0.0648,0.1477,0.042
488,33.9662,238,4.7,0.460,0.3157,116,0.027,0.37,-0.81,0.0682,0.1455,0.062
489,24.1663,228,4.7,0.520,0.3152,118,0.026,0.35,-0.72,0.0674,0.1512,0.055
490,27.7507,260,4.6,0.495,0.3150,122,0.026,0.40,-0.76,0.0649,0.1557,0.042
491,17.8994,193,4.6,0.500,0.3145,120,0.026,0.30,-0.75,0.0649,0.1525,0.042
492,25.7023,212,4.6,0.455,0.3183,120,0.026,0.33,-0.82,0.0664,0.1530,0.043
493,9.6142,198,4.6,0.545,0.3179,125,0.025,0.30,-0.68,0.0667,0.1548,0.035
494,48.6962,257,4.7,0.480,0.3182,122,0.026,0.40,-0.78,0.0648,0.1550,0.033
495,26.6766,214,4.6,0.465,0.3149,120,0.026,0.33,-0.80,0.0677,0.1548,0.045
496,29.6767,174,4.5,0.525,0.3098,113,0.028,0.27,-0.71,0.0693,0.1532,0.056
497,35.3428,212,4.7,0.480,0.3079,111,0.028,0.33,-0.78,0.0695,0.1497,0.051
498,20.7510,220,4.6,0.530,0.3080,120,0.026,0.34,-0.70,0.0671,0.1587,0.044
499,37.9537,196,4.5,0.415,0.3084,117,0.027,0.30,-0.88,0.0635,0.1616,0.058
500,20.5460,174,4.6,0.575,0.3063,118,0.026,0.27,-0.64,0.0673,0.1555,0.062
501,30.2168,206,4.7,0.430,0.3082,125,0.025,0.32,-0.86,0.0667,0.1529,0.063
502,15.9778,234,4.7,0.570,0.3105,124,0.025,0.36,-0.65,0.0637,0.1544,0.051
503,36.0329,197,4.6,0.445,0.3098,117,0.027,0.30,-0.83,0.0658,0.1537,0.068
504,29.7779,219,4.7,0.550,0.3109,120,0.026,0.34,-0.67,0.0613,0.1516,0.070
505,34.7722,233,4.7,0.440,0.3100,118,0.026,0.36,-0.84,0.0644,0.1477,0.064
506,37.6955,228,4.6,0.550,0.3081,121,0.026,0.35,-0.67,0.0650,0.1485,0.071
507,37.6463,294,4.5,0.470,0.3086,114,0.027,0.45,-0.80,0.0636,0.1437,0.079
508,17.4651,171,4.6,0.510,0.3126,125,0.025,0.26,-0.73,0.0660,0.1515,0.073
509,52.2799,238,4.6,0.505,0.3115,128,0.024,0.37,-0.74,0.0634,0.1584,0.071
510,34.3411,216,4.7,0.440,0.3128,120,0.026,0.33,-0.84,0.0724,0.1576,0.071
511,44.0058,233,4.7,0.505,0.3171,123,0.025,0.36,-0.74,0.0665,0.1569,0.066
512,56.0470,235,4.7,0.465,0.3155,116,0.027,0.36,-0.80,0.0638,0.1579,0.059
513,14.7789,262,4.7,0.510,0.3141,121,0.026,0.40,-0.73,0.0691,0.1575,0.058
514,23.9688,197,4.8,0.475,0.3175,116,0.027,0.30,-0.79,0.0634,0.1591,0.052
515,25.7030,208,4.8,0.515,0.3172,118,0.026,0.32,-0.73,0.0645,0.1486,0.045
516,30.8476,193,4.7,0.460,0.3192,120,0.026,0.30,-0.81,0.0670,0.1508,0.050
517,42.7624,239,4.6,0.525,0.3191,124,0.025,0.37,-0.71,0.0644,0.1540,0.056
518,41.2507,230,4.5,0.460,0.3204,116,0.027,0.35,-0.81,0.0622,0.1603,0.055
519,28.5302,251,4.7,0.515,0.3221,117,0.027,0.39,-0.73,0.0634,0.1592,0.045
520,27.5236,219,4.7,0.490,0.3199,114,0.027,0.34,-0.77,0.0634,0.1589,0.039
521,37.3337,214,4.7,0.440,0.3229,127,0.025,0.33,-0.84,0.0683,0.1608,0.053
522,31.5864,248,4.7,0.520,0.3236,117,0.027,0.38,-0.72,0.0653,0.1529,0.065
523,24.5790,227,4.6,0.460,0.3239,118,0.026,0.35,-0.81,0.0655,0.1568,0.064
524,29.2464,173,4.6,0.560,0.3299,119,0.026,0.27,-0.66,0.0621,0.1573,0.075
525,56.1715,250,4.6,0.430,0.3296,125,0.025,0.38,-0.86,0.0671,0.1567,0.068
526,9.9376,230,4.6,0.565,0.3290,120,0.026,0.35,-0.65,0.0620,0.1676,0.068
527,42.7961,250,4.6,0.450,0.3250,125,0.025,0.38,-0.83,0.0659,0.1571,0.068
528,28.8696,211,4.7,0.540,0.3214,119,0.026,0.32,-0.69,0.0639,0.1514,0.069
529,51.8977,238,4.7,0.450,0.3213,116,0.027,0.37,-0.83,0.0632,0.1601,0.058
530,14.9992,211,4.6,0.525,0.3216,129,0.024,0.32,-0.71,0.0657,0.1608,0.045
531,41.8289,230,4.6,0.475,0.3221,122,0.026,0.35,-0.79,0.0640,0.1649,0.051
532,38.3216,206,4.5,0.540,0.3241,108,0.029,0.32,-0.69,0.0681,0.1617,0.064
533,41.1569,245,4.6,0.440,0.3209,124,0.025,0.38,-0.84,0.0626,0.1552,0.063
534,44.1124,248,4.7,0.520,0.3208,123,0.025,0.38,-0.72,0.0675,0.1546,0.046
535,32.8440,226,4.6,0.450,0.3205,126,0.025,0.35,-0.83,0.0662,0.1558,0.053
536,33.7761,244,4.6,0.490,0.3211,121,0.026,0.37,-0.77,0.0645,0.1580,0.040
537,23.2996,217,4.7,0.500,0.3237,115,0.027,0.33,-0.75,0.0693,0.1577,0.041
538,21.6817,170,4.7,0.500,0.3242,116,0.027,0.26,-0.75,0.0629,0.1580,0.047
539,31.9549,207,4.7,0.455,0.3238,116,0.027,0.32,-0.82,0.0658,0.1600,0.046
540,16.7498,217,4.7,0.545,0.3239,118,0.026,0.33,-0.68,0.0659,0.1616,0.039
541,38.7359,219,4.6,0.440,0.3241,115,0.027,0.34,-0.84,0.0679,0.1648,0.046
542,35.5587,186,4.6,0.540,0.3235,117,0.027,0.29,-0.69,0.0640,0.1679,0.052
543,41.8294,231,4.6,0.440,0.3234,123,0.025,0.35,-0.84,0.0669,0.1694,0.046
544,27.8873,209,4.5,0.535,0.3245,114,0.027,0.32,-0.70,0.0680,0.1764,0.046
545,41.0960,234,4.5,0.450,0.3200,121,0.026,0.36,-0.83,0.0606,0.1687,0.052
546,24.9524,203,4.5,0.575,0.3221,118,0.026,0.31,-0.64,0.0658,0.1635,0.052
547,46.4907,214,4.5,0.445,0.3219,112,0.028,0.33,-0.83,0.0680,0.1647,0.060
548,32.7679,222,4.5,0.545,0.3206,114,0.027,0.34,-0.68,0.0653,0.1651,0.059
549,23.8060,232,4.5,0.460,0.3209,120,0.026,0.36,-0.81,0.0662,0.1673,0.052
550,31.0899,171,4.7,0.520,0.3213,121,0.026,0.26,-0.72,0.0669,0.1654,0.059
551,22.0665,189,4.7,0.470,0.3224,119,0.026,0.29,-0.80,0.0664,0.1671,0.052
552,28.4143,213,4.7,0.490,0.3246,117,0.027,0.33,-0.77,0.0682,0.1688,0.044
553,43.1997,252,4.8,0.460,0.3170,121,0.026,0.39,-0.81,0.0718,0.1607,0.039
554,37.1735,249,4.6,0.495,0.3201,121,0.026,0.38,-0.76,0.0648,0.1695,0.053
555,29.5036,221,4.6,0.500,0.3219,114,0.027,0.34,-0.75,0.0689,0.1679,0.057
556,34.4071,223,4.7,0.460,0.3233,116,0.027,0.34,-0.81,0.0666,0.1653,0.058
557,35.7010,230,4.6,0.530,0.3271,119,0.026,0.35,-0.70,0.0647,0.1666,0.058
558,45.1341,229,4.5,0.490,0.3288,117,0.027,0.35,-0.77,0.0647,0.1617,0.045
559,37.1433,228,4.5,0.515,0.3253,118,0.026,0.35,-0.73,0.0662,0.1545,0.045
560,48.5302,246,4.6,0.465,0.3208,124,0.025,0.38,-0.80,0.0659,0.1548,0.051
561,18.9326,216,4.7,0.550,0.3194,114,0.027,0.33,-0.67,0.0712,0.1588,0.045
562,17.0395,161,4.6,0.480,0.3173,115,0.027,0.25,-0.78,0.0639,0.1534,0.045
563,44.3182,221,4.6,0.485,0.3167,119,0.026,0.34,-0.77,0.0630,0.1550,0.052
564,23.4933,230,4.6,0.540,0.3169,122,0.026,0.35,-0.69,0.0646,0.1593,0.051
565,38.8770,196,4.7,0.465,0.3220,117,0.027,0.30,-0.80,0.0646,0.1508,0.071
566,22.6853,216,4.7,0.540,0.3174,112,0.028,0.33,-0.69,0.0658,0.1528,0.072
567,32.4721,238,4.6,0.450,0.3133,116,0.027,0.37,-0.83,0.0651,0.1508,0.059
568,42.3782,239,4.5,0.545,0.3149,117,0.027,0.37,-0.68,0.0685,0.1453,0.076
569,40.7194,258,4.5,0.410,0.3172,115,0.027,0.40,-0.89,0.0659,0.1439,0.071
570,37.7402,248,4.5,0.565,0.3144,121,0.026,0.38,-0.65,0.0638,0.1462,0.084
571,29.9121,219,4.6,0.430,0.3132,118,0.026,0.34,-0.86,0.0676,0.1466,0.078
572,23.0231,206,4.7,0.555,0.3128,118,0.026,0.32,-0.67,0.0694,0.1469,0.066
573,39.8693,242,4.5,0.420,0.3151,124,0.025,0.37,-0.87,0.0657,0.1416,0.074
574,35.1319,258,4.5,0.585,0.3137,125,0.025,0.40,-0.62,0.0679,0.1363,0.060
575,27.5010,205,4.6,0.390,0.3125,121,0.026,0.31,-0.92,0.0663,0.1444,0.054
576,17.2419,186,4.7,0.610,0.3167,122,0.026,0.29,-0.58,0.0679,0.1446,0.052
577,41.8668,197,4.7,0.405,0.3154,117,0.027,0.30,-0.89,0.0667,0.1434,0.058
578,25.7133,256,4.6,0.545,0.3147,122,0.026,0.39,-0.68,0.0694,0.1516,0.040
579,38.1741,224,4.6,0.445,0.3164,127,0.025,0.34,-0.83,0.0683,0.1583,0.047
580,49.2792,265,4.6,0.495,0.3105,126,0.025,0.41,-0.76,0.0680,0.1592,0.028
581,38.4110,225,4.5,0.495,0.3105,125,0.025,0.35,-0.76,0.0673,0.1591,0.028
582,44.6901,242,4.6,0.445,0.3082,120,0.026,0.37,-0.83,0.0622,0.1499,0.036
583,21.1291,238,4.6,0.525,0.3099,126,0.025,0.37,-0.71,0.0666,0.1519,0.042
584,61.6350,221,4.5,0.425,0.3063,123,0.025,0.34,-0.86,0.0626,0.1510,0.041
585,33.9738,248,4.6,0.545,0.3079,118,0.026,0.38,-0.68,0.0661,0.1457,0.058
586,22.2164,205,4.7,0.440,0.3136,125,0.025,0.31,-0.84,0.0647,0.1541,0.060
587,35.1203,252,4.6,0.525,0.3104,125,0.025,0.39,-0.71,0.0634,0.1493,0.048
588,40.9030,225,4.6,0.480,0.3108,122,0.026,0.35,-0.78,0.0650,0.1443,0.062
589,43.5452,215,4.6,0.495,0.3125,121,0.026,0.33,-0.76,0.0653,0.1484,0.075
590,46.8561,257,4.6,0.490,0.3101,120,0.026,0.39,-0.77,0.0689,0.1473,0.062
591,36.1061,266,4.6,0.480,0.3116,124,0.025,0.41,-0.78,0.0672,0.1498,0.061
592,34.9728,235,4.6,0.505,0.3110,118,0.026,0.36,-0.74,0.0672,0.1421,0.073
593,45.4690,246,4.5,0.480,0.3065,125,0.025,0.38,-0.78,0.0644,0.1444,0.071
594,27.7132,246,4.6,0.515,0.3124,118,0.026,0.38,-0.73,0.0644,0.1444,0.043
595,32.8713,237,4.6,0.495,0.3146,115,0.027,0.36,-0.76,0.0658,0.1478,0.038
596,30.7499,223,4.6,0.470,0.3136,120,0.026,0.34,-0.80,0.0670,0.1486,0.033
597,55.0874,235,4.5,0.535,0.3124,124,0.025,0.36,-0.70,0.0684,0.1425,0.026
598,36.2515,241,4.5,0.475,0.3126,130,0.024,0.37,-0.79,0.0685,0.1444,0.039
599,57.5797,250,4.7,0.500,0.3151,119,0.026,0.38,-0.75,0.0651,0.1477,0.053
600,33.4940,249,4.6,0.500,0.3128,118,0.026,0.38,-0.75,0.0653,0.1504,0.074
601,45.3813,253,4.7,0.480,0.3135,112,0.028,0.39,-0.78,0.0629,0.1570,0.074
602,28.4281,252,4.8,0.480,0.3162,111,0.028,0.39,-0.78,0.0651,0.1510,0.051
603,39.2084,212,4.6,0.515,0.3166,118,0.026,0.33,-0.73,0.0627,0.1536,0.045
604,34.2985,235,4.4,0.490,0.3181,118,0.026,0.36,-0.77,0.0604,0.1623,0.039
605,24.9575,201,4.6,0.455,0.3163,128,0.024,0.31,-0.82,0.0645,0.1622,0.033
606,29.6253,205,4.7,0.530,0.3173,125,0.025,0.32,-0.70,0.0682,0.1662,0.026
607,27.5116,224,4.5,0.440,0.3218,122,0.026,0.34,-0.84,0.0684,0.1606,0.026
608,38.3626,242,4.6,0.570,0.3195,123,0.025,0.37,-0.65,0.0682,0.1564,0.033
609,45.6689,218,4.7,0.455,0.3190,128,0.024,0.33,-0.82,0.0659,0.1452,0.046
610,33.3814,242,4.5,0.525,0.3176,121,0.026,0.37,-0.71,0.0678,0.1428,0.054
611,30.8024,195,4.6,0.465,0.3207,121,0.026,0.30,-0.80,0.0649,0.1459,0.061
612,29.6133,230,4.6,0.505,0.3180,124,0.025,0.35,-0.74,0.0644,0.1451,0.070
613,36.0879,224,4.6,0.475,0.3181,121,0.026,0.34,-0.79,0.0635,0.1446,0.077
614,32.0475,243,4.6,0.560,0.3189,122,0.026,0.37,-0.66,0.0659,0.1471,0.076
615,49.0048,230,4.6,0.405,0.3214,124,0.025,0.35,-0.89,0.0653,0.1461,0.082
616,26.5777,243,4.8,0.610,0.3185,124,0.025,0.37,-0.58,0.0643,0.1476,0.081
617,45.4059,221,4.8,0.410,0.3215,117,0.027,0.34,-0.89,0.0648,0.1451,0.086
618,24.9345,235,4.8,0.560,0.3228,116,0.027,0.36,-0.66,0.0672,0.1416,0.086
619,43.3575,193,4.7,0.435,0.3252,117,0.027,0.30,-0.85,0.0655,0.1377,0.081
620,33.4784,236,4.6,0.555,0.3210,121,0.026,0.36,-0.67,0.0657,0.1397,0.063
621,47.9196,280,4.5,0.440,0.3171,113,0.028,0.43,-0.84,0.0681,0.1465,0.057
622,30.2025,210,4.6,0.520,0.3147,111,0.028,0.32,-0.72,0.0640,0.1405,0.079
623,34.6425,202,4.8,0.435,0.3130,121,0.026,0.31,-0.85,0.0639,0.1315,0.084
624,23.8743,216,4.7,0.555,0.3124,120,0.026,0.33,-0.67,0.0680,0.1218,0.071
625,52.3217,263,4.5,0.455,0.3128,116,0.027,0.40,-0.82,0.0659,0.1219,0.092
626,25.7075,252,4.5,0.525,0.3115,123,0.025,0.39,-0.71,0.0638,0.1196,0.085
627,21.7554,174,4.6,0.480,0.3162,119,0.026,0.27,-0.78,0.0666,0.1227,0.079
628,45.2067,237,4.7,0.535,0.3176,120,0.026,0.36,-0.70,0.0659,0.1249,0.079
629,39.5315,256,4.5,0.425,0.3160,120,0.026,0.39,-0.86,0.0648,0.1295,0.079
630,23.1359,195,4.6,0.565,0.3164,123,0.025,0.30,-0.65,0.0651,0.1296,0.076
631,39.0895,218,4.6,0.465,0.3083,123,0.025,0.33,-0.80,0.0649,0.1301,0.071
632,17.8622,211,4.7,0.520,0.3111,120,0.026,0.32,-0.72,0.0689,0.1389,0.073
633,32.8927,253,4.6,0.455,0.3142,125,0.025,0.39,-0.82,0.0689,0.1455,0.068
634,41.2406,231,4.5,0.500,0.3146,117,0.027,0.36,-0.75,0.0655,0.1454,0.092
635,34.1723,211,4.6,0.450,0.3107,117,0.027,0.32,-0.83,0.0693,0.1426,0.091
636,33.4040,211,4.6,0.560,0.3110,124,0.025,0.32,-0.66,0.0654,0.1331,0.077
637,51.4596,248,4.7,0.430,0.3167,116,0.027,0.38,-0.86,0.0669,0.1351,0.084
638,27.7952,237,4.7,0.545,0.3158,126,0.025,0.36,-0.68,0.0637,0.1324,0.072
639,57.3649,239,4.6,0.445,0.3173,119,0.026,0.37,-0.83,0.0673,0.1356,0.072
640,21.7959,232,4.5,0.535,0.3133,117,0.027,0.36,-0.70,0.0679,0.1458,0.081
641,32.2355,219,4.7,0.445,0.3122,123,0.025,0.34,-0.83,0.0671,0.1419,0.084
642,31.0570,213,4.7,0.540,0.3181,117,0.027,0.33,-0.69,0.0651,0.1445,0.053
643,33.8810,198,4.7,0.455,0.3154,115,0.027,0.30,-0.82,0.0636,0.1444,0.057
644,29.6279,242,4.6,0.510,0.3123,122,0.026,0.37,-0.73,0.0630,0.1367,0.058
645,31.6795,220,4.5,0.495,0.3106,124,0.025,0.34,-0.76,0.0653,0.1415,0.051
646,36.4530,219,4.5,0.505,0.3094,123,0.025,0.34,-0.74,0.0638,0.1473,0.050
647,41.4425,245,4.6,0.505,0.3120,122,0.026,0.38,-0.74,0.0649,0.1485,0.050
648,31.2278,243,4.6,0.455,0.3118,124,0.025,0.37,-0.82,0.0670,0.1467,0.057
649,17.7506,193,4.6,0.530,0.3112,128,0.024,0.30,-0.70,0.0669,0.1402,0.050
650,55.8432,274,4.6,0.480,0.3109,125,0.025,0.42,-0.78,0.0623,0.1458,0.044
651,49.4548,248,4.6,0.470,0.3104,118,0.026,0.38,-0.80,0.0660,0.1433,0.051
652,41.4417,223,4.6,0.470,0.3112,122,0.026,0.34,-0.80,0.0652,0.1403,0.051
653,46.1555,246,4.7,0.495,0.3082,125,0.025,0.38,-0.76,0.0646,0.1428,0.059
654,36.6207,272,4.6,0.520,0.3056,111,0.028,0.42,-0.72,0.0677,0.1529,0.058
655,22.8741,184,4.6,0.480,0.3085,115,0.027,0.28,-0.78,0.0658,0.1561,0.039
656,32.8235,175,4.8,0.515,0.3096,123,0.025,0.27,-0.73,0.0666,0.1509,0.039
657,35.1451,188,4.8,0.445,0.3121,118,0.026,0.29,-0.83,0.0650,0.1476,0.045
658,45.1323,241,4.6,0.545,0.3135,122,0.026,0.37,-0.68,0.0676,0.1412,0.031
659,24.5805,215,4.7,0.505,0.3116,126,0.025,0.33,-0.74,0.0670,0.1362,0.032
660,55.4730,223,4.7,0.465,0.3143,118,0.026,0.34,-0.80,0.0636,0.1415,0.033
661,37.6257,255,4.7,0.480,0.3137,118,0.026,0.39,-0.78,0.0676,0.1458,0.034
662,33.5117,225,4.6,0.505,0.3115,120,0.026,0.35,-0.74,0.0668,0.1420,0.019
663,16.5519,241,4.5,0.485,0.3135,117,0.027,0.37,-0.77,0.0629,0.1451,0.019
664,27.5770,213,4.6,0.515,0.3138,122,0.026,0.33,-0.73,0.0696,0.1491,0.038
665,42.1191,237,4.7,0.465,0.3129,109,0.029,0.36,-0.80,0.0658,0.1507,0.057
666,23.8431,230,4.6,0.535,0.3147,123,0.025,0.35,-0.70,0.0652,0.1495,0.057
667,29.5014,220,4.5,0.445,0.3092,119,0.026,0.34,-0.83,0.0659,0.1475,0.045
668,45.9827,206,4.6,0.525,0.3078,133,0.023,0.32,-0.71,0.0682,0.1425,0.051
669,42.9383,231,4.6,0.475,0.3077,130,0.024,0.36,-0.79,0.0661,0.1323,0.044
670,43.6615,207,4.6,0.505,0.3096,124,0.025,0.32,-0.74,0.0652,0.1288,0.040
671,46.2090,280,4.6,0.480,0.3112,122,0.026,0.43,-0.78,0.0632,0.1416,0.047
672,34.9097,219,4.7,0.525,0.3096,115,0.027,0.34,-0.71,0.0639,0.1551,0.039
673,48.5678,224,4.6,0.465,0.3082,112,0.028,0.34,-0.80,0.0634,0.1522,0.064
674,7.8627,209,4.7,0.515,0.3125,120,0.026,0.32,-0.73,0.0643,0.1595,0.051
675,25.6152,196,4.7,0.495,0.3102,127,0.025,0.30,-0.76,0.0631,0.1518,0.037
676,51.0885,248,4.7,0.485,0.3100,129,0.024,0.38,-0.77,0.0691,0.1488,0.038
677,20.4680,228,4.6,0.505,0.3022,124,0.025,0.35,-0.74,0.0700,0.1366,0.038
678,42.9294,248,4.6,0.465,0.2959,116,0.027,0.38,-0.80,0.0659,0.1329,0.039
679,16.8302,221,4.7,0.530,0.3007,118,0.026,0.34,-0.70,0.0651,0.1409,0.033
680,57.0418,254,4.7,0.480,0.3013,122,0.026,0.39,-0.78,0.0671,0.1378,0.032
681,31.0633,214,4.6,0.525,0.3007,122,0.026,0.33,-0.71,0.0650,0.1380,0.044
682,17.5423,226,4.5,0.465,0.3037,122,0.026,0.35,-0.80,0.0640,0.1430,0.032
683,12.2416,205,4.6,0.490,0.3127,119,0.026,0.31,-0.77,0.0654,0.1458,0.038
684,41.0905,231,4.7,0.490,0.3151,128,0.024,0.35,-0.77,0.0637,0.1439,0.045
685,30.5577,220,4.5,0.485,0.3188,125,0.025,0.34,-0.77,0.0684,0.1338,0.044
686,28.6266,234,4.5,0.510,0.3191,116,0.027,0.36,-0.73,0.0633,0.1294,0.057
687,47.9250,243,4.6,0.460,0.3216,123,0.025,0.37,-0.81,0.0686,0.1355,0.056
688,32.6880,249,4.6,0.520,0.3189,123,0.025,0.38,-0.72,0.0653,0.1337,0.056
689,27.0759,215,4.7,0.445,0.3164,124,0.025,0.33,-0.83,0.0663,0.1365,0.065
690,32.4180,222,4.7,0.510,0.3188,122,0.026,0.34,-0.73,0.0673,0.1369,0.059
691,50.0254,227,4.7,0.460,0.3222,126,0.025,0.35,-0.81,0.0681,0.1413,0.066
692,33.9345,248,4.6,0.530,0.3186,118,0.026,0.38,-0.70,0.0651,0.1566,0.067
693,32.4689,226,4.6,0.435,0.3187,119,0.026,0.35,-0.85,0.0645,0.1583,0.062
694,44.8055,199,4.6,0.520,0.3197,121,0.026,0.31,-0.72,0.0640,0.1607,0.062
695,44.3774,250,4.6,0.425,0.3191,120,0.026,0.38,-0.86,0.0666,0.1561,0.067
696,29.3967,225,4.6,0.525,0.3237,120,0.026,0.35,-0.71,0.0668,0.1551,0.046
697,19.9295,209,4.7,0.470,0.3257,124,0.025,0.32,-0.80,0.0685,0.1476,0.058
698,34.3457,203,4.6,0.520,0.3231,126,0.025,0.31,-0.72,0.0649,0.1450,0.068
699,30.5886,212,4.5,0.520,0.3213,123,0.025,0.33,-0.72,0.0707,0.1465,0.073
700,29.8636,218,4.7,0.465,0.3199,119,0.026,0.33,-0.80,0.0645,0.1400,0.055
701,23.0681,228,4.7,0.505,0.3119,124,0.025,0.35,-0.74,0.0668,0.1396,0.061
702,34.0276,208,4.7,0.455,0.3154,122,0.026,0.32,-0.82,0.0648,0.1416,0.066
703,37.5138,216,4.7,0.525,0.3153,124,0.025,0.33,-0.71,0.0643,0.1465,0.037
704,18.2761,212,4.7,0.485,0.3175,122,0.026,0.33,-0.77,0.0656,0.1478,0.038
705,44.5291,193,4.6,0.485,0.3151,128,0.024,0.30,-0.77,0.0652,0.1473,0.039
706,42.8980,249,4.6,0.470,0.3094,125,0.025,0.38,-0.80,0.0655,0.1450,0.044
707,31.3685,246,4.5,0.510,0.3137,123,0.025,0.38,-0.73,0.0638,0.1471,0.037
708,47.1498,273,4.5,0.430,0.3144,126,0.025,0.42,-0.86,0.0666,0.1495,0.037
709,23.7606,242,4.5,0.550,0.3124,120,0.026,0.37,-0.67,0.0682,0.1517,0.043
710,40.5153,225,4.7,0.465,0.3169,116,0.027,0.35,-0.80,0.0674,0.1538,0.051
711,41.4571,237,4.7,0.505,0.3174,117,0.027,0.36,-0.74,0.0681,0.1578,0.033
712,45.7185,256,4.7,0.460,0.3152,116,0.027,0.39,-0.81,0.0680,0.1524,0.027
713,27.8717,212,4.8,0.490,0.3116,119,0.026,0.33,-0.77,0.0671,0.1446,0.054
714,30.8736,242,4.6,0.510,0.3092,128,0.024,0.37,-0.73,0.0690,0.1480,0.085
715,39.9288,227,4.6,0.480,0.3091,119,0.026,0.35,-0.78,0.0720,0.1472,0.086
716,28.6595,235,4.6,0.510,0.3092,119,0.026,0.36,-0.73,0.0703,0.1408,0.078
717,26.2197,187,4.6,0.465,0.3147,117,0.027,0.29,-0.80,0.0642,0.1414,0.053
718,51.4634,274,4.6,0.500,0.3148,127,0.025,0.42,-0.75,0.0694,0.1544,0.058
719,36.9379,265,4.6,0.480,0.3150,128,0.024,0.41,-0.78,0.0664,0.1564,0.046
720,34.6319,218,4.6,0.510,0.3172,125,0.025,0.33,-0.73,0.0677,0.1498,0.034
721,36.4562,198,4.6,0.450,0.3161,113,0.028,0.30,-0.83,0.0648,0.1408,0.052
722,35.0329,228,4.5,0.520,0.3204,120,0.026,0.35,-0.72,0.0650,0.1441,0.051
723,42.6397,242,4.5,0.465,0.3205,119,0.026,0.37,-0.80,0.0643,0.1545,0.057
724,32.4149,232,4.5,0.495,0.3231,114,0.027,0.36,-0.76,0.0661,0.1523,0.057
725,52.8671,243,4.7,0.455,0.3205,120,0.026,0.37,-0.82,0.0686,0.1555,0.057
726,27.1377,230,4.7,0.495,0.3187,118,0.026,0.35,-0.76,0.0673,0.1635,0.057
727,20.2116,228,4.7,0.505,0.3159,124,0.025,0.35,-0.74,0.0667,0.1661,0.046
728,11.7565,195,4.6,0.470,0.3167,120,0.026,0.30,-0.80,0.0669,0.1633,0.048
729,30.7442,197,4.7,0.555,0.3159,120,0.026,0.30,-0.67,0.0657,0.1658,0.060
730,51.0391,249,4.7,0.435,0.3169,115,0.027,0.38,-0.85,0.0683,0.1609,0.060
731,32.0278,219,4.6,0.500,0.3188,119,0.026,0.34,-0.75,0.0638,0.1565,0.072
732,31.3757,244,4.5,0.490,0.3193,121,0.026,0.38,-0.77,0.0670,0.1552,0.079
733,41.9867,240,4.4,0.475,0.3132,119,0.026,0.37,-0.79,0.0661,0.1526,0.073
734,40.7775,226,4.6,0.530,0.3158,119,0.026,0.35,-0.70,0.0694,0.1501,0.077
735,31.1889,253,4.6,0.480,0.3182,121,0.026,0.39,-0.78,0.0690,0.1465,0.065
736,44.0359,244,4.7,0.460,0.3167,121,0.026,0.38,-0.81,0.0675,0.1512,0.060
737,34.9944,216,4.7,0.515,0.3179,120,0.026,0.33,-0.73,0.0651,0.1462,0.046
738,36.8995,212,4.6,0.425,0.3218,112,0.028,0.33,-0.86,0.0691,0.1489,0.041
739,43.6250,231,4.7,0.520,0.3204,126,0.025,0.36,-0.72,0.0643,0.1495,0.039
740,25.5726,242,4.7,0.460,0.3179,122,0.026,0.37,-0.81,0.0657,0.1423,0.064
741,46.0601,211,4.7,0.535,0.3175,125,0.025,0.33,-0.70,0.0659,0.1415,0.050
742,53.4617,265,4.7,0.445,0.3191,126,0.025,0.41,-0.83,0.0636,0.1451,0.050
743,18.1895,236,4.6,0.530,0.3189,119,0.026,0.36,-0.70,0.0642,0.1494,0.069
744,39.0474,232,4.5,0.450,0.3159,118,0.026,0.36,-0.83,0.0654,0.1388,0.051
745,22.6761,209,4.6,0.530,0.3173,123,0.025,0.32,-0.70,0.0659,0.1440,0.064
746,32.4457,218,4.7,0.440,0.3208,126,0.025,0.33,-0.84,0.0653,0.1447,0.077
747,29.1950,234,4.6,0.535,0.3156,132,0.024,0.36,-0.70,0.0643,0.1402,0.075
748,41.0679,239,4.6,0.465,0.3156,127,0.025,0.37,-0.80,0.0648,0.1440,0.071
749,33.3718,222,4.6,0.485,0.3132,115,0.027,0.34,-0.77,0.0660,0.1388,0.068
750,31.0212,270,4.6,0.485,0.3173,121,0.026,0.41,-0.77,0.0660,0.1345,0.073
751,31.0820,209,4.8,0.510,0.3161,124,0.025,0.32,-0.73,0.0673,0.1366,0.072
752,47.8002,232,4.7,0.480,0.3138,120,0.026,0.36,-0.78,0.0704,0.1438,0.040
753,29.9742,207,4.5,0.500,0.3154,114,0.027,0.32,-0.75,0.0715,0.1505,0.048
754,54.8443,248,4.5,0.500,0.3178,125,0.025,0.38,-0.75,0.0695,0.1475,0.055
755,26.3217,229,4.7,0.505,0.3169,114,0.027,0.35,-0.74,0.0656,0.1520,0.055
756,37.2932,238,4.7,0.470,0.3202,114,0.027,0.37,-0.80,0.0676,0.1596,0.046
757,39.7399,241,4.7,0.510,0.3198,124,0.025,0.37,-0.73,0.0684,0.1562,0.038
758,28.8072,218,4.6,0.450,0.3206,125,0.025,0.34,-0.83,0.0663,0.1581,0.044
759,24.9445,214,4.6,0.485,0.3198,120,0.026,0.33,-0.77,0.0636,0.1550,0.039
760,29.0046,245,4.4,0.505,0.3229,117,0.027,0.38,-0.74,0.0658,0.1569,0.038
761,29.5925,218,4.5,0.500,0.3232,119,0.026,0.33,-0.75,0.0654,0.1523,0.056
762,37.6364,242,4.5,0.465,0.3145,124,0.025,0.37,-0.80,0.0656,0.1517,0.055
763,23.3830,206,4.6,0.495,0.3141,124,0.025,0.32,-0.76,0.0644,0.1595,0.061
764,41.9201,235,4.6,0.465,0.3198,123,0.025,0.36,-0.80,0.0635,0.1571,0.043
765,31.5624,239,4.6,0.490,0.3148,118,0.026,0.37,-0.77,0.0659,0.1518,0.024
766,36.4766,193,4.6,0.500,0.3105,117,0.027,0.30,-0.75,0.0648,0.1459,0.030
767,44.1636,202,4.6,0.465,0.3139,128,0.024,0.31,-0.80,0.0668,0.1457,0.055
768,52.3526,254,4.5,0.520,0.3070,124,0.025,0.39,-0.72,0.0671,0.1430,0.064
769,30.7914,234,4.6,0.475,0.3085,118,0.026,0.36,-0.79,0.0656,0.1453,0.057
770,42.2283,218,4.7,0.495,0.3096,121,0.026,0.33,-0.76,0.0691,0.1448,0.055
771,45.0933,213,4.8,0.465,0.3141,122,0.026,0.33,-0.80,0.0673,0.1437,0.065
772,29.3190,255,4.7,0.515,0.3167,125,0.025,0.39,-0.73,0.0670,0.1458,0.060
773,25.3599,230,4.5,0.495,0.3154,118,0.026,0.35,-0.76,0.0674,0.1442,0.062
774,48.9577,216,4.6,0.450,0.3180,111,0.028,0.33,-0.83,0.0716,0.1370,0.063
775,42.8145,233,4.6,0.530,0.3203,118,0.026,0.36,-0.70,0.0642,0.1301,0.069
776,50.4308,245,4.5,0.475,0.3159,123,0.025,0.38,-0.79,0.0677,0.1290,0.075
777,23.8674,202,4.5,0.490,0.3107,129,0.024,0.31,-0.77,0.0624,0.1243,0.099
778,24.6167,226,4.5,0.475,0.3076,125,0.025,0.35,-0.79,0.0660,0.1221,0.126
779,34.3175,210,4.5,0.515,0.3096,112,0.028,0.32,-0.73,0.0639,0.1344,0.106
780,45.6230,287,4.6,0.435,0.3088,118,0.026,0.44,-0.85,0.0661,0.1312,0.130
781,8.3842,195,4.7,0.540,0.3097,113,0.028,0.30,-0.69,0.0633,0.1386,0.126
782,43.6677,241,4.7,0.460,0.3087,122,0.026,0.37,-0.81,0.0677,0.1339,0.122
783,30.4221,224,4.6,0.490,0.3111,124,0.025,0.34,-0.77,0.0657,0.1317,0.106
784,33.3859,214,4.5,0.505,0.3089,126,0.025,0.33,-0.74,0.0681,0.1405,0.078
785,30.4592,225,4.6,0.455,0.3160,129,0.024,0.35,-0.82,0.0656,0.1360,0.086
786,39.6796,224,4.6,0.520,0.3152,128,0.024,0.34,-0.72,0.0644,0.1354,0.071
787,41.0700,254,4.6,0.455,0.3171,121,0.026,0.39,-0.82,0.0685,0.1399,0.072
788,23.2536,229,4.7,0.480,0.3230,123,0.025,0.35,-0.78,0.0673,0.1451,0.052
789,41.9509,245,4.7,0.520,0.3133,124,0.025,0.38,-0.72,0.0664,0.1402,0.065
790,46.8900,242,4.7,0.485,0.3104,127,0.025,0.37,-0.77,0.0690,0.1398,0.047
791,38.7613,224,4.5,0.475,0.3098,124,0.025,0.34,-0.79,0.0683,0.1475,0.033
792,29.2315,225,4.5,0.505,0.3138,123,0.025,0.35,-0.74,0.0683,0.1423,0.033
793,45.9886,211,4.6,0.470,0.3192,113,0.028,0.32,-0.80,0.0674,0.1425,0.033
794,23.4879,245,4.7,0.490,0.3138,116,0.027,0.38,-0.77,0.0630,0.1294,0.033
795,33.1904,213,4.7,0.505,0.3123,122,0.026,0.33,-0.74,0.0661,0.1268,0.051
796,35.6737,218,4.7,0.480,0.3093,117,0.027,0.33,-0.78,0.0668,0.1294,0.050
797,34.2084,223,4.5,0.505,0.3120,123,0.025,0.34,-0.74,0.0695,0.1316,0.044
798,43.5010,226,4.5,0.490,0.3140,111,0.028,0.35,-0.77,0.0659,0.1369,0.045
799,38.0645,217,4.6,0.495,0.3095,126,0.025,0.33,-0.76,0.0680,0.1349,0.043
800,48.7161,242,4.5,0.470,0.3119,122,0.026,0.37,-0.80,0.0681,0.1351,0.049
801,35.8084,215,4.7,0.490,0.3128,121,0.026,0.33,-0.77,0.0668,0.1332,0.044
802,58.6404,227,4.7,0.505,0.3136,127,0.025,0.35,-0.74,0.0644,0.1319,0.063
803,39.0162,235,4.5,0.455,0.3197,120,0.026,0.36,-0.82,0.0680,0.1390,0.065
804,36.0335,233,4.4,0.480,0.3232,126,0.025,0.36,-0.78,0.0714,0.1379,0.072
805,19.7617,214,4.6,0.495,0.3263,114,0.027,0.33,-0.76,0.0674,0.1334,0.086
806,24.9460,213,4.8,0.485,0.3269,115,0.027,0.33,-0.77,0.0666,0.1357,0.071
807,40.8925,269,4.6,0.520,0.3196,128,0.024,0.41,-0.72,0.0660,0.1269,0.076
808,33.0963,226,4.5,0.455,0.3219,129,0.024,0.35,-0.82,0.0699,0.1280,0.079
809,33.6200,235,4.6,0.500,0.3266,120,0.026,0.36,-0.75,0.0646,0.1324,0.046
810,28.7382,230,4.7,0.490,0.3330,118,0.026,0.35,-0.77,0.0678,0.1371,0.033
811,27.1725,223,4.7,0.460,0.3273,120,0.026,0.34,-0.81,0.0645,0.1459,0.045
812,32.7371,225,4.7,0.520,0.3279,125,0.025,0.35,-0.72,0.0681,0.1483,0.052
813,28.5395,237,4.7,0.460,0.3326,120,0.026,0.36,-0.81,0.0676,0.1468,0.053
814,31.0492,242,4.6,0.525,0.3287,128,0.024,0.37,-0.71,0.0696,0.1409,0.072
815,49.4823,241,4.6,0.450,0.3221,126,0.025,0.37,-0.83,0.0677,0.1453,0.084
816,28.0386,205,4.7,0.525,0.3206,124,0.025,0.31,-0.71,0.0664,0.1466,0.091
817,42.7150,207,4.7,0.455,0.3171,124,0.025,0.32,-0.82,0.0673,0.1450,0.092
818,24.8551,232,4.6,0.555,0.3191,119,0.026,0.36,-0.67,0.0674,0.1473,0.076
819,29.3020,201,4.6,0.430,0.3257,116,0.027,0.31,-0.86,0.0725,0.1421,0.088
820,40.4136,248,4.6,0.515,0.3251,123,0.025,0.38,-0.73,0.0664,0.1453,0.078
821,42.5456,255,4.7,0.475,0.3263,116,0.027,0.39,-0.79,0.0690,0.1624,0.038
822,29.8580,213,4.6,0.460,0.3294,128,0.024,0.33,-0.81,0.0683,0.1654,0.032
823,27.3375,239,4.7,0.495,0.3295,128,0.024,0.37,-0.76,0.0646,0.1618,0.032
824,43.6263,249,4.6,0.450,0.3259,123,0.025,0.38,-0.83,0.0667,0.1569,0.039
825,42.7968,262,4.5,0.505,0.3268,130,0.024,0.40,-0.74,0.0664,0.1469,0.041
826,51.3975,262,4.6,0.470,0.3249,132,0.024,0.40,-0.80,0.0685,0.1505,0.055
827,38.9598,241,4.7,0.450,0.3262,122,0.026,0.37,-0.83,0.0689,0.1405,0.066
828,42.5488,244,4.6,0.510,0.3250,119,0.026,0.38,-0.73,0.0663,0.1328,0.050
829,41.5309,228,4.5,0.505,0.3282,120,0.026,0.35,-0.74,0.0644,0.1327,0.061
830,30.6962,215,4.5,0.485,0.3281,123,0.025,0.33,-0.77,0.0688,0.1398,0.076
831,33.4727,242,4.5,0.495,0.3215,122,0.026,0.37,-0.76,0.0689,0.1363,0.074
832,38.5377,241,4.5,0.465,0.3209,122,0.026,0.37,-0.80,0.0675,0.1380,0.053
833,33.4710,224,4.6,0.505,0.3220,127,0.025,0.34,-0.74,0.0652,0.1486,0.047
834,35.7600,208,4.6,0.505,0.3248,123,0.025,0.32,-0.74,0.0641,0.1445,0.053
835,31.0009,214,4.5,0.520,0.3241,117,0.027,0.33,-0.72,0.0676,0.1454,0.063
836,31.4985,254,4.7,0.460,0.3276,123,0.025,0.39,-0.81,0.0677,0.1435,0.065
837,36.2465,214,4.6,0.470,0.3270,123,0.025,0.33,-0.80,0.0676,0.1424,0.052
838,14.4602,201,4.5,0.510,0.3325,121,0.026,0.31,-0.73,0.0675,0.1458,0.053
839,26.2285,229,4.5,0.495,0.3309,120,0.026,0.35,-0.76,0.0679,0.1408,0.052
840,50.4669,249,4.5,0.485,0.3278,125,0.025,0.38,-0.77,0.0677,0.1462,0.045
841,49.3029,267,4.6,0.465,0.3283,119,0.026,0.41,-0.80,0.0672,0.1397,0.051
842,36.5763,244,4.6,0.495,0.3271,112,0.028,0.37,-0.76,0.0647,0.1283,0.065
843,39.7620,253,4.7,0.465,0.3270,117,0.027,0.39,-0.80,0.0668,0.1345,0.058
844,27.3648,214,4.7,0.520,0.3283,121,0.026,0.33,-0.72,0.0654,0.1326,0.052
845,47.2490,284,4.6,0.450,0.3198,121,0.026,0.44,-0.83,0.0657,0.1326,0.046
846,32.8182,196,4.6,0.535,0.3211,118,0.026,0.30,-0.70,0.0632,0.1303,0.050
847,36.1067,209,4.7,0.430,0.3253,115,0.027,0.32,-0.86,0.0676,0.1356,0.046
848,20.8196,236,4.7,0.575,0.3270,115,0.027,0.36,-0.64,0.0657,0.1435,0.039
849,36.3332,216,4.7,0.430,0.3268,109,0.029,0.33,-0.86,0.0690,0.1469,0.032
850,26.0999,213,4.7,0.525,0.3289,122,0.026,0.33,-0.71,0.0695,0.1460,0.032
851,37.6794,207,4.7,0.425,0.3260,125,0.025,0.32,-0.86,0.0683,0.1478,0.040
852,39.8246,248,4.7,0.520,0.3331,123,0.025,0.38,-0.72,0.0660,0.1456,0.032
853,40.6857,243,4.7,0.450,0.3299,122,0.026,0.37,-0.83,0.0638,0.1472,0.026
854,39.0878,240,4.6,0.520,0.3226,119,0.026,0.37,-0.72,0.0674,0.1388,0.032
855,29.4716,183,4.7,0.455,0.3239,119,0.026,0.28,-0.82,0.0671,0.1395,0.037
856,32.5926,237,4.6,0.515,0.3244,116,0.027,0.36,-0.73,0.0668,0.1532,0.032
857,41.6097,231,4.6,0.470,0.3196,129,0.024,0.35,-0.80,0.0671,0.1482,0.026
858,34.6325,215,4.6,0.525,0.3207,122,0.026,0.33,-0.71,0.0674,0.1485,0.020
859,51.1320,232,4.6,0.415,0.3196,125,0.025,0.36,-0.88,0.0664,0.1481,0.054
860,27.8762,228,4.6,0.545,0.3187,120,0.026,0.35,-0.68,0.0700,0.1499,0.058
861,30.7257,199,4.6,0.435,0.3168,117,0.027,0.31,-0.85,0.0656,0.1496,0.046
862,33.3978,249,4.6,0.495,0.3144,128,0.024,0.38,-0.76,0.0692,0.1404,0.059
863,30.1073,193,4.6,0.510,0.3161,125,0.025,0.30,-0.73,0.0655,0.1323,0.082
864,41.4645,233,4.6,0.470,0.3180,125,0.025,0.36,-0.80,0.0645,0.1320,0.075
865,45.1960,244,4.6,0.490,0.3135,119,0.026,0.37,-0.77,0.0674,0.1354,0.067
866,30.7828,262,4.6,0.500,0.3185,121,0.026,0.40,-0.75,0.0633,0.1443,0.067
867,31.9816,243,4.5,0.470,0.3191,127,0.025,0.37,-0.80,0.0656,0.1425,0.080
868,40.3104,235,4.6,0.480,0.3272,122,0.026,0.36,-0.78,0.0651,0.1458,0.075
869,35.3457,231,4.5,0.500,0.3252,119,0.026,0.35,-0.75,0.0646,0.1444,0.068
870,28.1632,233,4.5,0.470,0.3142,121,0.026,0.36,-0.80,0.0679,0.1385,0.066
871,36.9237,204,4.6,0.475,0.3124,120,0.026,0.31,-0.79,0.0686,0.1404,0.046
872,34.7890,218,4.5,0.500,0.3127,124,0.025,0.33,-0.75,0.0648,0.1419,0.062
873,29.7984,212,4.5,0.475,0.3123,123,0.025,0.33,-0.79,0.0641,0.1338,0.064
874,58.6437,304,4.3,0.475,0.3170,118,0.026,0.47,-0.79,0.0706,0.1252,0.076
875,38.7488,267,4.4,0.485,0.3269,119,0.026,0.41,-0.77,0.0667,0.1281,0.086
876,51.6096,243,4.5,0.505,0.3249,121,0.026,0.37,-0.74,0.0679,0.1240,0.082
877,47.3611,235,4.6,0.440,0.3235,119,0.026,0.36,-0.84,0.0670,0.1277,0.086
878,33.6155,268,4.4,0.495,0.3201,115,0.027,0.41,-0.76,0.0677,0.1334,0.085
879,26.1627,201,4.6,0.485,0.3176,125,0.025,0.31,-0.77,0.0669,0.1284,0.069
880,28.5952,234,4.7,0.490,0.3238,121,0.026,0.36,-0.77,0.0643,0.1342,0.049
881,42.2502,205,4.5,0.480,0.3219,109,0.029,0.32,-0.78,0.0634,0.1444,0.067
882,44.4316,261,4.6,0.475,0.3179,119,0.026,0.40,-0.79,0.0654,0.1421,0.068
883,18.2351,254,4.7,0.510,0.3196,115,0.027,0.39,-0.73,0.0677,0.1382,0.057
884,28.6557,207,4.6,0.470,0.3211,120,0.026,0.32,-0.80,0.0632,0.1378,0.065
885,43.2497,232,4.6,0.495,0.3210,118,0.026,0.36,-0.76,0.0641,0.1373,0.065
886,39.9037,218,4.7,0.475,0.3222,117,0.027,0.34,-0.79,0.0647,0.1359,0.045
887,30.7451,237,4.7,0.490,0.3268,128,0.024,0.36,-0.77,0.0671,0.1404,0.044
888,43.1017,230,4.6,0.460,0.3235,124,0.025,0.35,-0.81,0.0690,0.1416,0.051
889,41.2178,250,4.5,0.495,0.3231,126,0.025,0.38,-0.76,0.0687,0.1393,0.058
890,21.2334,230,4.6,0.495,0.3217,123,0.025,0.35,-0.76,0.0671,0.1401,0.044
891,35.6304,240,4.5,0.480,0.3244,122,0.026,0.37,-0.78,0.0685,0.1388,0.063
892,23.7844,213,4.6,0.500,0.3237,124,0.025,0.33,-0.75,0.0681,0.1312,0.057
893,32.4393,210,4.7,0.475,0.3206,119,0.026,0.32,-0.79,0.0696,0.1262,0.050
894,31.7037,226,4.7,0.495,0.3214,122,0.026,0.35,-0.76,0.0661,0.1291,0.052
895,37.1621,223,4.7,0.495,0.3264,125,0.025,0.34,-0.76,0.0653,0.1327,0.051
896,35.9700,306,4.6,0.495,0.3250,115,0.027,0.47,-0.76,0.0670,0.1377,0.039
897,32.0393,197,4.6,0.490,0.3238,117,0.027,0.30,-0.77,0.0648,0.1352,0.058
898,38.7449,234,4.6,0.495,0.3214,126,0.025,0.36,-0.76,0.0658,0.1347,0.061
899,37.0534,254,4.6,0.465,0.3253,128,0.024,0.39,-0.80,0.0671,0.1318,0.069
900,51.3588,270,4.6,0.495,0.3244,115,0.027,0.41,-0.76,0.0676,0.1300,0.085
901,30.0221,216,4.6,0.435,0.3203,116,0.027,0.33,-0.85,0.0650,0.1345,0.068
902,46.1389,251,4.6,0.540,0.3220,120,0.026,0.39,-0.69,0.0665,0.1454,0.049
903,37.0718,244,4.5,0.440,0.3260,123,0.025,0.37,-0.84,0.0672,0.1511,0.032
904,30.9021,221,4.6,0.515,0.3276,120,0.026,0.34,-0.73,0.0641,0.1537,0.051
905,42.9298,244,4.6,0.485,0.3256,120,0.026,0.38,-0.77,0.0663,0.1530,0.065
906,24.6262,221,4.6,0.485,0.3213,121,0.026,0.34,-0.77,0.0685,0.1507,0.073
907,60.6184,246,4.5,0.490,0.3217,115,0.027,0.38,-0.77,0.0638,0.1564,0.052
908,54.9064,279,4.4,0.490,0.3262,124,0.025,0.43,-0.77,0.0662,0.1586,0.034
909,46.7436,258,4.6,0.490,0.3264,128,0.024,0.40,-0.77,0.0671,0.1471,0.042
910,36.5540,263,4.5,0.480,0.3216,118,0.026,0.40,-0.78,0.0669,0.1460,0.050
911,35.1785,253,4.6,0.490,0.3193,121,0.026,0.39,-0.77,0.0645,0.1455,0.049
912,41.9388,262,4.6,0.495,0.3181,123,0.025,0.40,-0.76,0.0663,0.1477,0.042
913,34.6973,233,4.6,0.485,0.3181,122,0.026,0.36,-0.77,0.0704,0.1536,0.049
914,29.1821,218,4.6,0.465,0.3181,124,0.025,0.34,-0.80,0.0662,0.1496,0.082
915,44.2981,269,4.8,0.490,0.3156,123,0.025,0.41,-0.77,0.0674,0.1445,0.094
916,46.0132,263,4.7,0.485,0.3124,124,0.025,0.40,-0.77,0.0704,0.1326,0.101
917,36.2503,260,4.5,0.500,0.3131,128,0.024,0.40,-0.75,0.0686,0.1318,0.078
918,26.3199,222,4.6,0.500,0.3133,119,0.026,0.34,-0.75,0.0711,0.1302,0.032
919,33.8698,187,4.7,0.460,0.3142,120,0.026,0.29,-0.81,0.0647,0.1215,0.049
920,37.8829,240,4.6,0.500,0.3160,123,0.025,0.37,-0.75,0.0657,0.1321,0.065
921,19.2831,211,4.4,0.455,0.3166,129,0.024,0.32,-0.82,0.0681,0.1356,0.060
922,27.7711,222,4.5,0.500,0.3213,118,0.026,0.34,-0.75,0.0659,0.1356,0.060
923,46.4544,249,4.5,0.460,0.3153,118,0.026,0.38,-0.81,0.0650,0.1323,0.051
924,40.3996,252,4.5,0.535,0.3215,122,0.026,0.39,-0.70,0.0659,0.1351,0.052
925,46.7042,214,4.5,0.460,0.3288,122,0.026,0.33,-0.81,0.0664,0.1362,0.040
926,47.1186,263,4.6,0.490,0.3225,118,0.026,0.40,-0.77,0.0674,0.1261,0.042
927,26.8234,202,4.5,0.500,0.3239,123,0.025,0.31,-0.75,0.0698,0.1269,0.042
928,36.0762,274,4.6,0.460,0.3298,123,0.025,0.42,-0.81,0.0653,0.1308,0.042
929,34.8505,220,4.6,0.520,0.3303,121,0.026,0.34,-0.72,0.0668,0.1342,0.039
930,32.1017,227,4.6,0.475,0.3335,122,0.026,0.35,-0.79,0.0701,0.1304,0.046
931,33.0213,221,4.6,0.485,0.3300,120,0.026,0.34,-0.77,0.0662,0.1298,0.062
932,52.1544,270,4.6,0.465,0.3304,119,0.026,0.41,-0.80,0.0683,0.1324,0.058
933,30.8573,214,4.5,0.495,0.3309,118,0.026,0.33,-0.76,0.0663,0.1286,0.051
934,34.3200,251,4.6,0.460,0.3289,128,0.024,0.39,-0.81,0.0684,0.1215,0.050
935,27.9901,194,4.6,0.495,0.3253,124,0.025,0.30,-0.76,0.0686,0.1256,0.068
936,43.7023,257,4.7,0.480,0.3256,124,0.025,0.40,-0.78,0.0701,0.1325,0.067
937,30.4539,212,4.5,0.485,0.3226,122,0.026,0.33,-0.77,0.0686,0.1356,0.049
938,49.9078,242,4.4,0.480,0.3204,125,0.025,0.37,-0.78,0.0693,0.1335,0.039
939,47.7562,261,4.5,0.530,0.3256,120,0.026,0.40,-0.70,0.0699,0.1265,0.050
940,39.7191,259,4.6,0.445,0.3238,116,0.027,0.40,-0.83,0.0709,0.1226,0.069
941,40.0387,243,4.6,0.505,0.3266,117,0.027,0.37,-0.74,0.0676,0.1296,0.068
942,36.9195,245,4.5,0.450,0.3235,121,0.026,0.38,-0.83,0.0635,0.1220,0.082
943,37.4553,212,4.6,0.545,0.3261,119,0.026,0.33,-0.68,0.0655,0.1175,0.082
944,34.4306,219,4.7,0.440,0.3242,112,0.028,0.34,-0.84,0.0653,0.1233,0.086
945,22.6911,215,4.6,0.535,0.3232,124,0.025,0.33,-0.70,0.0661,0.1313,0.078
946,60.2326,282,4.5,0.455,0.3252,120,0.026,0.43,-0.82,0.0664,0.1429,0.073
947,32.0818,266,4.6,0.505,0.3200,118,0.026,0.41,-0.74,0.0680,0.1455,0.082
948,33.7382,202,4.7,0.465,0.3195,125,0.025,0.31,-0.80,0.0697,0.1501,0.072
949,40.8968,229,4.6,0.475,0.3186,122,0.026,0.35,-0.79,0.0688,0.1416,0.055
950,35.8099,249,4.6,0.475,0.3092,127,0.025,0.38,-0.79,0.0670,0.1336,0.062
951,41.0080,221,4.6,0.500,0.3098,118,0.026,0.34,-0.75,0.0657,0.1416,0.047
952,47.1184,235,4.5,0.460,0.3102,115,0.027,0.36,-0.81,0.0658,0.1453,0.045
953,22.4248,176,4.6,0.495,0.3131,124,0.025,0.27,-0.76,0.0672,0.1500,0.057
954,46.9316,244,4.6,0.460,0.3123,125,0.025,0.38,-0.81,0.0653,0.1468,0.046
955,25.3778,266,4.7,0.500,0.3099,119,0.026,0.41,-0.75,0.0709,0.1451,0.053
956,49.8722,207,4.7,0.445,0.3195,120,0.026,0.32,-0.83,0.0680,0.1434,0.060
957,26.3382,241,4.5,0.510,0.3231,123,0.025,0.37,-0.73,0.0689,0.1483,0.065
958,37.1010,255,4.6,0.455,0.3217,121,0.026,0.39,-0.82,0.0653,0.1524,0.067
959,22.0216,214,4.6,0.515,0.3198,117,0.027,0.33,-0.73,0.0673,0.1448,0.062
960,35.1010,226,4.6,0.465,0.3237,126,0.025,0.35,-0.80,0.0668,0.1402,0.061
961,34.4569,203,4.7,0.480,0.3270,115,0.027,0.31,-0.78,0.0690,0.1457,0.059
962,32.8860,240,4.8,0.500,0.3243,123,0.025,0.37,-0.75,0.0678,0.1494,0.070
963,29.1897,221,4.6,0.465,0.3237,124,0.025,0.34,-0.80,0.0663,0.1391,0.083
964,20.9212,200,4.5,0.520,0.3270,120,0.026,0.31,-0.72,0.0670,0.1314,0.096
965,43.8855,229,4.6,0.455,0.3325,119,0.026,0.35,-0.82,0.0657,0.1351,0.092
966,36.9464,236,4.5,0.535,0.3301,119,0.026,0.36,-0.70,0.0644,0.1414,0.069
967,35.6046,233,4.5,0.465,0.3281,117,0.027,0.36,-0.80,0.0677,0.1360,0.085
968,31.7914,235,4.7,0.480,0.3329,123,0.025,0.36,-0.78,0.0654,0.1350,0.094
969,47.3639,218,4.6,0.460,0.3338,119,0.026,0.34,-0.81,0.0674,0.1304,0.089
970,31.2154,237,4.7,0.450,0.3332,120,0.026,0.36,-0.83,0.0662,0.1256,0.072
971,33.6104,260,4.6,0.505,0.3376,119,0.026,0.40,-0.74,0.0685,0.1316,0.059
972,26.5879,206,4.5,0.460,0.3306,117,0.027,0.32,-0.81,0.0667,0.1334,0.058
973,42.1487,204,4.5,0.545,0.3260,120,0.026,0.31,-0.68,0.0668,0.1308,0.052
974,55.8024,238,4.5,0.435,0.3215,122,0.026,0.37,-0.85,0.0687,0.1271,0.054
975,39.5332,244,4.5,0.515,0.3208,122,0.026,0.38,-0.73,0.0679,0.1232,0.052
976,40.2588,233,4.5,0.480,0.3228,119,0.026,0.36,-0.78,0.0689,0.1324,0.072
977,64.7645,243,4.6,0.485,0.3256,114,0.027,0.37,-0.77,0.0644,0.1443,0.079
978,48.9213,244,4.5,0.475,0.3256,122,0.026,0.38,-0.79,0.0675,0.1331,0.061
979,38.1998,209,4.5,0.490,0.3236,125,0.025,0.32,-0.77,0.0680,0.1380,0.066
980,28.6807,239,4.6,0.525,0.3234,122,0.026,0.37,-0.71,0.0643,0.1386,0.072
981,17.6710,205,4.6,0.445,0.3263,128,0.024,0.32,-0.83,0.0687,0.1336,0.074
982,46.1310,271,4.6,0.525,0.3206,125,0.025,0.42,-0.71,0.0664,0.1359,0.077
983,49.1307,249,4.5,0.510,0.3218,118,0.026,0.38,-0.73,0.0665,0.1281,0.076
984,52.9290,260,4.5,0.465,0.3246,119,0.026,0.40,-0.80,0.0658,0.1252,0.076
985,21.2699,194,4.5,0.540,0.3266,126,0.025,0.30,-0.69,0.0690,0.1260,0.074
986,46.3176,205,4.5,0.430,0.3250,122,0.026,0.31,-0.86,0.0635,0.1365,0.080
987,18.8490,229,4.5,0.520,0.3251,119,0.026,0.35,-0.72,0.0650,0.1411,0.086
988,34.1638,223,4.6,0.505,0.3264,121,0.026,0.34,-0.74,0.0648,0.1303,0.079
989,42.1865,229,4.5,0.430,0.3249,122,0.026,0.35,-0.86,0.0704,0.1385,0.066
990,33.8593,233,4.5,0.520,0.3259,118,0.026,0.36,-0.72,0.0663,0.1395,0.071
991,32.0758,235,4.7,0.450,0.3222,123,0.025,0.36,-0.83,0.0707,0.1467,0.072
992,30.4659,230,4.6,0.555,0.3259,126,0.025,0.35,-0.67,0.0682,0.1475,0.052
993,34.9266,234,4.6,0.430,0.3307,123,0.025,0.36,-0.86,0.0671,0.1574,0.067
994,43.5547,228,4.7,0.535,0.3205,117,0.027,0.35,-0.70,0.0654,0.1538,0.083
995,50.0016,233,4.7,0.420,0.3128,119,0.026,0.36,-0.87,0.0637,0.1558,0.090
996,18.6142,240,4.6,0.525,0.3169,123,0.025,0.37,-0.71,0.0661,0.1479,0.110
997,24.7993,217,4.6,0.445,0.3169,122,0.026,0.33,-0.83,0.0655,0.1430,0.097
998,18.5069,199,4.6,0.560,0.3152,117,0.027,0.31,-0.66,0.0697,0.1411,0.099
999,57.9873,232,4.6,0.425,0.3117,114,0.027,0.36,-0.86,0.0678,0.1361,0.099
1000,53.0963,258,4.7,0.515,0.3126,119,0.026,0.40,-0.73,0.0671,0.1396,0.059
1001,42.3582,249,4.5,0.455,0.3104,119,0.026,0.38,-0.82,0.0679,0.1329,0.053
1002,31.8207,226,4.5,0.520,0.3120,123,0.025,0.35,-0.72,0.0657,0.1398,0.067
1003,33.4295,214,4.5,0.480,0.3183,122,0.026,0.33,-0.78,0.0676,0.1406,0.074
1004,16.1155,209,4.6,0.500,0.3206,121,0.026,0.32,-0.75,0.0639,0.1335,0.079
1005,54.3744,206,4.5,0.470,0.3160,122,0.026,0.32,-0.80,0.0653,0.1354,0.065
1006,57.5413,265,4.4,0.520,0.3099,118,0.026,0.41,-0.72,0.0628,0.1307,0.076
1007,42.9799,260,4.4,0.445,0.3138,116,0.027,0.40,-0.83,0.0651,0.1371,0.072
1008,21.3467,204,4.5,0.525,0.3180,121,0.026,0.31,-0.71,0.0651,0.1448,0.067
1009,29.4840,219,4.6,0.500,0.3162,113,0.028,0.34,-0.75,0.0666,0.1477,0.066
1010,49.4309,250,4.6,0.420,0.3116,123,0.025,0.38,-0.87,0.0683,0.1441,0.072
1011,34.3685,215,4.5,0.535,0.3077,127,0.025,0.33,-0.70,0.0678,0.1395,0.085
1012,48.0377,229,4.5,0.445,0.3097,126,0.025,0.35,-0.83,0.0677,0.1373,0.085
1013,32.7935,227,4.5,0.535,0.3152,117,0.027,0.35,-0.70,0.0703,0.1481,0.065
1014,61.6589,242,4.6,0.420,0.3174,122,0.026,0.37,-0.87,0.0668,0.1448,0.072
1015,34.7819,233,4.5,0.520,0.3152,121,0.026,0.36,-0.72,0.0688,0.1359,0.077
1016,41.3528,254,4.6,0.465,0.3166,116,0.027,0.39,-0.80,0.0675,0.1409,0.077
1017,41.4359,233,4.5,0.510,0.3141,125,0.025,0.36,-0.73,0.0672,0.1330,0.078
1018,30.9649,274,4.5,0.470,0.3193,123,0.025,0.42,-0.80,0.0721,0.1346,0.082
1019,32.3066,218,4.6,0.520,0.3154,120,0.026,0.34,-0.72,0.0699,0.1263,0.096
1020,39.9981,236,4.5,0.465,0.3116,119,0.026,0.36,-0.80,0.0683,0.1105,0.117
1021,34.1791,203,4.6,0.540,0.3154,113,0.028,0.31,-0.69,0.0659,0.1154,0.110
1022,63.4239,267,4.6,0.400,0.3145,117,0.027,0.41,-0.90,0.0653,0.1211,0.099
1023,38.1993,227,4.5,0.555,0.3092,117,0.027,0.35,-0.67,0.0662,0.1202,0.081
1024,65.9323,255,4.6,0.410,0.3098,121,0.026,0.39,-0.89,0.0653,0.1141,0.091
1025,36.8658,239,4.6,0.555,0.3156,119,0.026,0.37,-0.67,0.0655,0.1223,0.090
1026,57.1102,262,4.5,0.405,0.3204,125,0.025,0.40,-0.89,0.0658,0.1287,0.078
1027,35.8549,247,4.5,0.540,0.3191,120,0.026,0.38,-0.69,0.0676,0.1323,0.065
1028,51.3994,263,4.5,0.445,0.3174,118,0.026,0.40,-0.83,0.0653,0.1329,0.066
1029,23.5609,213,4.7,0.525,0.3194,119,0.026,0.33,-0.71,0.0667,0.1376,0.084
1030,54.5169,240,4.6,0.440,0.3211,118,0.026,0.37,-0.84,0.0696,0.1386,0.075
1031,50.9061,277,4.4,0.485,0.3190,125,0.025,0.43,-0.77,0.0684,0.1395,0.056
1032,29.5947,195,4.5,0.470,0.3250,126,0.025,0.30,-0.80,0.0668,0.1374,0.048
1033,54.9755,237,4.6,0.480,0.3266,118,0.026,0.36,-0.78,0.0671,0.1453,0.033
1034,35.1005,241,4.6,0.465,0.3234,117,0.027,0.37,-0.80,0.0669,0.1412,0.060
1035,54.7504,255,4.5,0.485,0.3250,115,0.027,0.39,-0.77,0.0683,0.1329,0.094
1036,47.7775,257,4.4,0.505,0.3210,122,0.026,0.40,-0.74,0.0678,0.1223,0.107
1037,46.5155,246,4.6,0.475,0.3215,117,0.027,0.38,-0.79,0.0679,0.1252,0.113
1038,34.9132,211,4.7,0.505,0.3246,122,0.026,0.32,-0.74,0.0684,0.1307,0.087
1039,29.1026,291,4.5,0.495,0.3214,115,0.027,0.45,-0.76,0.0666,0.1283,0.087
1040,33.1748,185,4.6,0.465,0.3172,121,0.026,0.28,-0.80,0.0665,0.1241,0.075
1041,49.1865,243,4.5,0.480,0.3167,122,0.026,0.37,-0.78,0.0667,0.1240,0.077
1042,51.1359,254,4.5,0.425,0.3171,129,0.024,0.39,-0.86,0.0670,0.1264,0.085
1043,29.2643,251,4.4,0.525,0.3182,126,0.025,0.39,-0.71,0.0663,0.1271,0.064
1044,19.0142,243,4.5,0.480,0.3148,124,0.025,0.37,-0.78,0.0641,0.1176,0.103
1045,36.4300,207,4.6,0.495,0.3128,128,0.024,0.32,-0.76,0.0660,0.1159,0.110
1046,43.3388,237,4.6,0.445,0.3092,127,0.025,0.36,-0.83,0.0673,0.1091,0.088
1047,41.2160,235,4.5,0.510,0.3141,120,0.026,0.36,-0.73,0.0657,0.1132,0.080
1048,38.5703,263,4.5,0.425,0.3143,120,0.026,0.40,-0.86,0.0674,0.1140,0.083
1049,35.8657,211,4.5,0.515,0.3155,120,0.026,0.32,-0.73,0.0696,0.1233,0.069
1050,54.7935,227,4.5,0.475,0.3096,123,0.025,0.35,-0.79,0.0649,0.1229,0.091
1051,45.1826,247,4.5,0.510,0.3124,121,0.026,0.38,-0.73,0.0699,0.1362,0.120
1052,36.0327,244,4.5,0.445,0.3139,123,0.025,0.38,-0.83,0.0689,0.1284,0.154
1053,43.9577,244,4.5,0.495,0.3085,117,0.027,0.37,-0.76,0.0695,0.1282,0.142
1054,39.5917,254,4.5,0.510,0.3148,120,0.026,0.39,-0.73,0.0695,0.1361,0.152
1055,29.0866,199,4.6,0.475,0.3186,124,0.025,0.31,-0.79,0.0714,0.1345,0.119
1056,39.9888,239,4.5,0.470,0.3164,122,0.026,0.37,-0.80,0.0659,0.1298,0.115
1057,39.4968,232,4.6,0.520,0.3224,114,0.027,0.36,-0.72,0.0657,0.1312,0.092
1058,42.0110,270,4.5,0.450,0.3197,116,0.027,0.42,-0.83,0.0676,0.1274,0.067
1059,66.5515,269,4.4,0.460,0.3163,123,0.025,0.41,-0.81,0.0652,0.1268,0.057
1060,44.5929,261,4.5,0.515,0.3139,125,0.025,0.40,-0.73,0.0701,0.1244,0.066
1061,33.3280,213,4.4,0.440,0.3159,123,0.025,0.33,-0.84,0.0688,0.1266,0.053
1062,58.3638,236,4.5,0.485,0.3215,123,0.025,0.36,-0.77,0.0627,0.1385,0.054
1063,27.3787,236,4.7,0.490,0.3233,126,0.025,0.36,-0.77,0.0698,0.1387,0.063
1064,46.5023,223,4.7,0.480,0.3222,120,0.026,0.34,-0.78,0.0637,0.1396,0.058
1065,54.9410,262,4.6,0.440,0.3172,121,0.026,0.40,-0.84,0.0659,0.1454,0.049
1066,35.9270,268,4.6,0.510,0.3129,129,0.024,0.41,-0.73,0.0672,0.1365,0.054
1067,35.6152,246,4.5,0.440,0.3113,126,0.025,0.38,-0.84,0.0662,0.1384,0.081
1068,43.0326,248,4.5,0.515,0.3147,122,0.026,0.38,-0.73,0.0724,0.1443,0.087
1069,27.6989,180,4.6,0.445,0.3182,132,0.024,0.28,-0.83,0.0681,0.1345,0.104
1070,53.4052,238,4.6,0.505,0.3218,120,0.026,0.37,-0.74,0.0704,0.1291,0.097
1071,49.3852,268,4.5,0.445,0.3177,128,0.024,0.41,-0.83,0.0662,0.1243,0.099
1072,22.8328,233,4.6,0.525,0.3256,127,0.025,0.36,-0.71,0.0701,0.1378,0.086
1073,40.9066,257,4.6,0.425,0.3225,128,0.024,0.40,-0.86,0.0667,0.1390,0.074
1074,23.4319,212,4.5,0.520,0.3204,126,0.025,0.33,-0.72,0.0713,0.1325,0.063
1075,50.3724,255,4.4,0.430,0.3248,122,0.026,0.39,-0.86,0.0674,0.1344,0.043
1076,39.0047,247,4.5,0.505,0.3209,130,0.024,0.38,-0.74,0.0707,0.1394,0.042
1077,41.4346,274,4.6,0.485,0.3168,128,0.024,0.42,-0.77,0.0694,0.1408,0.053
1078,29.4015,197,4.6,0.515,0.3197,127,0.025,0.30,-0.73,0.0663,0.1464,0.063
1079,64.7310,233,4.5,0.430,0.3213,123,0.025,0.36,-0.86,0.0643,0.1414,0.058
1080,31.4834,249,4.5,0.520,0.3208,134,0.023,0.38,-0.72,0.0678,0.1374,0.044
1081,33.8770,229,4.5,0.495,0.3127,121,0.026,0.35,-0.76,0.0708,0.1292,0.064
1082,29.2670,221,4.5,0.475,0.3133,117,0.027,0.34,-0.79,0.0664,0.1219,0.082
1083,35.8191,188,4.6,0.505,0.3148,114,0.027,0.29,-0.74,0.0644,0.1149,0.091
1084,40.3594,221,4.6,0.420,0.3124,130,0.024,0.34,-0.87,0.0669,0.1122,0.100
1085,40.3777,236,4.6,0.560,0.3147,128,0.024,0.36,-0.66,0.0658,0.1234,0.076
1086,44.0537,243,4.5,0.425,0.3139,127,0.025,0.37,-0.86,0.0645,0.1209,0.089
1087,32.8821,214,4.3,0.540,0.3227,118,0.026,0.33,-0.69,0.0686,0.1245,0.084
1088,32.0707,231,4.5,0.460,0.3246,120,0.026,0.35,-0.81,0.0648,0.1275,0.063
1089,20.2189,200,4.5,0.520,0.3205,122,0.026,0.31,-0.72,0.0681,0.1168,0.096
1090,39.7912,276,4.5,0.465,0.3151,122,0.026,0.42,-0.80,0.0694,0.1208,0.086
1091,33.7690,230,4.5,0.505,0.3119,121,0.026,0.35,-0.74,0.0661,0.1202,0.068
1092,77.8363,261,4.6,0.460,0.3171,127,0.025,0.40,-0.81,0.0680,0.1145,0.066
1093,37.6295,253,4.6,0.520,0.3206,114,0.027,0.39,-0.72,0.0668,0.1211,0.060
1094,21.8363,209,4.7,0.455,0.3284,119,0.026,0.32,-0.82,0.0694,0.1318,0.069
1095,35.0269,244,4.5,0.515,0.3245,118,0.026,0.37,-0.73,0.0672,0.1324,0.096
1096,35.5344,222,4.4,0.470,0.3219,115,0.027,0.34,-0.80,0.0724,0.1301,0.099
1097,26.4724,213,4.5,0.485,0.3250,122,0.026,0.33,-0.77,0.0683,0.1341,0.097
1098,51.5084,221,4.5,0.470,0.3259,118,0.026,0.34,-0.80,0.0686,0.1253,0.102
1099,56.2653,238,4.6,0.480,0.3179,127,0.025,0.37,-0.78,0.0718,0.1236,0.097
1100,55.2594,244,4.6,0.495,0.3133,118,0.026,0.38,-0.76,0.0698,0.1289,0.066
1101,45.2540,240,4.6,0.465,0.3232,117,0.027,0.37,-0.80,0.0691,0.1292,0.089
1102,33.0849,224,4.5,0.520,0.3209,112,0.028,0.34,-0.72,0.0688,0.1338,0.088
1103,64.3722,284,4.5,0.435,0.3221,120,0.026,0.44,-0.85,0.0633,0.1298,0.074
1104,50.8862,267,4.4,0.520,0.3224,122,0.026,0.41,-0.72,0.0672,0.1343,0.073
1105,48.8843,258,4.6,0.430,0.3223,122,0.026,0.40,-0.86,0.0686,0.1282,0.042
1106,21.8282,243,4.5,0.530,0.3282,118,0.026,0.37,-0.70,0.0652,0.1215,0.047
1107,39.0660,243,4.4,0.430,0.3301,123,0.025,0.37,-0.86,0.0681,0.1229,0.052
1108,27.2838,200,4.4,0.520,0.3216,125,0.025,0.31,-0.72,0.0691,0.1330,0.044
1109,39.5773,230,4.4,0.455,0.3180,124,0.025,0.35,-0.82,0.0698,0.1317,0.057
1110,34.1600,259,4.5,0.515,0.3247,121,0.026,0.40,-0.73,0.0677,0.1322,0.045
1111,46.2254,299,4.5,0.420,0.3246,121,0.026,0.46,-0.87,0.0678,0.1296,0.053
1112,33.8034,204,4.5,0.545,0.3267,117,0.027,0.31,-0.68,0.0699,0.1316,0.085
1113,55.4578,257,4.5,0.405,0.3344,116,0.027,0.40,-0.89,0.0697,0.1453,0.110
1114,18.6250,201,4.7,0.525,0.3403,119,0.026,0.31,-0.71,0.0684,0.1434,0.098
1115,37.3621,213,4.6,0.490,0.3361,123,0.025,0.33,-0.77,0.0666,0.1327,0.092
1116,21.5351,247,4.5,0.510,0.3267,122,0.026,0.38,-0.73,0.0696,0.1281,0.107
1117,47.3911,226,4.5,0.445,0.3243,129,0.024,0.35,-0.83,0.0662,0.1299,0.069
1118,34.2364,244,4.4,0.525,0.3186,118,0.026,0.37,-0.71,0.0684,0.1251,0.061
1119,55.2528,243,4.5,0.425,0.3210,126,0.025,0.37,-0.86,0.0718,0.1267,0.067
1120,46.0732,284,4.5,0.505,0.3183,129,0.024,0.44,-0.74,0.0677,0.1349,0.056
1121,35.7319,273,4.6,0.460,0.3134,122,0.026,0.42,-0.81,0.0669,0.1350,0.050
1122,36.0667,205,4.5,0.500,0.3194,118,0.026,0.31,-0.75,0.0664,0.1247,0.058
1123,58.4172,253,4.5,0.445,0.3214,123,0.025,0.39,-0.83,0.0661,0.1296,0.064
1124,52.3987,272,4.6,0.495,0.3163,121,0.026,0.42,-0.76,0.0648,0.1372,0.052
1125,48.2608,260,4.6,0.475,0.3162,122,0.026,0.40,-0.79,0.0626,0.1414,0.072
1126,36.5834,253,4.5,0.465,0.3200,120,0.026,0.39,-0.80,0.0674,0.1398,0.063
1127,27.0595,237,4.4,0.475,0.3272,124,0.025,0.36,-0.79,0.0660,0.1493,0.052
1128,53.1991,311,4.5,0.520,0.3177,121,0.026,0.48,-0.72,0.0697,0.1487,0.071
1129,44.3280,260,4.5,0.430,0.3144,122,0.026,0.40,-0.86,0.0673,0.1500,0.052
1130,39.8390,243,4.5,0.535,0.3099,120,0.026,0.37,-0.70,0.0689,0.1405,0.065
1131,56.0501,233,4.5,0.420,0.3141,117,0.027,0.36,-0.87,0.0654,0.1266,0.060
1132,45.3779,251,4.6,0.500,0.3152,119,0.026,0.39,-0.75,0.0683,0.1274,0.035
1133,60.1736,256,4.5,0.455,0.3154,125,0.025,0.39,-0.82,0.0660,0.1368,0.041
1134,30.9424,255,4.6,0.510,0.3145,122,0.026,0.39,-0.73,0.0659,0.1281,0.068
1135,43.8361,240,4.6,0.455,0.3150,121,0.026,0.37,-0.82,0.0706,0.1253,0.067
1136,38.3337,268,4.6,0.505,0.3245,131,0.024,0.41,-0.74,0.0640,0.1247,0.069
1137,50.8072,221,4.6,0.445,0.3166,128,0.024,0.34,-0.83,0.0683,0.1212,0.083
1138,38.0782,229,4.6,0.510,0.3174,122,0.026,0.35,-0.73,0.0689,0.1251,0.077
1139,21.4471,226,4.7,0.450,0.3257,118,0.026,0.35,-0.83,0.0684,0.1272,0.059
1140,28.2550,199,4.6,0.520,0.3203,115,0.027,0.31,-0.72,0.0688,0.1324,0.045
1141,55.1349,271,4.4,0.435,0.3226,118,0.026,0.42,-0.85,0.0708,0.1372,0.032
1142,45.9796,261,4.5,0.490,0.3312,121,0.026,0.40,-0.77,0.0684,0.1378,0.045
1143,48.6820,260,4.5,0.450,0.3313,119,0.026,0.40,-0.83,0.0677,0.1376,0.057
1144,39.1545,250,4.5,0.495,0.3309,119,0.026,0.38,-0.76,0.0656,0.1380,0.070
1145,45.0917,249,4.5,0.475,0.3268,114,0.027,0.38,-0.79,0.0678,0.1369,0.063
1146,21.4907,217,4.5,0.490,0.3242,118,0.026,0.33,-0.77,0.0671,0.1281,0.078
1147,29.6063,227,4.6,0.465,0.3273,122,0.026,0.35,-0.80,0.0699,0.1201,0.091
1148,42.4183,226,4.6,0.475,0.3253,116,0.027,0.35,-0.79,0.0685,0.1200,0.081
1149,53.4872,267,4.5,0.450,0.3186,124,0.025,0.41,-0.83,0.0643,0.1191,0.052
1150,60.3080,247,4.6,0.515,0.3189,125,0.025,0.38,-0.73,0.0712,0.1310,0.039
1151,47.8516,253,4.6,0.435,0.3203,126,0.025,0.39,-0.85,0.0676,0.1340,0.040
1152,30.5656,231,4.5,0.510,0.3221,124,0.025,0.36,-0.73,0.0682,0.1229,0.059
1153,55.0149,252,4.6,0.425,0.3277,122,0.026,0.39,-0.86,0.0693,0.1260,0.071
1154,47.2602,272,4.4,0.540,0.3212,117,0.027,0.42,-0.69,0.0672,0.1226,0.078
1155,55.5619,230,4.4,0.445,0.3210,122,0.026,0.35,-0.83,0.0675,0.1245,0.080
1156,52.0067,238,4.5,0.495,0.3250,124,0.025,0.37,-0.76,0.0684,0.1310,0.067
1157,48.8236,282,4.5,0.460,0.3219,117,0.027,0.43,-0.81,0.0704,0.1261,0.057
1158,64.1693,296,4.7,0.475,0.3253,110,0.028,0.46,-0.79,0.0704,0.1389,0.055
1159,49.5554,260,4.5,0.480,0.3240,124,0.025,0.40,-0.78,0.0691,0.1347,0.078
1160,53.9890,273,4.5,0.470,0.3193,123,0.025,0.42,-0.80,0.0675,0.1357,0.086
1161,41.4072,209,4.6,0.465,0.3198,127,0.025,0.32,-0.80,0.0689,0.1411,0.093
1162,48.3963,260,4.5,0.470,0.3195,126,0.025,0.40,-0.80,0.0678,0.1472,0.074
1163,47.1218,258,4.5,0.470,0.3218,120,0.026,0.40,-0.80,0.0646,0.1514,0.054
1164,56.9757,276,4.5,0.455,0.3262,127,0.025,0.42,-0.82,0.0634,0.1408,0.069
1165,33.4197,239,4.5,0.495,0.3238,122,0.026,0.37,-0.76,0.0647,0.1333,0.064
1166,41.9890,269,4.6,0.470,0.3265,121,0.026,0.41,-0.80,0.0669,0.1276,0.049
1167,51.1055,261,4.5,0.455,0.3241,121,0.026,0.40,-0.82,0.0680,0.1211,0.050
1168,51.3880,255,4.5,0.530,0.3208,121,0.026,0.39,-0.70,0.0682,0.1194,0.060
1169,42.7331,255,4.5,0.430,0.3180,123,0.025,0.39,-0.86,0.0682,0.1250,0.056
1170,38.1991,258,4.4,0.530,0.3217,116,0.027,0.40,-0.70,0.0726,0.1248,0.042
1171,58.1772,248,4.4,0.415,0.3205,124,0.025,0.38,-0.88,0.0703,0.1266,0.041
1172,32.9730,244,4.6,0.545,0.3194,125,0.025,0.38,-0.68,0.0673,0.1317,0.065
1173,45.2322,247,4.7,0.410,0.3181,122,0.026,0.38,-0.89,0.0683,0.1233,0.073
1174,43.7132,255,4.7,0.535,0.3236,118,0.026,0.39,-0.70,0.0645,0.1236,0.073
1175,54.4554,275,4.6,0.435,0.3225,124,0.025,0.42,-0.85,0.0675,0.1167,0.077
1176,33.6823,250,4.7,0.560,0.3223,122,0.026,0.38,-0.66,0.0648,0.1244,0.071
1177,39.8613,232,4.7,0.435,0.3257,129,0.024,0.36,-0.85,0.0690,0.1340,0.051
1178,28.3371,221,4.5,0.520,0.3199,122,0.026,0.34,-0.72,0.0658,0.1426,0.071
1179,44.5842,245,4.4,0.400,0.3194,124,0.025,0.38,-0.90,0.0689,0.1442,0.084
1180,48.0780,227,4.5,0.485,0.3218,118,0.026,0.35,-0.77,0.0693,0.1386,0.069
1181,64.3751,293,4.5,0.465,0.3209,122,0.026,0.45,-0.80,0.0675,0.1313,0.061
1182,34.1493,214,4.6,0.480,0.3225,119,0.026,0.33,-0.78,0.0642,0.1222,0.082
1183,48.2418,259,4.5,0.495,0.3204,116,0.027,0.40,-0.76,0.0649,0.1345,0.071
1184,48.6046,270,4.5,0.465,0.3235,123,0.025,0.42,-0.80,0.0660,0.1346,0.085
1185,52.3302,277,4.4,0.515,0.3245,114,0.027,0.42,-0.73,0.0679,0.1172,0.110
1186,48.1361,262,4.5,0.410,0.3220,120,0.026,0.40,-0.89,0.0672,0.1256,0.086
1187,49.8779,259,4.5,0.540,0.3141,119,0.026,0.40,-0.69,0.0656,0.1294,0.063
1188,40.8527,242,4.6,0.420,0.3162,119,0.026,0.37,-0.87,0.0687,0.1365,0.080
1189,40.2000,221,4.6,0.515,0.3130,125,0.025,0.34,-0.73,0.0675,0.1359,0.101
1190,41.8083,248,4.6,0.420,0.3175,116,0.027,0.38,-0.87,0.0657,0.1273,0.090
1191,30.0213,226,4.6,0.475,0.3255,111,0.028,0.35,-0.79,0.0677,0.1237,0.092
1192,49.1730,252,4.6,0.455,0.3277,114,0.027,0.39,-0.82,0.0685,0.1233,0.082
1193,29.8680,229,4.6,0.500,0.3270,116,0.027,0.35,-0.75,0.0656,0.1208,0.070
1194,45.6024,208,4.5,0.450,0.3250,121,0.026,0.32,-0.83,0.0656,0.1249,0.066
1195,58.1726,293,4.5,0.480,0.3224,121,0.026,0.45,-0.78,0.0669,0.1314,0.086
1196,24.0651,253,4.6,0.465,0.3167,122,0.026,0.39,-0.80,0.0663,0.1269,0.097
1197,53.4708,242,4.6,0.435,0.3171,124,0.025,0.37,-0.85,0.0674,0.1301,0.086
1198,42.5731,258,4.5,0.480,0.3277,118,0.026,0.40,-0.78,0.0712,0.1381,0.053
1199,55.3916,237,4.4,0.480,0.3314,121,0.026,0.36,-0.78,0.0689,0.1335,0.057
1200,36.8945,261,4.5,0.480,0.3263,123,0.025,0.40,-0.78,0.0639,0.1281,0.062
1201,52.0028,266,4.6,0.460,0.3315,121,0.026,0.41,-0.81,0.0680,0.1303,0.058
1202,60.0023,281,4.5,0.445,0.3228,120,0.026,0.43,-0.83,0.0672,0.1233,0.058
1203,37.5256,249,4.5,0.505,0.3176,131,0.024,0.38,-0.74,0.0673,0.1215,0.062
1204,49.7644,251,4.6,0.435,0.3216,121,0.026,0.39,-0.85,0.0679,0.1137,0.085
1205,46.4553,227,4.6,0.505,0.3169,120,0.026,0.35,-0.74,0.0685,0.1287,0.083
1206,49.2045,262,4.5,0.455,0.3189,124,0.025,0.40,-0.82,0.0675,0.1381,0.070
1207,49.6190,250,4.6,0.495,0.3290,123,0.025,0.38,-0.76,0.0665,0.1362,0.065
1208,25.8273,221,4.6,0.490,0.3228,117,0.027,0.34,-0.77,0.0657,0.1286,0.076
1209,59.6596,261,4.5,0.450,0.3128,115,0.027,0.40,-0.83,0.0709,0.1214,0.080
1210,37.3761,269,4.3,0.485,0.3125,118,0.026,0.41,-0.77,0.0660,0.1315,0.041
1211,39.6946,243,4.4,0.440,0.3111,121,0.026,0.37,-0.84,0.0675,0.1232,0.055
1212,52.6208,252,4.6,0.515,0.3180,119,0.026,0.39,-0.73,0.0685,0.1186,0.097
1213,53.0015,281,4.5,0.430,0.3199,119,0.026,0.43,-0.86,0.0646,0.1269,0.105
1214,62.4352,273,4.4,0.510,0.3192,120,0.026,0.42,-0.73,0.0672,0.1278,0.083
1215,38.2244,242,4.5,0.450,0.3181,121,0.026,0.37,-0.83,0.0692,0.1179,0.090
1216,33.2938,246,4.4,0.470,0.3135,124,0.025,0.38,-0.80,0.0738,0.1060,0.083
1217,52.2958,258,4.5,0.495,0.3155,126,0.025,0.40,-0.76,0.0687,0.1197,0.060
1218,67.1345,265,4.5,0.480,0.3143,125,0.025,0.41,-0.78,0.0706,0.1244,0.048
1219,31.8283,232,4.6,0.460,0.3184,124,0.025,0.36,-0.81,0.0724,0.1240,0.062
1220,39.3498,238,4.6,0.480,0.3227,124,0.025,0.37,-0.78,0.0707,0.1320,0.053
1221,49.2146,238,4.5,0.470,0.3274,117,0.027,0.37,-0.80,0.0692,0.1261,0.053
1222,35.8673,265,4.6,0.520,0.3218,121,0.026,0.41,-0.72,0.0665,0.1238,0.071
1223,37.1519,244,4.5,0.475,0.3222,128,0.024,0.38,-0.79,0.0691,0.1291,0.070
1224,45.3351,241,4.5,0.460,0.3199,111,0.028,0.37,-0.81,0.0672,0.1315,0.043
1225,61.8869,273,4.5,0.475,0.3142,114,0.027,0.42,-0.79,0.0676,0.1328,0.038
1226,38.1261,255,4.5,0.490,0.3143,123,0.025,0.39,-0.77,0.0635,0.1301,0.056
1227,50.9737,245,4.6,0.470,0.3179,116,0.027,0.38,-0.80,0.0669,0.1231,0.073
1228,53.8784,269,4.6,0.440,0.3230,117,0.027,0.41,-0.84,0.0658,0.1309,0.058
1229,34.4422,268,4.5,0.515,0.3257,120,0.026,0.41,-0.73,0.0681,0.1318,0.062
1230,47.2593,256,4.6,0.430,0.3219,123,0.025,0.39,-0.86,0.0710,0.1227,0.078
1231,35.6812,239,4.7,0.495,0.3210,123,0.025,0.37,-0.76,0.0701,0.1238,0.099
1232,57.2440,232,4.6,0.400,0.3215,120,0.026,0.36,-0.90,0.0678,0.1155,0.086
1233,32.0227,238,4.5,0.485,0.3218,114,0.027,0.37,-0.77,0.0662,0.1147,0.072
1234,41.7998,262,4.6,0.455,0.3132,120,0.026,0.40,-0.82,0.0677,0.1053,0.068
1235,40.2896,265,4.5,0.450,0.3228,118,0.026,0.41,-0.83,0.0667,0.1142,0.070
1236,41.2696,267,4.5,0.445,0.3228,122,0.026,0.41,-0.83,0.0686,0.1244,0.072
1237,48.2715,234,4.5,0.505,0.3220,120,0.026,0.36,-0.74,0.0681,0.1249,0.067
1238,42.2292,297,4.5,0.425,0.3137,116,0.027,0.46,-0.86,0.0706,0.1279,0.093
1239,42.7205,239,4.5,0.520,0.3099,125,0.025,0.37,-0.72,0.0682,0.1256,0.084
1240,49.9501,235,4.4,0.440,0.3145,112,0.028,0.36,-0.84,0.0642,0.1257,0.101
1241,41.1028,240,4.6,0.505,0.3187,123,0.025,0.37,-0.74,0.0682,0.1276,0.090
1242,46.4507,264,4.6,0.450,0.3190,122,0.026,0.41,-0.83,0.0678,0.1239,0.072
1243,44.4099,227,4.5,0.505,0.3174,121,0.026,0.35,-0.74,0.0669,0.1268,0.072
1244,50.0125,256,4.5,0.440,0.3253,121,0.026,0.39,-0.84,0.0645,0.1342,0.039
1245,37.0662,256,4.6,0.510,0.3282,123,0.025,0.39,-0.73,0.0665,0.1450,0.045
1246,50.0793,238,4.6,0.425,0.3256,122,0.026,0.37,-0.86,0.0681,0.1417,0.053
1247,51.1711,265,4.6,0.525,0.3227,118,0.026,0.41,-0.71,0.0684,0.1310,0.065
1248,49.3376,266,4.6,0.410,0.3221,125,0.025,0.41,-0.89,0.0695,0.1280,0.073
1249,24.9873,253,4.6,0.490,0.3178,121,0.026,0.39,-0.77,0.0677,0.1190,0.085
1250,51.9800,228,4.6,0.490,0.3254,121,0.026,0.35,-0.77,0.0675,0.1248,0.067
1251,54.2713,312,4.6,0.435,0.3223,125,0.025,0.48,-0.85,0.0714,0.1245,0.052
1252,47.7179,243,4.5,0.470,0.3160,118,0.026,0.37,-0.80,0.0675,0.1260,0.060
1253,72.1752,282,4.5,0.450,0.3214,116,0.027,0.43,-0.83,0.0728,0.1295,0.086
1254,21.8224,239,4.6,0.495,0.3208,121,0.026,0.37,-0.76,0.0671,0.1149,0.104
1255,54.9369,243,4.5,0.425,0.3158,117,0.027,0.37,-0.86,0.0661,0.1187,0.097
1256,55.0035,271,4.6,0.470,0.3140,127,0.025,0.42,-0.80,0.0645,0.1237,0.070
1257,34.2065,276,4.6,0.495,0.3144,117,0.027,0.42,-0.76,0.0675,0.1179,0.085
1258,49.4606,214,4.5,0.440,0.3189,123,0.025,0.33,-0.84,0.0681,0.1102,0.085
1259,40.3960,258,4.6,0.500,0.3153,116,0.027,0.40,-0.75,0.0702,0.1169,0.094
1260,44.5657,220,4.7,0.445,0.3257,119,0.026,0.34,-0.83,0.0729,0.1164,0.073
1261,57.0087,267,4.5,0.455,0.3209,120,0.026,0.41,-0.82,0.0680,0.1224,0.062
1262,60.2049,279,4.5,0.435,0.3192,122,0.026,0.43,-0.85,0.0649,0.1178,0.062
1263,30.2183,261,4.5,0.500,0.3124,119,0.026,0.40,-0.75,0.0646,0.1185,0.067
1264,55.4277,276,4.5,0.455,0.3150,120,0.026,0.42,-0.82,0.0675,0.1224,0.096
1265,34.3904,235,4.5,0.480,0.3140,118,0.026,0.36,-0.78,0.0666,0.1153,0.109
1266,47.9959,253,4.5,0.450,0.3120,123,0.025,0.39,-0.83,0.0720,0.1124,0.116
1267,39.3875,220,4.5,0.495,0.3119,120,0.026,0.34,-0.76,0.0656,0.1110,0.097
1268,39.9266,253,4.5,0.435,0.3144,122,0.026,0.39,-0.85,0.0704,0.1257,0.048
1269,49.9145,260,4.6,0.490,0.3195,119,0.026,0.40,-0.77,0.0655,0.1393,0.047
1270,54.7008,243,4.5,0.425,0.3225,117,0.027,0.37,-0.86,0.0681,0.1346,0.047
1271,34.1297,248,4.5,0.495,0.3203,119,0.026,0.38,-0.76,0.0685,0.1327,0.047
1272,39.2235,287,4.6,0.445,0.3261,125,0.025,0.44,-0.83,0.0658,0.1389,0.052
1273,45.7538,232,4.6,0.510,0.3231,120,0.026,0.36,-0.73,0.0660,0.1317,0.057
1274,52.1477,252,4.5,0.455,0.3201,120,0.026,0.39,-0.82,0.0701,0.1293,0.049
1275,34.1367,264,4.5,0.515,0.3226,126,0.025,0.41,-0.73,0.0684,0.1245,0.098
1276,36.9586,252,4.5,0.415,0.3235,126,0.025,0.39,-0.88,0.0672,0.1210,0.122
1277,44.9881,220,4.5,0.490,0.3313,120,0.026,0.34,-0.77,0.0687,0.1264,0.089
1278,26.9502,266,4.5,0.445,0.3272,123,0.025,0.41,-0.83,0.0706,0.1252,0.081
1279,34.0362,212,4.6,0.495,0.3154,119,0.026,0.33,-0.76,0.0711,0.1207,0.083
1280,53.6574,270,4.6,0.480,0.3216,116,0.027,0.41,-0.78,0.0694,0.1217,0.099
1281,25.6312,220,4.5,0.485,0.3190,116,0.027,0.34,-0.77,0.0720,0.1232,0.090
1282,49.2267,222,4.5,0.430,0.3189,117,0.027,0.34,-0.86,0.0641,0.1224,0.087
1283,48.5117,266,4.6,0.500,0.3215,117,0.027,0.41,-0.75,0.0664,0.1218,0.096
1284,55.9164,240,4.5,0.420,0.3235,114,0.027,0.37,-0.87,0.0654,0.1254,0.101
1285,54.8168,292,4.4,0.480,0.3228,118,0.026,0.45,-0.78,0.0651,0.1345,0.082
1286,33.5563,228,4.5,0.485,0.3204,119,0.026,0.35,-0.77,0.0675,0.1259,0.060
1287,42.5601,231,4.5,0.500,0.3165,124,0.025,0.36,-0.75,0.0657,0.1242,0.071
1288,41.1731,256,4.5,0.430,0.3195,126,0.025,0.39,-0.86,0.0685,0.1267,0.109
1289,39.3252,264,4.4,0.525,0.3220,119,0.026,0.41,-0.71,0.0698,0.1292,0.110
1290,48.0918,246,4.5,0.455,0.3231,126,0.025,0.38,-0.82,0.0677,0.1323,0.090
1291,55.6227,241,4.6,0.455,0.3266,124,0.025,0.37,-0.82,0.0660,0.1212,0.097
1292,53.3727,259,4.4,0.450,0.3322,119,0.026,0.40,-0.83,0.0705,0.1320,0.105
1293,44.3070,272,4.5,0.520,0.3352,124,0.025,0.42,-0.72,0.0714,0.1341,0.090
1294,34.9324,237,4.7,0.405,0.3283,119,0.026,0.36,-0.89,0.0708,0.1211,0.087
1295,41.8074,259,4.6,0.550,0.3275,118,0.026,0.40,-0.67,0.0676,0.1234,0.075
1296,59.4182,241,4.5,0.415,0.3242,116,0.027,0.37,-0.88,0.0709,0.1230,0.071
1297,60.3005,280,4.5,0.505,0.3231,126,0.025,0.43,-0.74,0.0701,0.1219,0.112
1298,62.0678,275,4.5,0.395,0.3221,120,0.026,0.42,-0.91,0.0652,0.1109,0.111
1299,36.3482,225,4.6,0.530,0.3192,121,0.026,0.35,-0.70,0.0687,0.1138,0.077
1300,59.5128,215,4.6,0.435,0.3211,125,0.025,0.33,-0.85,0.0667,0.1188,0.072
1301,33.2488,283,4.5,0.515,0.3239,120,0.026,0.44,-0.73,0.0691,0.1303,0.057
1302,45.6888,229,4.5,0.435,0.3232,119,0.026,0.35,-0.85,0.0661,0.1284,0.090
1303,45.3713,247,4.5,0.505,0.3188,120,0.026,0.38,-0.74,0.0657,0.1168,0.081
1304,38.6138,226,4.6,0.430,0.3223,123,0.025,0.35,-0.86,0.0690,0.1176,0.082
1305,43.7377,227,4.6,0.495,0.3195,129,0.024,0.35,-0.76,0.0664,0.1202,0.071
1306,55.5643,298,4.6,0.425,0.3222,118,0.026,0.46,-0.86,0.0673,0.1199,0.061
1307,33.4374,206,4.5,0.505,0.3207,128,0.024,0.32,-0.74,0.0638,0.1078,0.112
1308,47.2693,215,4.5,0.415,0.3252,121,0.026,0.33,-0.88,0.0648,0.1074,0.095
1309,43.0085,279,4.5,0.530,0.3295,119,0.026,0.43,-0.70,0.0675,0.1207,0.077
1310,32.9231,282,4.5,0.420,0.3275,113,0.028,0.43,-0.87,0.0687,0.1306,0.069
1311,31.6912,202,4.5,0.540,0.3197,122,0.026,0.31,-0.69,0.0700,0.1227,0.105
1312,49.2549,268,4.5,0.410,0.3214,128,0.024,0.41,-0.89,0.0694,0.1260,0.117
1313,45.7425,249,4.6,0.515,0.3197,125,0.025,0.38,-0.73,0.0670,0.1262,0.095
1314,52.8933,269,4.5,0.455,0.3205,131,0.024,0.41,-0.82,0.0704,0.1196,0.098
1315,46.9046,217,4.5,0.490,0.3278,123,0.025,0.33,-0.77,0.0673,0.1219,0.108
1316,37.2660,228,4.6,0.445,0.3230,123,0.025,0.35,-0.83,0.0709,0.1249,0.082
1317,38.3532,259,4.4,0.495,0.3266,119,0.026,0.40,-0.76,0.0666,0.1238,0.074
1318,38.2404,225,4.4,0.450,0.3277,117,0.027,0.35,-0.83,0.0668,0.1216,0.079
1319,60.9700,231,4.5,0.490,0.3244,118,0.026,0.36,-0.77,0.0676,0.1230,0.076
1320,35.3850,228,4.7,0.440,0.3251,113,0.028,0.35,-0.84,0.0656,0.1298,0.091
1321,57.9315,233,4.5,0.470,0.3266,115,0.027,0.36,-0.80,0.0697,0.1272,0.095
1322,44.0528,273,4.5,0.475,0.3277,127,0.025,0.42,-0.79,0.0676,0.1251,0.112
1323,42.0472,251,4.6,0.475,0.3293,124,0.025,0.39,-0.79,0.0653,0.1190,0.108
1324,46.7119,268,4.5,0.465,0.3316,113,0.028,0.41,-0.80,0.0670,0.1127,0.103
1325,49.4528,239,4.6,0.480,0.3304,121,0.026,0.37,-0.78,0.0645,0.1094,0.117
1326,36.9358,248,4.6,0.480,0.3335,115,0.027,0.38,-0.78,0.0647,0.1060,0.126
1327,56.8801,283,4.4,0.490,0.3245,116,0.027,0.43,-0.77,0.0663,0.1161,0.101
1328,54.1374,268,4.4,0.415,0.3219,120,0.026,0.41,-0.88,0.0699,0.1169,0.083
1329,42.1507,253,4.5,0.520,0.3240,123,0.025,0.39,-0.72,0.0698,0.1249,0.077
1330,31.3273,189,4.6,0.425,0.3272,115,0.027,0.29,-0.86,0.0671,0.1216,0.079
1331,51.6790,277,4.5,0.525,0.3335,119,0.026,0.43,-0.71,0.0717,0.1239,0.072
1332,47.8021,256,4.4,0.430,0.3344,115,0.027,0.39,-0.86,0.0674,0.1302,0.051
1333,49.8124,277,4.4,0.480,0.3277,120,0.026,0.43,-0.78,0.0704,0.1257,0.053
1334,45.5388,213,4.5,0.435,0.3248,114,0.027,0.33,-0.85,0.0653,0.1229,0.054
1335,46.7243,225,4.4,0.520,0.3345,121,0.026,0.35,-0.72,0.0686,0.1327,0.060
1336,67.7838,249,4.4,0.440,0.3353,113,0.028,0.38,-0.84,0.0674,0.1392,0.053
1337,50.5399,261,4.6,0.465,0.3300,113,0.028,0.40,-0.80,0.0653,0.1348,0.087
1338,45.8998,262,4.6,0.460,0.3309,117,0.027,0.40,-0.81,0.0677,0.1222,0.082
1339,36.0996,246,4.5,0.450,0.3348,120,0.026,0.38,-0.83,0.0682,0.1180,0.072
1340,38.4241,235,4.4,0.485,0.3384,120,0.026,0.36,-0.77,0.0680,0.1301,0.062
1341,44.7669,251,4.4,0.425,0.3332,127,0.025,0.39,-0.86,0.0707,0.1395,0.039
1342,22.8708,216,4.7,0.490,0.3347,119,0.026,0.33,-0.77,0.0665,0.1407,0.046
1343,35.1897,260,4.6,0.445,0.3297,126,0.025,0.40,-0.83,0.0666,0.1292,0.103
1344,36.6842,261,4.6,0.485,0.3336,121,0.026,0.40,-0.77,0.0674,0.1298,0.110
1345,55.7636,227,4.7,0.470,0.3353,124,0.025,0.35,-0.80,0.0645,0.1251,0.105
1346,47.7883,262,4.7,0.480,0.3386,112,0.028,0.40,-0.78,0.0658,0.1209,0.071
1347,39.0056,243,4.6,0.470,0.3411,124,0.025,0.37,-0.80,0.0650,0.1293,0.044
1348,50.5004,279,4.5,0.475,0.3314,124,0.025,0.43,-0.79,0.0697,0.1216,0.064
1349,34.8005,230,4.4,0.450,0.3390,115,0.027,0.35,-0.83,0.0670,0.1294,0.056
1350,58.7335,245,4.5,0.490,0.3397,117,0.027,0.38,-0.77,0.0710,0.1352,0.067
1351,42.2328,253,4.5,0.450,0.3363,118,0.026,0.39,-0.83,0.0671,0.1214,0.098
1352,57.0231,249,4.5,0.465,0.3313,118,0.026,0.38,-0.80,0.0699,0.1113,0.101
1353,50.5261,234,4.5,0.445,0.3333,125,0.025,0.36,-0.83,0.0697,0.1119,0.119
1354,54.0780,244,4.4,0.510,0.3341,127,0.025,0.37,-0.73,0.0697,0.1232,0.109
1355,46.6568,256,4.4,0.420,0.3345,125,0.025,0.39,-0.87,0.0723,0.1291,0.102
1356,42.8580,242,4.6,0.535,0.3343,125,0.025,0.37,-0.70,0.0709,0.1353,0.104
1357,49.0829,290,4.7,0.390,0.3282,119,0.026,0.45,-0.92,0.0705,0.1251,0.106
1358,27.1282,250,4.6,0.520,0.3276,120,0.026,0.38,-0.72,0.0722,0.1174,0.140
1359,28.7996,220,4.6,0.405,0.3349,119,0.026,0.34,-0.89,0.0684,0.1139,0.123
1360,42.1991,241,4.6,0.530,0.3333,123,0.025,0.37,-0.70,0.0696,0.1161,0.107
1361,65.3500,280,4.5,0.395,0.3292,126,0.025,0.43,-0.91,0.0701,0.1232,0.099
1362,58.1208,278,4.5,0.505,0.3314,126,0.025,0.43,-0.74,0.0642,0.1223,0.086
1363,55.4279,297,4.5,0.450,0.3301,125,0.025,0.46,-0.83,0.0674,0.1232,0.075
1364,52.2705,258,4.6,0.475,0.3257,125,0.025,0.40,-0.79,0.0655,0.1275,0.079
1365,57.8633,273,4.5,0.465,0.3310,120,0.026,0.42,-0.80,0.0670,0.1238,0.098
1366,56.9595,257,4.5,0.465,0.3330,123,0.025,0.39,-0.80,0.0729,0.1280,0.087
1367,44.0779,265,4.5,0.455,0.3362,121,0.026,0.41,-0.82,0.0699,0.1230,0.099
1368,38.6263,223,4.4,0.465,0.3358,112,0.028,0.34,-0.80,0.0695,0.1214,0.096
1369,51.0308,280,4.3,0.450,0.3358,121,0.026,0.43,-0.83,0.0661,0.1214,0.117
1370,56.6348,249,4.4,0.495,0.3424,113,0.028,0.38,-0.76,0.0692,0.1244,0.129
1371,34.5966,276,4.5,0.455,0.3431,112,0.028,0.42,-0.82,0.0694,0.1286,0.086
1372,44.2119,232,4.5,0.455,0.3454,117,0.027,0.36,-0.82,0.0700,0.1339,0.066
1373,63.3888,279,4.6,0.460,0.3412,122,0.026,0.43,-0.81,0.0676,0.1386,0.079
1374,33.1045,242,4.6,0.490,0.3359,129,0.024,0.37,-0.77,0.0714,0.1279,0.067
1375,42.8647,256,4.4,0.470,0.3236,128,0.024,0.39,-0.80,0.0680,0.1273,0.084
1376,55.0387,244,4.4,0.475,0.3281,125,0.025,0.37,-0.79,0.0700,0.1340,0.087
1377,48.3783,267,4.5,0.430,0.3315,121,0.026,0.41,-0.86,0.0677,0.1350,0.077
1378,47.5182,270,4.6,0.475,0.3204,118,0.026,0.41,-0.79,0.0676,0.1173,0.078
1379,50.9863,245,4.6,0.470,0.3316,122,0.026,0.38,-0.80,0.0702,0.1138,0.065
1380,50.4069,257,4.5,0.455,0.3357,116,0.027,0.40,-0.82,0.0725,0.1169,0.077
1381,70.4718,306,4.4,0.490,0.3299,114,0.027,0.47,-0.77,0.0688,0.1248,0.082
1382,46.3298,276,4.4,0.465,0.3280,113,0.028,0.42,-0.80,0.0647,0.1217,0.096
1383,35.2698,229,4.4,0.520,0.3287,115,0.027,0.35,-0.72,0.0674,0.1205,0.076
1384,62.7986,240,4.5,0.420,0.3305,122,0.026,0.37,-0.87,0.0681,0.1256,0.070
1385,44.9533,275,4.5,0.515,0.3350,122,0.026,0.42,-0.73,0.0665,0.1323,0.065
1386,41.9849,256,4.5,0.440,0.3352,126,0.025,0.39,-0.84,0.0757,0.1264,0.071
1387,50.7329,233,4.6,0.450,0.3400,126,0.025,0.36,-0.83,0.0660,0.1299,0.077
1388,50.1105,252,4.5,0.510,0.3403,125,0.025,0.39,-0.73,0.0676,0.1391,0.081
1389,49.9899,290,4.5,0.390,0.3374,124,0.025,0.45,-0.92,0.0674,0.1309,0.099
1390,34.7026,256,4.4,0.500,0.3286,120,0.026,0.39,-0.75,0.0671,0.1278,0.084
1391,57.0274,261,4.4,0.455,0.3299,125,0.025,0.40,-0.82,0.0712,0.1263,0.068
1392,38.3249,233,4.4,0.480,0.3300,123,0.025,0.36,-0.78,0.0684,0.1232,0.065
1393,68.8990,253,4.4,0.480,0.3308,123,0.025,0.39,-0.78,0.0683,0.1290,0.074
1394,49.8241,279,4.5,0.440,0.3366,119,0.026,0.43,-0.84,0.0703,0.1343,0.086
1395,24.8349,259,4.5,0.495,0.3382,127,0.025,0.40,-0.76,0.0657,0.1347,0.099
1396,44.9998,217,4.5,0.440,0.3338,119,0.026,0.33,-0.84,0.0695,0.1368,0.082
1397,43.4217,265,4.4,0.465,0.3311,119,0.026,0.41,-0.80,0.0643,0.1248,0.062
1398,56.6406,270,4.3,0.440,0.3247,118,0.026,0.41,-0.84,0.0694,0.1191,0.057
1399,44.3649,275,4.5,0.490,0.3212,121,0.026,0.42,-0.77,0.0661,0.1190,0.065
1400,39.9927,250,4.5,0.415,0.3289,121,0.026,0.38,-0.88,0.0674,0.1325,0.084
1401,51.7106,249,4.5,0.510,0.3314,119,0.026,0.38,-0.73,0.0645,0.1307,0.081
1402,72.9150,277,4.5,0.395,0.3321,123,0.025,0.43,-0.91,0.0682,0.1255,0.062
1403,40.8846,286,4.5,0.495,0.3389,126,0.025,0.44,-0.76,0.0683,0.1249,0.070
1404,32.5405,232,4.6,0.445,0.3402,114,0.027,0.36,-0.83,0.0664,0.1198,0.061
1405,41.7272,279,4.6,0.470,0.3414,117,0.027,0.43,-0.80,0.0681,0.1119,0.065
1406,46.1437,269,4.5,0.440,0.3301,125,0.025,0.41,-0.84,0.0668,0.1151,0.082
1407,59.0755,270,4.4,0.485,0.3239,121,0.026,0.41,-0.77,0.0689,0.1243,0.079
1408,63.6092,278,4.4,0.450,0.3224,123,0.025,0.43,-0.83,0.0680,0.1115,0.085
1409,58.1915,239,4.5,0.445,0.3256,120,0.026,0.37,-0.83,0.0701,0.1087,0.101
1410,65.8869,273,4.5,0.460,0.3326,117,0.027,0.42,-0.81,0.0691,0.1205,0.076
1411,47.8552,271,4.5,0.470,0.3332,125,0.025,0.42,-0.80,0.0692,0.1194,0.077
1412,27.7518,233,4.5,0.465,0.3337,125,0.025,0.36,-0.80,0.0665,0.1143,0.097
1413,48.1962,253,4.4,0.440,0.3344,121,0.026,0.39,-0.84,0.0708,0.1171,0.094
1414,31.7510,206,4.4,0.490,0.3315,120,0.026,0.32,-0.77,0.0692,0.1111,0.083
1415,52.2324,246,4.5,0.435,0.3259,124,0.025,0.38,-0.85,0.0646,0.1119,0.084
1416,38.2403,211,4.5,0.480,0.3244,123,0.025,0.32,-0.78,0.0688,0.1113,0.094
1417,38.5359,216,4.5,0.485,0.3276,118,0.026,0.33,-0.77,0.0659,0.1162,0.065
1418,38.1347,232,4.6,0.460,0.3309,123,0.025,0.36,-0.81,0.0675,0.1158,0.037
1419,62.0731,236,4.5,0.440,0.3325,116,0.027,0.36,-0.84,0.0649,0.1241,0.051
1420,39.7322,280,4.5,0.465,0.3302,119,0.026,0.43,-0.80,0.0711,0.1297,0.096
1421,40.2188,248,4.5,0.440,0.3332,125,0.025,0.38,-0.84,0.0693,0.1339,0.069
1422,51.4025,218,4.5,0.525,0.3324,121,0.026,0.33,-0.71,0.0626,0.1300,0.056
1423,55.2561,264,4.6,0.415,0.3352,123,0.025,0.41,-0.88,0.0700,0.1321,0.045
1424,34.3261,264,4.6,0.485,0.3371,122,0.026,0.41,-0.77,0.0680,0.1214,0.067
1425,53.1537,275,4.4,0.420,0.3350,119,0.026,0.42,-0.87,0.0663,0.1136,0.070
1426,61.2773,265,4.4,0.490,0.3294,125,0.025,0.41,-0.77,0.0653,0.1182,0.086
1427,51.5117,275,4.5,0.435,0.3328,118,0.026,0.42,-0.85,0.0649,0.1216,0.089
1428,29.2501,245,4.5,0.515,0.3408,121,0.026,0.38,-0.73,0.0675,0.1271,0.075
1429,49.7069,255,4.6,0.410,0.3376,116,0.027,0.39,-0.89,0.0702,0.1303,0.086
1430,46.7834,253,4.5,0.475,0.3335,118,0.026,0.39,-0.79,0.0678,0.1200,0.106
1431,47.8304,258,4.5,0.405,0.3325,117,0.027,0.40,-0.89,0.0687,0.1234,0.104
1432,49.7771,207,4.6,0.520,0.3290,128,0.024,0.32,-0.72,0.0688,0.1237,0.083
1433,55.9342,264,4.5,0.450,0.3287,123,0.025,0.41,-0.83,0.0708,0.1188,0.078
1434,62.4264,293,4.5,0.470,0.3214,123,0.025,0.45,-0.80,0.0741,0.1308,0.087
1435,40.9072,265,4.5,0.450,0.3335,126,0.025,0.41,-0.83,0.0686,0.1335,0.095
1436,53.7904,233,4.5,0.485,0.3326,130,0.024,0.36,-0.77,0.0714,0.1212,0.110
1437,63.7604,278,4.4,0.440,0.3345,124,0.025,0.43,-0.84,0.0672,0.1251,0.085
1438,50.7123,263,4.5,0.455,0.3339,123,0.025,0.40,-0.82,0.0681,0.1234,0.096
1439,51.3269,260,4.4,0.480,0.3246,121,0.026,0.40,-0.78,0.0670,0.1096,0.118
1440,42.3555,248,4.3,0.430,0.3342,106,0.029,0.38,-0.86,0.0676,0.1130,0.106
1441,44.5173,289,4.5,0.455,0.3340,117,0.027,0.44,-0.82,0.0705,0.1158,0.092
1442,39.6464,256,4.5,0.450,0.3346,127,0.025,0.39,-0.83,0.0627,0.1197,0.087
1443,56.4390,248,4.5,0.460,0.3372,123,0.025,0.38,-0.81,0.0684,0.1254,0.101
1444,49.5293,277,4.5,0.430,0.3364,118,0.026,0.43,-0.86,0.0683,0.1306,0.095
1445,61.8849,295,4.5,0.455,0.3388,116,0.027,0.45,-0.82,0.0686,0.1227,0.090
1446,54.8910,249,4.5,0.450,0.3340,124,0.025,0.38,-0.83,0.0681,0.1238,0.095
1447,44.6031,224,4.5,0.430,0.3442,125,0.025,0.34,-0.86,0.0709,0.1336,0.053
1448,52.7617,250,4.4,0.460,0.3417,121,0.026,0.38,-0.81,0.0658,0.1258,0.041
1449,55.5556,279,4.4,0.470,0.3301,122,0.026,0.43,-0.80,0.0702,0.1178,0.069
1450,60.1028,265,4.5,0.435,0.3291,127,0.025,0.41,-0.85,0.0737,0.1186,0.087
1451,55.2903,280,4.5,0.485,0.3352,123,0.025,0.43,-0.77,0.0693,0.1279,0.084
1452,61.3160,281,4.5,0.425,0.3373,132,0.024,0.43,-0.86,0.0715,0.1332,0.090
1453,42.0820,231,4.4,0.545,0.3334,120,0.026,0.35,-0.68,0.0688,0.1260,0.059
1454,43.8948,262,4.5,0.405,0.3243,115,0.027,0.40,-0.89,0.0671,0.1152,0.063
1455,50.9145,264,4.6,0.515,0.3269,125,0.025,0.41,-0.73,0.0711,0.1300,0.082
1456,59.4261,270,4.6,0.360,0.3413,113,0.028,0.41,-0.96,0.0699,0.1332,0.087
1457,48.9349,252,4.5,0.525,0.3404,121,0.026,0.39,-0.71,0.0686,0.1228,0.078
1458,59.0925,276,4.4,0.405,0.3349,115,0.027,0.42,-0.89,0.0644,0.1209,0.076
1459,49.4128,282,4.4,0.505,0.3315,116,0.027,0.43,-0.74,0.0702,0.1214,0.073
1460,34.9474,231,4.5,0.455,0.3373,125,0.025,0.36,-0.82,0.0666,0.1211,0.092
1461,48.0004,231,4.6,0.465,0.3472,127,0.025,0.36,-0.80,0.0699,0.1213,0.093
1462,29.8707,239,4.5,0.475,0.3392,124,0.025,0.37,-0.79,0.0670,0.1266,0.070
1463,49.6714,272,4.5,0.480,0.3463,128,0.024,0.42,-0.78,0.0657,0.1365,0.062
1464,53.4522,265,4.5,0.480,0.3446,124,0.025,0.41,-0.78,0.0661,0.1291,0.081
1465,55.1154,274,4.5,0.405,0.3352,122,0.026,0.42,-0.89,0.0698,0.1208,0.085
1466,44.2898,256,4.6,0.510,0.3331,117,0.027,0.39,-0.73,0.0677,0.1129,0.083
1467,50.5391,295,4.6,0.420,0.3380,121,0.026,0.45,-0.87,0.0684,0.1138,0.078
1468,46.3745,263,4.5,0.490,0.3389,120,0.026,0.40,-0.77,0.0707,0.1229,0.109
1469,43.3831,258,4.5,0.425,0.3417,120,0.026,0.40,-0.86,0.0672,0.1223,0.098
1470,35.2830,206,4.5,0.445,0.3441,118,0.026,0.32,-0.83,0.0686,0.1252,0.070
1471,51.2505,295,4.5,0.500,0.3415,123,0.025,0.45,-0.75,0.0661,0.1253,0.082
1472,44.9897,249,4.4,0.430,0.3377,118,0.026,0.38,-0.86,0.0664,0.1246,0.089
1473,50.3691,266,4.4,0.480,0.3412,123,0.025,0.41,-0.78,0.0724,0.1231,0.087
1474,36.2450,221,4.5,0.465,0.3410,118,0.026,0.34,-0.80,0.0670,0.1106,0.138
1475,57.5922,302,4.5,0.455,0.3325,117,0.027,0.46,-0.82,0.0697,0.1151,0.139
1476,49.8797,244,4.5,0.430,0.3359,114,0.027,0.38,-0.86,0.0714,0.1235,0.096
1477,54.7296,274,4.5,0.485,0.3380,120,0.026,0.42,-0.77,0.0691,0.1190,0.121
1478,43.8899,271,4.4,0.440,0.3422,124,0.025,0.42,-0.84,0.0719,0.1194,0.118
1479,47.4721,287,4.4,0.450,0.3428,122,0.026,0.44,-0.83,0.0691,0.1205,0.090
1480,40.6213,237,4.5,0.495,0.3418,120,0.026,0.36,-0.76,0.0672,0.1269,0.096
1481,61.7345,254,4.5,0.385,0.3384,133,0.023,0.39,-0.92,0.0697,0.1280,0.112
1482,57.8006,271,4.6,0.505,0.3378,118,0.026,0.42,-0.74,0.0646,0.1248,0.103
1483,52.9459,297,4.5,0.380,0.3350,119,0.026,0.46,-0.93,0.0624,0.1274,0.097
1484,34.3380,242,4.5,0.540,0.3358,121,0.026,0.37,-0.69,0.0636,0.1394,0.061
1485,49.2539,257,4.7,0.395,0.3418,118,0.026,0.40,-0.91,0.0672,0.1347,0.070
1486,54.5334,245,4.5,0.510,0.3433,116,0.027,0.38,-0.73,0.0692,0.1147,0.108
1487,52.6550,284,4.4,0.430,0.3430,115,0.027,0.44,-0.86,0.0694,0.1186,0.107
1488,44.8084,218,4.6,0.505,0.3494,113,0.028,0.34,-0.74,0.0689,0.1364,0.076
1489,67.1926,280,4.5,0.440,0.3515,120,0.026,0.43,-0.84,0.0731,0.1302,0.080
1490,32.0109,225,4.5,0.470,0.3444,122,0.026,0.35,-0.80,0.0701,0.1209,0.082
1491,37.2328,274,4.5,0.430,0.3403,120,0.026,0.42,-0.86,0.0681,0.1171,0.086
1492,54.5409,256,4.6,0.465,0.3393,118,0.026,0.39,-0.80,0.0696,0.1248,0.081
1493,59.7727,268,4.4,0.475,0.3360,125,0.025,0.41,-0.79,0.0697,0.1158,0.052
1494,33.9293,244,4.5,0.450,0.3319,117,0.027,0.38,-0.83,0.0683,0.1218,0.072
1495,66.0530,269,4.5,0.495,0.3387,120,0.026,0.41,-0.76,0.0690,0.1286,0.090
1496,53.7400,259,4.5,0.440,0.3361,122,0.026,0.40,-0.84,0.0697,0.1183,0.075
1497,55.5514,302,4.5,0.465,0.3342,132,0.024,0.46,-0.80,0.0717,0.1123,0.050
1498,57.0054,296,4.5,0.455,0.3312,128,0.024,0.46,-0.82,0.0694,0.1206,0.044
1499,47.5917,282,4.4,0.485,0.3429,121,0.026,0.43,-0.77,0.0662,0.1207,0.046
1500,44.6866,270,4.4,0.450,0.3465,120,0.026,0.42,-0.83,0.0672,0.1164,0.061
1501,41.1062,255,4.5,0.465,0.3504,123,0.025,0.39,-0.80,0.0714,0.1226,0.079
1502,31.7465,219,4.5,0.440,0.3513,118,0.026,0.34,-0.84,0.0675,0.1292,0.071
1503,52.3436,252,4.5,0.470,0.3518,130,0.024,0.39,-0.80,0.0664,0.1253,0.062
1504,58.9412,284,4.5,0.445,0.3553,124,0.025,0.44,-0.83,0.0673,0.1318,0.057
1505,58.0309,258,4.5,0.430,0.3547,120,0.026,0.40,-0.86,0.0693,0.1297,0.084
1506,48.2483,241,4.6,0.480,0.3416,125,0.025,0.37,-0.78,0.0681,0.1292,0.092
1507,53.0382,265,4.5,0.460,0.3403,122,0.026,0.41,-0.81,0.0684,0.1304,0.095
1508,31.2254,297,4.5,0.490,0.3424,124,0.025,0.46,-0.77,0.0741,0.1362,0.086
1509,49.1233,258,4.5,0.405,0.3498,124,0.025,0.40,-0.89,0.0695,0.1346,0.052
1510,48.0255,275,4.5,0.455,0.3461,123,0.025,0.42,-0.82,0.0720,0.1230,0.081
1511,36.1682,222,4.5,0.415,0.3397,122,0.026,0.34,-0.88,0.0721,0.1221,0.108
1512,51.4803,219,4.5,0.510,0.3501,125,0.025,0.34,-0.73,0.0723,0.1286,0.076
1513,53.8562,294,4.5,0.430,0.3451,122,0.026,0.45,-0.86,0.0695,0.1403,0.043
1514,45.3036,227,4.6,0.510,0.3427,125,0.025,0.35,-0.73,0.0680,0.1342,0.063
1515,35.6172,265,4.7,0.420,0.3403,118,0.026,0.41,-0.87,0.0668,0.1270,0.058
1516,48.3899,266,4.6,0.480,0.3414,119,0.026,0.41,-0.78,0.0687,0.1328,0.058
1517,54.0894,289,4.5,0.485,0.3437,122,0.026,0.44,-0.77,0.0683,0.1315,0.067
1518,54.4143,280,4.4,0.435,0.3403,127,0.025,0.43,-0.85,0.0717,0.1293,0.070
1519,43.5122,227,4.4,0.485,0.3428,128,0.024,0.35,-0.77,0.0719,0.1246,0.099
1520,46.4252,261,4.4,0.425,0.3507,126,0.025,0.40,-0.86,0.0663,0.1243,0.096
1521,62.9016,256,4.4,0.440,0.3552,126,0.025,0.39,-0.84,0.0696,0.1232,0.058
1522,33.3825,246,4.5,0.490,0.3535,123,0.025,0.38,-0.77,0.0680,0.1176,0.085
1523,46.7600,251,4.4,0.420,0.3515,118,0.026,0.39,-0.87,0.0660,0.1157,0.100
1524,29.0506,224,4.6,0.540,0.3429,124,0.025,0.34,-0.69,0.0703,0.1162,0.072
1525,44.9426,238,4.6,0.420,0.3476,121,0.026,0.37,-0.87,0.0649,0.1198,0.057
1526,46.0449,247,4.4,0.465,0.3497,124,0.025,0.38,-0.80,0.0708,0.1170,0.087
1527,48.2356,236,4.4,0.445,0.3414,121,0.026,0.36,-0.83,0.0693,0.1162,0.098
1528,52.4302,242,4.5,0.415,0.3390,125,0.025,0.37,-0.88,0.0688,0.1203,0.091
1529,50.0087,248,4.5,0.490,0.3466,118,0.026,0.38,-0.77,0.0666,0.1329,0.081
1530,45.6731,262,4.4,0.445,0.3499,119,0.026,0.40,-0.83,0.0673,0.1349,0.105
1531,48.8836,253,4.5,0.460,0.3414,114,0.027,0.39,-0.81,0.0689,0.1395,0.105
1532,49.9867,270,4.6,0.470,0.3362,118,0.026,0.42,-0.80,0.0664,0.1462,0.070
1533,48.9096,230,4.5,0.485,0.3397,115,0.027,0.35,-0.77,0.0666,0.1423,0.074
1534,39.1853,265,4.5,0.435,0.3433,121,0.026,0.41,-0.85,0.0693,0.1523,0.076
1535,42.8883,261,4.5,0.490,0.3419,113,0.028,0.40,-0.77,0.0707,0.1427,0.078
1536,51.8914,266,4.5,0.415,0.3402,127,0.025,0.41,-0.88,0.0704,0.1267,0.065
1537,47.5863,273,4.5,0.430,0.3487,120,0.026,0.42,-0.86,0.0671,0.1204,0.086
1538,30.3477,232,4.5,0.470,0.3509,121,0.026,0.36,-0.80,0.0702,0.1108,0.099
1539,60.3393,232,4.5,0.400,0.3371,117,0.027,0.36,-0.90,0.0650,0.1079,0.098
1540,59.8351,256,4.5,0.490,0.3328,117,0.027,0.39,-0.77,0.0682,0.1142,0.091
1541,39.1572,269,4.6,0.455,0.3382,119,0.026,0.41,-0.82,0.0685,0.1185,0.069
1542,37.9959,227,4.6,0.475,0.3404,121,0.026,0.35,-0.79,0.0664,0.1148,0.056
1543,60.8665,282,4.5,0.415,0.3320,113,0.028,0.43,-0.88,0.0632,0.1249,0.052
1544,42.2657,271,4.5,0.480,0.3320,121,0.026,0.42,-0.78,0.0662,0.1239,0.062
1545,55.7207,271,4.5,0.475,0.3403,128,0.024,0.42,-0.79,0.0671,0.1285,0.049
1546,44.8290,270,4.6,0.435,0.3377,115,0.027,0.42,-0.85,0.0681,0.1254,0.047
1547,38.7771,269,4.5,0.480,0.3377,117,0.027,0.41,-0.78,0.0704,0.1191,0.048
1548,51.4744,252,4.6,0.390,0.3301,122,0.026,0.39,-0.92,0.0669,0.1228,0.048
1549,25.6991,227,4.7,0.555,0.3263,118,0.026,0.35,-0.67,0.0649,0.1203,0.062
1550,63.9344,265,4.6,0.360,0.3376,116,0.027,0.41,-0.96,0.0698,0.1312,0.063
1551,67.3439,319,4.6,0.435,0.3360,120,0.026,0.49,-0.85,0.0683,0.1350,0.064
1552,39.3257,231,4.5,0.495,0.3370,117,0.027,0.36,-0.76,0.0706,0.1192,0.079
1553,47.4663,258,4.5,0.465,0.3457,123,0.025,0.40,-0.80,0.0722,0.1175,0.101
1554,40.8870,243,4.5,0.460,0.3433,111,0.028,0.37,-0.81,0.0687,0.1067,0.107
1555,47.9261,273,4.6,0.465,0.3410,115,0.027,0.42,-0.80,0.0682,0.1058,0.094
1556,43.1853,263,4.5,0.450,0.3455,114,0.027,0.40,-0.83,0.0663,0.1142,0.094
1557,64.7459,259,4.5,0.450,0.3422,116,0.027,0.40,-0.83,0.0682,0.1259,0.084
1558,50.9447,303,4.5,0.445,0.3364,117,0.027,0.47,-0.83,0.0691,0.1238,0.071
1559,59.8664,295,4.5,0.460,0.3368,116,0.027,0.45,-0.81,0.0691,0.1184,0.071
1560,56.7342,296,4.4,0.450,0.3283,119,0.026,0.45,-0.83,0.0670,0.1166,0.097
1561,30.3578,234,4.5,0.475,0.3350,117,0.027,0.36,-0.79,0.0680,0.1147,0.103
1562,46.8158,251,4.4,0.400,0.3486,116,0.027,0.39,-0.90,0.0670,0.1146,0.087
1563,41.0120,231,4.5,0.495,0.3479,117,0.027,0.35,-0.76,0.0677,0.1187,0.089
1564,69.7357,268,4.5,0.395,0.3393,118,0.026,0.41,-0.91,0.0693,0.1287,0.071
1565,47.6973,269,4.7,0.515,0.3379,122,0.026,0.41,-0.73,0.0666,0.1281,0.094
1566,44.6729,221,4.6,0.420,0.3351,123,0.025,0.34,-0.87,0.0706,0.1160,0.093
1567,33.2286,246,4.4,0.480,0.3329,120,0.026,0.38,-0.78,0.0714,0.1188,0.097
1568,57.3369,259,4.4,0.410,0.3367,117,0.027,0.40,-0.89,0.0681,0.1120,0.113
1569,60.4239,305,4.5,0.470,0.3388,120,0.026,0.47,-0.80,0.0694,0.1107,0.095
1570,49.3206,268,4.5,0.415,0.3410,119,0.026,0.41,-0.88,0.0708,0.1172,0.099
1571,47.1218,263,4.4,0.465,0.3496,123,0.025,0.40,-0.80,0.0756,0.1238,0.098
1572,45.1923,249,4.5,0.420,0.3446,119,0.026,0.38,-0.87,0.0697,0.1176,0.082
1573,52.1621,283,4.6,0.450,0.3496,126,0.025,0.44,-0.83,0.0689,0.1127,0.096
1574,58.7920,282,4.6,0.435,0.3408,126,0.025,0.43,-0.85,0.0713,0.1062,0.101
1575,60.5123,304,4.5,0.460,0.3309,120,0.026,0.47,-0.81,0.0676,0.1103,0.110
1576,59.5450,301,4.4,0.425,0.3320,121,0.026,0.46,-0.86,0.0681,0.1144,0.141
1577,44.9619,253,4.3,0.480,0.3384,117,0.027,0.39,-0.78,0.0682,0.1155,0.109
1578,55.7883,275,4.4,0.445,0.3394,121,0.026,0.42,-0.83,0.0711,0.1203,0.109
1579,44.5139,243,4.6,0.460,0.3483,113,0.028,0.37,-0.81,0.0702,0.1250,0.088
1580,40.0359,248,4.5,0.465,0.3506,115,0.027,0.38,-0.80,0.0684,0.1250,0.081
1581,40.0182,272,4.5,0.470,0.3435,125,0.025,0.42,-0.80,0.0692,0.1180,0.075
1582,56.1241,270,4.5,0.435,0.3479,120,0.026,0.41,-0.85,0.0656,0.1121,0.085
1583,68.2632,274,4.5,0.430,0.3449,126,0.025,0.42,-0.86,0.0661,0.1150,0.113
1584,51.6982,295,4.5,0.430,0.3429,122,0.026,0.45,-0.86,0.0672,0.1178,0.087
1585,47.4268,272,4.6,0.435,0.3396,122,0.026,0.42,-0.85,0.0732,0.1156,0.086
1586,45.4882,258,4.5,0.470,0.3372,128,0.024,0.40,-0.80,0.0664,0.1092,0.095
1587,37.6826,246,4.6,0.405,0.3377,119,0.026,0.38,-0.89,0.0680,0.1098,0.099
1588,46.2895,231,4.6,0.500,0.3459,120,0.026,0.36,-0.75,0.0688,0.1201,0.126
1589,59.7097,311,4.6,0.435,0.3488,124,0.025,0.48,-0.85,0.0729,0.1174,0.101
1590,48.2000,274,4.4,0.475,0.3476,123,0.025,0.42,-0.79,0.0701,0.1155,0.082
1591,51.1698,257,4.4,0.375,0.3479,118,0.026,0.40,-0.94,0.0669,0.1150,0.093
1592,53.3461,283,4.5,0.525,0.3439,116,0.027,0.44,-0.71,0.0678,0.1200,0.077
1593,45.7393,271,4.6,0.400,0.3459,118,0.026,0.42,-0.90,0.0681,0.1268,0.082
1594,44.7491,243,4.5,0.500,0.3426,117,0.027,0.37,-0.75,0.0679,0.1249,0.086
1595,60.2461,279,4.4,0.395,0.3402,119,0.026,0.43,-0.91,0.0718,0.1208,0.092
1596,37.1522,245,4.5,0.480,0.3370,123,0.025,0.38,-0.78,0.0721,0.1203,0.072
1597,39.7755,231,4.5,0.415,0.3415,117,0.027,0.36,-0.88,0.0691,0.1206,0.053
1598,47.6418,230,4.4,0.450,0.3466,120,0.026,0.35,-0.83,0.0716,0.1192,0.065
1599,49.3836,242,4.4,0.460,0.3449,135,0.023,0.37,-0.81,0.0682,0.1191,0.067
1600,42.6394,280,4.5,0.475,0.3477,120,0.026,0.43,-0.79,0.0693,0.1204,0.077
1601,46.0921,267,4.5,0.470,0.3475,119,0.026,0.41,-0.80,0.0699,0.1219,0.082
1602,55.4457,247,4.5,0.435,0.3472,119,0.026,0.38,-0.85,0.0699,0.1212,0.073
1603,42.0195,263,4.4,0.440,0.3548,120,0.026,0.40,-0.84,0.0713,0.1298,0.062
1604,32.8805,238,4.5,0.470,0.3540,116,0.027,0.37,-0.80,0.0649,0.1301,0.070
1605,51.0862,227,4.6,0.470,0.3493,122,0.026,0.35,-0.80,0.0724,0.1319,0.078
1606,29.4499,256,4.5,0.425,0.3458,120,0.026,0.39,-0.86,0.0665,0.1254,0.102
1607,45.3779,251,4.5,0.430,0.3465,118,0.026,0.39,-0.86,0.0676,0.1264,0.118
1608,40.9612,238,4.5,0.490,0.3499,127,0.025,0.37,-0.77,0.0730,0.1354,0.074
1609,38.1368,246,4.5,0.435,0.3500,126,0.025,0.38,-0.85,0.0737,0.1305,0.043
1610,29.0588,236,4.5,0.475,0.3545,122,0.026,0.36,-0.79,0.0708,0.1289,0.038
1611,58.2818,249,4.5,0.460,0.3578,125,0.025,0.38,-0.81,0.0668,0.1378,0.046
1612,39.6018,250,4.5,0.445,0.3544,125,0.025,0.38,-0.83,0.0697,0.1417,0.058
1613,48.4822,233,4.5,0.475,0.3563,125,0.025,0.36,-0.79,0.0685,0.1205,0.076
1614,52.2672,290,4.5,0.405,0.3425,125,0.025,0.45,-0.89,0.0678,0.1139,0.066
1615,34.0211,223,4.5,0.510,0.3339,121,0.026,0.34,-0.73,0.0685,0.1101,0.076
1616,57.2243,265,4.5,0.435,0.3268,123,0.025,0.41,-0.85,0.0721,0.1059,0.074
1617,50.0125,253,4.5,0.460,0.3378,127,0.025,0.39,-0.81,0.0728,0.1213,0.084
1618,59.0200,280,4.5,0.440,0.3411,113,0.028,0.43,-0.84,0.0723,0.1280,0.090
1619,58.3639,290,4.5,0.440,0.3411,117,0.027,0.45,-0.84,0.0688,0.1174,0.079
1620,43.5592,237,4.6,0.425,0.3431,118,0.026,0.36,-0.86,0.0679,0.1225,0.066
1621,43.9819,233,4.5,0.425,0.3483,121,0.026,0.36,-0.86,0.0683,0.1214,0.061
1622,47.9049,267,4.4,0.445,0.3554,121,0.026,0.41,-0.83,0.0651,0.1146,0.093
1623,50.7861,272,4.4,0.495,0.3511,118,0.026,0.42,-0.76,0.0660,0.1106,0.094
1624,48.6875,245,4.4,0.430,0.3547,125,0.025,0.38,-0.86,0.0655,0.1202,0.077
1625,39.9600,222,4.5,0.445,0.3528,125,0.025,0.34,-0.83,0.0683,0.1178,0.095
1626,50.7483,267,4.5,0.500,0.3521,122,0.026,0.41,-0.75,0.0675,0.1185,0.082
1627,37.2954,259,4.5,0.400,0.3568,116,0.027,0.40,-0.90,0.0680,0.1233,0.045
1628,49.4700,207,4.5,0.500,0.3505,119,0.026,0.32,-0.75,0.0682,0.1080,0.061
1629,58.2562,283,4.5,0.420,0.3455,122,0.026,0.44,-0.87,0.0703,0.1185,0.057
1630,41.1898,287,4.4,0.485,0.3551,124,0.025,0.44,-0.77,0.0719,0.1136,0.062
1631,51.9659,228,4.5,0.430,0.3532,116,0.027,0.35,-0.86,0.0692,0.1101,0.086
1632,42.2716,270,4.4,0.485,0.3559,127,0.025,0.41,-0.77,0.0699,0.1268,0.065
1633,47.2691,245,4.5,0.405,0.3529,117,0.027,0.38,-0.89,0.0702,0.1278,0.090
1634,41.4424,260,4.6,0.515,0.3508,114,0.027,0.40,-0.73,0.0664,0.1295,0.118
1635,47.2779,256,4.5,0.410,0.3595,111,0.028,0.39,-0.89,0.0723,0.1227,0.128
1636,47.4411,273,4.4,0.470,0.3515,116,0.027,0.42,-0.80,0.0694,0.1161,0.113
1637,49.6752,249,4.4,0.435,0.3493,127,0.025,0.38,-0.85,0.0713,0.1235,0.075
1638,33.8835,242,4.5,0.470,0.3536,123,0.025,0.37,-0.80,0.0688,0.1187,0.081
1639,23.6020,226,4.5,0.450,0.3565,127,0.025,0.35,-0.83,0.0666,0.1133,0.093
1640,53.7415,238,4.5,0.460,0.3597,120,0.026,0.37,-0.81,0.0664,0.1299,0.057
1641,41.0755,264,4.5,0.445,0.3525,110,0.028,0.41,-0.83,0.0661,0.1337,0.062
1642,35.8238,228,4.5,0.460,0.3531,115,0.027,0.35,-0.81,0.0674,0.1263,0.065
1643,28.7499,216,4.5,0.450,0.3513,121,0.026,0.33,-0.83,0.0673,0.1256,0.064
1644,55.4215,235,4.5,0.425,0.3544,122,0.026,0.36,-0.86,0.0693,0.1216,0.052
1645,38.7875,301,4.5,0.465,0.3499,126,0.025,0.46,-0.80,0.0682,0.1190,0.057
1646,57.0321,229,4.5,0.405,0.3478,124,0.025,0.35,-0.89,0.0670,0.1116,0.097
1647,58.5194,290,4.5,0.465,0.3589,121,0.026,0.45,-0.80,0.0698,0.1105,0.058
1648,38.6761,291,4.5,0.450,0.3569,117,0.027,0.45,-0.83,0.0715,0.1222,0.032
1649,41.6939,224,4.4,0.430,0.3543,120,0.026,0.34,-0.86,0.0644,0.1301,0.041
1650,64.1003,271,4.5,0.465,0.3483,117,0.027,0.42,-0.80,0.0716,0.1379,0.037
1651,44.9169,257,4.5,0.445,0.3440,119,0.026,0.39,-0.83,0.0711,0.1373,0.052
1652,58.6292,280,4.4,0.515,0.3451,117,0.027,0.43,-0.73,0.0704,0.1177,0.066
1653,53.5231,264,4.5,0.425,0.3431,121,0.026,0.41,-0.86,0.0691,0.1127,0.066
1654,53.1471,249,4.5,0.490,0.3335,123,0.025,0.38,-0.77,0.0683,0.1193,0.067
1655,57.9619,252,4.5,0.385,0.3487,129,0.024,0.39,-0.92,0.0718,0.1192,0.082
1656,45.1637,255,4.4,0.520,0.3465,119,0.026,0.39,-0.72,0.0701,0.1169,0.065
1657,58.4491,278,4.5,0.400,0.3432,121,0.026,0.43,-0.90,0.0703,0.1160,0.051
1658,39.1852,264,4.5,0.480,0.3488,112,0.028,0.41,-0.78,0.0706,0.1130,0.079
1659,56.0541,246,4.4,0.405,0.3511,118,0.026,0.38,-0.89,0.0664,0.1145,0.084
1660,41.8720,230,4.5,0.455,0.3591,113,0.028,0.35,-0.82,0.0695,0.1234,0.064
1661,44.3004,277,4.5,0.415,0.3610,116,0.027,0.43,-0.88,0.0711,0.1226,0.068
1662,32.8574,235,4.4,0.460,0.3525,119,0.026,0.36,-0.81,0.0706,0.1317,0.076
1663,48.5742,218,4.4,0.425,0.3574,126,0.025,0.33,-0.86,0.0681,0.1362,0.066
1664,59.3454,271,4.4,0.480,0.3576,122,0.026,0.42,-0.78,0.0683,0.1338,0.051
1665,62.2833,310,4.5,0.470,0.3474,119,0.026,0.48,-0.80,0.0699,0.1241,0.055
1666,57.9187,275,4.5,0.460,0.3514,118,0.026,0.42,-0.81,0.0718,0.1195,0.072
1667,60.4742,256,4.3,0.445,0.3529,122,0.026,0.39,-0.83,0.0707,0.1166,0.058
1668,61.5070,261,4.4,0.430,0.3570,122,0.026,0.40,-0.86,0.0669,0.1095,0.047
1669,51.7591,280,4.4,0.425,0.3459,125,0.025,0.43,-0.86,0.0709,0.1047,0.087
1670,45.6943,260,4.4,0.475,0.3436,120,0.026,0.40,-0.79,0.0640,0.1134,0.099
1671,60.5349,274,4.5,0.410,0.3427,128,0.024,0.42,-0.89,0.0723,0.1069,0.095
1672,50.0412,244,4.5,0.490,0.3467,122,0.026,0.38,-0.77,0.0708,0.1079,0.106
1673,62.2304,266,4.5,0.410,0.3551,114,0.027,0.41,-0.89,0.0756,0.1218,0.073
1674,55.4876,257,4.5,0.485,0.3429,123,0.025,0.40,-0.77,0.0691,0.1206,0.064
1675,55.4019,250,4.5,0.420,0.3428,121,0.026,0.38,-0.87,0.0734,0.1197,0.065
1676,43.8828,252,4.5,0.490,0.3511,119,0.026,0.39,-0.77,0.0695,0.1288,0.055
1677,46.2780,260,4.4,0.420,0.3603,123,0.025,0.40,-0.87,0.0691,0.1284,0.084
1678,58.8839,289,4.5,0.435,0.3520,128,0.024,0.44,-0.85,0.0711,0.1221,0.093
1679,43.9063,282,4.5,0.460,0.3474,120,0.026,0.43,-0.81,0.0703,0.1144,0.102
1680,56.8376,248,4.4,0.445,0.3448,120,0.026,0.38,-0.83,0.0638,0.1090,0.075
1681,61.3172,277,4.4,0.485,0.3461,122,0.026,0.43,-0.77,0.0685,0.1143,0.068
1682,50.9708,277,4.5,0.455,0.3545,116,0.027,0.43,-0.82,0.0688,0.1263,0.065
1683,55.5326,269,4.5,0.410,0.3572,125,0.025,0.41,-0.89,0.0703,0.1243,0.045
1684,61.1188,235,4.4,0.435,0.3558,140,0.022,0.36,-0.85,0.0722,0.1251,0.040
1685,51.1818,275,4.4,0.425,0.3561,125,0.025,0.42,-0.86,0.0702,0.1267,0.045
1686,50.8627,281,4.4,0.500,0.3518,120,0.026,0.43,-0.75,0.0662,0.1235,0.080
1687,46.4582,273,4.4,0.360,0.3569,118,0.026,0.42,-0.96,0.0683,0.1155,0.088
1688,51.6682,242,4.4,0.500,0.3555,120,0.026,0.37,-0.75,0.0732,0.1103,0.099
1689,57.0781,261,4.5,0.390,0.3487,117,0.027,0.40,-0.92,0.0698,0.1126,0.109
1690,50.4553,297,4.6,0.485,0.3553,117,0.027,0.46,-0.77,0.0743,0.1134,0.077
1691,52.0215,275,4.5,0.440,0.3573,122,0.026,0.42,-0.84,0.0715,0.1215,0.071
1692,62.8201,297,4.5,0.430,0.3589,119,0.026,0.46,-0.86,0.0727,0.1293,0.082
1693,50.0778,253,4.5,0.475,0.3586,117,0.027,0.39,-0.79,0.0696,0.1303,0.094
1694,61.3452,268,4.6,0.420,0.3502,113,0.028,0.41,-0.87,0.0715,0.1261,0.141
1695,41.3389,282,4.6,0.450,0.3475,119,0.026,0.43,-0.83,0.0677,0.1227,0.134
1696,55.3228,278,4.5,0.430,0.3449,115,0.027,0.43,-0.86,0.0723,0.1124,0.096
1697,39.8411,262,4.4,0.455,0.3482,122,0.026,0.40,-0.82,0.0700,0.1072,0.083
1698,39.7366,231,4.5,0.420,0.3502,126,0.025,0.36,-0.87,0.0696,0.1155,0.066
1699,56.4452,285,4.5,0.460,0.3591,116,0.027,0.44,-0.81,0.0769,0.1217,0.053
1700,58.3041,260,4.4,0.420,0.3538,122,0.026,0.40,-0.87,0.0687,0.1200,0.054
1701,57.6067,262,4.4,0.430,0.3536,126,0.025,0.40,-0.86,0.0709,0.1220,0.056
1702,55.9724,287,4.5,0.465,0.3452,119,0.026,0.44,-0.80,0.0646,0.1141,0.074
1703,43.8951,236,4.6,0.440,0.3424,118,0.026,0.36,-0.84,0.0672,0.1244,0.065
1704,52.6803,280,4.5,0.440,0.3538,120,0.026,0.43,-0.84,0.0719,0.1274,0.050
1705,47.9064,255,4.5,0.475,0.3573,122,0.026,0.39,-0.79,0.0636,0.1149,0.064
1706,41.3198,255,4.5,0.405,0.3660,116,0.027,0.39,-0.89,0.0696,0.1095,0.093
1707,38.2747,245,4.5,0.515,0.3642,128,0.024,0.38,-0.73,0.0704,0.1056,0.112
1708,52.1872,250,4.5,0.400,0.3614,117,0.027,0.38,-0.90,0.0654,0.1192,0.084
1709,39.2330,235,4.5,0.490,0.3625,122,0.026,0.36,-0.77,0.0720,0.1222,0.063
1710,43.1663,247,4.5,0.435,0.3556,121,0.026,0.38,-0.85,0.0678,0.1172,0.061
1711,47.2021,258,4.4,0.480,0.3468,120,0.026,0.40,-0.78,0.0679,0.1135,0.067
1712,53.7780,274,4.3,0.435,0.3420,117,0.027,0.42,-0.85,0.0687,0.1197,0.060
1713,40.3915,276,4.4,0.465,0.3530,122,0.026,0.42,-0.80,0.0708,0.1215,0.038
1714,44.4759,264,4.5,0.430,0.3614,121,0.026,0.41,-0.86,0.0696,0.1183,0.071
1715,61.1711,264,4.5,0.495,0.3584,127,0.025,0.41,-0.76,0.0676,0.1118,0.100
1716,55.0505,302,4.4,0.395,0.3591,122,0.026,0.46,-0.91,0.0696,0.1203,0.107
1717,52.0953,253,4.4,0.450,0.3641,121,0.026,0.39,-0.83,0.0695,0.1350,0.126
1718,74.3909,287,4.4,0.400,0.3442,130,0.024,0.44,-0.90,0.0708,0.1323,0.108
1719,57.7365,291,4.5,0.490,0.3502,117,0.027,0.45,-0.77,0.0708,0.1240,0.065
1720,57.7273,314,4.4,0.415,0.3512,124,0.025,0.48,-0.88,0.0660,0.1213,0.076
1721,36.6778,232,4.6,0.495,0.3556,120,0.026,0.36,-0.76,0.0717,0.1150,0.077
1722,44.8432,239,4.5,0.425,0.3660,131,0.024,0.37,-0.86,0.0685,0.1151,0.084
1723,61.2108,242,4.4,0.475,0.3670,126,0.025,0.37,-0.79,0.0654,0.1254,0.100
1724,54.7919,278,4.3,0.410,0.3562,121,0.026,0.43,-0.89,0.0716,0.1245,0.112
1725,44.4887,246,4.5,0.430,0.3587,120,0.026,0.38,-0.86,0.0684,0.1177,0.079
1726,71.6768,273,4.5,0.420,0.3601,119,0.026,0.42,-0.87,0.0653,0.1216,0.074
1727,41.9144,281,4.4,0.455,0.3462,120,0.026,0.43,-0.82,0.0703,0.1125,0.100
1728,43.5601,237,4.5,0.435,0.3499,118,0.026,0.36,-0.85,0.0740,0.1101,0.089
1729,56.8706,253,4.4,0.470,0.3583,120,0.026,0.39,-0.80,0.0721,0.1242,0.070
1730,68.3313,295,4.4,0.375,0.3534,124,0.025,0.45,-0.94,0.0731,0.1282,0.077
1731,52.9606,255,4.4,0.485,0.3594,126,0.025,0.39,-0.77,0.0702,0.1272,0.076
1732,62.3829,277,4.4,0.405,0.3626,122,0.026,0.43,-0.89,0.0672,0.1163,0.059
1733,28.8400,262,4.5,0.525,0.3619,120,0.026,0.40,-0.71,0.0688,0.1149,0.063
1734,67.8724,274,4.4,0.380,0.3541,120,0.026,0.42,-0.93,0.0727,0.1210,0.071
1735,35.6800,290,4.4,0.500,0.3440,115,0.027,0.45,-0.75,0.0728,0.1096,0.057
1736,38.3423,240,4.5,0.400,0.3536,116,0.027,0.37,-0.90,0.0688,0.1104,0.050
1737,53.6339,299,4.5,0.505,0.3601,125,0.025,0.46,-0.74,0.0668,0.1218,0.056
1738,51.2675,227,4.5,0.390,0.3672,122,0.026,0.35,-0.92,0.0719,0.1220,0.043
1739,43.9800,280,4.4,0.520,0.3563,123,0.025,0.43,-0.72,0.0677,0.1154,0.067
1740,59.8205,287,4.4,0.370,0.3610,116,0.027,0.44,-0.95,0.0720,0.1221,0.098
1741,66.5988,282,4.4,0.515,0.3671,118,0.026,0.43,-0.73,0.0682,0.1214,0.099
1742,38.0931,233,4.5,0.400,0.3613,117,0.027,0.36,-0.90,0.0681,0.1212,0.080
1743,61.5448,265,4.5,0.430,0.3550,116,0.027,0.41,-0.86,0.0674,0.1170,0.088
1744,41.4254,269,4.3,0.490,0.3552,116,0.027,0.41,-0.77,0.0672,0.1334,0.065
1745,52.8101,264,4.5,0.445,0.3601,116,0.027,0.41,-0.83,0.0715,0.1423,0.037
1746,40.3204,254,4.4,0.505,0.3614,109,0.029,0.39,-0.74,0.0699,0.1365,0.061
1747,67.2453,291,4.4,0.380,0.3508,112,0.028,0.45,-0.93,0.0696,0.1296,0.069
1748,37.0493,297,4.4,0.515,0.3480,120,0.026,0.46,-0.73,0.0687,0.1230,0.074
1749,62.3063,276,4.4,0.380,0.3588,122,0.026,0.42,-0.93,0.0736,0.1182,0.092
1750,58.6446,259,4.4,0.495,0.3633,119,0.026,0.40,-0.76,0.0725,0.1189,0.097
1751,68.5874,297,4.4,0.425,0.3654,117,0.027,0.46,-0.86,0.0663,0.1199,0.093
1752,46.7854,281,4.4,0.475,0.3626,115,0.027,0.43,-0.79,0.0700,0.1210,0.063
1753,52.1924,247,4.5,0.410,0.3660,116,0.027,0.38,-0.89,0.0672,0.1226,0.070
1754,51.6887,286,4.5,0.475,0.3596,119,0.026,0.44,-0.79,0.0688,0.1207,0.125
1755,56.0072,269,4.4,0.395,0.3522,125,0.025,0.41,-0.91,0.0677,0.1161,0.129
1756,36.3531,283,4.4,0.480,0.3514,118,0.026,0.44,-0.78,0.0740,0.1045,0.084
1757,52.5535,241,4.4,0.390,0.3580,123,0.025,0.37,-0.92,0.0679,0.1004,0.066
1758,62.8101,304,4.4,0.465,0.3622,125,0.025,0.47,-0.80,0.0671,0.1172,0.088
1759,56.3523,281,4.5,0.460,0.3591,122,0.026,0.43,-0.81,0.0743,0.1191,0.106
1760,45.3096,285,4.5,0.440,0.3532,125,0.025,0.44,-0.84,0.0703,0.1145,0.083
1761,47.0834,233,4.5,0.445,0.3560,120,0.026,0.36,-0.83,0.0683,0.1249,0.070
1762,70.5401,282,4.6,0.470,0.3545,116,0.027,0.43,-0.80,0.0687,0.1252,0.084
1763,49.8808,276,4.5,0.435,0.3517,121,0.026,0.42,-0.85,0.0681,0.1237,0.069
1764,55.6547,283,4.5,0.400,0.3524,126,0.025,0.43,-0.90,0.0674,0.1285,0.054
1765,46.9492,266,4.5,0.480,0.3641,124,0.025,0.41,-0.78,0.0703,0.1344,0.059
1766,61.8756,254,4.5,0.445,0.3652,125,0.025,0.39,-0.83,0.0684,0.1313,0.055
1767,59.4091,282,4.4,0.465,0.3619,118,0.026,0.43,-0.80,0.0715,0.1278,0.054
1768,65.3124,275,4.5,0.440,0.3565,122,0.026,0.42,-0.84,0.0691,0.1266,0.069
1769,37.1579,252,4.6,0.460,0.3512,119,0.026,0.39,-0.81,0.0741,0.1193,0.083
1770,56.0756,238,4.6,0.435,0.3493,121,0.026,0.37,-0.85,0.0726,0.1072,0.097
1771,56.7748,277,4.6,0.460,0.3502,118,0.026,0.43,-0.81,0.0717,0.1059,0.107
1772,64.2632,297,4.4,0.425,0.3480,107,0.029,0.46,-0.86,0.0682,0.1141,0.089
1773,59.8845,291,4.4,0.445,0.3461,118,0.026,0.45,-0.83,0.0685,0.1168,0.091
1774,66.3536,300,4.5,0.400,0.3538,116,0.027,0.46,-0.90,0.0719,0.1196,0.100
1775,71.9246,326,4.5,0.475,0.3517,120,0.026,0.50,-0.79,0.0718,0.1147,0.097
1776,60.6021,281,4.5,0.385,0.3555,126,0.025,0.43,-0.92,0.0688,0.1152,0.097
1777,62.0675,285,4.4,0.480,0.3693,119,0.026,0.44,-0.78,0.0707,0.1114,0.105
1778,45.9089,276,4.6,0.450,0.3701,114,0.027,0.42,-0.83,0.0714,0.1082,0.101
1779,54.6617,252,4.5,0.465,0.3504,120,0.026,0.39,-0.80,0.0708,0.1227,0.078
1780,77.7321,326,4.4,0.395,0.3440,120,0.026,0.50,-0.91,0.0717,0.1263,0.062
1781,67.6465,317,4.5,0.450,0.3439,121,0.026,0.49,-0.83,0.0636,0.1133,0.061
1782,63.4898,319,4.4,0.360,0.3456,124,0.025,0.49,-0.96,0.0691,0.1093,0.083
1783,62.1429,301,4.5,0.470,0.3534,129,0.024,0.46,-0.80,0.0684,0.1150,0.107
1784,55.4796,262,4.5,0.425,0.3595,126,0.025,0.40,-0.86,0.0690,0.1228,0.098
1785,55.5273,296,4.4,0.435,0.3629,123,0.025,0.45,-0.85,0.0702,0.1208,0.063
1786,45.0025,241,4.4,0.435,0.3706,116,0.027,0.37,-0.85,0.0714,0.1226,0.062
1787,48.4782,241,4.5,0.410,0.3685,114,0.027,0.37,-0.89,0.0699,0.1143,0.057
1788,43.9442,272,4.4,0.450,0.3591,115,0.027,0.42,-0.83,0.0732,0.1278,0.052
1789,66.4749,276,4.5,0.415,0.3587,120,0.026,0.42,-0.88,0.0707,0.1280,0.068
1790,53.1426,294,4.4,0.465,0.3562,120,0.026,0.45,-0.80,0.0720,0.1118,0.096
1791,50.3217,291,4.5,0.420,0.3602,121,0.026,0.45,-0.87,0.0727,0.1042,0.080
1792,59.9780,287,4.5,0.430,0.3599,124,0.025,0.44,-0.86,0.0706,0.1095,0.093
1793,58.8950,259,4.5,0.430,0.3613,129,0.024,0.40,-0.86,0.0708,0.1120,0.112
1794,66.4827,305,4.4,0.400,0.3732,122,0.026,0.47,-0.90,0.0697,0.1181,0.086
1795,55.5752,274,4.4,0.450,0.3719,119,0.026,0.42,-0.83,0.0703,0.1212,0.106
1796,67.9298,331,4.3,0.380,0.3542,120,0.026,0.51,-0.93,0.0704,0.1119,0.107
1797,50.3683,287,4.4,0.450,0.3525,117,0.027,0.44,-0.83,0.0720,0.1032,0.107
1798,69.8744,299,4.6,0.355,0.3668,126,0.025,0.46,-0.97,0.0719,0.1060,0.111
1799,55.8095,279,4.6,0.510,0.3614,126,0.025,0.43,-0.73,0.0680,0.1154,0.067
1800,51.5193,296,4.6,0.395,0.3636,124,0.025,0.45,-0.91,0.0696,0.1191,0.065
1801,67.2281,300,4.6,0.415,0.3609,121,0.026,0.46,-0.88,0.0707,0.1199,0.064
1802,53.6268,285,4.4,0.440,0.3607,120,0.026,0.44,-0.84,0.0653,0.1284,0.034
1803,41.7406,257,4.4,0.440,0.3661,117,0.027,0.39,-0.84,0.0703,0.1205,0.079
1804,55.6928,270,4.5,0.430,0.3529,110,0.028,0.41,-0.86,0.0691,0.1286,0.109
1805,66.8697,276,4.5,0.455,0.3527,124,0.025,0.42,-0.82,0.0674,0.1227,0.084
1806,56.9303,269,4.4,0.425,0.3545,123,0.025,0.41,-0.86,0.0690,0.1249,0.045
1807,50.8470,279,4.5,0.455,0.3584,122,0.026,0.43,-0.82,0.0712,0.1398,0.037
1808,55.4594,278,4.5,0.415,0.3560,125,0.025,0.43,-0.88,0.0707,0.1290,0.051
1809,66.9536,302,4.4,0.430,0.3574,124,0.025,0.46,-0.86,0.0668,0.1277,0.084
1810,54.3482,267,4.4,0.430,0.3649,119,0.026,0.41,-0.86,0.0693,0.1279,0.093
1811,57.8817,288,4.5,0.470,0.3612,114,0.027,0.44,-0.80,0.0718,0.1268,0.054
1812,73.1546,304,4.3,0.415,0.3557,111,0.028,0.47,-0.88,0.0698,0.1244,0.086
1813,59.2652,327,4.3,0.425,0.3494,124,0.025,0.50,-0.86,0.0706,0.1156,0.128
1814,45.2474,280,4.4,0.445,0.3472,129,0.024,0.43,-0.83,0.0698,0.1200,0.111
1815,49.5201,250,4.4,0.450,0.3503,122,0.026,0.38,-0.83,0.0686,0.1139,0.077
1816,41.4700,255,4.4,0.445,0.3615,132,0.024,0.39,-0.83,0.0678,0.1150,0.069
1817,62.4565,262,4.4,0.395,0.3597,122,0.026,0.40,-0.91,0.0704,0.1182,0.068
1818,48.5208,283,4.4,0.470,0.3617,126,0.025,0.44,-0.80,0.0693,0.1200,0.108
1819,54.2228,267,4.4,0.380,0.3655,123,0.025,0.41,-0.93,0.0706,0.1275,0.135
1820,60.8533,286,4.4,0.455,0.3523,120,0.026,0.44,-0.82,0.0706,0.1163,0.099
1821,44.6096,265,4.5,0.440,0.3518,123,0.025,0.41,-0.84,0.0709,0.1070,0.081
1822,52.9791,249,4.4,0.410,0.3630,116,0.027,0.38,-0.89,0.0668,0.1128,0.054
1823,48.4827,257,4.4,0.485,0.3591,121,0.026,0.39,-0.77,0.0643,0.1228,0.062
1824,50.5047,233,4.5,0.420,0.3639,128,0.024,0.36,-0.87,0.0689,0.1226,0.075
1825,47.9171,251,4.6,0.460,0.3706,122,0.026,0.39,-0.81,0.0715,0.1376,0.052
1826,63.3634,306,4.4,0.435,0.3687,127,0.025,0.47,-0.85,0.0713,0.1354,0.044
1827,48.3339,266,4.4,0.465,0.3584,129,0.024,0.41,-0.80,0.0659,0.1268,0.074
1828,61.4460,287,4.5,0.395,0.3571,127,0.025,0.44,-0.91,0.0704,0.1236,0.088
1829,55.4157,287,4.4,0.480,0.3517,123,0.025,0.44,-0.78,0.0703,0.1119,0.060
1830,57.9027,295,4.4,0.455,0.3490,118,0.026,0.45,-0.82,0.0662,0.1135,0.062
1831,40.5625,259,4.4,0.445,0.3507,117,0.027,0.40,-0.83,0.0711,0.1154,0.083
1832,46.0238,289,4.5,0.420,0.3523,122,0.026,0.44,-0.87,0.0704,0.1198,0.107
1833,57.1117,244,4.4,0.455,0.3621,118,0.026,0.38,-0.82,0.0720,0.1110,0.099
1834,67.5788,328,4.3,0.375,0.3639,119,0.026,0.50,-0.94,0.0700,0.1162,0.101
1835,42.1861,270,4.4,0.480,0.3697,123,0.025,0.42,-0.78,0.0695,0.1190,0.099
1836,75.7249,273,4.4,0.360,0.3552,122,0.026,0.42,-0.96,0.0678,0.1180,0.067
1837,43.4905,261,4.3,0.520,0.3353,115,0.027,0.40,-0.72,0.0672,0.1170,0.095
1838,67.4875,282,4.4,0.385,0.3424,113,0.028,0.43,-0.92,0.0749,0.1171,0.101
1839,36.4956,272,4.4,0.490,0.3568,121,0.026,0.42,-0.77,0.0682,0.1177,0.070
1840,54.0530,245,4.5,0.385,0.3641,123,0.025,0.38,-0.92,0.0705,0.1216,0.074
1841,65.2823,290,4.4,0.480,0.3678,125,0.025,0.45,-0.78,0.0690,0.1315,0.044
1842,46.9491,277,4.5,0.410,0.3638,123,0.025,0.43,-0.89,0.0688,0.1215,0.049
1843,41.3862,278,4.5,0.450,0.3662,118,0.026,0.43,-0.83,0.0654,0.1134,0.064
1844,49.9395,274,4.5,0.480,0.3589,122,0.026,0.42,-0.78,0.0664,0.1174,0.074
1845,51.9865,247,4.5,0.415,0.3574,125,0.025,0.38,-0.88,0.0680,0.1109,0.108
1846,46.5067,268,4.5,0.465,0.3604,126,0.025,0.41,-0.80,0.0715,0.1145,0.080
1847,68.0486,291,4.6,0.395,0.3556,122,0.026,0.45,-0.91,0.0702,0.1194,0.084
1848,39.1729,271,4.6,0.475,0.3572,126,0.025,0.42,-0.79,0.0679,0.1122,0.097
1849,63.4654,261,4.4,0.400,0.3646,124,0.025,0.40,-0.90,0.0673,0.1155,0.082
1850,47.1820,247,4.3,0.460,0.3682,121,0.026,0.38,-0.81,0.0712,0.1258,0.098
1851,48.9039,278,4.4,0.395,0.3713,129,0.024,0.43,-0.91,0.0661,0.1309,0.093
1852,61.2320,275,4.4,0.480,0.3618,123,0.025,0.42,-0.78,0.0716,0.1203,0.096
1853,57.8125,289,4.4,0.415,0.3590,117,0.027,0.44,-0.88,0.0717,0.1187,0.073
1854,65.7367,259,4.4,0.435,0.3638,111,0.028,0.40,-0.85,0.0684,0.1199,0.092
1855,64.4652,283,4.4,0.495,0.3660,122,0.026,0.43,-0.76,0.0684,0.1110,0.110
1856,36.4846,270,4.4,0.425,0.3541,131,0.024,0.41,-0.86,0.0712,0.1062,0.098
1857,67.8594,286,4.4,0.410,0.3461,120,0.026,0.44,-0.89,0.0704,0.1122,0.094
1858,45.1649,279,4.5,0.490,0.3611,124,0.025,0.43,-0.77,0.0682,0.1136,0.115
1859,63.6814,264,4.4,0.375,0.3611,122,0.026,0.41,-0.94,0.0686,0.1114,0.104
1860,50.7304,282,4.5,0.535,0.3647,122,0.026,0.43,-0.70,0.0687,0.1210,0.071
1861,57.9267,282,4.5,0.365,0.3641,120,0.026,0.43,-0.95,0.0754,0.1196,0.067
1862,45.2242,263,4.5,0.480,0.3606,126,0.025,0.40,-0.78,0.0703,0.1126,0.072
1863,70.1174,247,4.6,0.405,0.3586,122,0.026,0.38,-0.89,0.0703,0.1179,0.087
1864,49.2985,250,4.5,0.470,0.3510,123,0.025,0.38,-0.80,0.0700,0.1137,0.086
1865,47.5764,254,4.3,0.430,0.3479,126,0.025,0.39,-0.86,0.0690,0.1192,0.075
1866,45.7385,289,4.3,0.445,0.3562,121,0.026,0.44,-0.83,0.0682,0.1372,0.071
1867,50.5765,268,4.3,0.400,0.3705,124,0.025,0.41,-0.90,0.0702,0.1344,0.080
1868,50.3564,248,4.4,0.455,0.3643,116,0.027,0.38,-0.82,0.0697,0.1149,0.075
1869,56.7303,276,4.5,0.440,0.3642,121,0.026,0.42,-0.84,0.0684,0.1104,0.067
1870,79.3173,324,4.4,0.390,0.3624,122,0.026,0.50,-0.92,0.0662,0.1165,0.065
1871,54.3142,282,4.4,0.480,0.3553,122,0.026,0.43,-0.78,0.0699,0.1064,0.095
1872,67.7924,300,4.3,0.410,0.3546,119,0.026,0.46,-0.89,0.0695,0.1039,0.119
1873,47.6293,292,4.4,0.480,0.3576,118,0.026,0.45,-0.78,0.0724,0.1145,0.114
1874,57.6138,249,4.4,0.360,0.3545,124,0.025,0.38,-0.96,0.0718,0.1203,0.092
1875,46.4194,269,4.4,0.455,0.3599,119,0.026,0.41,-0.82,0.0700,0.1119,0.090
1876,47.2560,309,4.4,0.395,0.3593,116,0.027,0.48,-0.91,0.0712,0.1038,0.099
1877,51.8776,270,4.5,0.455,0.3607,121,0.026,0.41,-0.82,0.0682,0.1156,0.091
1878,59.3525,286,4.4,0.395,0.3511,126,0.025,0.44,-0.91,0.0681,0.1226,0.080
1879,58.8078,286,4.4,0.485,0.3525,124,0.025,0.44,-0.77,0.0731,0.1184,0.058
1880,61.2849,297,4.4,0.375,0.3628,119,0.026,0.46,-0.94,0.0698,0.1101,0.086
1881,56.3895,324,4.3,0.485,0.3605,124,0.025,0.50,-0.77,0.0698,0.1090,0.125
1882,49.2738,274,4.3,0.420,0.3506,120,0.026,0.42,-0.87,0.0683,0.0971,0.130
1883,66.0877,257,4.3,0.420,0.3584,125,0.025,0.39,-0.87,0.0693,0.1021,0.093
1884,49.4390,287,4.5,0.430,0.3634,120,0.026,0.44,-0.86,0.0705,0.1098,0.062
1885,44.5501,279,4.5,0.420,0.3642,117,0.027,0.43,-0.87,0.0681,0.1039,0.106
1886,68.8794,294,4.4,0.480,0.3543,121,0.026,0.45,-0.78,0.0694,0.1053,0.132
1887,79.5680,300,4.4,0.400,0.3479,117,0.027,0.46,-0.90,0.0687,0.1086,0.114
1888,45.0567,293,4.5,0.440,0.3630,122,0.026,0.45,-0.84,0.0707,0.1136,0.097
1889,42.4158,261,4.5,0.460,0.3553,119,0.026,0.40,-0.81,0.0710,0.1173,0.086
1890,53.9071,267,4.5,0.435,0.3457,121,0.026,0.41,-0.85,0.0647,0.1181,0.085
1891,62.4594,279,4.4,0.425,0.3573,124,0.025,0.43,-0.86,0.0747,0.1174,0.081
1892,48.8693,317,4.6,0.440,0.3594,119,0.026,0.49,-0.84,0.0710,0.1180,0.131
1893,36.9012,255,4.5,0.420,0.3622,120,0.026,0.39,-0.87,0.0708,0.1119,0.142
1894,58.9398,299,4.4,0.445,0.3604,123,0.025,0.46,-0.83,0.0693,0.1110,0.108
1895,57.7720,274,4.3,0.400,0.3580,126,0.025,0.42,-0.90,0.0731,0.1101,0.086
1896,49.5200,302,4.5,0.450,0.3563,121,0.026,0.46,-0.83,0.0700,0.1102,0.080
1897,47.1053,249,4.5,0.380,0.3671,119,0.026,0.38,-0.93,0.0702,0.1184,0.090
1898,58.4856,306,4.4,0.505,0.3539,121,0.026,0.47,-0.74,0.0702,0.1140,0.090
1899,49.8147,286,4.5,0.375,0.3534,125,0.025,0.44,-0.94,0.0734,0.1134,0.088
1900,52.5205,287,4.5,0.445,0.3520,123,0.025,0.44,-0.83,0.0672,0.1087,0.123
1901,58.4557,274,4.4,0.395,0.3522,119,0.026,0.42,-0.91,0.0712,0.1132,0.105
1902,68.9816,290,4.4,0.460,0.3624,130,0.024,0.45,-0.81,0.0692,0.1167,0.075
1903,60.7265,285,4.5,0.380,0.3629,128,0.024,0.44,-0.93,0.0695,0.1059,0.110
1904,56.7785,274,4.4,0.455,0.3666,120,0.026,0.42,-0.82,0.0682,0.1094,0.088
1905,68.1382,287,4.5,0.380,0.3687,118,0.026,0.44,-0.93,0.0672,0.1190,0.048
1906,57.3346,313,4.3,0.460,0.3608,123,0.025,0.48,-0.81,0.0681,0.1181,0.079
1907,62.6933,290,4.3,0.385,0.3627,124,0.025,0.45,-0.92,0.0689,0.1131,0.097
1908,60.7247,285,4.4,0.450,0.3629,125,0.025,0.44,-0.83,0.0659,0.1107,0.132
1909,53.6961,240,4.5,0.395,0.3619,117,0.027,0.37,-0.91,0.0708,0.1028,0.155
1910,68.2313,304,4.4,0.460,0.3633,120,0.026,0.47,-0.81,0.0737,0.1196,0.090
1911,52.1876,263,4.5,0.355,0.3606,125,0.025,0.40,-0.97,0.0724,0.1234,0.054
1912,54.2694,276,4.5,0.435,0.3687,119,0.026,0.42,-0.85,0.0733,0.1105,0.088
1913,70.0449,291,4.5,0.395,0.3664,118,0.026,0.45,-0.91,0.0666,0.1123,0.113
1914,58.3395,295,4.4,0.465,0.3548,125,0.025,0.45,-0.80,0.0734,0.0997,0.094
1915,47.3186,254,4.5,0.385,0.3584,126,0.025,0.39,-0.92,0.0711,0.1091,0.088
1916,52.0092,285,4.6,0.440,0.3572,116,0.027,0.44,-0.84,0.0678,0.1158,0.101
1917,54.1017,246,4.6,0.390,0.3553,118,0.026,0.38,-0.92,0.0735,0.1016,0.114
1918,46.9525,256,4.5,0.460,0.3656,123,0.025,0.39,-0.81,0.0705,0.1118,0.084
1919,51.0446,313,4.5,0.435,0.3713,128,0.024,0.48,-0.85,0.0679,0.1244,0.063
1920,48.7592,278,4.5,0.365,0.3696,124,0.025,0.43,-0.95,0.0714,0.1177,0.088
1921,44.2386,245,4.5,0.460,0.3651,125,0.025,0.38,-0.81,0.0688,0.1027,0.127
1922,58.8747,288,4.6,0.415,0.3560,121,0.026,0.44,-0.88,0.0662,0.0965,0.126
1923,39.3017,255,4.5,0.475,0.3540,122,0.026,0.39,-0.79,0.0695,0.0968,0.128
1924,56.0028,289,4.5,0.395,0.3525,115,0.027,0.44,-0.91,0.0698,0.1076,0.121
1925,59.9067,290,4.5,0.480,0.3611,124,0.025,0.45,-0.78,0.0705,0.1071,0.087
1926,47.5039,289,4.5,0.430,0.3606,121,0.026,0.44,-0.86,0.0703,0.1073,0.086
1927,40.5465,232,4.5,0.440,0.3615,113,0.028,0.36,-0.84,0.0687,0.1177,0.078
1928,57.8745,247,4.4,0.375,0.3712,120,0.026,0.38,-0.94,0.0721,0.1204,0.068
1929,50.6863,262,4.4,0.460,0.3679,115,0.027,0.40,-0.81,0.0704,0.1104,0.059
1930,50.3868,306,4.4,0.395,0.3614,115,0.027,0.47,-0.91,0.0732,0.1078,0.053
1931,60.8302,258,4.5,0.420,0.3526,126,0.025,0.40,-0.87,0.0717,0.1149,0.062
1932,63.1221,288,4.6,0.395,0.3520,123,0.025,0.44,-0.91,0.0701,0.1140,0.067
1933,51.9267,287,4.5,0.415,0.3614,119,0.026,0.44,-0.88,0.0713,0.1267,0.061
1934,39.4218,247,4.4,0.430,0.3660,122,0.026,0.38,-0.86,0.0733,0.1231,0.067
1935,39.0662,233,4.4,0.475,0.3742,116,0.027,0.36,-0.79,0.0702,0.1082,0.063
1936,72.3150,313,4.5,0.405,0.3728,120,0.026,0.48,-0.89,0.0688,0.1114,0.071
1937,64.6288,291,4.4,0.415,0.3798,125,0.025,0.45,-0.88,0.0707,0.1112,0.080
1938,65.5643,315,4.4,0.420,0.3712,130,0.024,0.48,-0.87,0.0755,0.1147,0.070
1939,50.2896,286,4.4,0.425,0.3586,120,0.026,0.44,-0.86,0.0730,0.1116,0.043
1940,42.2227,298,4.4,0.460,0.3562,125,0.025,0.46,-0.81,0.0703,0.1066,0.056
1941,52.4098,258,4.5,0.420,0.3552,124,0.025,0.40,-0.87,0.0713,0.1063,0.069
1942,51.7840,262,4.5,0.395,0.3578,124,0.025,0.40,-0.91,0.0668,0.1111,0.072
1943,62.5463,256,4.5,0.435,0.3633,125,0.025,0.39,-0.85,0.0714,0.1201,0.096
1944,60.2229,313,4.5,0.425,0.3638,125,0.025,0.48,-0.86,0.0718,0.1137,0.077
1945,52.7202,264,4.4,0.450,0.3732,125,0.025,0.41,-0.83,0.0651,0.1158,0.053
1946,55.6201,275,4.4,0.425,0.3751,120,0.026,0.42,-0.86,0.0689,0.1129,0.057
1947,50.5978,254,4.5,0.430,0.3550,119,0.026,0.39,-0.86,0.0746,0.1033,0.082
1948,44.6965,279,4.5,0.485,0.3543,119,0.026,0.43,-0.77,0.0704,0.1071,0.104
1949,52.1539,235,4.5,0.410,0.3604,121,0.026,0.36,-0.89,0.0700,0.1109,0.099
1950,64.6649,254,4.4,0.440,0.3573,124,0.025,0.39,-0.84,0.0680,0.1133,0.090
1951,54.4387,246,4.5,0.440,0.3646,125,0.025,0.38,-0.84,0.0691,0.1084,0.083
1952,61.2083,330,4.4,0.430,0.3655,125,0.025,0.51,-0.86,0.0691,0.1108,0.071
1953,45.5181,270,4.4,0.415,0.3517,121,0.026,0.41,-0.88,0.0695,0.1131,0.064
1954,62.1517,283,4.4,0.415,0.3535,122,0.026,0.44,-0.88,0.0673,0.1145,0.079
1955,65.0733,273,4.3,0.415,0.3680,123,0.025,0.42,-0.88,0.0665,0.1218,0.068
1956,52.7530,287,4.4,0.430,0.3710,121,0.026,0.44,-0.86,0.0719,0.1175,0.067
1957,47.2813,283,4.5,0.410,0.3798,117,0.027,0.43,-0.89,0.0680,0.1116,0.093
1958,47.5674,268,4.5,0.425,0.3747,121,0.026,0.41,-0.86,0.0671,0.1193,0.093
1959,68.9196,277,4.4,0.375,0.3706,128,0.024,0.43,-0.94,0.0715,0.1134,0.087
1960,51.0794,306,4.5,0.465,0.3619,122,0.026,0.47,-0.80,0.0700,0.1001,0.103
1961,38.4293,278,4.5,0.420,0.3608,127,0.025,0.43,-0.87,0.0702,0.1017,0.100
1962,35.1839,225,4.5,0.475,0.3744,126,0.025,0.35,-0.79,0.0677,0.1150,0.101
1963,61.6772,290,4.5,0.420,0.3656,126,0.025,0.45,-0.87,0.0691,0.1200,0.090
1964,48.3585,274,4.4,0.445,0.3626,115,0.027,0.42,-0.83,0.0696,0.1202,0.071
1965,55.2025,257,4.4,0.400,0.3702,112,0.028,0.39,-0.90,0.0708,0.1299,0.060
1966,47.4102,278,4.4,0.505,0.3750,123,0.025,0.43,-0.74,0.0715,0.1240,0.050
1967,59.7412,290,4.3,0.385,0.3738,123,0.025,0.45,-0.92,0.0650,0.1191,0.081
1968,49.9498,274,4.3,0.490,0.3742,124,0.025,0.42,-0.77,0.0714,0.1117,0.095
1969,67.8524,275,4.4,0.350,0.3693,127,0.025,0.42,-0.98,0.0705,0.1024,0.073
1970,55.4669,299,4.5,0.500,0.3701,119,0.026,0.46,-0.75,0.0687,0.1085,0.068
1971,61.8390,298,4.4,0.355,0.3655,119,0.026,0.46,-0.97,0.0673,0.1087,0.060
1972,56.2429,273,4.4,0.435,0.3619,123,0.025,0.42,-0.85,0.0736,0.1050,0.050
1973,57.5669,302,4.4,0.405,0.3658,121,0.026,0.46,-0.89,0.0690,0.1109,0.047
1974,34.4295,254,4.4,0.475,0.3625,121,0.026,0.39,-0.79,0.0743,0.1067,0.081
1975,72.1670,268,4.4,0.405,0.3608,123,0.025,0.41,-0.89,0.0727,0.1090,0.100
1976,66.8696,313,4.3,0.430,0.3642,118,0.026,0.48,-0.86,0.0736,0.1145,0.071
1977,51.1813,277,4.3,0.400,0.3667,120,0.026,0.43,-0.90,0.0706,0.1029,0.065
1978,47.8508,266,4.4,0.485,0.3675,118,0.026,0.41,-0.77,0.0700,0.1045,0.075
1979,63.5562,273,4.4,0.385,0.3614,121,0.026,0.42,-0.92,0.0724,0.1133,0.069
1980,58.9934,279,4.4,0.425,0.3662,124,0.025,0.43,-0.86,0.0673,0.1088,0.083
1981,51.0081,286,4.4,0.410,0.3690,126,0.025,0.44,-0.89,0.0729,0.1011,0.092
1982,54.6646,272,4.4,0.410,0.3725,122,0.026,0.42,-0.89,0.0683,0.1041,0.096
1983,61.7823,280,4.5,0.415,0.3683,120,0.026,0.43,-0.88,0.0674,0.1096,0.110
1984,66.3754,294,4.4,0.450,0.3616,120,0.026,0.45,-0.83,0.0685,0.1109,0.071
1985,64.5877,269,4.3,0.415,0.3691,123,0.025,0.41,-0.88,0.0715,0.1155,0.020
1986,38.7676,257,4.5,0.440,0.3624,121,0.026,0.39,-0.84,0.0725,0.1147,0.059
1987,59.2575,267,4.5,0.440,0.3685,123,0.025,0.41,-0.84,0.0702,0.1069,0.088
1988,75.8816,297,4.5,0.395,0.3673,122,0.026,0.46,-0.91,0.0735,0.1099,0.073
1989,65.9521,296,4.4,0.460,0.3672,117,0.027,0.45,-0.81,0.0686,0.1258,0.084
1990,58.9767,299,4.4,0.360,0.3694,121,0.026,0.46,-0.96,0.0750,0.1102,0.112
1991,71.9139,325,4.3,0.465,0.3551,128,0.024,0.50,-0.80,0.0678,0.0940,0.097
1992,48.9703,303,4.2,0.370,0.3565,124,0.025,0.47,-0.95,0.0717,0.1003,0.071
1993,62.9728,277,4.4,0.465,0.3708,120,0.026,0.43,-0.80,0.0747,0.1029,0.073
1994,60.0341,273,4.5,0.395,0.3685,120,0.026,0.42,-0.91,0.0682,0.1090,0.100
1995,53.9348,299,4.4,0.440,0.3679,116,0.027,0.46,-0.84,0.0715,0.1054,0.096
1996,63.7327,285,4.4,0.380,0.3634,119,0.026,0.44,-0.93,0.0684,0.1019,0.086
1997,63.2923,256,4.4,0.455,0.3741,121,0.026,0.39,-0.82,0.0714,0.1117,0.058
1998,73.7318,300,4.4,0.360,0.3798,127,0.025,0.46,-0.96,0.0658,0.1231,0.041
1999,61.9561,288,4.4,0.465,0.3643,124,0.025,0.44,-0.80,0.0728,0.1116,0.054
2000,53.2738,287,4.4,0.385,0.3625,125,0.025,0.44,-0.92,0.0675,0.1133,0.059
2001,59.0741,303,4.4,0.455,0.3560,119,0.026,0.47,-0.82,0.0708,0.1168,0.078
2002,43.5396,280,4.5,0.395,0.3487,120,0.026,0.43,-0.91,0.0648,0.0988,0.092
2003,39.5687,276,4.6,0.450,0.3647,120,0.026,0.42,-0.83,0.0676,0.0996,0.106
2004,58.5711,278,4.4,0.410,0.3742,121,0.026,0.43,-0.89,0.0688,0.1050,0.098
2005,61.3553,273,4.4,0.445,0.3814,123,0.025,0.42,-0.83,0.0695,0.1067,0.069
2006,59.8632,289,4.3,0.385,0.3822,122,0.026,0.44,-0.92,0.0691,0.1182,0.065
2007,52.3453,244,4.4,0.445,0.3793,114,0.027,0.37,-0.83,0.0705,0.1180,0.122
2008,67.5386,314,4.3,0.400,0.3713,116,0.027,0.48,-0.90,0.0688,0.1061,0.144
2009,67.8807,315,4.5,0.415,0.3647,122,0.026,0.48,-0.88,0.0739,0.1192,0.092
2010,57.9586,277,4.5,0.420,0.3699,123,0.025,0.43,-0.87,0.0657,0.1159,0.089
2011,49.3288,288,4.5,0.415,0.3636,122,0.026,0.44,-0.88,0.0728,0.1050,0.090
2012,44.4043,268,4.5,0.415,0.3702,117,0.027,0.41,-0.88,0.0671,0.1113,0.087
2013,65.9500,281,4.4,0.415,0.3757,123,0.025,0.43,-0.88,0.0721,0.1042,0.081
2014,62.9543,323,4.4,0.400,0.3716,118,0.026,0.50,-0.90,0.0731,0.1168,0.070
2015,46.6174,268,4.4,0.405,0.3720,125,0.025,0.41,-0.89,0.0713,0.1241,0.108
2016,58.6538,308,4.3,0.405,0.3628,122,0.026,0.47,-0.89,0.0692,0.1085,0.148
2017,65.5660,298,4.4,0.440,0.3558,124,0.025,0.46,-0.84,0.0711,0.1081,0.115
2018,44.8506,259,4.5,0.390,0.3633,123,0.025,0.40,-0.92,0.0707,0.1193,0.090
2019,43.3936,264,4.4,0.450,0.3661,120,0.026,0.41,-0.83,0.0703,0.1286,0.064
2020,62.2339,283,4.4,0.405,0.3718,123,0.025,0.44,-0.89,0.0715,0.1379,0.033
2021,53.4170,265,4.4,0.420,0.3659,126,0.025,0.41,-0.87,0.0726,0.1250,0.061
2022,51.7552,248,4.4,0.410,0.3741,124,0.025,0.38,-0.89,0.0696,0.1212,0.076
2023,56.0085,282,4.4,0.430,0.3797,120,0.026,0.43,-0.86,0.0705,0.1203,0.087
2024,44.9203,314,4.4,0.390,0.3640,122,0.026,0.48,-0.92,0.0698,0.1011,0.099
2025,63.9339,264,4.4,0.490,0.3612,119,0.026,0.41,-0.77,0.0678,0.0964,0.106
2026,73.9268,313,4.3,0.345,0.3531,119,0.026,0.48,-0.98,0.0723,0.1115,0.118
2027,45.4936,265,4.4,0.495,0.3682,123,0.025,0.41,-0.76,0.0715,0.1095,0.138
2028,46.8696,270,4.4,0.370,0.3737,123,0.025,0.42,-0.95,0.0722,0.1049,0.133
2029,63.2774,263,4.4,0.450,0.3683,127,0.025,0.40,-0.83,0.0716,0.1173,0.072
2030,43.2141,251,4.4,0.445,0.3675,115,0.027,0.39,-0.83,0.0725,0.1247,0.056
2031,65.4674,265,4.3,0.405,0.3678,121,0.026,0.41,-0.89,0.0673,0.1144,0.076
2032,57.9575,303,4.5,0.430,0.3621,125,0.025,0.47,-0.86,0.0704,0.1222,0.096
2033,52.9235,274,4.5,0.435,0.3702,120,0.026,0.42,-0.85,0.0695,0.1201,0.101
2034,55.1711,282,4.4,0.420,0.3733,114,0.027,0.43,-0.87,0.0719,0.1203,0.077
2035,61.1766,259,4.6,0.395,0.3720,116,0.027,0.40,-0.91,0.0668,0.1267,0.091
2036,37.3438,278,4.5,0.475,0.3815,126,0.025,0.43,-0.79,0.0733,0.1209,0.079
2037,57.0247,280,4.4,0.390,0.3726,125,0.025,0.43,-0.92,0.0754,0.1236,0.049
2038,61.7676,283,4.5,0.430,0.3736,127,0.025,0.44,-0.86,0.0712,0.1159,0.065
2039,63.7004,283,4.4,0.400,0.3731,124,0.025,0.44,-0.90,0.0701,0.1139,0.053
2040,32.7703,251,4.4,0.500,0.3703,125,0.025,0.39,-0.75,0.0701,0.1146,0.074
2041,52.5963,256,4.4,0.410,0.3790,124,0.025,0.39,-0.89,0.0695,0.1162,0.119
2042,59.2657,296,4.5,0.460,0.3643,124,0.025,0.46,-0.81,0.0696,0.1192,0.075
2043,49.9887,266,4.5,0.410,0.3716,127,0.025,0.41,-0.89,0.0720,0.1195,0.079
2044,45.2390,260,4.4,0.420,0.3855,118,0.026,0.40,-0.87,0.0685,0.1140,0.082
2045,56.7416,235,4.4,0.450,0.3758,115,0.027,0.36,-0.83,0.0706,0.1091,0.080
2046,84.9068,309,4.5,0.390,0.3673,114,0.027,0.47,-0.92,0.0692,0.1190,0.070
2047,59.9615,265,4.6,0.455,0.3693,121,0.026,0.41,-0.82,0.0717,0.1283,0.057
2048,39.1617,251,4.6,0.395,0.3577,115,0.027,0.39,-0.91,0.0760,0.1216,0.082
2049,62.4357,273,4.4,0.475,0.3511,118,0.026,0.42,-0.79,0.0727,0.1214,0.073
2050,52.4306,314,4.4,0.400,0.3540,120,0.026,0.48,-0.90,0.0699,0.1241,0.071
2051,74.9470,296,4.3,0.420,0.3651,128,0.024,0.46,-0.87,0.0700,0.1184,0.088
2052,70.6913,307,4.4,0.395,0.3757,119,0.026,0.47,-0.91,0.0716,0.1338,0.059
2053,69.9248,295,4.4,0.400,0.3696,122,0.026,0.45,-0.90,0.0684,0.1241,0.041
2054,47.5833,270,4.4,0.460,0.3779,124,0.025,0.41,-0.81,0.0727,0.1133,0.094
2055,58.7088,242,4.4,0.410,0.3757,119,0.026,0.37,-0.89,0.0687,0.1229,0.101
2056,63.0770,303,4.4,0.445,0.3639,117,0.027,0.47,-0.83,0.0722,0.1189,0.084
2057,49.4850,269,4.4,0.390,0.3538,117,0.027,0.41,-0.92,0.0762,0.1037,0.111
2058,47.0454,288,4.3,0.450,0.3584,120,0.026,0.44,-0.83,0.0747,0.1161,0.093
2059,61.0765,273,4.4,0.430,0.3650,120,0.026,0.42,-0.86,0.0692,0.1303,0.050
2060,56.9392,254,4.4,0.400,0.3585,122,0.026,0.39,-0.90,0.0735,0.1133,0.045
2061,46.2787,258,4.3,0.455,0.3773,121,0.026,0.40,-0.82,0.0700,0.1146,0.070
2062,43.1036,270,4.4,0.420,0.3797,128,0.024,0.41,-0.87,0.0677,0.1172,0.111
2063,69.5795,285,4.4,0.410,0.3634,123,0.025,0.44,-0.89,0.0703,0.1137,0.102
2064,46.0398,279,4.4,0.430,0.3626,113,0.028,0.43,-0.86,0.0694,0.1094,0.091
2065,62.5216,299,4.4,0.405,0.3643,122,0.026,0.46,-0.89,0.0697,0.1021,0.099
2066,62.9311,288,4.5,0.415,0.3582,123,0.025,0.44,-0.88,0.0721,0.1158,0.081
2067,59.5982,293,4.5,0.430,0.3582,113,0.028,0.45,-0.86,0.0704,0.1144,0.084
2068,50.4248,292,4.4,0.465,0.3514,115,0.027,0.45,-0.80,0.0711,0.1021,0.093
2069,60.7410,235,4.4,0.370,0.3639,122,0.026,0.36,-0.95,0.0724,0.0954,0.079
2070,71.4322,302,4.4,0.450,0.3648,118,0.026,0.46,-0.83,0.0707,0.1083,0.076
2071,51.7364,281,4.4,0.410,0.3629,112,0.028,0.43,-0.89,0.0714,0.1157,0.073
2072,65.2916,286,4.5,0.435,0.3595,120,0.026,0.44,-0.85,0.0708,0.1102,0.090
2073,68.8103,285,4.5,0.390,0.3632,121,0.026,0.44,-0.92,0.0700,0.1046,0.099
2074,52.2281,288,4.5,0.420,0.3623,116,0.027,0.44,-0.87,0.0714,0.1130,0.076
2075,45.3456,283,4.4,0.400,0.3617,117,0.027,0.43,-0.90,0.0726,0.1208,0.056
2076,44.0372,254,4.3,0.485,0.3587,121,0.026,0.39,-0.77,0.0699,0.0989,0.100
2077,69.8707,278,4.3,0.390,0.3583,121,0.026,0.43,-0.92,0.0710,0.0992,0.093
2078,66.2972,309,4.4,0.450,0.3581,120,0.026,0.47,-0.83,0.0727,0.1060,0.090
2079,53.5411,255,4.4,0.440,0.3666,119,0.026,0.39,-0.84,0.0746,0.1157,0.080
2080,52.7180,270,4.5,0.440,0.3652,120,0.026,0.41,-0.84,0.0697,0.1079,0.056
2081,60.4116,282,4.5,0.395,0.3641,117,0.027,0.43,-0.91,0.0704,0.1031,0.064
2082,64.0230,293,4.5,0.420,0.3621,117,0.027,0.45,-0.87,0.0689,0.1136,0.078
2083,52.1483,272,4.5,0.370,0.3598,118,0.026,0.42,-0.95,0.0668,0.1226,0.078
2084,36.5595,256,4.4,0.515,0.3640,116,0.027,0.39,-0.73,0.0702,0.1139,0.074
2085,63.8829,292,4.3,0.335,0.3478,121,0.026,0.45,-1.00,0.0694,0.1126,0.074
2086,50.8601,270,4.3,0.485,0.3647,121,0.026,0.41,-0.77,0.0694,0.1262,0.078
2087,56.8344,258,4.3,0.330,0.3731,118,0.026,0.40,-1.00,0.0698,0.1229,0.097
2088,46.3693,273,4.5,0.445,0.3753,121,0.026,0.42,-0.83,0.0721,0.1149,0.085
2089,71.7295,269,4.5,0.415,0.3679,121,0.026,0.41,-0.88,0.0706,0.1091,0.076
2090,61.1811,291,4.5,0.395,0.3663,120,0.026,0.45,-0.91,0.0698,0.1113,0.087
2091,50.0843,260,4.5,0.440,0.3640,117,0.027,0.40,-0.84,0.0722,0.1052,0.122
2092,50.5347,249,4.5,0.420,0.3651,114,0.027,0.38,-0.87,0.0686,0.1067,0.107
2093,49.0517,271,4.5,0.455,0.3483,116,0.027,0.42,-0.82,0.0674,0.1209,0.099
2094,59.5145,271,4.4,0.440,0.3526,118,0.026,0.42,-0.84,0.0725,0.1241,0.084
2095,71.1929,292,4.4,0.405,0.3605,121,0.026,0.45,-0.89,0.0709,0.1153,0.090
2096,47.5765,277,4.4,0.445,0.3606,115,0.027,0.43,-0.83,0.0703,0.1065,0.098
2097,71.2160,289,4.5,0.425,0.3618,124,0.025,0.44,-0.86,0.0676,0.1217,0.078
2098,62.9540,294,4.5,0.400,0.3620,118,0.026,0.45,-0.90,0.0697,0.1256,0.070
2099,49.5019,264,4.5,0.425,0.3672,120,0.026,0.41,-0.86,0.0748,0.1110,0.073
2100,67.0831,291,4.5,0.475,0.3662,116,0.027,0.45,-0.79,0.0713,0.1050,0.096
2101,59.3070,315,4.4,0.385,0.3581,120,0.026,0.48,-0.92,0.0718,0.1146,0.095
2102,51.3052,276,4.5,0.445,0.3571,117,0.027,0.42,-0.83,0.0723,0.1125,0.090
2103,57.6961,268,4.5,0.385,0.3625,115,0.027,0.41,-0.92,0.0669,0.1066,0.087
2104,72.9545,298,4.5,0.455,0.3561,115,0.027,0.46,-0.82,0.0708,0.1171,0.087
2105,44.0461,281,4.4,0.425,0.3558,120,0.026,0.43,-0.86,0.0694,0.1128,0.083
2106,70.2515,278,4.4,0.410,0.3645,120,0.026,0.43,-0.89,0.0732,0.1147,0.110
2107,55.9211,274,4.5,0.435,0.3614,119,0.026,0.42,-0.85,0.0717,0.1122,0.118
2108,51.8284,266,4.5,0.415,0.3632,115,0.027,0.41,-0.88,0.0714,0.0950,0.099
2109,54.3038,283,4.5,0.395,0.3547,112,0.028,0.43,-0.91,0.0707,0.1055,0.080
2110,66.7662,289,4.4,0.430,0.3576,113,0.028,0.44,-0.86,0.0765,0.1229,0.055
2111,65.7531,286,4.4,0.410,0.3653,123,0.025,0.44,-0.89,0.0710,0.1133,0.068
2112,58.1764,278,4.5,0.400,0.3664,119,0.026,0.43,-0.90,0.0696,0.1103,0.093
2113,49.0076,297,4.5,0.425,0.3631,118,0.026,0.46,-0.86,0.0722,0.1176,0.093
2114,41.2206,258,4.4,0.385,0.3666,124,0.025,0.40,-0.92,0.0739,0.1198,0.095
2115,45.8968,261,4.5,0.445,0.3674,119,0.026,0.40,-0.83,0.0732,0.1198,0.105
2116,53.5217,280,4.4,0.365,0.3620,124,0.025,0.43,-0.95,0.0667,0.1193,0.081
2117,59.6285,254,4.5,0.445,0.3501,118,0.026,0.39,-0.83,0.0708,0.1156,0.101
2118,50.6517,295,4.4,0.405,0.3494,118,0.026,0.45,-0.89,0.0694,0.1063,0.107
2119,62.8775,280,4.4,0.420,0.3560,115,0.027,0.43,-0.87,0.0726,0.1138,0.058
2120,43.2436,285,4.6,0.430,0.3697,120,0.026,0.44,-0.86,0.0733,0.1162,0.046
2121,50.3596,239,4.4,0.435,0.3730,122,0.026,0.37,-0.85,0.0696,0.1159,0.064
2122,58.3877,285,4.4,0.450,0.3787,118,0.026,0.44,-0.83,0.0701,0.1274,0.073
2123,55.1641,269,4.5,0.415,0.3748,122,0.026,0.41,-0.88,0.0669,0.1193,0.049
2124,55.7499,277,4.5,0.405,0.3642,122,0.026,0.43,-0.89,0.0679,0.1085,0.066
2125,54.5404,253,4.5,0.395,0.3640,119,0.026,0.39,-0.91,0.0669,0.1108,0.087
2126,43.9282,284,4.4,0.495,0.3557,111,0.028,0.44,-0.76,0.0692,0.1134,0.111
2127,63.3510,266,4.5,0.360,0.3614,110,0.028,0.41,-0.96,0.0679,0.1166,0.095
2128,61.2702,300,4.5,0.460,0.3654,118,0.026,0.46,-0.81,0.0692,0.1215,0.080
2129,72.3797,274,4.5,0.375,0.3779,120,0.026,0.42,-0.94,0.0694,0.1325,0.119
2130,49.9984,273,4.5,0.475,0.3830,122,0.026,0.42,-0.79,0.0711,0.1329,0.105
2131,59.6787,272,4.4,0.365,0.3828,126,0.025,0.42,-0.95,0.0747,0.1241,0.090
2132,59.1434,254,4.4,0.425,0.3757,119,0.026,0.39,-0.86,0.0763,0.1145,0.074
2133,70.6558,298,4.5,0.435,0.3707,118,0.026,0.46,-0.85,0.0706,0.1151,0.078
2134,67.6504,328,4.5,0.385,0.3595,118,0.026,0.50,-0.92,0.0701,0.1130,0.074
2135,40.8100,243,4.5,0.465,0.3618,121,0.026,0.37,-0.80,0.0704,0.1158,0.058
2136,61.3423,255,4.6,0.400,0.3623,117,0.027,0.39,-0.90,0.0711,0.1274,0.087
2137,82.5671,328,4.4,0.420,0.3654,126,0.025,0.50,-0.87,0.0696,0.1203,0.113
2138,56.9093,297,4.4,0.395,0.3657,126,0.025,0.46,-0.91,0.0683,0.1106,0.085
2139,50.3759,267,4.5,0.475,0.3703,128,0.024,0.41,-0.79,0.0708,0.1084,0.051
2140,61.3722,266,4.6,0.400,0.3745,118,0.026,0.41,-0.90,0.0739,0.1050,0.064
2141,69.9527,314,4.4,0.455,0.3635,123,0.025,0.48,-0.82,0.0660,0.1161,0.063
2142,52.8441,311,4.4,0.410,0.3705,123,0.025,0.48,-0.89,0.0659,0.1260,0.050
2143,57.7579,282,4.5,0.465,0.3578,114,0.027,0.43,-0.80,0.0643,0.1200,0.090
2144,61.9443,266,4.5,0.380,0.3574,123,0.025,0.41,-0.93,0.0712,0.1281,0.097
2145,70.6697,290,4.6,0.440,0.3599,128,0.024,0.45,-0.84,0.0689,0.1163,0.090
2146,62.8578,298,4.6,0.400,0.3698,119,0.026,0.46,-0.90,0.0671,0.1105,0.108
2147,52.2715,266,4.4,0.465,0.3641,119,0.026,0.41,-0.80,0.0696,0.1100,0.089
2148,64.7056,262,4.4,0.395,0.3762,121,0.026,0.40,-0.91,0.0697,0.1140,0.101
2149,58.0387,294,4.4,0.435,0.3718,127,0.025,0.45,-0.85,0.0723,0.1185,0.067
2150,56.1290,303,4.4,0.415,0.3499,121,0.026,0.47,-0.88,0.0677,0.1097,0.074
2151,59.3181,295,4.5,0.440,0.3607,118,0.026,0.45,-0.84,0.0714,0.1114,0.093
2152,52.3476,319,4.5,0.425,0.3781,117,0.027,0.49,-0.86,0.0689,0.1188,0.082
2153,46.8554,278,4.5,0.405,0.3700,114,0.027,0.43,-0.89,0.0704,0.1109,0.076
2154,72.8176,297,4.5,0.435,0.3700,120,0.026,0.46,-0.85,0.0698,0.1164,0.076
2155,65.8239,295,4.4,0.455,0.3839,124,0.025,0.45,-0.82,0.0709,0.1225,0.074
2156,77.4506,341,4.4,0.365,0.3839,122,0.026,0.52,-0.95,0.0712,0.1203,0.065
2157,61.9136,310,4.3,0.450,0.3707,120,0.026,0.48,-0.83,0.0704,0.1200,0.068
2158,48.8252,270,4.5,0.390,0.3624,121,0.026,0.42,-0.92,0.0688,0.1148,0.099
2159,57.2861,258,4.5,0.480,0.3656,118,0.026,0.40,-0.78,0.0679,0.1012,0.134
2160,66.6516,323,4.6,0.350,0.3541,115,0.027,0.50,-0.98,0.0679,0.0979,0.135
2161,52.8346,254,4.5,0.430,0.3692,119,0.026,0.39,-0.86,0.0729,0.1160,0.121
2162,59.8651,267,4.5,0.390,0.3658,118,0.026,0.41,-0.92,0.0694,0.1122,0.099
2163,58.5274,277,4.4,0.460,0.3639,116,0.027,0.43,-0.81,0.0689,0.1079,0.071
2164,44.6559,297,4.3,0.445,0.3681,115,0.027,0.46,-0.83,0.0685,0.1067,0.092
2165,62.1674,283,4.4,0.385,0.3696,121,0.026,0.44,-0.92,0.0692,0.1140,0.078
2166,49.6954,300,4.3,0.450,0.3644,110,0.028,0.46,-0.83,0.0691,0.1199,0.071
2167,72.7824,283,4.4,0.430,0.3722,115,0.027,0.43,-0.86,0.0703,0.1109,0.094
2168,42.1583,312,4.5,0.390,0.3668,117,0.027,0.48,-0.92,0.0702,0.0902,0.138
2169,50.3850,254,4.4,0.415,0.3691,117,0.027,0.39,-0.88,0.0728,0.0967,0.113
2170,58.9663,282,4.4,0.460,0.3629,124,0.025,0.43,-0.81,0.0707,0.1113,0.058
2171,47.9205,280,4.5,0.440,0.3697,124,0.025,0.43,-0.84,0.0703,0.1096,0.042
2172,62.7658,274,4.6,0.380,0.3700,123,0.025,0.42,-0.93,0.0688,0.1117,0.046
2173,58.6973,260,4.5,0.400,0.3772,115,0.027,0.40,-0.90,0.0717,0.1198,0.078
2174,72.5723,291,4.5,0.430,0.3679,124,0.025,0.45,-0.86,0.0728,0.1218,0.095
2175,38.7165,248,4.6,0.455,0.3669,117,0.027,0.38,-0.82,0.0703,0.1110,0.112
2176,53.2908,264,4.4,0.425,0.3660,112,0.028,0.41,-0.86,0.0671,0.1187,0.092
2177,38.4258,233,4.5,0.450,0.3639,112,0.028,0.36,-0.83,0.0706,0.1206,0.074
2178,77.9595,318,4.4,0.395,0.3629,119,0.026,0.49,-0.91,0.0673,0.1071,0.083
2179,60.9357,284,4.5,0.450,0.3607,115,0.027,0.44,-0.83,0.0714,0.1049,0.097
2180,59.6665,278,4.4,0.395,0.3701,112,0.028,0.43,-0.91,0.0727,0.1091,0.114
2181,55.5543,275,4.4,0.425,0.3708,121,0.026,0.42,-0.86,0.0705,0.1094,0.099
2182,51.0451,277,4.6,0.390,0.3671,124,0.025,0.43,-0.92,0.0728,0.1162,0.068
2183,59.6273,272,4.5,0.420,0.3830,126,0.025,0.42,-0.87,0.0676,0.1270,0.053
2184,74.2100,308,4.4,0.435,0.3836,120,0.026,0.47,-0.85,0.0701,0.1247,0.065
2185,39.1246,251,4.5,0.410,0.3832,114,0.027,0.39,-0.89,0.0719,0.1132,0.073
2186,64.4443,280,4.5,0.405,0.3693,117,0.027,0.43,-0.89,0.0695,0.1076,0.088
2187,64.0634,274,4.5,0.410,0.3651,117,0.027,0.42,-0.89,0.0744,0.1203,0.086
2188,52.6290,277,4.5,0.430,0.3739,119,0.026,0.43,-0.86,0.0701,0.1324,0.051
2189,54.3235,272,4.4,0.475,0.3711,115,0.027,0.42,-0.79,0.0707,0.1163,0.076
2190,61.8450,272,4.5,0.375,0.3773,116,0.027,0.42,-0.94,0.0737,0.1034,0.091
2191,48.0764,272,4.5,0.450,0.3788,109,0.029,0.42,-0.83,0.0710,0.1079,0.096
2192,60.6184,259,4.4,0.380,0.3796,113,0.028,0.40,-0.93,0.0717,0.1142,0.092
2193,46.1508,251,4.5,0.485,0.3740,114,0.027,0.39,-0.77,0.0689,0.1174,0.074
2194,60.0618,292,4.5,0.375,0.3769,120,0.026,0.45,-0.94,0.0711,0.1144,0.068
2195,65.2878,283,4.5,0.465,0.3654,115,0.027,0.43,-0.80,0.0714,0.1113,0.066
2196,68.8492,310,4.4,0.420,0.3721,118,0.026,0.48,-0.87,0.0707,0.1235,0.071
2197,62.2502,249,4.4,0.385,0.3715,115,0.027,0.38,-0.92,0.0709,0.1217,0.102
2198,68.3949,308,4.5,0.400,0.3694,121,0.026,0.47,-0.90,0.0725,0.1128,0.099
2199,61.4030,290,4.5,0.435,0.3725,125,0.025,0.45,-0.85,0.0723,0.1111,0.093
2200,53.9075,286,4.4,0.400,0.3775,118,0.026,0.44,-0.90,0.0693,0.1091,0.073
2201,80.0573,317,4.4,0.430,0.3813,116,0.027,0.49,-0.86,0.0736,0.1148,0.067
2202,61.5419,326,4.4,0.415,0.3761,121,0.026,0.50,-0.88,0.0724,0.1182,0.087
2203,56.0280,247,4.4,0.450,0.3774,113,0.028,0.38,-0.83,0.0671,0.1232,0.096
2204,60.8982,266,4.4,0.425,0.3792,110,0.028,0.41,-0.86,0.0680,0.1154,0.104
2205,67.1666,282,4.4,0.395,0.3932,115,0.027,0.43,-0.91,0.0703,0.1094,0.068
2206,57.0666,306,4.5,0.455,0.3895,128,0.024,0.47,-0.82,0.0711,0.1129,0.083
2207,90.1940,317,4.5,0.360,0.3721,129,0.024,0.49,-0.96,0.0712,0.1114,0.102
2208,51.9915,329,4.4,0.445,0.3822,120,0.026,0.51,-0.83,0.0711,0.1162,0.080
2209,48.0160,252,4.3,0.415,0.3893,123,0.025,0.39,-0.88,0.0723,0.1168,0.070
2210,56.3832,284,4.4,0.415,0.3818,124,0.025,0.44,-0.88,0.0723,0.1146,0.079
2211,52.5782,286,4.4,0.410,0.3771,128,0.024,0.44,-0.89,0.0731,0.1153,0.071
2212,64.7022,284,4.4,0.385,0.3731,128,0.024,0.44,-0.92,0.0716,0.1144,0.088
2213,56.4430,259,4.4,0.495,0.3730,125,0.025,0.40,-0.76,0.0750,0.1165,0.126
2214,64.8008,278,4.5,0.365,0.3762,125,0.025,0.43,-0.95,0.0707,0.1150,0.120
2215,49.8787,282,4.4,0.480,0.3760,122,0.026,0.43,-0.78,0.0731,0.1227,0.094
2216,69.0123,292,4.4,0.395,0.3895,132,0.024,0.45,-0.91,0.0765,0.1263,0.085
2217,64.2913,274,4.4,0.410,0.3910,116,0.027,0.42,-0.89,0.0742,0.1250,0.106
2218,45.9496,271,4.4,0.405,0.3802,115,0.027,0.42,-0.89,0.0689,0.1140,0.101
2219,45.9281,245,4.5,0.430,0.3685,125,0.025,0.38,-0.86,0.0728,0.1112,0.079
2220,46.0677,285,4.3,0.465,0.3760,124,0.025,0.44,-0.80,0.0692,0.1130,0.079
2221,56.0325,269,4.4,0.370,0.3852,119,0.026,0.41,-0.95,0.0697,0.1199,0.051
2222,47.5917,288,4.4,0.460,0.3874,120,0.026,0.44,-0.81,0.0737,0.1303,0.037
2223,59.1759,308,4.2,0.405,0.3891,120,0.026,0.47,-0.89,0.0693,0.1247,0.067
2224,63.4687,305,4.4,0.390,0.3944,122,0.026,0.47,-0.92,0.0673,0.1262,0.061
2225,46.7074,269,4.3,0.420,0.3929,120,0.026,0.41,-0.87,0.0691,0.1294,0.040
2226,46.7599,234,4.4,0.460,0.3846,113,0.028,0.36,-0.81,0.0728,0.1256,0.099
2227,51.5109,246,4.5,0.415,0.3773,125,0.025,0.38,-0.88,0.0701,0.1244,0.110
2228,46.4139,281,4.4,0.410,0.3762,124,0.025,0.43,-0.89,0.0726,0.1225,0.086
2229,53.8654,282,4.4,0.390,0.3751,115,0.027,0.43,-0.92,0.0743,0.1151,0.092
2230,54.0334,291,4.5,0.425,0.3801,121,0.026,0.45,-0.86,0.0727,0.1137,0.097
2231,52.0747,241,4.6,0.480,0.3839,123,0.025,0.37,-0.78,0.0741,0.1088,0.060
2232,55.2740,272,4.5,0.395,0.3917,124,0.025,0.42,-0.91,0.0720,0.1048,0.062
2233,57.6513,271,4.3,0.420,0.3895,125,0.025,0.42,-0.87,0.0715,0.1130,0.074
2234,70.8888,282,4.3,0.410,0.3884,122,0.026,0.43,-0.89,0.0719,0.1171,0.060
2235,56.3407,293,4.4,0.395,0.3828,121,0.026,0.45,-0.91,0.0716,0.1164,0.069
2236,59.4671,299,4.5,0.430,0.3789,115,0.027,0.46,-0.86,0.0725,0.1190,0.079
2237,63.2862,294,4.5,0.440,0.3800,117,0.027,0.45,-0.84,0.0719,0.1254,0.104
2238,44.4544,255,4.5,0.445,0.3708,121,0.026,0.39,-0.83,0.0722,0.1187,0.115
2239,42.9879,243,4.5,0.425,0.3786,121,0.026,0.37,-0.86,0.0729,0.1206,0.117
2240,38.8956,272,4.5,0.435,0.3917,116,0.027,0.42,-0.85,0.0674,0.1247,0.093
2241,54.0160,255,4.4,0.445,0.3847,119,0.026,0.39,-0.83,0.0686,0.1210,0.099
2242,44.5967,262,4.3,0.430,0.3838,123,0.025,0.40,-0.86,0.0693,0.1147,0.115
2243,56.8636,247,4.4,0.440,0.3768,120,0.026,0.38,-0.84,0.0656,0.1156,0.119
2244,64.5768,304,4.4,0.415,0.3747,124,0.025,0.47,-0.88,0.0681,0.1150,0.111
2245,59.9406,288,4.5,0.425,0.3735,118,0.026,0.44,-0.86,0.0710,0.1127,0.103
2246,47.4100,285,4.5,0.425,0.3722,113,0.028,0.44,-0.86,0.0723,0.1156,0.065
2247,63.5962,287,4.4,0.380,0.3880,117,0.027,0.44,-0.93,0.0727,0.1117,0.103
2248,43.0308,253,4.5,0.475,0.3854,112,0.028,0.39,-0.79,0.0709,0.1171,0.086
2249,70.7415,269,4.5,0.385,0.3911,123,0.025,0.41,-0.92,0.0684,0.1246,0.051
2250,58.9549,281,4.4,0.460,0.3990,118,0.026,0.43,-0.81,0.0733,0.1222,0.073
2251,58.9062,260,4.4,0.405,0.3932,119,0.026,0.40,-0.89,0.0718,0.1174,0.093
2252,53.2659,303,4.5,0.465,0.3952,123,0.025,0.47,-0.80,0.0723,0.1232,0.083
2253,69.8812,321,4.4,0.395,0.3837,116,0.027,0.49,-0.91,0.0731,0.1225,0.037
2254,57.7719,323,4.4,0.445,0.3839,118,0.026,0.50,-0.83,0.0733,0.1130,0.045
2255,47.2063,268,4.5,0.410,0.3862,122,0.026,0.41,-0.89,0.0701,0.1121,0.055
2256,53.3093,267,4.6,0.460,0.3906,122,0.026,0.41,-0.81,0.0732,0.1009,0.080
2257,42.0605,277,4.4,0.400,0.3839,121,0.026,0.43,-0.90,0.0722,0.1145,0.088
2258,53.7521,269,4.5,0.500,0.3876,121,0.026,0.41,-0.75,0.0705,0.1276,0.082
2259,66.8867,294,4.4,0.370,0.3836,121,0.026,0.45,-0.95,0.0749,0.1145,0.127
2260,34.6614,269,4.5,0.500,0.3766,125,0.025,0.41,-0.75,0.0705,0.1220,0.113
2261,52.8907,303,4.5,0.350,0.3772,116,0.027,0.47,-0.98,0.0667,0.1247,0.069
2262,54.3037,291,4.4,0.495,0.3835,112,0.028,0.45,-0.76,0.0675,0.1298,0.032
2263,61.4747,267,4.4,0.320,0.3855,122,0.026,0.41,-1.02,0.0688,0.1308,0.038
2264,41.8009,257,4.5,0.540,0.3994,125,0.025,0.40,-0.69,0.0679,0.1208,0.062
2265,61.2027,287,4.5,0.325,0.3985,120,0.026,0.44,-1.01,0.0701,0.1195,0.075
2266,66.4867,304,4.4,0.500,0.3878,124,0.025,0.47,-0.75,0.0715,0.1178,0.052
2267,55.4644,290,4.3,0.360,0.3889,121,0.026,0.45,-0.96,0.0731,0.1217,0.082
2268,41.7980,253,4.5,0.510,0.3896,118,0.026,0.39,-0.73,0.0712,0.1184,0.110
2269,68.2328,292,4.5,0.365,0.3848,117,0.027,0.45,-0.95,0.0758,0.1222,0.083
2270,41.8392,289,4.5,0.470,0.3879,118,0.026,0.44,-0.80,0.0701,0.1301,0.101
2271,50.1235,258,4.4,0.330,0.3792,119,0.026,0.40,-1.00,0.0721,0.1276,0.060
2272,52.1570,277,4.4,0.520,0.3857,117,0.027,0.43,-0.72,0.0777,0.1103,0.038
2273,62.0532,291,4.5,0.360,0.3920,116,0.027,0.45,-0.96,0.0717,0.1042,0.067
2274,52.7210,294,4.5,0.490,0.3832,120,0.026,0.45,-0.77,0.0688,0.1079,0.062
2275,76.7290,309,4.5,0.365,0.3847,118,0.026,0.48,-0.95,0.0694,0.1161,0.051
2276,60.9498,313,4.3,0.470,0.3911,118,0.026,0.48,-0.80,0.0732,0.1175,0.064
2277,61.3088,313,4.5,0.385,0.3858,116,0.027,0.48,-0.92,0.0691,0.1151,0.097
2278,39.4878,290,4.4,0.490,0.3846,115,0.027,0.45,-0.77,0.0701,0.1224,0.094
2279,46.6080,236,4.5,0.385,0.3936,122,0.026,0.36,-0.92,0.0722,0.1160,0.099
2280,47.7418,267,4.5,0.450,0.3968,123,0.025,0.41,-0.83,0.0735,0.1197,0.096
2281,49.8682,259,4.4,0.435,0.3944,127,0.025,0.40,-0.85,0.0737,0.1225,0.091
2282,46.6194,271,4.3,0.420,0.3948,122,0.026,0.42,-0.87,0.0699,0.1150,0.088
2283,60.6395,247,4.3,0.430,0.4021,120,0.026,0.38,-0.86,0.0703,0.1352,0.063
2284,56.4630,279,4.4,0.435,0.4016,121,0.026,0.43,-0.85,0.0709,0.1410,0.086
2285,46.3677,276,4.5,0.420,0.3955,117,0.027,0.42,-0.87,0.0701,0.1270,0.092
2286,44.9495,238,4.4,0.495,0.3989,113,0.028,0.37,-0.76,0.0707,0.1206,0.061
2287,51.8571,271,4.5,0.385,0.3875,116,0.027,0.42,-0.92,0.0675,0.1165,0.062
2288,42.5993,269,4.4,0.485,0.3887,116,0.027,0.41,-0.77,0.0713,0.1168,0.050
2289,53.5360,267,4.4,0.365,0.3923,122,0.026,0.41,-0.95,0.0744,0.1231,0.026
2290,38.5836,254,4.4,0.485,0.3928,119,0.026,0.39,-0.77,0.0718,0.1255,0.032
2291,55.0120,261,4.5,0.400,0.3954,124,0.025,0.40,-0.90,0.0745,0.1262,0.048
2292,60.4876,277,4.5,0.465,0.3915,120,0.026,0.43,-0.80,0.0724,0.1286,0.087
2293,62.5671,273,4.5,0.390,0.3940,116,0.027,0.42,-0.92,0.0692,0.1256,0.089
2294,50.9201,258,4.5,0.460,0.4012,117,0.027,0.40,-0.81,0.0725,0.1242,0.096
2295,44.5127,309,4.4,0.370,0.3815,111,0.028,0.48,-0.95,0.0719,0.1255,0.105
2296,45.4366,255,4.4,0.445,0.3883,112,0.028,0.39,-0.83,0.0737,0.1195,0.118
2297,72.0377,276,4.4,0.385,0.3895,122,0.026,0.42,-0.92,0.0704,0.1134,0.113
2298,48.4301,274,4.3,0.440,0.3963,127,0.025,0.42,-0.84,0.0697,0.1135,0.092
2299,60.8268,283,4.5,0.425,0.3985,120,0.026,0.44,-0.86,0.0755,0.1120,0.087
2300,70.4571,301,4.6,0.420,0.3837,112,0.028,0.46,-0.87,0.0743,0.1147,0.084
2301,60.7325,258,4.6,0.435,0.3830,116,0.027,0.40,-0.85,0.0723,0.1230,0.099
2302,54.3274,258,4.4,0.450,0.3870,122,0.026,0.40,-0.83,0.0681,0.1240,0.074
2303,66.5713,304,4.4,0.410,0.3789,119,0.026,0.47,-0.89,0.0673,0.1283,0.039
2304,52.6801,295,4.4,0.420,0.3827,123,0.025,0.45,-0.87,0.0717,0.1283,0.033
2305,53.5840,278,4.4,0.460,0.3847,122,0.026,0.43,-0.81,0.0720,0.1152,0.086
2306,46.0521,265,4.4,0.415,0.3929,122,0.026,0.41,-0.88,0.0719,0.1183,0.081
2307,72.6728,294,4.4,0.415,0.3917,115,0.027,0.45,-0.88,0.0676,0.1069,0.090
2308,64.5921,304,4.4,0.405,0.3938,116,0.027,0.47,-0.89,0.0717,0.1108,0.092
2309,63.6875,260,4.4,0.425,0.3867,112,0.028,0.40,-0.86,0.0704,0.1196,0.077
2310,62.9288,268,4.5,0.410,0.3902,113,0.028,0.41,-0.89,0.0722,0.1242,0.097
2311,60.3874,304,4.6,0.450,0.3942,115,0.027,0.47,-0.83,0.0722,0.1285,0.096
2312,64.6854,314,4.5,0.400,0.3828,123,0.025,0.48,-0.90,0.0709,0.1177,0.090
2313,59.8149,265,4.3,0.395,0.3746,125,0.025,0.41,-0.91,0.0759,0.1204,0.056
2314,57.3264,258,4.3,0.430,0.3912,127,0.025,0.40,-0.86,0.0709,0.1174,0.034
2315,47.0749,290,4.4,0.385,0.3911,116,0.027,0.45,-0.92,0.0725,0.1193,0.048
2316,56.1958,273,4.6,0.430,0.3858,114,0.027,0.42,-0.86,0.0712,0.1148,0.075
2317,49.4149,285,4.5,0.395,0.3919,113,0.028,0.44,-0.91,0.0706,0.1174,0.093
2318,69.6467,288,4.5,0.410,0.3883,114,0.027,0.44,-0.89,0.0692,0.1222,0.074
2319,41.5529,261,4.5,0.425,0.3973,116,0.027,0.40,-0.86,0.0698,0.1208,0.055
2320,52.4706,243,4.4,0.445,0.3996,120,0.026,0.37,-0.83,0.0726,0.1267,0.066
2321,38.9378,236,4.4,0.430,0.3911,114,0.027,0.36,-0.86,0.0708,0.1402,0.051
2322,66.9292,271,4.4,0.410,0.3844,125,0.025,0.42,-0.89,0.0707,0.1383,0.046
2323,67.1619,305,4.4,0.445,0.3859,119,0.026,0.47,-0.83,0.0698,0.1224,0.083
2324,32.0482,248,4.5,0.420,0.3881,126,0.025,0.38,-0.87,0.0707,0.1106,0.088
2325,58.8429,251,4.5,0.405,0.3970,120,0.026,0.39,-0.89,0.0706,0.1101,0.075
2326,60.7249,274,4.5,0.475,0.3982,123,0.025,0.42,-0.79,0.0746,0.1099,0.094
2327,61.8180,276,4.5,0.360,0.3892,116,0.027,0.42,-0.96,0.0728,0.1155,0.098
2328,64.6442,288,4.4,0.440,0.3951,124,0.025,0.44,-0.84,0.0728,0.1227,0.098
2329,47.1467,290,4.5,0.375,0.3843,116,0.027,0.45,-0.94,0.0761,0.1145,0.086
2330,59.1004,274,4.5,0.450,0.3791,121,0.026,0.42,-0.83,0.0702,0.1135,0.075
2331,70.9771,318,4.4,0.435,0.3854,117,0.027,0.49,-0.85,0.0739,0.1209,0.073
2332,57.9155,298,4.4,0.405,0.3850,112,0.028,0.46,-0.89,0.0695,0.1189,0.075
2333,68.4318,322,4.5,0.455,0.3896,125,0.025,0.50,-0.82,0.0730,0.1216,0.087
2334,57.3426,285,4.5,0.430,0.3929,118,0.026,0.44,-0.86,0.0700,0.1225,0.107
2335,55.3903,284,4.5,0.445,0.3957,112,0.028,0.44,-0.83,0.0706,0.1190,0.114
2336,69.0971,272,4.5,0.385,0.3970,116,0.027,0.42,-0.92,0.0677,0.1271,0.103
2337,51.0646,300,4.5,0.420,0.3782,124,0.025,0.46,-0.87,0.0746,0.1309,0.086
2338,50.6959,282,4.6,0.445,0.3870,118,0.026,0.43,-0.83,0.0756,0.1420,0.057
2339,66.3499,284,4.4,0.410,0.3884,126,0.025,0.44,-0.89,0.0702,0.1374,0.076
2340,64.7220,297,4.4,0.425,0.3888,128,0.024,0.46,-0.86,0.0683,0.1240,0.083
2341,53.0072,322,4.4,0.435,0.3878,125,0.025,0.50,-0.85,0.0729,0.1195,0.060
2342,40.2349,271,4.5,0.435,0.3942,125,0.025,0.42,-0.85,0.0667,0.1181,0.077
2343,39.2945,218,4.5,0.425,0.4048,117,0.027,0.34,-0.86,0.0707,0.1228,0.059
2344,64.4671,272,4.5,0.415,0.4037,120,0.026,0.42,-0.88,0.0686,0.1342,0.045
2345,49.4200,275,4.5,0.445,0.3818,119,0.026,0.42,-0.83,0.0720,0.1281,0.076
2346,66.6327,285,4.4,0.375,0.3721,126,0.025,0.44,-0.94,0.0727,0.1167,0.088
2347,67.0083,315,4.3,0.425,0.3878,125,0.025,0.48,-0.86,0.0719,0.1196,0.099
2348,62.9582,283,4.4,0.375,0.3883,125,0.025,0.43,-0.94,0.0732,0.1131,0.094
2349,73.6428,317,4.4,0.445,0.3941,126,0.025,0.49,-0.83,0.0714,0.1220,0.033
2350,54.4927,304,4.5,0.405,0.3960,132,0.024,0.47,-0.89,0.0691,0.1291,0.037
2351,55.9023,276,4.4,0.460,0.3904,118,0.026,0.42,-0.81,0.0724,0.1136,0.063
2352,67.0682,265,4.5,0.340,0.3917,117,0.027,0.41,-0.99,0.0713,0.1217,0.055
2353,46.8502,298,4.5,0.455,0.3896,118,0.026,0.46,-0.82,0.0723,0.1109,0.069
2354,42.7854,270,4.5,0.400,0.3842,119,0.026,0.42,-0.90,0.0720,0.1073,0.085
2355,58.0971,273,4.4,0.455,0.3895,119,0.026,0.42,-0.82,0.0743,0.1268,0.079
2356,55.7534,264,4.5,0.385,0.3806,120,0.026,0.41,-0.92,0.0710,0.1336,0.072
2357,59.1872,287,4.5,0.445,0.3905,118,0.026,0.44,-0.83,0.0749,0.1342,0.071
2358,46.7775,272,4.4,0.420,0.3882,120,0.026,0.42,-0.87,0.0692,0.1285,0.082
2359,49.4527,306,4.4,0.425,0.3864,121,0.026,0.47,-0.86,0.0766,0.1086,0.107
2360,59.7738,251,4.6,0.435,0.3892,117,0.027,0.39,-0.85,0.0702,0.1137,0.097
2361,61.0505,278,4.6,0.425,0.3815,116,0.027,0.43,-0.86,0.0738,0.1184,0.071
2362,48.2611,295,4.5,0.435,0.3859,120,0.026,0.45,-0.85,0.0716,0.1117,0.086
2363,62.2538,305,4.5,0.385,0.3815,121,0.026,0.47,-0.92,0.0675,0.1256,0.070
2364,42.6932,256,4.5,0.475,0.3838,117,0.027,0.39,-0.79,0.0684,0.1272,0.063
2365,57.3771,293,4.5,0.380,0.3884,118,0.026,0.45,-0.93,0.0704,0.1184,0.089
2366,59.9744,268,4.4,0.455,0.3933,123,0.025,0.41,-0.82,0.0730,0.1097,0.105
2367,59.5070,269,4.4,0.440,0.4006,122,0.026,0.41,-0.84,0.0734,0.1219,0.067
2368,53.6157,237,4.5,0.425,0.4013,117,0.027,0.36,-0.86,0.0715,0.1274,0.038
2369,49.8988,310,4.4,0.420,0.3936,114,0.027,0.48,-0.87,0.0723,0.1339,0.058
2370,54.8076,286,4.4,0.370,0.3823,122,0.026,0.44,-0.95,0.0667,0.1378,0.060
2371,55.0356,289,4.4,0.475,0.3839,117,0.027,0.44,-0.79,0.0709,0.1296,0.051
2372,77.3526,295,4.5,0.370,0.3909,117,0.027,0.45,-0.95,0.0749,0.1252,0.051
2373,49.1800,277,4.6,0.480,0.3889,114,0.027,0.43,-0.78,0.0693,0.1215,0.084
2374,50.7665,262,4.5,0.395,0.3995,117,0.027,0.40,-0.91,0.0749,0.1196,0.089
2375,65.0024,319,4.4,0.435,0.4011,128,0.024,0.49,-0.85,0.0699,0.1158,0.079
2376,46.5293,286,4.4,0.480,0.3998,125,0.025,0.44,-0.78,0.0736,0.1157,0.060
2377,54.5037,270,4.4,0.410,0.4012,126,0.025,0.42,-0.89,0.0732,0.1183,0.043
2378,64.9107,267,4.4,0.455,0.4000,125,0.025,0.41,-0.82,0.0712,0.1276,0.097
2379,58.7991,262,4.5,0.420,0.3951,120,0.026,0.40,-0.87,0.0746,0.1325,0.119
2380,52.2818,286,4.4,0.415,0.4049,120,0.026,0.44,-0.88,0.0700,0.1518,0.060
2381,52.5028,264,4.3,0.435,0.3922,120,0.026,0.41,-0.85,0.0726,0.1444,0.049
2382,60.7455,269,4.4,0.385,0.3948,122,0.026,0.41,-0.92,0.0704,0.1190,0.076
2383,32.5927,243,4.5,0.470,0.3985,120,0.026,0.37,-0.80,0.0764,0.1139,0.078
2384,62.7552,289,4.3,0.405,0.3999,128,0.024,0.44,-0.89,0.0672,0.1299,0.057
2385,62.9725,298,4.4,0.460,0.3912,123,0.025,0.46,-0.81,0.0714,0.1230,0.050
2386,57.6841,298,4.4,0.380,0.3856,120,0.026,0.46,-0.93,0.0720,0.1190,0.051
2387,62.1055,265,4.5,0.500,0.3937,116,0.027,0.41,-0.75,0.0716,0.1308,0.049
2388,59.9359,324,4.5,0.345,0.4018,113,0.028,0.50,-0.98,0.0714,0.1354,0.064
2389,34.5374,240,4.5,0.465,0.3892,122,0.026,0.37,-0.80,0.0730,0.1348,0.082
2390,73.6539,264,4.5,0.380,0.3835,122,0.026,0.41,-0.93,0.0731,0.1247,0.073
2391,42.5735,286,4.5,0.435,0.3991,127,0.025,0.44,-0.85,0.0722,0.1171,0.067
2392,44.9658,279,4.4,0.420,0.3999,124,0.025,0.43,-0.87,0.0697,0.1148,0.070
2393,49.8629,273,4.4,0.435,0.3961,126,0.025,0.42,-0.85,0.0739,0.1159,0.058
2394,66.9772,289,4.5,0.410,0.3887,123,0.025,0.44,-0.89,0.0720,0.1184,0.075
2395,60.6766,277,4.6,0.420,0.3949,112,0.028,0.43,-0.87,0.0710,0.1220,0.110
2396,57.9652,290,4.5,0.395,0.3973,114,0.027,0.45,-0.91,0.0684,0.1217,0.075
2397,45.3250,254,4.4,0.445,0.3926,114,0.027,0.39,-0.83,0.0730,0.1147,0.073
2398,57.6579,271,4.4,0.435,0.4001,120,0.026,0.42,-0.85,0.0696,0.1156,0.090
2399,47.6953,273,4.4,0.415,0.4073,125,0.025,0.42,-0.88,0.0705,0.1205,0.077
2400,65.7947,290,4.4,0.400,0.4065,129,0.024,0.45,-0.90,0.0735,0.1245,0.066
2401,60.0544,320,4.4,0.400,0.4076,122,0.026,0.49,-0.90,0.0734,0.1279,0.067
2402,38.8788,242,4.5,0.455,0.4005,124,0.025,0.37,-0.82,0.0662,0.1248,0.058
2403,64.2424,281,4.5,0.395,0.3982,118,0.026,0.43,-0.91,0.0687,0.1134,0.072
2404,65.2059,300,4.4,0.430,0.3964,115,0.027,0.46,-0.86,0.0700,0.1315,0.081
2405,50.3759,301,4.4,0.390,0.4051,116,0.027,0.46,-0.92,0.0701,0.1401,0.064
2406,51.0682,239,4.4,0.435,0.3928,117,0.027,0.37,-0.85,0.0673,0.1220,0.097
2407,52.5874,278,4.3,0.425,0.3918,126,0.025,0.43,-0.86,0.0705,0.1284,0.075
2408,57.9011,297,4.3,0.445,0.4017,118,0.026,0.46,-0.83,0.0702,0.1133,0.081
2409,45.0534,277,4.4,0.420,0.4062,116,0.027,0.43,-0.87,0.0694,0.1083,0.095
2410,67.0145,329,4.5,0.405,0.4092,123,0.025,0.51,-0.89,0.0730,0.1264,0.083
2411,49.4977,250,4.5,0.450,0.3997,118,0.026,0.38,-0.83,0.0723,0.1233,0.099
2412,61.7341,280,4.4,0.400,0.4035,119,0.026,0.43,-0.90,0.0721,0.1429,0.053
2413,51.1187,292,4.4,0.465,0.4073,122,0.026,0.45,-0.80,0.0722,0.1520,0.078
2414,46.4512,283,4.5,0.385,0.3945,122,0.026,0.43,-0.92,0.0688,0.1224,0.123
2415,48.2551,266,4.5,0.410,0.3899,121,0.026,0.41,-0.89,0.0751,0.1071,0.078
2416,64.7299,270,4.4,0.445,0.3972,126,0.025,0.42,-0.83,0.0722,0.1134,0.050
2417,57.9385,268,4.4,0.370,0.3948,122,0.026,0.41,-0.95,0.0751,0.1173,0.058
2418,55.6746,297,4.5,0.420,0.3992,120,0.026,0.46,-0.87,0.0743,0.1216,0.068
2419,62.3000,292,4.5,0.385,0.3968,121,0.026,0.45,-0.92,0.0688,0.1255,0.088
2420,77.7118,290,4.4,0.425,0.4015,119,0.026,0.45,-0.86,0.0679,0.1244,0.068
2421,57.1507,286,4.4,0.400,0.4111,117,0.027,0.44,-0.90,0.0746,0.1285,0.026
2422,37.8250,275,4.4,0.435,0.4001,125,0.025,0.42,-0.85,0.0691,0.1275,0.076
2423,62.9246,265,4.5,0.415,0.3964,116,0.027,0.41,-0.88,0.0722,0.1218,0.108
2424,66.7894,311,4.5,0.470,0.3959,114,0.027,0.48,-0.80,0.0709,0.1180,0.083
2425,47.8997,302,4.5,0.375,0.3942,113,0.028,0.46,-0.94,0.0697,0.1274,0.063
2426,54.5473,289,4.4,0.495,0.3947,127,0.025,0.44,-0.76,0.0703,0.1268,0.092
2427,64.1958,304,4.4,0.335,0.3917,123,0.025,0.47,-1.00,0.0715,0.1213,0.082
2428,35.8440,294,4.5,0.460,0.4080,122,0.026,0.45,-0.81,0.0743,0.1207,0.041
2429,64.4571,268,4.4,0.400,0.4201,116,0.027,0.41,-0.90,0.0699,0.1351,0.077
2430,54.7527,256,4.3,0.450,0.4070,119,0.026,0.39,-0.83,0.0707,0.1311,0.114
2431,57.2769,254,4.4,0.415,0.3984,122,0.026,0.39,-0.88,0.0717,0.1134,0.130
2432,47.8434,277,4.4,0.475,0.4014,122,0.026,0.43,-0.79,0.0734,0.1074,0.121
2433,61.7930,323,4.3,0.365,0.4014,121,0.026,0.50,-0.95,0.0737,0.1164,0.090
2434,52.2031,301,4.3,0.475,0.4074,130,0.024,0.46,-0.79,0.0735,0.1297,0.090
2435,78.5788,337,4.4,0.350,0.4044,125,0.025,0.52,-0.98,0.0704,0.1271,0.072
2436,68.4856,301,4.5,0.415,0.3985,123,0.025,0.46,-0.88,0.0693,0.1243,0.051
2437,52.9420,307,4.5,0.445,0.4031,121,0.026,0.47,-0.83,0.0715,0.1262,0.066
2438,54.5763,243,4.5,0.400,0.3992,129,0.024,0.37,-0.90,0.0705,0.1314,0.059
2439,61.1449,298,4.4,0.470,0.3945,121,0.026,0.46,-0.80,0.0714,0.1352,0.044
2440,62.1518,284,4.3,0.440,0.3994,122,0.026,0.44,-0.84,0.0684,0.1306,0.061
2441,60.8469,297,4.4,0.440,0.4036,122,0.026,0.46,-0.84,0.0703,0.1262,0.090
2442,49.9212,273,4.4,0.390,0.4058,122,0.026,0.42,-0.92,0.0681,0.1232,0.072
2443,66.3986,289,4.3,0.445,0.4016,129,0.024,0.44,-0.83,0.0676,0.1382,0.047
2444,65.2773,286,4.4,0.375,0.4023,125,0.025,0.44,-0.94,0.0677,0.1411,0.042
2445,56.7990,289,4.4,0.450,0.3940,118,0.026,0.44,-0.83,0.0683,0.1358,0.068
2446,55.5270,239,4.4,0.430,0.3974,119,0.026,0.37,-0.86,0.0747,0.1348,0.077
2447,79.5250,306,4.4,0.435,0.3960,119,0.026,0.47,-0.85,0.0791,0.1289,0.065
2448,52.4466,286,4.5,0.420,0.3948,119,0.026,0.44,-0.87,0.0695,0.1195,0.057
2449,53.4127,261,4.5,0.435,0.3917,124,0.025,0.40,-0.85,0.0731,0.1174,0.053
2450,50.5822,280,4.5,0.380,0.3990,122,0.026,0.43,-0.93,0.0750,0.1244,0.059
2451,56.9405,292,4.4,0.430,0.4018,127,0.025,0.45,-0.86,0.0733,0.1179,0.059
2452,54.3981,293,4.4,0.420,0.4126,127,0.025,0.45,-0.87,0.0654,0.1190,0.046
2453,73.2973,290,4.4,0.420,0.4019,127,0.025,0.45,-0.87,0.0737,0.1299,0.039
2454,66.5153,315,4.4,0.460,0.4073,125,0.025,0.48,-0.81,0.0704,0.1339,0.038
2455,59.1809,293,4.5,0.375,0.4058,122,0.026,0.45,-0.94,0.0731,0.1326,0.054
2456,40.6730,266,4.5,0.495,0.3908,125,0.025,0.41,-0.76,0.0755,0.1279,0.075
2457,58.1242,245,4.5,0.370,0.3944,133,0.023,0.38,-0.95,0.0722,0.1233,0.068
2458,67.7291,280,4.3,0.455,0.3880,123,0.025,0.43,-0.82,0.0746,0.1268,0.058
2459,62.8857,287,4.4,0.410,0.3921,120,0.026,0.44,-0.89,0.0724,0.1205,0.055
2460,49.8847,317,4.4,0.460,0.4023,130,0.024,0.49,-0.81,0.0714,0.1231,0.062
2461,55.2122,260,4.4,0.380,0.4112,131,0.024,0.40,-0.93,0.0693,0.1338,0.069
2462,54.1252,288,4.4,0.435,0.4027,117,0.027,0.44,-0.85,0.0687,0.1264,0.065
2463,53.3934,287,4.5,0.425,0.3885,116,0.027,0.44,-0.86,0.0690,0.1216,0.071
2464,43.6013,295,4.6,0.440,0.3852,120,0.026,0.45,-0.84,0.0701,0.1172,0.071
2465,51.4573,259,4.5,0.435,0.3882,123,0.025,0.40,-0.85,0.0690,0.1134,0.056
2466,44.8038,286,4.4,0.470,0.3818,120,0.026,0.44,-0.80,0.0726,0.1372,0.050
2467,49.3389,267,4.5,0.420,0.4015,117,0.027,0.41,-0.87,0.0686,0.1413,0.050
2468,51.2000,288,4.5,0.415,0.4043,121,0.026,0.44,-0.88,0.0719,0.1307,0.046
2469,64.9648,286,4.5,0.450,0.3994,123,0.025,0.44,-0.83,0.0712,0.1242,0.050
2470,66.4265,306,4.5,0.380,0.3956,119,0.026,0.47,-0.93,0.0727,0.1190,0.055
2471,47.3190,261,4.5,0.410,0.3882,119,0.026,0.40,-0.89,0.0669,0.1230,0.035
2472,62.1608,284,4.5,0.430,0.3771,118,0.026,0.44,-0.86,0.0738,0.1224,0.039
2473,60.1814,303,4.4,0.450,0.3751,120,0.026,0.47,-0.83,0.0692,0.1218,0.056
2474,68.1553,287,4.5,0.385,0.3831,124,0.025,0.44,-0.92,0.0701,0.1081,0.108
2475,61.7609,260,4.5,0.465,0.3854,124,0.025,0.40,-0.80,0.0702,0.1047,0.127
2476,57.2386,291,4.4,0.355,0.3905,117,0.027,0.45,-0.97,0.0704,0.1033,0.102
2477,37.6981,267,4.4,0.495,0.3953,125,0.025,0.41,-0.76,0.0734,0.0994,0.087
2478,60.6958,261,4.5,0.370,0.3986,125,0.025,0.40,-0.95,0.0711,0.1236,0.092
2479,56.6294,309,4.5,0.440,0.3970,125,0.025,0.48,-0.84,0.0706,0.1377,0.092
2480,47.5214,274,4.5,0.465,0.3952,121,0.026,0.42,-0.80,0.0697,0.1164,0.082
2481,59.0198,275,4.4,0.390,0.3850,125,0.025,0.42,-0.92,0.0699,0.1041,0.050
2482,60.3093,289,4.5,0.465,0.3868,119,0.026,0.44,-0.80,0.0660,0.1140,0.070
2483,45.7923,272,4.5,0.390,0.3901,122,0.026,0.42,-0.92,0.0651,0.1275,0.096
2484,44.0108,233,4.6,0.440,0.3997,119,0.026,0.36,-0.84,0.0703,0.1198,0.087
2485,59.8526,291,4.5,0.425,0.4064,124,0.025,0.45,-0.86,0.0744,0.1198,0.093
2486,51.9225,288,4.5,0.425,0.4051,122,0.026,0.44,-0.86,0.0758,0.1361,0.099
2487,63.6330,306,4.4,0.430,0.3944,123,0.025,0.47,-0.86,0.0716,0.1334,0.113
2488,68.6990,299,4.4,0.430,0.3853,115,0.027,0.46,-0.86,0.0693,0.1333,0.108
2489,54.7840,261,4.3,0.480,0.3962,121,0.026,0.40,-0.78,0.0720,0.1343,0.081
2490,57.3845,295,4.5,0.380,0.3921,118,0.026,0.45,-0.93,0.0715,0.1252,0.059
2491,43.6317,255,4.5,0.465,0.3953,113,0.028,0.39,-0.80,0.0745,0.1215,0.083
2492,61.8393,283,4.4,0.375,0.3976,126,0.025,0.44,-0.94,0.0720,0.1236,0.068
2493,48.1621,257,4.4,0.455,0.3898,124,0.025,0.40,-0.82,0.0699,0.1214,0.059
2494,68.0384,276,4.4,0.395,0.3907,112,0.028,0.42,-0.91,0.0733,0.1208,0.051
2495,48.4602,288,4.5,0.440,0.3984,117,0.027,0.44,-0.84,0.0765,0.1185,0.050
2496,63.5428,257,4.4,0.400,0.3950,120,0.026,0.40,-0.90,0.0722,0.1052,0.090
2497,53.4877,326,4.4,0.480,0.3894,120,0.026,0.50,-0.78,0.0672,0.1169,0.102
2498,55.2014,274,4.4,0.375,0.3989,119,0.026,0.42,-0.94,0.0758,0.1231,0.078
2499,47.6180,245,4.4,0.495,0.3928,115,0.027,0.38,-0.76,0.0726,0.1218,0.075
2500,61.0010,271,4.4,0.405,0.3911,121,0.026,0.42,-0.89,0.0742,0.1283,0.070
2501,39.7220,286,4.4,0.465,0.3938,117,0.027,0.44,-0.80,0.0709,0.1283,0.049
2502,41.2436,263,4.4,0.405,0.3767,119,0.026,0.40,-0.89,0.0686,0.1182,0.055
2503,55.0753,263,4.4,0.440,0.3816,121,0.026,0.40,-0.84,0.0692,0.1172,0.074
2504,79.4302,311,4.3,0.395,0.3956,114,0.027,0.48,-0.91,0.0704,0.1261,0.085
2505,36.3509,285,4.4,0.445,0.3981,120,0.026,0.44,-0.83,0.0737,0.1167,0.066
2506,60.7280,259,4.6,0.390,0.3882,121,0.026,0.40,-0.92,0.0688,0.1208,0.053
2507,57.7325,305,4.5,0.425,0.3857,110,0.028,0.47,-0.86,0.0679,0.1331,0.040
2508,44.8878,279,4.4,0.415,0.3914,120,0.026,0.43,-0.88,0.0732,0.1242,0.039
2509,55.8764,250,4.3,0.415,0.4082,123,0.025,0.38,-0.88,0.0736,0.1235,0.047
2510,73.2242,287,4.4,0.420,0.4045,115,0.027,0.44,-0.87,0.0744,0.1216,0.046
2511,70.2825,282,4.5,0.450,0.3991,119,0.026,0.43,-0.83,0.0743,0.1184,0.063
2512,61.8316,301,4.5,0.410,0.3911,124,0.025,0.46,-0.89,0.0701,0.1205,0.076
2513,63.1427,300,4.5,0.405,0.3918,121,0.026,0.46,-0.89,0.0719,0.1269,0.059
2514,50.0255,279,4.4,0.445,0.4066,114,0.027,0.43,-0.83,0.0734,0.1406,0.057
2515,64.0683,298,4.4,0.360,0.4086,119,0.026,0.46,-0.96,0.0731,0.1319,0.054
2516,61.2135,298,4.5,0.435,0.3882,121,0.026,0.46,-0.85,0.0712,0.1104,0.091
2517,46.5678,270,4.4,0.425,0.3857,123,0.025,0.41,-0.86,0.0735,0.1108,0.122
2518,58.2911,273,4.4,0.415,0.3980,127,0.025,0.42,-0.88,0.0683,0.1118,0.089
2519,72.9635,307,4.4,0.430,0.3962,125,0.025,0.47,-0.86,0.0746,0.1172,0.110
2520,60.7984,309,4.4,0.395,0.4055,123,0.025,0.47,-0.91,0.0743,0.1213,0.133
2521,66.3831,337,4.4,0.420,0.3981,118,0.026,0.52,-0.87,0.0790,0.1231,0.088
2522,51.3830,269,4.4,0.380,0.4004,118,0.026,0.41,-0.93,0.0729,0.1238,0.069
2523,67.1433,282,4.3,0.455,0.4006,109,0.029,0.43,-0.82,0.0654,0.1246,0.105
2524,52.4484,292,4.4,0.395,0.3793,121,0.026,0.45,-0.91,0.0688,0.1183,0.121
2525,57.7059,273,4.4,0.480,0.3836,122,0.026,0.42,-0.78,0.0691,0.1172,0.103
2526,63.2898,282,4.4,0.355,0.3982,122,0.026,0.43,-0.97,0.0744,0.1227,0.095
2527,34.1300,229,4.5,0.495,0.3918,122,0.026,0.35,-0.76,0.0744,0.1146,0.083
2528,49.9916,289,4.4,0.370,0.4002,118,0.026,0.44,-0.95,0.0711,0.1204,0.086
2529,47.5084,291,4.5,0.450,0.4079,120,0.026,0.45,-0.83,0.0723,0.1302,0.071
2530,69.4167,288,4.4,0.390,0.4071,121,0.026,0.44,-0.92,0.0715,0.1276,0.057
2531,65.8882,315,4.4,0.385,0.4042,121,0.026,0.48,-0.92,0.0738,0.1231,0.071
2532,56.6904,307,4.4,0.415,0.4011,124,0.025,0.47,-0.88,0.0726,0.1209,0.061
2533,53.9988,288,4.3,0.425,0.3964,116,0.027,0.44,-0.86,0.0709,0.1289,0.053
2534,72.3454,284,4.3,0.415,0.3946,119,0.026,0.44,-0.88,0.0762,0.1291,0.093
2535,53.0495,275,4.5,0.435,0.3934,118,0.026,0.42,-0.85,0.0733,0.1196,0.082
2536,61.5409,297,4.5,0.420,0.4031,122,0.026,0.46,-0.87,0.0721,0.1144,0.071
2537,55.8789,278,4.4,0.415,0.4093,116,0.027,0.43,-0.88,0.0771,0.1204,0.084
2538,87.7672,321,4.4,0.370,0.4108,124,0.025,0.49,-0.95,0.0758,0.1282,0.061
2539,46.1144,297,4.5,0.425,0.4080,125,0.025,0.46,-0.86,0.0689,0.1326,0.069
2540,49.2025,284,4.5,0.415,0.3995,121,0.026,0.44,-0.88,0.0758,0.1302,0.080
2541,50.1237,286,4.3,0.440,0.3854,123,0.025,0.44,-0.84,0.0751,0.1200,0.083
2542,79.7738,313,4.3,0.370,0.3869,114,0.027,0.48,-0.95,0.0689,0.1276,0.061
2543,54.9869,308,4.4,0.435,0.3934,122,0.026,0.47,-0.85,0.0695,0.1273,0.053
2544,64.9308,287,4.4,0.395,0.4004,115,0.027,0.44,-0.91,0.0717,0.1268,0.073
2545,44.7330,280,4.4,0.465,0.4114,122,0.026,0.43,-0.80,0.0707,0.1297,0.078
2546,52.4366,280,4.5,0.380,0.4274,120,0.026,0.43,-0.93,0.0706,0.1173,0.112
2547,47.7191,285,4.6,0.425,0.4153,118,0.026,0.44,-0.86,0.0696,0.1384,0.074
2548,56.3591,268,4.4,0.405,0.4031,120,0.026,0.41,-0.89,0.0735,0.1402,0.052
2549,65.2750,273,4.3,0.450,0.4054,122,0.026,0.42,-0.83,0.0749,0.1324,0.070
2550,62.2296,301,4.4,0.390,0.4060,119,0.026,0.46,-0.92,0.0751,0.1455,0.046
2551,59.3350,290,4.4,0.425,0.3993,119,0.026,0.44,-0.86,0.0751,0.1372,0.033
2552,51.9115,286,4.3,0.390,0.4063,120,0.026,0.44,-0.92,0.0720,0.1337,0.013
2553,58.8290,297,4.3,0.445,0.4066,128,0.024,0.46,-0.83,0.0708,0.1277,0.045
2554,66.2051,277,4.3,0.405,0.4148,120,0.026,0.43,-0.89,0.0726,0.1272,0.064
2555,57.5539,278,4.4,0.395,0.4094,126,0.025,0.43,-0.91,0.0732,0.1290,0.062
2556,40.4471,258,4.6,0.460,0.3989,128,0.024,0.40,-0.81,0.0701,0.1269,0.065
2557,66.6398,271,4.4,0.395,0.4026,124,0.025,0.42,-0.91,0.0735,0.1422,0.045
2558,76.2924,308,4.3,0.470,0.3950,119,0.026,0.47,-0.80,0.0744,0.1374,0.051
2559,60.8292,317,4.5,0.370,0.4007,120,0.026,0.49,-0.95,0.0714,0.1289,0.053
2560,45.6527,268,4.6,0.445,0.3970,120,0.026,0.41,-0.83,0.0729,0.1135,0.096
2561,42.6588,271,4.5,0.425,0.3901,112,0.028,0.42,-0.86,0.0709,0.1163,0.111
2562,60.9135,272,4.5,0.430,0.3979,118,0.026,0.42,-0.86,0.0670,0.1244,0.087
2563,69.3910,299,4.4,0.400,0.4127,126,0.025,0.46,-0.90,0.0684,0.1237,0.064
2564,58.6011,287,4.4,0.385,0.4082,122,0.026,0.44,-0.92,0.0697,0.1285,0.034
2565,45.8103,280,4.4,0.460,0.4022,124,0.025,0.43,-0.81,0.0706,0.1351,0.045
2566,52.5944,244,4.5,0.430,0.4011,119,0.026,0.37,-0.86,0.0695,0.1446,0.062
2567,59.8406,282,4.5,0.410,0.4025,120,0.026,0.43,-0.89,0.0744,0.1487,0.053
2568,70.3492,269,4.5,0.405,0.4066,120,0.026,0.41,-0.89,0.0739,0.1356,0.077
2569,57.7010,318,4.5,0.425,0.4041,124,0.025,0.49,-0.86,0.0719,0.1158,0.091
2570,45.3722,277,4.4,0.420,0.3944,124,0.025,0.43,-0.87,0.0728,0.1193,0.081
2571,57.7849,264,4.3,0.415,0.4027,125,0.025,0.41,-0.88,0.0716,0.1352,0.074
2572,55.5354,284,4.3,0.445,0.3979,123,0.025,0.44,-0.83,0.0726,0.1386,0.058
2573,52.9124,294,4.4,0.420,0.3980,117,0.027,0.45,-0.87,0.0751,0.1255,0.045
2574,50.1489,245,4.5,0.450,0.4016,129,0.024,0.38,-0.83,0.0737,0.1219,0.057
2575,59.0560,294,4.5,0.395,0.4057,123,0.025,0.45,-0.91,0.0755,0.1300,0.057
2576,72.5783,299,4.4,0.440,0.4109,118,0.026,0.46,-0.84,0.0736,0.1252,0.072
2577,56.9704,262,4.4,0.425,0.4117,118,0.026,0.40,-0.86,0.0697,0.1221,0.082
2578,45.0607,266,4.5,0.450,0.4052,121,0.026,0.41,-0.83,0.0708,0.1290,0.079
2579,45.0002,263,4.4,0.425,0.4094,119,0.026,0.40,-0.86,0.0728,0.1331,0.067
2580,45.5480,249,4.4,0.425,0.4103,124,0.025,0.38,-0.86,0.0718,0.1289,0.037
2581,44.8867,258,4.5,0.430,0.3998,118,0.026,0.40,-0.86,0.0758,0.1261,0.045
2582,54.0755,268,4.5,0.430,0.4009,122,0.026,0.41,-0.86,0.0672,0.1241,0.057
2583,54.1707,261,4.4,0.430,0.4041,115,0.027,0.40,-0.86,0.0723,0.1289,0.043
2584,55.5824,265,4.5,0.460,0.3994,128,0.024,0.41,-0.81,0.0690,0.1287,0.080
2585,66.8758,262,4.5,0.385,0.3947,118,0.026,0.40,-0.92,0.0694,0.1255,0.085
2586,41.3242,307,4.4,0.465,0.3996,122,0.026,0.47,-0.80,0.0709,0.1216,0.070
2587,46.7963,272,4.4,0.420,0.4025,121,0.026,0.42,-0.87,0.0691,0.1173,0.091
2588,42.2112,262,4.4,0.425,0.4082,123,0.025,0.40,-0.86,0.0715,0.1302,0.092
2589,44.6833,257,4.4,0.425,0.4011,124,0.025,0.40,-0.86,0.0721,0.1339,0.091
2590,58.5591,263,4.4,0.455,0.3953,121,0.026,0.40,-0.82,0.0752,0.1270,0.069
2591,64.2815,307,4.4,0.425,0.3968,121,0.026,0.47,-0.86,0.0726,0.1326,0.056
2592,59.5227,314,4.4,0.410,0.4109,115,0.027,0.48,-0.89,0.0714,0.1298,0.092
2593,48.0483,272,4.5,0.420,0.4020,120,0.026,0.42,-0.87,0.0773,0.1187,0.120
2594,32.4539,271,4.5,0.445,0.4067,121,0.026,0.42,-0.83,0.0740,0.1207,0.074
2595,39.6131,246,4.5,0.425,0.4102,119,0.026,0.38,-0.86,0.0737,0.1345,0.050
2596,45.4265,233,4.4,0.460,0.3980,119,0.026,0.36,-0.81,0.0700,0.1419,0.056
2597,60.7357,238,4.4,0.420,0.4050,124,0.025,0.37,-0.87,0.0709,0.1390,0.074
2598,50.6944,252,4.5,0.445,0.4088,126,0.025,0.39,-0.83,0.0713,0.1541,0.080
2599,55.8142,299,4.5,0.420,0.3982,118,0.026,0.46,-0.87,0.0695,0.1454,0.062
2600,46.9277,259,4.4,0.390,0.4083,119,0.026,0.40,-0.92,0.0733,0.1361,0.041
2601,58.6820,260,4.4,0.455,0.4040,120,0.026,0.40,-0.82,0.0738,0.1252,0.051
2602,75.5931,284,4.5,0.395,0.4192,119,0.026,0.44,-0.91,0.0706,0.1162,0.096
2603,39.5526,260,4.5,0.455,0.4192,121,0.026,0.40,-0.82,0.0706,0.1180,0.092
2604,49.2919,253,4.5,0.435,0.4063,124,0.025,0.39,-0.85,0.0698,0.1168,0.056
2605,57.5274,269,4.5,0.410,0.3948,115,0.027,0.41,-0.89,0.0696,0.1289,0.063
2606,63.3781,273,4.4,0.435,0.3945,122,0.026,0.42,-0.85,0.0709,0.1336,0.076
2607,65.9343,338,4.3,0.415,0.4081,119,0.026,0.52,-0.88,0.0686,0.1356,0.089
2608,54.3858,291,4.4,0.425,0.4063,121,0.026,0.45,-0.86,0.0730,0.1307,0.086
2609,71.4940,314,4.4,0.405,0.4057,118,0.026,0.48,-0.89,0.0678,0.1162,0.079
2610,71.2175,289,4.5,0.455,0.4086,122,0.026,0.44,-0.82,0.0682,0.1247,0.057
2611,60.3027,323,4.5,0.360,0.4114,126,0.025,0.50,-0.96,0.0736,0.1219,0.058
2612,51.8727,271,4.5,0.440,0.4091,122,0.026,0.42,-0.84,0.0714,0.1189,0.066
2613,51.5984,279,4.5,0.470,0.4007,111,0.028,0.43,-0.80,0.0720,0.1285,0.082
2614,58.7006,261,4.5,0.415,0.4042,111,0.028,0.40,-0.88,0.0712,0.1278,0.068
2615,59.6943,285,4.4,0.460,0.4091,118,0.026,0.44,-0.81,0.0666,0.1432,0.069
2616,58.7096,307,4.4,0.390,0.4168,116,0.027,0.47,-0.92,0.0742,0.1430,0.063
2617,55.4839,279,4.4,0.465,0.4123,123,0.025,0.43,-0.80,0.0746,0.1259,0.068
2618,55.0652,287,4.4,0.390,0.4002,126,0.025,0.44,-0.92,0.0750,0.1207,0.081
2619,52.4447,287,4.3,0.420,0.4047,122,0.026,0.44,-0.87,0.0698,0.1200,0.065
2620,52.7455,243,4.4,0.425,0.4118,122,0.026,0.37,-0.86,0.0764,0.1238,0.058
2621,52.2126,271,4.5,0.440,0.4050,122,0.026,0.42,-0.84,0.0734,0.1181,0.057
2622,64.9715,280,4.4,0.415,0.3984,117,0.027,0.43,-0.88,0.0742,0.1080,0.096
2623,65.0966,282,4.4,0.445,0.4064,127,0.025,0.43,-0.83,0.0718,0.1271,0.112
2624,53.5269,263,4.4,0.410,0.4137,120,0.026,0.40,-0.89,0.0779,0.1291,0.083
2625,73.6098,321,4.5,0.400,0.4115,118,0.026,0.49,-0.90,0.0733,0.1174,0.087
2626,70.2667,295,4.4,0.430,0.3999,120,0.026,0.45,-0.86,0.0719,0.1274,0.083
2627,62.4675,308,4.5,0.405,0.3991,118,0.026,0.47,-0.89,0.0730,0.1240,0.071
2628,52.6710,287,4.5,0.365,0.4168,116,0.027,0.44,-0.95,0.0737,0.1252,0.057
2629,59.9935,285,4.4,0.440,0.4135,118,0.026,0.44,-0.84,0.0735,0.1173,0.054
2630,67.9581,273,4.3,0.415,0.4057,121,0.026,0.42,-0.88,0.0768,0.1263,0.074
2631,60.4390,283,4.4,0.415,0.4065,121,0.026,0.43,-0.88,0.0714,0.1284,0.051
2632,53.9213,292,4.4,0.415,0.4117,112,0.028,0.45,-0.88,0.0734,0.1126,0.065
2633,60.3843,290,4.3,0.455,0.4100,110,0.028,0.45,-0.82,0.0751,0.1166,0.088
2634,58.6438,296,4.4,0.405,0.4033,121,0.026,0.46,-0.89,0.0735,0.1246,0.059
2635,53.0412,268,4.3,0.400,0.3971,122,0.026,0.41,-0.90,0.0749,0.1199,0.042
2636,52.4555,280,4.4,0.455,0.4039,115,0.027,0.43,-0.82,0.0704,0.1278,0.051
2637,57.4040,320,4.4,0.370,0.4088,117,0.027,0.49,-0.95,0.0680,0.1320,0.060
2638,52.6972,273,4.4,0.465,0.4175,119,0.026,0.42,-0.80,0.0735,0.1303,0.065
2639,70.0164,291,4.4,0.375,0.4216,121,0.026,0.45,-0.94,0.0710,0.1338,0.064
2640,50.8282,269,4.5,0.430,0.4186,124,0.025,0.41,-0.86,0.0785,0.1284,0.054
2641,57.9306,283,4.4,0.425,0.4068,123,0.025,0.43,-0.86,0.0723,0.1223,0.044
2642,48.8382,267,4.4,0.460,0.3963,118,0.026,0.41,-0.81,0.0700,0.1273,0.055
2643,49.8771,278,4.4,0.395,0.3968,118,0.026,0.43,-0.91,0.0724,0.1276,0.053
2644,49.2499,259,4.4,0.405,0.4096,118,0.026,0.40,-0.89,0.0718,0.1368,0.050
2645,66.1276,289,4.4,0.440,0.4095,116,0.027,0.44,-0.84,0.0682,0.1306,0.076
2646,49.8248,262,4.5,0.435,0.4097,122,0.026,0.40,-0.85,0.0722,0.1208,0.062
2647,64.6818,293,4.4,0.400,0.4097,123,0.025,0.45,-0.90,0.0707,0.1185,0.077
2648,72.5915,297,4.4,0.455,0.4251,118,0.026,0.46,-0.82,0.0699,0.1233,0.105
2649,58.5911,293,4.5,0.370,0.4114,121,0.026,0.45,-0.95,0.0745,0.1312,0.082
2650,45.9432,272,4.4,0.495,0.4008,121,0.026,0.42,-0.76,0.0699,0.1336,0.092
2651,62.7202,289,4.3,0.380,0.3969,126,0.025,0.44,-0.93,0.0768,0.1294,0.094
2652,50.6676,287,4.3,0.450,0.3990,112,0.028,0.44,-0.83,0.0737,0.1333,0.060
2653,42.1488,270,4.5,0.400,0.4123,117,0.027,0.41,-0.90,0.0690,0.1265,0.053
2654,57.0370,278,4.4,0.440,0.4095,123,0.025,0.43,-0.84,0.0749,0.1280,0.039
2655,52.4399,289,4.4,0.395,0.4072,121,0.026,0.44,-0.91,0.0702,0.1295,0.051
2656,65.4355,281,4.5,0.415,0.4026,118,0.026,0.43,-0.88,0.0688,0.1343,0.039
2657,59.1746,322,4.5,0.410,0.4128,123,0.025,0.49,-0.89,0.0765,0.1490,0.032
2658,61.7211,288,4.5,0.410,0.4193,117,0.027,0.44,-0.89,0.0714,0.1416,0.048
2659,62.3388,306,4.5,0.450,0.4056,121,0.026,0.47,-0.83,0.0740,0.1242,0.052
2660,53.7441,248,4.4,0.410,0.4030,124,0.025,0.38,-0.89,0.0716,0.1195,0.080
2661,64.8323,273,4.5,0.410,0.4051,126,0.025,0.42,-0.89,0.0721,0.1163,0.086
2662,54.2092,278,4.4,0.435,0.4109,112,0.028,0.43,-0.85,0.0717,0.1197,0.065
2663,66.0665,321,4.3,0.405,0.4191,121,0.026,0.49,-0.89,0.0700,0.1334,0.068
2664,61.4334,270,4.5,0.425,0.4278,113,0.028,0.42,-0.86,0.0680,0.1432,0.046
2665,61.0495,271,4.5,0.395,0.4230,112,0.028,0.42,-0.91,0.0699,0.1431,0.027
2666,55.5169,286,4.5,0.435,0.4180,121,0.026,0.44,-0.85,0.0696,0.1314,0.053
2667,57.0672,300,4.5,0.385,0.4060,126,0.025,0.46,-0.92,0.0744,0.1243,0.065
2668,52.8428,286,4.5,0.445,0.4124,121,0.026,0.44,-0.83,0.0752,0.1356,0.039
2669,46.6097,258,4.5,0.375,0.4140,121,0.026,0.40,-0.94,0.0720,0.1346,0.027
2670,69.9529,272,4.4,0.410,0.4173,124,0.025,0.42,-0.89,0.0760,0.1232,0.029
2671,64.8067,319,4.6,0.425,0.4187,119,0.026,0.49,-0.86,0.0743,0.1258,0.053
2672,42.5178,250,4.5,0.460,0.4223,117,0.027,0.38,-0.81,0.0728,0.1319,0.057
2673,63.5375,267,4.4,0.375,0.4216,113,0.028,0.41,-0.94,0.0727,0.1417,0.052
2674,50.6322,255,4.5,0.440,0.4257,118,0.026,0.39,-0.84,0.0682,0.1407,0.083
2675,58.0689,313,4.5,0.385,0.4150,124,0.025,0.48,-0.92,0.0732,0.1372,0.091
2676,50.4638,271,4.4,0.465,0.4100,122,0.026,0.42,-0.80,0.0721,0.1307,0.076
2677,60.4191,270,4.5,0.400,0.4107,120,0.026,0.42,-0.90,0.0720,0.1293,0.075
2678,55.7463,313,4.6,0.430,0.4180,120,0.026,0.48,-0.86,0.0722,0.1285,0.066
2679,45.8680,287,4.6,0.380,0.4092,121,0.026,0.44,-0.93,0.0724,0.1240,0.083
2680,54.6437,302,4.4,0.450,0.4093,117,0.027,0.46,-0.83,0.0728,0.1223,0.079
2681,55.1338,333,4.4,0.390,0.4184,126,0.025,0.51,-0.92,0.0745,0.1381,0.052
2682,65.3581,266,4.4,0.445,0.4293,124,0.025,0.41,-0.83,0.0726,0.1362,0.064
2683,51.7060,318,4.5,0.390,0.4175,127,0.025,0.49,-0.92,0.0686,0.1312,0.060
2684,52.9363,275,4.5,0.505,0.4091,115,0.027,0.42,-0.74,0.0751,0.1302,0.045
2685,50.0096,263,4.5,0.400,0.4113,123,0.025,0.40,-0.90,0.0720,0.1369,0.044
2686,56.5495,249,4.5,0.420,0.4159,118,0.026,0.38,-0.87,0.0706,0.1283,0.065
2687,62.5742,288,4.5,0.435,0.4262,116,0.027,0.44,-0.85,0.0675,0.1285,0.082
2688,23.9026,208,4.6,0.445,0.4237,114,0.027,0.32,-0.83,0.0744,0.1275,0.087
2689,71.5400,303,4.4,0.390,0.4131,125,0.025,0.47,-0.92,0.0713,0.1263,0.064
2690,57.8454,292,4.4,0.435,0.4048,120,0.026,0.45,-0.85,0.0731,0.1305,0.060
2691,61.4288,275,4.4,0.455,0.4189,124,0.025,0.42,-0.82,0.0751,0.1328,0.050
2692,56.6747,248,4.4,0.430,0.4101,121,0.026,0.38,-0.86,0.0702,0.1456,0.043
2693,66.9723,303,4.4,0.415,0.4040,120,0.026,0.47,-0.88,0.0756,0.1568,0.039
2694,49.0710,255,4.5,0.450,0.4227,121,0.026,0.39,-0.83,0.0717,0.1491,0.044
2695,50.5317,272,4.5,0.440,0.4189,122,0.026,0.42,-0.84,0.0702,0.1376,0.080
2696,52.5200,296,4.4,0.405,0.4251,119,0.026,0.46,-0.89,0.0753,0.1358,0.092
2697,40.9544,271,4.3,0.485,0.4086,123,0.025,0.42,-0.77,0.0736,0.1387,0.075
2698,57.0448,245,4.3,0.410,0.4083,127,0.025,0.38,-0.89,0.0726,0.1464,0.068
2699,69.9556,294,4.3,0.410,0.4003,127,0.025,0.45,-0.89,0.0734,0.1404,0.066
