episode,reward,rate_avg,hops_avg,ho_avg,q_spread,uniq_sat,beam_avg,rew_rate,rew_ho,loss,q_gap_avg,q_gap_noise,n_valid
1,39.7150,278,4.7,1.000,0.0000,129,0.024,0.43,-0.00,0.0000,0.0000,0.000
2,38.1004,135,4.7,0.070,0.0000,125,0.025,0.21,-1.40,0.0000,0.0000,0.000
3,-11.5017,186,4.8,0.845,0.0000,116,0.027,0.29,-0.23,0.0000,0.0000,0.000
4,45.5239,204,4.8,0.205,0.0000,122,0.026,0.31,-1.19,0.0000,0.0000,0.000
5,-6.9630,166,4.7,0.765,0.0000,121,0.026,0.26,-0.35,0.0000,0.0000,0.000
6,57.9390,206,4.7,0.245,0.0000,125,0.025,0.32,-1.13,0.0000,0.0000,0.000
7,24.4701,194,4.6,0.685,0.0000,118,0.026,0.30,-0.47,0.0000,0.0000,0.000
8,38.7272,254,4.5,0.375,0.0000,124,0.025,0.39,-0.94,0.0000,0.0000,0.000
9,18.7470,183,4.6,0.625,0.0000,114,0.027,0.28,-0.56,0.0000,0.0000,0.000
10,49.1438,249,4.5,0.410,0.0000,118,0.026,0.38,-0.89,0.0000,0.0000,0.000
11,-2.2813,208,4.6,0.600,0.0000,116,0.027,0.32,-0.60,0.0000,0.0000,0.000
12,23.5470,149,4.7,0.445,0.0000,115,0.027,0.23,-0.83,0.0000,0.0000,0.000
13,37.6843,197,4.6,0.570,0.0000,122,0.026,0.30,-0.65,0.0000,0.0000,0.000
14,34.7601,218,4.6,0.435,0.0000,115,0.027,0.34,-0.85,0.0000,0.0000,0.000
15,17.8026,205,4.5,0.575,0.0000,117,0.027,0.32,-0.64,0.0000,0.0000,0.000
16,48.0517,244,4.4,0.440,0.0000,118,0.026,0.37,-0.84,0.0000,0.0000,0.000
17,32.5396,230,4.5,0.550,0.0000,112,0.028,0.35,-0.67,0.0000,0.0000,0.000
18,35.9928,255,4.7,0.460,0.0000,124,0.025,0.39,-0.81,0.0000,0.0000,0.000
19,27.3504,215,4.8,0.550,0.0000,119,0.026,0.33,-0.67,0.0000,0.0000,0.000
20,9.5290,223,4.8,0.490,0.0000,115,0.027,0.34,-0.77,0.0000,0.0000,0.000
21,23.9506,193,4.6,0.520,0.0044,116,0.027,0.30,-0.72,0.1226,0.1078,0.000
22,54.4499,261,4.7,0.480,0.0049,122,0.026,0.40,-0.78,0.1196,0.1030,0.000
23,28.4696,241,4.8,0.495,0.0049,117,0.027,0.37,-0.76,0.0996,0.1030,0.000
24,17.3718,179,4.7,0.515,0.0056,123,0.025,0.27,-0.73,0.0886,0.0898,0.000
25,19.5657,198,4.7,0.485,0.0060,124,0.025,0.30,-0.77,0.0762,0.0898,0.000
26,39.9358,237,4.6,0.485,0.0073,117,0.027,0.36,-0.77,0.0676,0.0821,0.000
27,45.1038,207,4.6,0.500,0.0082,121,0.026,0.32,-0.75,0.0686,0.0821,0.000
28,47.3587,234,4.6,0.490,0.0088,127,0.025,0.36,-0.77,0.0634,0.0837,0.000
29,27.1849,227,4.6,0.515,0.0096,121,0.026,0.35,-0.73,0.0640,0.0840,0.000
30,29.2153,202,4.5,0.495,0.0121,110,0.028,0.31,-0.76,0.0598,0.0841,0.000
31,36.7019,243,4.5,0.465,0.0128,115,0.027,0.37,-0.80,0.0590,0.0825,0.000
32,39.2107,222,4.6,0.535,0.0142,121,0.026,0.34,-0.70,0.0588,0.0887,0.000
33,22.3866,212,4.6,0.485,0.0174,124,0.025,0.33,-0.77,0.0589,0.0928,0.000
34,24.3245,172,4.6,0.550,0.0196,122,0.026,0.26,-0.67,0.0567,0.0974,0.000
35,47.9688,249,4.7,0.430,0.0215,118,0.026,0.38,-0.86,0.0592,0.0907,0.000
36,6.6527,158,4.7,0.600,0.0237,125,0.025,0.24,-0.60,0.0591,0.0846,0.037
37,32.6733,239,4.5,0.430,0.0259,119,0.026,0.37,-0.86,0.0576,0.0817,0.069
38,34.9367,207,4.5,0.585,0.0271,123,0.025,0.32,-0.62,0.0578,0.0817,0.069
39,45.9873,242,4.6,0.400,0.0310,129,0.024,0.37,-0.90,0.0575,0.0838,0.061
40,6.7427,173,4.7,0.600,0.0341,127,0.025,0.27,-0.60,0.0560,0.0871,0.056
41,48.2957,253,4.6,0.450,0.0350,120,0.026,0.39,-0.83,0.0578,0.0891,0.054
42,15.3266,245,4.7,0.580,0.0359,122,0.026,0.38,-0.63,0.1060,0.0886,0.053
43,19.3846,183,4.8,0.405,0.0415,124,0.025,0.28,-0.89,0.0930,0.1014,0.050
44,42.0791,202,4.7,0.565,0.0457,118,0.026,0.31,-0.65,0.0782,0.1067,0.049
45,40.4872,217,4.6,0.425,0.0509,121,0.026,0.33,-0.86,0.0750,0.1108,0.047
46,18.6091,207,4.7,0.560,0.0638,114,0.027,0.32,-0.66,0.0751,0.1180,0.064
47,35.7294,237,4.6,0.430,0.0712,121,0.026,0.37,-0.86,0.0684,0.1181,0.057
48,23.2659,182,4.6,0.560,0.0835,121,0.026,0.28,-0.66,0.0676,0.1261,0.069
49,30.5159,217,4.6,0.460,0.0877,118,0.026,0.33,-0.81,0.0692,0.1271,0.068
50,10.4781,217,4.7,0.515,0.0885,116,0.027,0.33,-0.73,0.0640,0.1270,0.067
51,25.5990,184,4.7,0.485,0.1000,123,0.025,0.28,-0.77,0.0683,0.1368,0.065
52,35.5470,195,4.8,0.515,0.1023,123,0.025,0.30,-0.73,0.0623,0.1349,0.062
53,28.7593,197,4.8,0.480,0.1065,126,0.025,0.30,-0.78,0.0644,0.1323,0.058
54,25.6123,224,4.7,0.510,0.1136,126,0.025,0.34,-0.73,0.0599,0.1370,0.056
55,30.2440,190,4.6,0.440,0.1172,123,0.025,0.29,-0.84,0.0643,0.1441,0.055
56,42.7953,232,4.4,0.540,0.1244,120,0.026,0.36,-0.69,0.0657,0.1471,0.053
57,32.0266,199,4.5,0.455,0.1365,118,0.026,0.31,-0.82,0.0636,0.1542,0.050
58,12.2834,208,4.7,0.555,0.1460,125,0.025,0.32,-0.67,0.0627,0.1638,0.036
59,39.0589,225,4.8,0.470,0.1519,113,0.028,0.35,-0.80,0.0672,0.1718,0.035
60,27.5606,206,4.7,0.520,0.1599,114,0.027,0.32,-0.72,0.0675,0.1709,0.035
61,25.1152,219,4.6,0.490,0.1703,120,0.026,0.34,-0.77,0.0642,0.1813,0.033
62,26.2244,232,4.7,0.550,0.1762,122,0.026,0.36,-0.67,0.0920,0.1827,0.032
63,25.6993,212,4.7,0.490,0.1818,127,0.025,0.33,-0.77,0.0897,0.1776,0.032
64,37.4566,232,4.7,0.530,0.1847,119,0.026,0.36,-0.70,0.0772,0.1781,0.032
65,29.5836,210,4.7,0.470,0.1882,118,0.026,0.32,-0.80,0.0730,0.1829,0.031
66,14.5063,195,4.7,0.520,0.1943,127,0.025,0.30,-0.72,0.0759,0.1916,0.031
67,41.0713,211,4.6,0.470,0.1943,123,0.025,0.32,-0.80,0.0705,0.1916,0.031
68,7.0105,197,4.7,0.525,0.2000,116,0.027,0.30,-0.71,0.0691,0.1900,0.031
69,16.2266,198,4.7,0.535,0.2029,117,0.027,0.30,-0.70,0.0622,0.1778,0.031
70,28.9736,193,4.6,0.445,0.2068,119,0.026,0.30,-0.83,0.0656,0.1772,0.030
71,13.5300,199,4.6,0.570,0.2150,121,0.026,0.31,-0.65,0.0653,0.1770,0.029
72,26.3565,205,4.7,0.460,0.2173,117,0.027,0.31,-0.81,0.0623,0.1794,0.020
73,34.9542,204,4.7,0.560,0.2214,114,0.027,0.31,-0.66,0.0644,0.1818,0.019
74,25.2102,193,4.6,0.450,0.2261,118,0.026,0.30,-0.83,0.0640,0.1804,0.019
75,36.3298,269,4.6,0.555,0.2386,116,0.027,0.41,-0.67,0.0642,0.1852,0.009
76,17.3718,195,4.6,0.435,0.2466,120,0.026,0.30,-0.85,0.0648,0.1842,0.000
77,37.7979,224,4.5,0.530,0.2470,124,0.025,0.34,-0.70,0.0635,0.1826,0.009
78,27.4509,205,4.6,0.485,0.2501,124,0.025,0.32,-0.77,0.0636,0.1832,0.009
79,33.2326,229,4.7,0.500,0.2571,124,0.025,0.35,-0.75,0.0607,0.1811,0.009
80,25.2208,200,4.8,0.520,0.2668,117,0.027,0.31,-0.72,0.0620,0.1801,0.017
81,27.4237,225,4.7,0.505,0.2686,125,0.025,0.35,-0.74,0.0622,0.1788,0.017
82,24.4067,180,4.7,0.495,0.2712,128,0.024,0.28,-0.76,0.0939,0.1813,0.016
83,20.0773,218,4.7,0.525,0.2726,118,0.026,0.33,-0.71,0.0819,0.1747,0.016
84,18.7180,210,4.7,0.460,0.2733,122,0.026,0.32,-0.81,0.0741,0.1713,0.016
85,23.4108,187,4.6,0.545,0.2710,117,0.027,0.29,-0.68,0.0729,0.1687,0.016
86,27.6349,228,4.5,0.440,0.2733,118,0.026,0.35,-0.84,0.0665,0.1672,0.016
87,19.9108,202,4.7,0.555,0.2750,116,0.027,0.31,-0.67,0.0672,0.1664,0.008
88,14.6324,209,4.7,0.445,0.2772,119,0.026,0.32,-0.83,0.0648,0.1650,0.008
89,9.6027,180,4.8,0.545,0.2839,117,0.027,0.28,-0.68,0.0636,0.1577,0.016
90,32.5599,200,4.7,0.460,0.2885,117,0.027,0.31,-0.81,0.0625,0.1566,0.016
91,14.1782,194,4.7,0.550,0.2913,117,0.027,0.30,-0.67,0.0612,0.1615,0.015
92,39.4208,208,4.6,0.470,0.2944,119,0.026,0.32,-0.80,0.0606,0.1670,0.015
93,28.9471,252,4.5,0.525,0.3012,117,0.027,0.39,-0.71,0.0636,0.1683,0.015
94,25.4220,241,4.7,0.465,0.3003,114,0.027,0.37,-0.80,0.0636,0.1622,0.015
95,32.6288,218,4.7,0.515,0.3012,125,0.025,0.34,-0.73,0.0626,0.1629,0.015
96,36.5429,215,4.8,0.510,0.3021,120,0.026,0.33,-0.73,0.0632,0.1667,0.015
97,20.7563,188,4.7,0.505,0.3062,115,0.027,0.29,-0.74,0.0583,0.1684,0.007
98,48.1309,235,4.6,0.485,0.3085,125,0.025,0.36,-0.77,0.0645,0.1703,0.007
99,20.0646,201,4.7,0.520,0.3091,122,0.026,0.31,-0.72,0.0609,0.1707,0.007
100,27.0455,208,4.8,0.470,0.3084,119,0.026,0.32,-0.80,0.0648,0.1698,0.007
101,37.0145,238,4.6,0.540,0.3073,123,0.025,0.37,-0.69,0.0620,0.1692,0.000
102,25.4634,203,4.7,0.495,0.3138,130,0.024,0.31,-0.76,0.0825,0.1741,0.007
103,39.6137,213,4.6,0.510,0.3151,118,0.026,0.33,-0.73,0.0782,0.1743,0.015
104,35.6914,213,4.6,0.530,0.3178,123,0.025,0.33,-0.70,0.0727,0.1718,0.015
105,52.2442,246,4.5,0.480,0.3213,118,0.026,0.38,-0.78,0.0720,0.1777,0.015
106,30.0724,225,4.6,0.545,0.3196,116,0.027,0.35,-0.68,0.0699,0.1756,0.022
107,34.6017,213,4.7,0.480,0.3200,122,0.026,0.33,-0.78,0.0654,0.1705,0.022
108,33.9579,261,4.6,0.520,0.3205,117,0.027,0.40,-0.72,0.0648,0.1698,0.029
109,33.3153,205,4.5,0.490,0.3263,112,0.028,0.32,-0.77,0.0679,0.1666,0.029
110,50.0594,247,4.4,0.490,0.3294,118,0.026,0.38,-0.77,0.0648,0.1717,0.028
111,32.8716,236,4.6,0.525,0.3340,116,0.027,0.36,-0.71,0.0655,0.1623,0.035
112,27.9833,230,4.6,0.475,0.3356,118,0.026,0.35,-0.79,0.0631,0.1617,0.034
113,21.9879,207,4.5,0.535,0.3384,129,0.024,0.32,-0.70,0.0621,0.1619,0.034
114,25.9838,182,4.6,0.455,0.3423,122,0.026,0.28,-0.82,0.0661,0.1606,0.035
115,36.3038,207,4.6,0.530,0.3521,125,0.025,0.32,-0.70,0.0631,0.1723,0.034
116,30.8854,204,4.7,0.500,0.3522,122,0.026,0.31,-0.75,0.0623,0.1762,0.028
117,25.4907,196,4.7,0.535,0.3535,113,0.028,0.30,-0.70,0.0658,0.1764,0.027
118,18.8260,205,4.7,0.460,0.3566,116,0.027,0.31,-0.81,0.0644,0.1732,0.020
119,37.0654,192,4.6,0.540,0.3519,119,0.026,0.29,-0.69,0.0652,0.1679,0.019
120,30.4211,235,4.6,0.510,0.3547,119,0.026,0.36,-0.73,0.0591,0.1734,0.020
121,25.4834,192,4.6,0.500,0.3549,124,0.025,0.29,-0.75,0.0668,0.1682,0.020
122,45.3987,245,4.6,0.490,0.3510,115,0.027,0.38,-0.77,0.0757,0.1667,0.020
123,13.2298,206,4.5,0.535,0.3524,121,0.026,0.32,-0.70,0.0768,0.1653,0.020
124,48.6710,198,4.5,0.455,0.3536,115,0.027,0.30,-0.82,0.0715,0.1675,0.019
125,18.5263,226,4.6,0.520,0.3527,123,0.025,0.35,-0.72,0.0668,0.1663,0.019
126,17.1540,213,4.6,0.475,0.3497,123,0.025,0.33,-0.79,0.0657,0.1668,0.020
127,23.3292,181,4.8,0.525,0.3500,117,0.027,0.28,-0.71,0.0688,0.1643,0.020
128,31.8940,214,4.7,0.505,0.3486,117,0.027,0.33,-0.74,0.0632,0.1676,0.020
129,13.8566,225,4.6,0.500,0.3460,118,0.026,0.35,-0.75,0.0655,0.1637,0.014
130,15.3768,195,4.6,0.495,0.3488,123,0.025,0.30,-0.76,0.0646,0.1668,0.013
131,20.3718,206,4.5,0.515,0.3501,116,0.027,0.32,-0.73,0.0642,0.1689,0.014
132,33.3212,186,4.7,0.465,0.3537,117,0.027,0.29,-0.80,0.0630,0.1701,0.014
133,36.2524,249,4.8,0.535,0.3554,122,0.026,0.38,-0.70,0.0656,0.1728,0.013
134,21.1186,219,4.6,0.460,0.3537,116,0.027,0.34,-0.81,0.0655,0.1705,0.013
135,45.5529,232,4.6,0.510,0.3513,123,0.025,0.36,-0.73,0.0663,0.1700,0.027
136,39.5727,224,4.7,0.470,0.3506,122,0.026,0.34,-0.80,0.0641,0.1709,0.027
137,21.5434,198,4.6,0.510,0.3569,118,0.026,0.30,-0.73,0.0620,0.1676,0.033
138,18.4154,194,4.7,0.485,0.3593,116,0.027,0.30,-0.77,0.0624,0.1680,0.033
139,37.0576,230,4.6,0.490,0.3587,117,0.027,0.35,-0.77,0.0599,0.1684,0.033
140,37.5745,209,4.7,0.510,0.3595,128,0.024,0.32,-0.73,0.0627,0.1708,0.025
141,37.7863,245,4.5,0.480,0.3588,124,0.025,0.38,-0.78,0.0667,0.1716,0.026
142,21.6601,197,4.6,0.495,0.3664,124,0.025,0.30,-0.76,0.0758,0.1734,0.026
143,40.4122,175,4.7,0.535,0.3746,118,0.026,0.27,-0.70,0.0725,0.1751,0.020
144,27.8276,218,4.7,0.505,0.3769,125,0.025,0.33,-0.74,0.0689,0.1720,0.020
145,8.0080,150,4.7,0.500,0.3819,118,0.026,0.23,-0.75,0.0672,0.1807,0.020
146,31.2947,194,4.5,0.485,0.3869,125,0.025,0.30,-0.77,0.0684,0.1808,0.020
147,44.7133,224,4.5,0.490,0.3878,125,0.025,0.34,-0.77,0.0674,0.1807,0.020
148,41.3446,199,4.6,0.480,0.3852,123,0.025,0.31,-0.78,0.0645,0.1778,0.019
149,34.4438,217,4.5,0.495,0.3935,118,0.026,0.33,-0.76,0.0649,0.1822,0.019
150,26.6363,191,4.6,0.500,0.3898,131,0.024,0.29,-0.75,0.0656,0.1778,0.026
151,35.2870,238,4.7,0.490,0.3955,126,0.025,0.37,-0.77,0.0645,0.1775,0.026
152,10.2110,211,4.7,0.520,0.3966,127,0.025,0.32,-0.72,0.0656,0.1717,0.019
153,33.9098,186,4.6,0.465,0.3989,125,0.025,0.29,-0.80,0.0654,0.1718,0.019
154,33.6136,230,4.6,0.535,0.4006,128,0.024,0.35,-0.70,0.0620,0.1761,0.019
155,17.1864,205,4.6,0.475,0.4036,109,0.029,0.32,-0.79,0.0647,0.1760,0.019
156,22.1995,193,4.6,0.545,0.4069,123,0.025,0.30,-0.68,0.0658,0.1787,0.020
157,37.0276,242,4.6,0.435,0.4068,121,0.026,0.37,-0.85,0.0643,0.1788,0.020
158,24.1266,202,4.6,0.555,0.4079,121,0.026,0.31,-0.67,0.0678,0.1842,0.013
159,27.5090,196,4.8,0.485,0.4089,123,0.025,0.30,-0.77,0.0653,0.1850,0.013
160,21.6064,217,4.8,0.530,0.4028,124,0.025,0.33,-0.70,0.0703,0.1861,0.014
161,31.7734,198,4.7,0.445,0.4002,121,0.026,0.30,-0.83,0.0654,0.1853,0.007
162,25.0395,221,4.7,0.550,0.3998,115,0.027,0.34,-0.67,0.0754,0.1799,0.013
163,48.3416,238,4.7,0.455,0.4028,126,0.025,0.37,-0.82,0.0714,0.1718,0.014
164,30.0186,272,4.4,0.525,0.3997,125,0.025,0.42,-0.71,0.0687,0.1748,0.020
165,29.3303,212,4.5,0.470,0.4082,125,0.025,0.33,-0.80,0.0634,0.1765,0.020
166,27.9424,177,4.7,0.520,0.4046,118,0.026,0.27,-0.72,0.0630,0.1838,0.020
167,24.7538,225,4.8,0.500,0.4048,119,0.026,0.35,-0.75,0.0645,0.1889,0.020
168,11.6801,173,4.8,0.455,0.4078,118,0.026,0.27,-0.82,0.0683,0.1892,0.007
169,7.6024,165,4.8,0.520,0.4097,118,0.026,0.25,-0.72,0.0702,0.1913,0.020
170,45.7068,196,4.7,0.465,0.4119,121,0.026,0.30,-0.80,0.0697,0.1924,0.020
171,21.7865,238,4.6,0.535,0.4113,128,0.024,0.37,-0.70,0.0695,0.1903,0.020
172,27.8579,225,4.4,0.470,0.4088,127,0.025,0.35,-0.80,0.0682,0.1852,0.027
173,13.5891,226,4.7,0.545,0.4100,124,0.025,0.35,-0.68,0.0650,0.1865,0.027
174,24.4216,178,4.7,0.490,0.4127,118,0.026,0.27,-0.77,0.0665,0.1854,0.020
175,36.3057,256,4.7,0.500,0.4188,124,0.025,0.39,-0.75,0.0668,0.1854,0.020
176,27.3605,201,4.7,0.470,0.4180,123,0.025,0.31,-0.80,0.0635,0.1820,0.013
177,30.3483,223,4.7,0.505,0.4188,119,0.026,0.34,-0.74,0.0682,0.1832,0.013
178,32.8825,235,4.7,0.495,0.4213,127,0.025,0.36,-0.76,0.0614,0.1832,0.013
179,26.0600,236,4.7,0.510,0.4189,127,0.025,0.36,-0.73,0.0691,0.1748,0.006
180,23.4038,205,4.6,0.485,0.4215,123,0.025,0.32,-0.77,0.0659,0.1833,0.013
181,46.2705,252,4.5,0.520,0.4248,118,0.026,0.39,-0.72,0.0653,0.1874,0.013
182,26.3014,213,4.6,0.485,0.4261,118,0.026,0.33,-0.77,0.0718,0.1915,0.019
183,31.2212,208,4.8,0.530,0.4264,120,0.026,0.32,-0.70,0.0680,0.1955,0.019
184,39.8009,218,4.7,0.460,0.4324,121,0.026,0.34,-0.81,0.0673,0.2020,0.019
185,19.9736,235,4.6,0.525,0.4253,121,0.026,0.36,-0.71,0.0700,0.1980,0.019
186,30.0994,229,4.6,0.475,0.4225,121,0.026,0.35,-0.79,0.0656,0.1971,0.019
187,36.2585,213,4.6,0.515,0.4259,123,0.025,0.33,-0.73,0.0664,0.1949,0.019
188,35.8578,229,4.7,0.480,0.4208,129,0.024,0.35,-0.78,0.0651,0.1850,0.019
189,19.2860,188,4.7,0.500,0.4128,125,0.025,0.29,-0.75,0.0666,0.1814,0.019
190,28.5052,191,4.6,0.515,0.4100,122,0.026,0.29,-0.73,0.0655,0.1844,0.019
191,40.4047,218,4.6,0.475,0.4144,123,0.025,0.33,-0.79,0.0665,0.1881,0.018
192,21.3250,175,4.6,0.495,0.4205,120,0.026,0.27,-0.76,0.0655,0.1872,0.006
193,25.8215,221,4.7,0.495,0.4199,114,0.027,0.34,-0.76,0.0635,0.1924,0.006
194,29.8637,203,4.6,0.510,0.4181,115,0.027,0.31,-0.73,0.0623,0.1882,0.006
195,48.3869,236,4.6,0.500,0.4149,125,0.025,0.36,-0.75,0.0635,0.1886,0.006
196,39.8441,252,4.6,0.485,0.4211,125,0.025,0.39,-0.77,0.0644,0.1920,0.006
197,21.1232,231,4.7,0.530,0.4195,125,0.025,0.36,-0.70,0.0652,0.1928,0.006
198,23.9226,232,4.6,0.475,0.4232,121,0.026,0.36,-0.79,0.0651,0.1851,0.006
199,30.2810,207,4.6,0.515,0.4179,119,0.026,0.32,-0.73,0.0647,0.1749,0.012
200,16.4272,224,4.6,0.475,0.4194,120,0.026,0.34,-0.79,0.0636,0.1829,0.024
201,33.4197,214,4.6,0.540,0.4194,119,0.026,0.33,-0.69,0.0656,0.1813,0.036
202,26.5110,255,4.6,0.480,0.4163,123,0.025,0.39,-0.78,0.0729,0.1763,0.043
203,46.7985,243,4.6,0.525,0.4218,123,0.025,0.37,-0.71,0.0677,0.1788,0.042
204,30.9978,243,4.6,0.495,0.4244,118,0.026,0.37,-0.76,0.0683,0.1727,0.048
205,30.9813,214,4.7,0.500,0.4258,121,0.026,0.33,-0.75,0.0625,0.1685,0.049
206,14.0765,186,4.7,0.485,0.4237,107,0.029,0.29,-0.77,0.0692,0.1725,0.056
207,23.7687,250,4.6,0.510,0.4256,125,0.025,0.38,-0.73,0.0643,0.1739,0.058
208,31.1408,171,4.6,0.475,0.4207,119,0.026,0.26,-0.79,0.0628,0.1703,0.060
209,25.1265,207,4.6,0.515,0.4266,120,0.026,0.32,-0.73,0.0642,0.1745,0.059
210,30.3481,193,4.7,0.495,0.4298,124,0.025,0.30,-0.76,0.0688,0.1864,0.058
211,31.0529,226,4.7,0.480,0.4299,113,0.028,0.35,-0.78,0.0650,0.1875,0.051
212,25.9961,203,4.6,0.500,0.4296,123,0.025,0.31,-0.75,0.0659,0.1896,0.051
213,24.0651,199,4.8,0.480,0.4321,116,0.027,0.31,-0.78,0.0671,0.1882,0.045
214,35.5028,190,4.8,0.495,0.4351,124,0.025,0.29,-0.76,0.0678,0.1990,0.044
215,33.6931,231,4.7,0.515,0.4334,117,0.027,0.35,-0.73,0.0668,0.1956,0.037
216,30.4829,214,4.5,0.455,0.4385,117,0.027,0.33,-0.82,0.0620,0.1851,0.037
217,32.7468,204,4.5,0.495,0.4358,116,0.027,0.31,-0.76,0.0653,0.1883,0.037
218,41.3993,225,4.6,0.505,0.4279,121,0.026,0.35,-0.74,0.0636,0.1789,0.037
219,32.6861,249,4.6,0.490,0.4204,118,0.026,0.38,-0.77,0.0625,0.1748,0.037
220,29.7925,181,4.5,0.535,0.4185,120,0.026,0.28,-0.70,0.0639,0.1748,0.038
221,36.9058,233,4.7,0.485,0.4199,127,0.025,0.36,-0.77,0.0659,0.1794,0.031
222,10.6653,185,4.6,0.515,0.4202,120,0.026,0.28,-0.73,0.0645,0.1749,0.032
223,41.1770,223,4.6,0.485,0.4230,122,0.026,0.34,-0.77,0.0701,0.1793,0.026
224,21.5161,231,4.7,0.515,0.4271,120,0.026,0.35,-0.73,0.0683,0.1795,0.013
225,28.1351,199,4.7,0.455,0.4277,121,0.026,0.31,-0.82,0.0665,0.1900,0.006
226,27.5313,181,4.7,0.540,0.4318,114,0.027,0.28,-0.69,0.0671,0.1910,0.007
227,35.7132,227,4.6,0.450,0.4318,121,0.026,0.35,-0.83,0.0667,0.1858,0.007
228,11.5146,186,4.6,0.540,0.4289,120,0.026,0.29,-0.69,0.0675,0.1888,0.006
229,32.0488,217,4.7,0.490,0.4295,124,0.025,0.33,-0.77,0.0676,0.1855,0.013
230,23.5802,171,4.7,0.490,0.4442,119,0.026,0.26,-0.77,0.0648,0.1948,0.013
231,34.1350,214,4.7,0.470,0.4474,114,0.027,0.33,-0.80,0.0635,0.1890,0.014
232,21.7598,240,4.7,0.510,0.4457,123,0.025,0.37,-0.73,0.0671,0.1835,0.020
233,25.8655,207,4.5,0.485,0.4513,119,0.026,0.32,-0.77,0.0630,0.1830,0.020
234,36.0173,218,4.6,0.510,0.4453,124,0.025,0.34,-0.73,0.0625,0.1832,0.019
235,32.1852,238,4.6,0.510,0.4487,129,0.024,0.37,-0.73,0.0654,0.1872,0.026
236,41.2866,218,4.6,0.485,0.4415,124,0.025,0.33,-0.77,0.0637,0.1926,0.019
237,25.0310,220,4.5,0.510,0.4484,125,0.025,0.34,-0.73,0.0662,0.1890,0.025
238,38.9568,189,4.4,0.460,0.4502,119,0.026,0.29,-0.81,0.0622,0.1978,0.031
239,47.2103,243,4.5,0.500,0.4552,114,0.027,0.37,-0.75,0.0654,0.2150,0.031
240,18.2504,216,4.6,0.535,0.4604,117,0.027,0.33,-0.70,0.0691,0.2055,0.032
241,30.8207,211,4.6,0.450,0.4602,120,0.026,0.32,-0.83,0.0655,0.1950,0.025
242,29.8544,215,4.6,0.540,0.4561,120,0.026,0.33,-0.69,0.0681,0.1921,0.019
243,41.5940,245,4.5,0.460,0.4606,119,0.026,0.38,-0.81,0.0677,0.1990,0.019
244,42.3534,221,4.5,0.495,0.4563,116,0.027,0.34,-0.76,0.0640,0.2052,0.012
245,44.5182,232,4.6,0.510,0.4657,123,0.025,0.36,-0.73,0.0657,0.2085,0.006
246,25.8321,227,4.7,0.500,0.4679,120,0.026,0.35,-0.75,0.0651,0.2079,0.013
247,53.2549,211,4.6,0.500,0.4636,118,0.026,0.32,-0.75,0.0666,0.1974,0.019
248,21.5414,204,4.6,0.525,0.4607,124,0.025,0.31,-0.71,0.0680,0.2004,0.006
249,22.7173,214,4.6,0.480,0.4599,122,0.026,0.33,-0.78,0.0654,0.2076,0.012
250,29.9055,217,4.7,0.495,0.4619,124,0.025,0.33,-0.76,0.0667,0.2085,0.018
251,28.3813,253,4.5,0.520,0.4526,121,0.026,0.39,-0.72,0.0657,0.2049,0.018
252,39.0325,194,4.5,0.480,0.4574,125,0.025,0.30,-0.78,0.0639,0.2072,0.025
253,46.2600,270,4.6,0.500,0.4618,126,0.025,0.41,-0.75,0.0640,0.2196,0.019
254,27.6405,233,4.7,0.510,0.4709,120,0.026,0.36,-0.73,0.0689,0.2257,0.019
255,27.1739,194,4.7,0.470,0.4773,117,0.027,0.30,-0.80,0.0655,0.2254,0.018
256,43.3536,236,4.7,0.535,0.4853,121,0.026,0.36,-0.70,0.0648,0.2273,0.024
257,39.2317,237,4.7,0.465,0.4913,118,0.026,0.36,-0.80,0.0660,0.2223,0.031
258,40.7570,220,4.6,0.535,0.4876,125,0.025,0.34,-0.70,0.0676,0.2250,0.032
259,49.2892,264,4.6,0.450,0.4838,116,0.027,0.41,-0.83,0.0667,0.2264,0.032
260,32.9238,218,4.6,0.495,0.4781,114,0.027,0.34,-0.76,0.0654,0.2288,0.032
261,39.7059,231,4.6,0.530,0.4729,122,0.026,0.36,-0.70,0.0671,0.2282,0.038
262,43.7662,254,4.7,0.440,0.4616,126,0.025,0.39,-0.84,0.0644,0.2267,0.045
263,30.8499,235,4.6,0.545,0.4436,121,0.026,0.36,-0.68,0.0611,0.2173,0.052
264,34.2375,180,4.5,0.450,0.4446,118,0.026,0.28,-0.83,0.0674,0.2074,0.052
265,42.4821,219,4.5,0.515,0.4435,119,0.026,0.34,-0.73,0.0656,0.1925,0.033
266,14.9365,222,4.7,0.495,0.4462,128,0.024,0.34,-0.76,0.0636,0.1887,0.027
267,45.1131,247,4.7,0.510,0.4471,119,0.026,0.38,-0.73,0.0632,0.1773,0.034
268,25.0184,241,4.6,0.475,0.4555,124,0.025,0.37,-0.79,0.0664,0.1730,0.040
269,47.9828,252,4.5,0.505,0.4569,121,0.026,0.39,-0.74,0.0671,0.1852,0.038
270,27.9678,262,4.4,0.500,0.4452,115,0.027,0.40,-0.75,0.0646,0.1864,0.038
271,20.8278,180,4.6,0.515,0.4425,125,0.025,0.28,-0.73,0.0623,0.1806,0.031
272,44.4124,232,4.6,0.505,0.4431,114,0.027,0.36,-0.74,0.0611,0.1860,0.031
273,17.7408,233,4.7,0.505,0.4390,114,0.027,0.36,-0.74,0.0662,0.1800,0.036
274,17.7755,219,4.7,0.475,0.4280,124,0.025,0.34,-0.79,0.0639,0.1787,0.036
275,20.9781,218,4.6,0.550,0.4249,123,0.025,0.33,-0.67,0.0649,0.1873,0.042
276,47.3957,243,4.7,0.400,0.4222,118,0.026,0.37,-0.90,0.0636,0.1853,0.037
277,53.9691,242,4.7,0.575,0.4226,126,0.025,0.37,-0.64,0.0616,0.1774,0.037
278,30.7481,258,4.6,0.455,0.4141,136,0.023,0.40,-0.82,0.0601,0.1697,0.037
279,24.4087,222,4.6,0.550,0.4072,126,0.025,0.34,-0.67,0.0649,0.1780,0.037
280,34.0351,189,4.6,0.450,0.4056,122,0.026,0.29,-0.83,0.0629,0.1818,0.037
281,29.6479,228,4.6,0.520,0.4046,114,0.027,0.35,-0.72,0.0615,0.1829,0.050
282,42.3393,217,4.7,0.445,0.4037,120,0.026,0.33,-0.83,0.0671,0.1872,0.052
283,28.7710,220,4.7,0.560,0.4081,118,0.026,0.34,-0.66,0.0648,0.1848,0.045
284,24.6419,173,4.6,0.475,0.4098,118,0.026,0.27,-0.79,0.0618,0.1840,0.053
285,44.4322,238,4.7,0.505,0.4066,118,0.026,0.37,-0.74,0.0642,0.1945,0.046
286,49.2821,232,4.8,0.465,0.4068,124,0.025,0.36,-0.80,0.0649,0.1952,0.053
287,36.6882,239,4.7,0.505,0.4157,118,0.026,0.37,-0.74,0.0683,0.1974,0.034
288,36.4015,209,4.8,0.500,0.4224,121,0.026,0.32,-0.75,0.0620,0.2004,0.013
289,16.4920,191,4.8,0.500,0.4203,126,0.025,0.29,-0.75,0.0635,0.1933,0.019
290,32.5937,203,4.6,0.500,0.4166,129,0.024,0.31,-0.75,0.0662,0.1943,0.019
291,39.8960,250,4.5,0.480,0.4156,123,0.025,0.38,-0.78,0.0602,0.1947,0.026
292,38.7721,226,4.6,0.525,0.4089,124,0.025,0.35,-0.71,0.0620,0.1876,0.026
293,33.6118,227,4.6,0.465,0.4130,117,0.027,0.35,-0.80,0.0620,0.1815,0.025
294,24.1768,210,4.6,0.540,0.4140,119,0.026,0.32,-0.69,0.0637,0.1761,0.013
295,37.4171,263,4.6,0.450,0.4151,117,0.027,0.40,-0.83,0.0620,0.1695,0.014
296,14.8883,186,4.6,0.580,0.4158,115,0.027,0.29,-0.63,0.0666,0.1733,0.007
297,37.2016,230,4.6,0.430,0.4142,118,0.026,0.35,-0.86,0.0618,0.1815,0.007
298,12.8743,204,4.7,0.550,0.4093,125,0.025,0.31,-0.67,0.0618,0.1747,0.007
299,29.9688,225,4.7,0.465,0.4102,123,0.025,0.35,-0.80,0.0667,0.1740,0.019
300,34.3770,199,4.7,0.515,0.4163,126,0.025,0.31,-0.73,0.0619,0.1694,0.019
301,43.6699,243,4.6,0.495,0.4244,124,0.025,0.37,-0.76,0.0594,0.1747,0.020
302,38.9384,240,4.5,0.480,0.4299,128,0.024,0.37,-0.78,0.0645,0.1771,0.020
303,29.9555,218,4.5,0.465,0.4365,121,0.026,0.33,-0.80,0.0608,0.1731,0.013
304,35.1899,208,4.7,0.520,0.4479,119,0.026,0.32,-0.72,0.0660,0.1860,0.014
305,32.7365,220,4.6,0.505,0.4436,115,0.027,0.34,-0.74,0.0643,0.1894,0.007
306,46.5413,236,4.6,0.480,0.4479,115,0.027,0.36,-0.78,0.0658,0.1948,0.007
307,29.1259,226,4.6,0.510,0.4557,116,0.027,0.35,-0.73,0.0660,0.1981,0.020
308,39.9864,233,4.5,0.485,0.4662,117,0.027,0.36,-0.77,0.0619,0.2067,0.027
309,40.1303,215,4.6,0.500,0.4541,117,0.027,0.33,-0.75,0.0642,0.2068,0.020
310,39.3192,184,4.7,0.455,0.4533,126,0.025,0.28,-0.82,0.0634,0.2099,0.033
311,45.1303,265,4.6,0.505,0.4506,123,0.025,0.41,-0.74,0.0661,0.2033,0.026
312,27.3084,232,4.5,0.495,0.4502,127,0.025,0.36,-0.76,0.0646,0.2089,0.013
313,30.9081,226,4.7,0.515,0.4568,122,0.026,0.35,-0.73,0.0594,0.2105,0.013
314,30.2243,207,4.7,0.495,0.4421,121,0.026,0.32,-0.76,0.0623,0.2122,0.006
315,41.0072,245,4.7,0.440,0.4398,121,0.026,0.38,-0.84,0.0626,0.2062,0.013
316,7.4622,194,4.6,0.565,0.4369,120,0.026,0.30,-0.65,0.0631,0.2074,0.013
317,36.0561,236,4.7,0.425,0.4341,118,0.026,0.36,-0.86,0.0612,0.2059,0.020
318,28.3132,220,4.5,0.555,0.4335,122,0.026,0.34,-0.67,0.0634,0.1993,0.019
319,32.8448,224,4.5,0.455,0.4323,115,0.027,0.34,-0.82,0.0663,0.1981,0.025
320,12.9743,156,4.7,0.510,0.4349,114,0.027,0.24,-0.73,0.0630,0.2060,0.031
321,45.8229,225,4.6,0.500,0.4395,120,0.026,0.35,-0.75,0.0620,0.2141,0.013
322,26.3012,219,4.6,0.510,0.4542,118,0.026,0.34,-0.73,0.0663,0.2277,0.013
323,29.7302,216,4.8,0.490,0.4623,123,0.025,0.33,-0.77,0.0669,0.2309,0.019
324,27.7625,233,4.7,0.515,0.4706,123,0.025,0.36,-0.73,0.0610,0.2192,0.019
325,45.8605,269,4.6,0.470,0.4877,122,0.026,0.41,-0.80,0.0621,0.2148,0.038
326,33.6058,177,4.5,0.545,0.4965,120,0.026,0.27,-0.68,0.0641,0.2080,0.038
327,35.2285,206,4.6,0.445,0.5022,115,0.027,0.32,-0.83,0.0618,0.2082,0.038
328,36.8337,237,4.7,0.520,0.5077,121,0.026,0.36,-0.72,0.0673,0.2218,0.037
329,51.2400,238,4.5,0.460,0.5077,128,0.024,0.37,-0.81,0.0613,0.2203,0.038
330,32.1349,215,4.6,0.540,0.5128,120,0.026,0.33,-0.69,0.0650,0.2254,0.038
331,22.4534,226,4.6,0.440,0.5168,119,0.026,0.35,-0.84,0.0620,0.2192,0.053
332,25.6257,224,4.5,0.550,0.5003,115,0.027,0.34,-0.67,0.0646,0.2017,0.065
333,34.0473,218,4.6,0.420,0.5021,118,0.026,0.34,-0.87,0.0622,0.2015,0.066
334,31.7480,200,4.6,0.550,0.5098,119,0.026,0.31,-0.67,0.0670,0.2026,0.052
335,45.4154,234,4.6,0.440,0.5107,115,0.027,0.36,-0.84,0.0627,0.2082,0.045
336,37.0238,225,4.5,0.520,0.5106,116,0.027,0.35,-0.72,0.0677,0.2164,0.044
337,35.8048,225,4.5,0.425,0.5088,122,0.026,0.35,-0.86,0.0657,0.2227,0.052
338,40.0973,226,4.6,0.545,0.4937,121,0.026,0.35,-0.68,0.0633,0.2147,0.054
339,33.7449,234,4.6,0.450,0.4955,122,0.026,0.36,-0.83,0.0632,0.2150,0.052
340,37.9051,207,4.6,0.500,0.5068,125,0.025,0.32,-0.75,0.0649,0.2215,0.068
341,22.3808,222,4.6,0.475,0.5046,117,0.027,0.34,-0.79,0.0636,0.2182,0.068
342,29.8277,239,4.6,0.525,0.5108,123,0.025,0.37,-0.71,0.0601,0.2225,0.061
343,32.0655,225,4.5,0.470,0.5069,125,0.025,0.35,-0.80,0.0641,0.2138,0.040
344,51.0506,233,4.5,0.510,0.5047,118,0.026,0.36,-0.73,0.0623,0.2007,0.040
345,60.0116,275,4.5,0.465,0.5108,123,0.025,0.42,-0.80,0.0601,0.2100,0.041
346,30.4225,231,4.7,0.465,0.5036,118,0.026,0.35,-0.80,0.0641,0.1998,0.034
347,17.8924,198,4.6,0.480,0.4967,121,0.026,0.30,-0.78,0.0624,0.1977,0.048
348,23.2129,186,4.6,0.495,0.4925,114,0.027,0.29,-0.76,0.0662,0.2009,0.061
349,42.6992,219,4.7,0.495,0.5026,120,0.026,0.34,-0.76,0.0645,0.2004,0.055
350,38.5115,233,4.7,0.490,0.5086,118,0.026,0.36,-0.77,0.0614,0.2106,0.040
351,28.6059,208,4.7,0.490,0.5158,117,0.027,0.32,-0.77,0.0644,0.2082,0.046
352,57.3932,193,4.7,0.490,0.5078,121,0.026,0.30,-0.77,0.0638,0.2042,0.038
353,44.7696,286,4.6,0.490,0.4923,120,0.026,0.44,-0.77,0.0605,0.1990,0.044
354,31.2001,216,4.6,0.510,0.4978,117,0.027,0.33,-0.73,0.0665,0.2098,0.019
355,44.3225,272,4.5,0.490,0.4981,120,0.026,0.42,-0.77,0.0628,0.2165,0.012
356,29.5040,234,4.3,0.475,0.4971,126,0.025,0.36,-0.79,0.0655,0.2216,0.012
357,16.6143,221,4.6,0.510,0.4839,118,0.026,0.34,-0.73,0.0631,0.2236,0.012
358,32.4632,185,4.8,0.520,0.4888,129,0.024,0.28,-0.72,0.0639,0.2232,0.012
359,30.8030,245,4.6,0.465,0.4952,123,0.025,0.38,-0.80,0.0595,0.2292,0.012
360,26.9636,195,4.6,0.495,0.4858,122,0.026,0.30,-0.76,0.0638,0.2386,0.019
361,24.4885,243,4.6,0.485,0.4879,121,0.026,0.37,-0.77,0.0647,0.2426,0.012
362,46.2176,258,4.5,0.525,0.4904,126,0.025,0.40,-0.71,0.0627,0.2352,0.018
363,42.7499,253,4.5,0.485,0.4884,118,0.026,0.39,-0.77,0.0674,0.2337,0.024
364,36.7481,192,4.7,0.505,0.4935,120,0.026,0.30,-0.74,0.0642,0.2381,0.012
365,25.8577,237,4.7,0.495,0.5118,121,0.026,0.36,-0.76,0.0636,0.2318,0.012
366,27.9443,211,4.6,0.485,0.5126,120,0.026,0.32,-0.77,0.0627,0.2306,0.013
367,52.7367,225,4.6,0.475,0.5145,122,0.026,0.35,-0.79,0.0616,0.2298,0.013
368,31.7935,255,4.6,0.540,0.5050,127,0.025,0.39,-0.69,0.0627,0.2269,0.012
369,50.0252,218,4.6,0.455,0.4953,123,0.025,0.34,-0.82,0.0663,0.2366,0.013
370,45.8417,222,4.6,0.505,0.4959,122,0.026,0.34,-0.74,0.0675,0.2447,0.019
371,36.0600,276,4.8,0.490,0.4925,122,0.026,0.42,-0.77,0.0679,0.2390,0.026
372,47.8113,217,4.6,0.495,0.4837,128,0.024,0.33,-0.76,0.0645,0.2333,0.026
373,54.7688,247,4.6,0.470,0.4895,115,0.027,0.38,-0.80,0.0657,0.2340,0.032
374,41.7860,269,4.7,0.475,0.5024,116,0.027,0.41,-0.79,0.0643,0.2290,0.020
375,37.4138,257,4.8,0.505,0.5044,116,0.027,0.39,-0.74,0.0648,0.2197,0.013
376,25.0492,202,4.6,0.525,0.5058,125,0.025,0.31,-0.71,0.0640,0.2158,0.020
377,37.8929,202,4.7,0.480,0.5021,115,0.027,0.31,-0.78,0.0657,0.2218,0.026
378,46.8066,245,4.6,0.455,0.5036,117,0.027,0.38,-0.82,0.0637,0.2297,0.019
379,41.4590,199,4.5,0.530,0.5160,119,0.026,0.31,-0.70,0.0654,0.2317,0.020
380,58.3542,242,4.5,0.450,0.5181,127,0.025,0.37,-0.83,0.0658,0.2425,0.020
381,12.9625,212,4.6,0.550,0.5059,113,0.028,0.33,-0.67,0.0670,0.2385,0.019
382,47.7513,242,4.6,0.435,0.4894,123,0.025,0.37,-0.85,0.0590,0.2281,0.013
383,36.8566,258,4.7,0.560,0.4871,122,0.026,0.40,-0.66,0.0641,0.2185,0.013
384,27.5248,218,4.7,0.440,0.4778,118,0.026,0.34,-0.84,0.0616,0.2165,0.013
385,47.7455,242,4.5,0.530,0.4771,123,0.025,0.37,-0.70,0.0629,0.2135,0.013
386,27.9520,197,4.6,0.470,0.4768,123,0.025,0.30,-0.80,0.0623,0.2111,0.019
387,36.1665,245,4.8,0.515,0.4703,114,0.027,0.38,-0.73,0.0655,0.2093,0.019
388,17.7770,234,4.6,0.470,0.4729,120,0.026,0.36,-0.80,0.0632,0.2053,0.024
389,20.2976,184,4.6,0.520,0.4637,122,0.026,0.28,-0.72,0.0632,0.2015,0.018
390,61.7614,284,4.6,0.450,0.4629,129,0.024,0.44,-0.83,0.0642,0.2029,0.024
391,33.0705,235,4.6,0.525,0.4775,119,0.026,0.36,-0.71,0.0642,0.1957,0.025
392,46.0415,284,4.6,0.450,0.4810,124,0.025,0.44,-0.83,0.0668,0.1861,0.019
393,42.2131,235,4.5,0.540,0.4710,114,0.027,0.36,-0.69,0.0651,0.1935,0.020
394,55.9229,273,4.6,0.445,0.4641,118,0.026,0.42,-0.83,0.0587,0.1815,0.026
395,41.2665,265,4.6,0.545,0.4659,124,0.025,0.41,-0.68,0.0647,0.2096,0.019
396,41.1465,256,4.6,0.425,0.4656,118,0.026,0.39,-0.86,0.0626,0.2064,0.025
397,24.3117,240,4.5,0.540,0.4761,122,0.026,0.37,-0.69,0.0625,0.1969,0.031
398,39.1942,225,4.5,0.440,0.4839,114,0.027,0.35,-0.84,0.0641,0.2149,0.025
399,17.9802,243,4.6,0.550,0.4867,121,0.026,0.37,-0.67,0.0630,0.1981,0.036
400,30.2389,185,4.6,0.435,0.4845,129,0.024,0.28,-0.85,0.0652,0.2076,0.038
401,23.7828,253,4.6,0.535,0.4799,120,0.026,0.39,-0.70,0.0641,0.2106,0.037
402,15.7935,193,4.6,0.475,0.4741,119,0.026,0.30,-0.79,0.0598,0.2097,0.030
403,51.8301,236,4.7,0.495,0.4693,125,0.025,0.36,-0.76,0.0628,0.2245,0.032
404,28.7507,204,4.7,0.495,0.4638,128,0.024,0.31,-0.76,0.0617,0.2168,0.026
405,33.7286,242,4.6,0.515,0.4626,119,0.026,0.37,-0.73,0.0642,0.2102,0.033
406,41.6106,252,4.6,0.465,0.4625,124,0.025,0.39,-0.80,0.0623,0.2201,0.026
407,40.2766,219,4.6,0.515,0.4526,126,0.025,0.34,-0.73,0.0619,0.2174,0.020
408,41.9354,218,4.6,0.480,0.4672,126,0.025,0.34,-0.78,0.0604,0.2132,0.013
409,39.1144,242,4.6,0.495,0.4564,124,0.025,0.37,-0.76,0.0646,0.2126,0.020
410,42.3727,229,4.5,0.490,0.4529,122,0.026,0.35,-0.77,0.0613,0.2064,0.019
411,56.5411,240,4.5,0.490,0.4572,119,0.026,0.37,-0.77,0.0663,0.1988,0.033
412,45.4412,225,4.5,0.485,0.4635,121,0.026,0.35,-0.77,0.0615,0.2087,0.032
413,43.8681,244,4.5,0.470,0.4716,117,0.027,0.38,-0.80,0.0620,0.2198,0.019
414,22.3069,235,4.5,0.515,0.4636,113,0.028,0.36,-0.73,0.0602,0.2072,0.044
415,36.2073,193,4.6,0.460,0.4604,113,0.028,0.30,-0.81,0.0653,0.2065,0.043
416,24.1934,219,4.7,0.545,0.4549,118,0.026,0.34,-0.68,0.0574,0.2183,0.037
417,49.7854,255,4.7,0.460,0.4512,118,0.026,0.39,-0.81,0.0649,0.2013,0.037
418,34.4658,222,4.7,0.550,0.4555,119,0.026,0.34,-0.67,0.0633,0.2032,0.031
419,44.3826,221,4.6,0.435,0.4684,114,0.027,0.34,-0.85,0.0640,0.2089,0.025
420,31.2386,217,4.5,0.550,0.4738,115,0.027,0.33,-0.67,0.0626,0.2110,0.032
421,35.5426,232,4.5,0.415,0.4713,122,0.026,0.36,-0.88,0.0643,0.2062,0.031
422,23.5421,226,4.6,0.580,0.4849,121,0.026,0.35,-0.63,0.0631,0.2094,0.019
423,32.3153,209,4.6,0.405,0.4934,126,0.025,0.32,-0.89,0.0631,0.2159,0.025
424,20.9036,180,4.6,0.605,0.5070,117,0.027,0.28,-0.59,0.0640,0.2190,0.032
425,50.9868,256,4.7,0.420,0.5109,119,0.026,0.39,-0.87,0.0637,0.2126,0.037
426,40.3869,235,4.6,0.570,0.4977,122,0.026,0.36,-0.65,0.0654,0.2275,0.031
427,47.9053,244,4.7,0.430,0.4922,121,0.026,0.37,-0.86,0.0630,0.2295,0.031
428,32.9810,210,4.6,0.535,0.5035,121,0.026,0.32,-0.70,0.0640,0.2140,0.030
429,42.1538,246,4.7,0.435,0.5006,124,0.025,0.38,-0.85,0.0646,0.2119,0.012
430,22.8833,235,4.4,0.540,0.5016,128,0.024,0.36,-0.69,0.0646,0.2181,0.000
431,58.7726,268,4.4,0.460,0.5043,130,0.024,0.41,-0.81,0.0638,0.2285,0.006
432,48.7543,247,4.5,0.525,0.5114,123,0.025,0.38,-0.71,0.0611,0.2260,0.013
433,46.9733,237,4.6,0.460,0.5106,120,0.026,0.36,-0.81,0.0633,0.2169,0.026
434,41.1819,251,4.6,0.495,0.5019,121,0.026,0.39,-0.76,0.0669,0.2088,0.046
435,35.2954,236,4.6,0.500,0.4999,122,0.026,0.36,-0.75,0.0661,0.2263,0.038
436,46.2487,203,4.6,0.490,0.4985,113,0.028,0.31,-0.77,0.0636,0.2275,0.038
437,44.9788,240,4.5,0.490,0.5059,115,0.027,0.37,-0.77,0.0635,0.2582,0.031
438,46.0029,243,4.4,0.485,0.5186,119,0.026,0.37,-0.77,0.0637,0.2620,0.019
439,32.8002,248,4.4,0.495,0.5204,124,0.025,0.38,-0.76,0.0601,0.2460,0.020
440,29.5139,248,4.6,0.505,0.5158,121,0.026,0.38,-0.74,0.0626,0.2529,0.014
441,22.8545,217,4.6,0.475,0.5100,127,0.025,0.33,-0.79,0.0618,0.2521,0.014
442,47.5272,215,4.6,0.525,0.5108,119,0.026,0.33,-0.71,0.0622,0.2524,0.007
443,41.6477,241,4.6,0.435,0.5166,118,0.026,0.37,-0.85,0.0616,0.2744,0.007
444,36.7254,239,4.6,0.560,0.5422,118,0.026,0.37,-0.66,0.0621,0.2713,0.013
445,36.1018,229,4.5,0.420,0.5400,118,0.026,0.35,-0.87,0.0648,0.2739,0.020
446,18.1291,195,4.6,0.525,0.5511,123,0.025,0.30,-0.71,0.0659,0.2763,0.025
447,42.5762,228,4.6,0.430,0.5574,123,0.025,0.35,-0.86,0.0607,0.2871,0.013
448,35.5747,212,4.6,0.515,0.5547,121,0.026,0.33,-0.73,0.0662,0.2822,0.027
449,24.1913,202,4.7,0.470,0.5543,122,0.026,0.31,-0.80,0.0638,0.2563,0.045
450,41.6860,233,4.6,0.505,0.5547,116,0.027,0.36,-0.74,0.0641,0.2511,0.039
451,30.6411,226,4.6,0.470,0.5717,113,0.028,0.35,-0.80,0.0675,0.2550,0.026
452,53.8835,246,4.6,0.515,0.5660,119,0.026,0.38,-0.73,0.0660,0.2434,0.026
453,57.5385,283,4.6,0.455,0.5656,121,0.026,0.43,-0.82,0.0676,0.2394,0.026
454,35.5382,255,4.6,0.500,0.5643,128,0.024,0.39,-0.75,0.0685,0.2358,0.026
455,22.6559,229,4.5,0.485,0.5649,132,0.024,0.35,-0.77,0.0686,0.2365,0.019
456,46.1664,229,4.7,0.505,0.5753,117,0.027,0.35,-0.74,0.0644,0.2456,0.039
457,45.8820,229,4.7,0.430,0.5605,120,0.026,0.35,-0.86,0.0699,0.2343,0.038
458,39.9574,242,4.6,0.560,0.5554,122,0.026,0.37,-0.66,0.0633,0.2260,0.026
459,48.7438,238,4.6,0.440,0.5489,127,0.025,0.37,-0.84,0.0665,0.2372,0.025
460,31.1350,212,4.7,0.540,0.5669,121,0.026,0.33,-0.69,0.0644,0.2317,0.026
461,50.1772,236,4.6,0.465,0.5773,120,0.026,0.36,-0.80,0.0658,0.2552,0.020
462,39.7969,214,4.5,0.525,0.5602,123,0.025,0.33,-0.71,0.0615,0.2512,0.020
463,44.5287,259,4.6,0.465,0.5515,122,0.026,0.40,-0.80,0.0654,0.2324,0.039
464,35.1036,236,4.5,0.485,0.5566,116,0.027,0.36,-0.77,0.0666,0.2330,0.033
465,57.7510,246,4.5,0.460,0.5498,117,0.027,0.38,-0.81,0.0648,0.2491,0.026
466,20.0060,217,4.5,0.525,0.5448,126,0.025,0.33,-0.71,0.0667,0.2548,0.019
467,25.7485,217,4.6,0.505,0.5377,120,0.026,0.33,-0.74,0.0724,0.2589,0.006
468,44.4284,237,4.6,0.475,0.5307,121,0.026,0.36,-0.79,0.0646,0.2476,0.013
469,34.6548,234,4.5,0.490,0.5407,122,0.026,0.36,-0.77,0.0654,0.2480,0.013
470,28.7942,210,4.6,0.475,0.5369,120,0.026,0.32,-0.79,0.0646,0.2594,0.000
471,41.3032,215,4.7,0.485,0.5410,121,0.026,0.33,-0.77,0.0664,0.2545,0.000
472,34.3855,238,4.6,0.480,0.5491,118,0.026,0.37,-0.78,0.0674,0.2524,0.000
473,44.6753,243,4.6,0.465,0.5423,117,0.027,0.37,-0.80,0.0603,0.2626,0.000
474,43.4274,234,4.5,0.490,0.5380,119,0.026,0.36,-0.77,0.0651,0.2734,0.000
475,54.5087,232,4.5,0.480,0.5330,121,0.026,0.36,-0.78,0.0658,0.2497,0.007
476,29.3206,228,4.6,0.520,0.5277,122,0.026,0.35,-0.72,0.0629,0.2386,0.006
477,31.9601,203,4.6,0.465,0.5240,126,0.025,0.31,-0.80,0.0723,0.2390,0.006
478,53.7494,247,4.6,0.530,0.5124,116,0.027,0.38,-0.70,0.0632,0.2332,0.013
479,44.3366,247,4.5,0.460,0.5201,117,0.027,0.38,-0.81,0.0639,0.2186,0.019
480,41.6965,236,4.5,0.535,0.5322,115,0.027,0.36,-0.70,0.0672,0.2360,0.013
481,38.2370,252,4.6,0.445,0.5168,115,0.027,0.39,-0.83,0.0648,0.2306,0.013
482,20.1084,203,4.6,0.535,0.5073,120,0.026,0.31,-0.70,0.0601,0.2256,0.013
483,40.2078,204,4.6,0.455,0.5267,125,0.025,0.31,-0.82,0.0634,0.2367,0.007
484,40.8702,236,4.7,0.530,0.5341,125,0.025,0.36,-0.70,0.0641,0.2309,0.013
485,41.7657,247,4.6,0.460,0.5458,125,0.025,0.38,-0.81,0.0627,0.2371,0.019
486,25.7150,201,4.7,0.525,0.5215,121,0.026,0.31,-0.71,0.0628,0.2293,0.025
487,66.2589,273,4.6,0.450,0.5184,125,0.025,0.42,-0.83,0.0675,0.2276,0.026
488,33.9490,247,4.6,0.505,0.5408,124,0.025,0.38,-0.74,0.0644,0.2408,0.025
489,47.9230,208,4.7,0.435,0.5442,119,0.026,0.32,-0.85,0.0674,0.2458,0.019
490,34.8065,255,4.7,0.560,0.5438,127,0.025,0.39,-0.66,0.0641,0.2427,0.018
491,48.0324,234,4.8,0.430,0.5451,120,0.026,0.36,-0.86,0.0679,0.2529,0.019
492,52.4134,247,4.8,0.515,0.5648,119,0.026,0.38,-0.73,0.0704,0.2408,0.039
493,34.0367,241,4.7,0.480,0.5543,119,0.026,0.37,-0.78,0.0686,0.2412,0.039
494,24.2331,209,4.6,0.495,0.5409,120,0.026,0.32,-0.76,0.0656,0.2471,0.020
495,33.8302,235,4.5,0.515,0.5390,121,0.026,0.36,-0.73,0.0620,0.2299,0.026
496,33.2278,222,4.5,0.460,0.5421,119,0.026,0.34,-0.81,0.0720,0.2321,0.031
497,44.1296,227,4.6,0.495,0.5522,116,0.027,0.35,-0.76,0.0622,0.2372,0.024
498,23.5650,229,4.6,0.480,0.5536,120,0.026,0.35,-0.78,0.0620,0.2314,0.018
499,31.3760,183,4.6,0.500,0.5588,114,0.027,0.28,-0.75,0.0641,0.2322,0.012
500,49.8512,233,4.6,0.440,0.5629,115,0.027,0.36,-0.84,0.0656,0.2410,0.013
501,31.6442,219,4.5,0.480,0.5504,118,0.026,0.34,-0.78,0.0670,0.2398,0.013
502,36.2789,239,4.5,0.490,0.5542,125,0.025,0.37,-0.77,0.0644,0.2358,0.013
503,46.1442,215,4.5,0.485,0.5504,122,0.026,0.33,-0.77,0.0618,0.2596,0.006
504,49.2127,203,4.5,0.465,0.5510,120,0.026,0.31,-0.80,0.0631,0.2478,0.007
505,38.2144,231,4.5,0.490,0.5283,119,0.026,0.35,-0.77,0.0673,0.2314,0.013
506,33.7873,224,4.6,0.505,0.5459,125,0.025,0.34,-0.74,0.0676,0.2298,0.013
507,41.9934,292,4.7,0.460,0.5577,128,0.024,0.45,-0.81,0.0649,0.2381,0.006
508,31.1606,239,4.5,0.495,0.5733,121,0.026,0.37,-0.76,0.0677,0.2654,0.007
509,43.3661,225,4.5,0.465,0.5804,123,0.025,0.35,-0.80,0.0659,0.2552,0.006
510,39.0312,237,4.5,0.495,0.5600,129,0.024,0.36,-0.76,0.0634,0.2674,0.013
511,48.3016,266,4.5,0.470,0.5704,121,0.026,0.41,-0.80,0.0647,0.2589,0.019
512,31.5377,205,4.5,0.490,0.5408,127,0.025,0.32,-0.77,0.0639,0.2456,0.032
513,28.8636,174,4.6,0.495,0.5622,122,0.026,0.27,-0.76,0.0669,0.2558,0.045
514,28.8341,236,4.6,0.470,0.5735,115,0.027,0.36,-0.80,0.0670,0.2629,0.031
515,39.9335,227,4.7,0.485,0.5729,114,0.027,0.35,-0.77,0.0686,0.2718,0.026
516,51.5899,205,4.7,0.480,0.5866,115,0.027,0.32,-0.78,0.0672,0.2753,0.026
517,24.3495,225,4.5,0.485,0.5795,131,0.024,0.35,-0.77,0.0664,0.2673,0.027
518,26.0798,208,4.5,0.490,0.5782,129,0.024,0.32,-0.77,0.0656,0.2608,0.027
519,42.5740,253,4.6,0.475,0.5629,128,0.024,0.39,-0.79,0.0643,0.2358,0.027
520,39.8430,228,4.6,0.470,0.5645,128,0.024,0.35,-0.80,0.0628,0.2308,0.033
521,44.0539,237,4.6,0.470,0.5547,124,0.025,0.36,-0.80,0.0655,0.2183,0.026
522,20.8466,228,4.6,0.500,0.5508,116,0.027,0.35,-0.75,0.0662,0.2258,0.020
523,42.7748,245,4.6,0.460,0.5789,128,0.024,0.38,-0.81,0.0625,0.2418,0.019
524,37.4019,270,4.5,0.520,0.5757,124,0.025,0.41,-0.72,0.0649,0.2376,0.006
525,37.4316,222,4.5,0.450,0.5652,118,0.026,0.34,-0.83,0.0697,0.2395,0.006
526,27.7268,219,4.7,0.485,0.5715,121,0.026,0.34,-0.77,0.0679,0.2359,0.007
527,37.9904,220,4.5,0.515,0.5739,117,0.027,0.34,-0.73,0.0641,0.2384,0.007
528,24.0437,227,4.5,0.475,0.5753,123,0.025,0.35,-0.79,0.0625,0.2410,0.013
529,30.9273,227,4.7,0.480,0.5839,112,0.028,0.35,-0.78,0.0655,0.2363,0.006
530,29.3742,178,4.7,0.495,0.5847,119,0.026,0.27,-0.76,0.0657,0.2620,0.006
531,27.7612,215,4.6,0.495,0.5755,123,0.025,0.33,-0.76,0.0661,0.2598,0.006
532,26.3603,211,4.5,0.435,0.5783,124,0.025,0.32,-0.85,0.0632,0.2493,0.006
533,30.4519,235,4.5,0.520,0.5592,122,0.026,0.36,-0.72,0.0643,0.2439,0.025
534,28.5097,220,4.6,0.465,0.5577,123,0.025,0.34,-0.80,0.0633,0.2524,0.026
535,43.3197,230,4.5,0.525,0.5629,121,0.026,0.35,-0.71,0.0634,0.2698,0.013
536,48.4940,293,4.4,0.435,0.5596,119,0.026,0.45,-0.85,0.0662,0.2668,0.013
537,23.8966,238,4.5,0.525,0.5644,123,0.025,0.37,-0.71,0.0632,0.2381,0.025
538,37.4051,208,4.4,0.440,0.5567,123,0.025,0.32,-0.84,0.0645,0.2397,0.025
539,30.3593,201,4.5,0.490,0.5686,121,0.026,0.31,-0.77,0.0692,0.2446,0.025
540,35.6910,257,4.6,0.480,0.5697,126,0.025,0.40,-0.78,0.0627,0.2636,0.024
541,37.9932,242,4.5,0.505,0.5790,123,0.025,0.37,-0.74,0.0697,0.2698,0.024
542,38.2293,214,4.5,0.440,0.5816,124,0.025,0.33,-0.84,0.0604,0.2711,0.019
543,47.3058,212,4.6,0.505,0.5864,126,0.025,0.33,-0.74,0.0590,0.2661,0.019
544,54.1862,257,4.5,0.430,0.5831,118,0.026,0.39,-0.86,0.0623,0.2648,0.025
545,44.5605,248,4.5,0.530,0.5744,124,0.025,0.38,-0.70,0.0672,0.2835,0.025
546,40.7552,242,4.5,0.495,0.5795,125,0.025,0.37,-0.76,0.0670,0.2726,0.019
547,45.8252,239,4.6,0.445,0.5823,121,0.026,0.37,-0.83,0.0669,0.2742,0.006
548,34.1894,225,4.7,0.495,0.5994,123,0.025,0.35,-0.76,0.0677,0.2806,0.012
549,50.6537,255,4.5,0.450,0.6011,116,0.027,0.39,-0.83,0.0675,0.2648,0.013
550,41.9332,240,4.5,0.515,0.5989,120,0.026,0.37,-0.73,0.0635,0.2568,0.006
551,37.3237,225,4.4,0.465,0.5966,122,0.026,0.35,-0.80,0.0705,0.2397,0.007
552,54.3158,241,4.5,0.465,0.6004,127,0.025,0.37,-0.80,0.0668,0.2811,0.013
553,40.0784,247,4.5,0.470,0.6052,120,0.026,0.38,-0.80,0.0657,0.2990,0.020
554,34.0498,221,4.5,0.500,0.6006,121,0.026,0.34,-0.75,0.0659,0.2790,0.021
555,31.7605,234,4.6,0.470,0.6089,119,0.026,0.36,-0.80,0.0684,0.2762,0.021
556,44.3748,240,4.5,0.465,0.5890,119,0.026,0.37,-0.80,0.0671,0.2639,0.020
557,9.7675,222,4.6,0.490,0.5931,116,0.027,0.34,-0.77,0.0690,0.2528,0.013
558,42.5914,207,4.5,0.455,0.5883,119,0.026,0.32,-0.82,0.0642,0.2605,0.013
559,50.9017,265,4.4,0.530,0.6007,122,0.026,0.41,-0.70,0.0718,0.2642,0.013
560,49.2033,226,4.4,0.420,0.6084,120,0.026,0.35,-0.87,0.0664,0.2760,0.013
561,34.9348,267,4.5,0.535,0.6157,125,0.025,0.41,-0.70,0.0664,0.2696,0.020
562,47.7093,213,4.5,0.445,0.6090,121,0.026,0.33,-0.83,0.0663,0.2690,0.013
563,55.4901,248,4.6,0.530,0.5936,121,0.026,0.38,-0.70,0.0637,0.2587,0.013
564,39.5946,220,4.6,0.425,0.5851,126,0.025,0.34,-0.86,0.0642,0.2451,0.019
565,35.6747,204,4.5,0.525,0.5710,120,0.026,0.31,-0.71,0.0677,0.2429,0.013
566,31.1977,206,4.6,0.465,0.5683,118,0.026,0.32,-0.80,0.0652,0.2543,0.025
567,38.5763,223,4.6,0.485,0.5833,124,0.025,0.34,-0.77,0.0699,0.2434,0.032
568,40.1840,233,4.6,0.465,0.5894,124,0.025,0.36,-0.80,0.0664,0.2611,0.020
569,24.7107,233,4.6,0.500,0.5958,116,0.027,0.36,-0.75,0.0688,0.2660,0.021
570,34.0145,233,4.5,0.440,0.5816,114,0.027,0.36,-0.84,0.0663,0.2564,0.027
571,42.6856,220,4.6,0.510,0.5800,114,0.027,0.34,-0.73,0.0604,0.2654,0.027
572,26.7648,251,4.5,0.450,0.5739,119,0.026,0.39,-0.83,0.0651,0.2767,0.026
573,40.0580,202,4.5,0.530,0.5790,122,0.026,0.31,-0.70,0.0690,0.2805,0.026
574,45.8536,260,4.6,0.460,0.5632,117,0.027,0.40,-0.81,0.0693,0.2855,0.027
575,28.9610,243,4.6,0.525,0.5698,119,0.026,0.37,-0.71,0.0677,0.2708,0.027
576,46.5476,224,4.6,0.430,0.5711,126,0.025,0.34,-0.86,0.0663,0.2530,0.033
577,38.5730,224,4.5,0.505,0.5813,117,0.027,0.34,-0.74,0.0654,0.2608,0.041
578,29.5973,241,4.5,0.440,0.5799,117,0.027,0.37,-0.84,0.0660,0.2616,0.034
579,23.0847,233,4.5,0.530,0.5950,116,0.027,0.36,-0.70,0.0645,0.2739,0.020
580,37.2338,235,4.5,0.445,0.5913,123,0.025,0.36,-0.83,0.0636,0.2712,0.027
581,38.6205,204,4.6,0.480,0.5768,121,0.026,0.31,-0.78,0.0621,0.2517,0.021
582,42.3700,241,4.7,0.470,0.5865,113,0.028,0.37,-0.80,0.0636,0.2619,0.026
583,44.7263,249,4.6,0.515,0.5845,116,0.027,0.38,-0.73,0.0603,0.2685,0.018
584,56.3992,242,4.5,0.435,0.5965,115,0.027,0.37,-0.85,0.0658,0.2664,0.012
585,32.8331,254,4.6,0.520,0.5965,119,0.026,0.39,-0.72,0.0674,0.2606,0.012
586,43.9239,246,4.6,0.480,0.6008,116,0.027,0.38,-0.78,0.0651,0.2624,0.012
587,22.3396,243,4.7,0.515,0.5938,120,0.026,0.37,-0.73,0.0669,0.2703,0.025
588,39.7259,230,4.5,0.495,0.5874,121,0.026,0.35,-0.76,0.0650,0.2789,0.019
589,36.4040,228,4.5,0.455,0.5972,123,0.025,0.35,-0.82,0.0678,0.2984,0.013
590,43.1413,230,4.6,0.505,0.6204,123,0.025,0.35,-0.74,0.0710,0.2966,0.013
591,39.0553,251,4.6,0.440,0.6163,114,0.027,0.39,-0.84,0.0704,0.2825,0.007
592,45.8850,249,4.6,0.490,0.6137,118,0.026,0.38,-0.77,0.0639,0.2755,0.000
593,47.9101,223,4.5,0.445,0.6168,125,0.025,0.34,-0.83,0.0662,0.2916,0.000
594,28.5663,239,4.6,0.520,0.6145,118,0.026,0.37,-0.72,0.0660,0.3006,0.000
595,20.8479,240,4.6,0.495,0.6304,110,0.028,0.37,-0.76,0.0696,0.3096,0.000
596,45.6900,217,4.7,0.450,0.6066,114,0.027,0.33,-0.83,0.0644,0.3221,0.000
597,27.6268,212,4.7,0.505,0.6090,116,0.027,0.33,-0.74,0.0707,0.3122,0.006
598,34.9525,234,4.7,0.455,0.6238,118,0.026,0.36,-0.82,0.0653,0.3013,0.013
599,46.9235,236,4.6,0.490,0.6104,120,0.026,0.36,-0.77,0.0657,0.2935,0.013
600,51.7801,270,4.6,0.485,0.6133,117,0.027,0.41,-0.77,0.0702,0.2881,0.006
601,31.4202,225,4.6,0.455,0.6283,116,0.027,0.35,-0.82,0.0698,0.2809,0.013
602,51.8528,226,4.6,0.515,0.6111,114,0.027,0.35,-0.73,0.0589,0.2775,0.018
603,20.3680,225,4.6,0.480,0.5962,125,0.025,0.35,-0.78,0.0652,0.2753,0.023
604,35.1849,256,4.5,0.505,0.5719,131,0.024,0.39,-0.74,0.0655,0.2651,0.012
605,64.8745,246,4.4,0.450,0.5635,122,0.026,0.38,-0.83,0.0638,0.2664,0.018
606,57.1075,270,4.5,0.490,0.5737,116,0.027,0.41,-0.77,0.0634,0.2455,0.025
607,30.6338,246,4.5,0.460,0.5862,118,0.026,0.38,-0.81,0.0641,0.2412,0.019
608,41.8926,235,4.5,0.515,0.5833,116,0.027,0.36,-0.73,0.0655,0.2546,0.012
609,73.8976,293,4.5,0.420,0.5672,122,0.026,0.45,-0.87,0.0661,0.2486,0.032
610,25.9736,244,4.6,0.495,0.5749,123,0.025,0.37,-0.76,0.0623,0.2421,0.043
611,33.2632,186,4.6,0.465,0.5788,120,0.026,0.29,-0.80,0.0643,0.2526,0.032
612,56.8517,244,4.5,0.460,0.5553,121,0.026,0.38,-0.81,0.0616,0.2415,0.026
613,30.9140,237,4.5,0.490,0.5605,125,0.025,0.36,-0.77,0.0641,0.2500,0.012
614,27.3081,233,4.5,0.510,0.5568,126,0.025,0.36,-0.73,0.0635,0.2383,0.019
615,45.9272,209,4.6,0.460,0.5458,121,0.026,0.32,-0.81,0.0636,0.2437,0.025
616,41.9503,278,4.6,0.505,0.5411,128,0.024,0.43,-0.74,0.0666,0.2449,0.025
617,35.3598,221,4.7,0.440,0.5345,122,0.026,0.34,-0.84,0.0638,0.2281,0.025
618,49.6697,221,4.8,0.485,0.5397,119,0.026,0.34,-0.77,0.0668,0.2281,0.025
619,41.1197,246,4.6,0.480,0.5584,125,0.025,0.38,-0.78,0.0632,0.2401,0.019
620,35.5657,220,4.6,0.490,0.5598,120,0.026,0.34,-0.77,0.0620,0.2350,0.013
621,27.1836,247,4.6,0.475,0.5452,123,0.025,0.38,-0.79,0.0643,0.2369,0.025
622,46.1177,240,4.6,0.465,0.5447,125,0.025,0.37,-0.80,0.0642,0.2326,0.039
623,33.9721,221,4.6,0.490,0.5489,128,0.024,0.34,-0.77,0.0603,0.2361,0.030
624,33.0492,232,4.6,0.505,0.5669,120,0.026,0.36,-0.74,0.0627,0.2565,0.037
625,36.5072,261,4.6,0.440,0.5719,121,0.026,0.40,-0.84,0.0640,0.2565,0.030
626,49.1269,223,4.6,0.495,0.5792,123,0.025,0.34,-0.76,0.0624,0.2632,0.018
627,67.7006,256,4.6,0.445,0.5522,127,0.025,0.39,-0.83,0.0646,0.2535,0.018
628,24.9731,250,4.7,0.525,0.5535,123,0.025,0.38,-0.71,0.0642,0.2437,0.024
629,48.6285,255,4.7,0.410,0.5490,124,0.025,0.39,-0.89,0.0661,0.2434,0.025
630,38.1602,233,4.5,0.540,0.5357,123,0.025,0.36,-0.69,0.0637,0.2307,0.018
631,52.4089,238,4.6,0.420,0.5455,118,0.026,0.37,-0.87,0.0634,0.2330,0.007
632,24.0114,253,4.6,0.540,0.5411,122,0.026,0.39,-0.69,0.0643,0.2278,0.006
633,52.8497,233,4.5,0.440,0.5513,121,0.026,0.36,-0.84,0.0643,0.2392,0.006
634,47.0061,268,4.6,0.530,0.5535,120,0.026,0.41,-0.70,0.0621,0.2462,0.020
635,52.7228,249,4.6,0.445,0.5508,119,0.026,0.38,-0.83,0.0632,0.2550,0.019
636,19.3659,194,4.7,0.540,0.5545,113,0.028,0.30,-0.69,0.0649,0.2528,0.006
637,33.2142,230,4.6,0.420,0.5477,122,0.026,0.35,-0.87,0.0670,0.2302,0.006
638,30.5453,245,4.5,0.550,0.5394,123,0.025,0.38,-0.67,0.0638,0.2323,0.019
639,48.6774,235,4.6,0.420,0.5518,120,0.026,0.36,-0.87,0.0606,0.2423,0.025
640,37.2399,280,4.7,0.510,0.5441,115,0.027,0.43,-0.73,0.0686,0.2491,0.038
641,51.1520,247,4.6,0.425,0.5531,119,0.026,0.38,-0.86,0.0656,0.2493,0.032
642,39.9476,275,4.4,0.540,0.5480,122,0.026,0.42,-0.69,0.0567,0.2358,0.033
643,35.0357,195,4.6,0.435,0.5533,121,0.026,0.30,-0.85,0.0645,0.2394,0.040
644,54.1662,244,4.7,0.510,0.5684,121,0.026,0.37,-0.73,0.0576,0.2582,0.013
645,51.9092,242,4.6,0.455,0.5679,113,0.028,0.37,-0.82,0.0649,0.2455,0.012
646,55.6833,242,4.4,0.485,0.5708,118,0.026,0.37,-0.77,0.0649,0.2451,0.019
647,46.1850,214,4.5,0.450,0.5601,122,0.026,0.33,-0.83,0.0622,0.2449,0.025
648,41.9305,223,4.6,0.485,0.5636,123,0.025,0.34,-0.77,0.0669,0.2361,0.025
649,49.3419,230,4.7,0.445,0.5600,118,0.026,0.35,-0.83,0.0621,0.2475,0.013
650,26.6505,256,4.5,0.515,0.5675,124,0.025,0.39,-0.73,0.0671,0.2702,0.013
651,50.9457,217,4.5,0.440,0.5574,116,0.027,0.33,-0.84,0.0639,0.2592,0.014
652,36.2630,282,4.6,0.550,0.5524,127,0.025,0.43,-0.67,0.0651,0.2371,0.013
653,30.4103,204,4.7,0.460,0.5655,124,0.025,0.31,-0.81,0.0633,0.2574,0.013
654,57.2322,259,4.5,0.485,0.5658,119,0.026,0.40,-0.77,0.0652,0.2439,0.013
655,28.7247,262,4.6,0.495,0.5514,121,0.026,0.40,-0.76,0.0684,0.2481,0.012
656,43.3416,204,4.6,0.440,0.5604,122,0.026,0.31,-0.84,0.0644,0.2438,0.013
657,36.5661,225,4.6,0.445,0.5662,114,0.027,0.35,-0.83,0.0626,0.2249,0.019
658,57.6125,220,4.5,0.520,0.5777,116,0.027,0.34,-0.72,0.0678,0.2231,0.025
659,40.0586,253,4.5,0.430,0.5766,118,0.026,0.39,-0.86,0.0643,0.2498,0.025
660,44.8321,230,4.6,0.510,0.5537,123,0.025,0.35,-0.73,0.0614,0.2536,0.019
661,55.5896,238,4.7,0.410,0.5360,119,0.026,0.37,-0.89,0.0668,0.2379,0.019
662,37.9142,254,4.6,0.550,0.5814,127,0.025,0.39,-0.67,0.0693,0.2758,0.018
663,48.7337,224,4.6,0.430,0.6106,121,0.026,0.34,-0.86,0.0615,0.2772,0.024
664,53.9590,250,4.5,0.500,0.6168,121,0.026,0.38,-0.75,0.0626,0.2780,0.012
665,30.6425,233,4.4,0.470,0.6210,118,0.026,0.36,-0.80,0.0647,0.2839,0.012
666,25.4313,221,4.5,0.475,0.6371,124,0.025,0.34,-0.79,0.0676,0.2792,0.018
667,43.8793,221,4.5,0.470,0.6339,126,0.025,0.34,-0.80,0.0693,0.2758,0.013
668,41.5106,226,4.5,0.465,0.6279,119,0.026,0.35,-0.80,0.0656,0.2661,0.006
669,36.5857,213,4.6,0.490,0.6110,119,0.026,0.33,-0.77,0.0669,0.2614,0.006
670,29.8908,236,4.6,0.455,0.6048,115,0.027,0.36,-0.82,0.0675,0.2571,0.000
671,48.8148,250,4.4,0.505,0.6186,114,0.027,0.38,-0.74,0.0660,0.2731,0.006
672,44.7753,257,4.5,0.455,0.6227,120,0.026,0.39,-0.82,0.0680,0.2651,0.019
673,53.6948,229,4.6,0.490,0.6091,122,0.026,0.35,-0.77,0.0649,0.2811,0.013
674,23.9294,218,4.6,0.470,0.6101,122,0.026,0.33,-0.80,0.0684,0.2815,0.006
675,36.3697,227,4.6,0.425,0.6129,121,0.026,0.35,-0.86,0.0659,0.2832,0.007
676,50.3832,225,4.6,0.505,0.5832,125,0.025,0.35,-0.74,0.0677,0.2885,0.000
677,42.2707,243,4.5,0.475,0.5877,121,0.026,0.37,-0.79,0.0703,0.2714,0.007
678,42.2658,235,4.5,0.470,0.6119,119,0.026,0.36,-0.80,0.0678,0.2568,0.007
679,34.3381,243,4.6,0.495,0.6118,117,0.027,0.37,-0.76,0.0647,0.2609,0.007
680,43.3565,279,4.6,0.465,0.6121,119,0.026,0.43,-0.80,0.0663,0.2835,0.007
681,24.2308,210,4.7,0.490,0.6039,114,0.027,0.32,-0.77,0.0656,0.2818,0.025
682,43.3947,212,4.5,0.470,0.5739,122,0.026,0.33,-0.80,0.0626,0.2680,0.024
683,22.0041,222,4.6,0.490,0.5915,121,0.026,0.34,-0.77,0.0682,0.2750,0.006
684,31.3590,202,4.7,0.455,0.6175,127,0.025,0.31,-0.82,0.0647,0.2473,0.024
685,51.0236,234,4.6,0.490,0.6020,126,0.025,0.36,-0.77,0.0677,0.2525,0.037
686,44.8468,269,4.7,0.410,0.5931,118,0.026,0.41,-0.89,0.0663,0.2292,0.025
687,37.0236,201,4.7,0.545,0.6022,122,0.026,0.31,-0.68,0.0660,0.2311,0.006
688,64.5763,283,4.4,0.415,0.6045,123,0.025,0.43,-0.88,0.0637,0.2523,0.006
689,33.6815,254,4.5,0.510,0.5924,125,0.025,0.39,-0.73,0.0629,0.2491,0.006
690,41.8627,235,4.7,0.455,0.5737,123,0.025,0.36,-0.82,0.0682,0.2511,0.006
691,25.1548,193,4.7,0.515,0.5843,120,0.026,0.30,-0.73,0.0660,0.2300,0.011
692,52.5692,263,4.6,0.425,0.5721,117,0.027,0.40,-0.86,0.0695,0.2407,0.018
693,36.5059,238,4.7,0.515,0.5620,115,0.027,0.37,-0.73,0.0710,0.2504,0.012
694,53.5830,253,4.6,0.440,0.5660,121,0.026,0.39,-0.84,0.0661,0.2482,0.012
695,43.7674,219,4.6,0.485,0.5846,128,0.024,0.34,-0.77,0.0641,0.2472,0.019
696,61.9538,245,4.6,0.480,0.5685,122,0.026,0.38,-0.78,0.0684,0.2261,0.030
697,41.9910,276,4.6,0.490,0.5687,125,0.025,0.42,-0.77,0.0649,0.2310,0.031
698,33.8340,193,4.6,0.465,0.5689,118,0.026,0.30,-0.80,0.0638,0.2424,0.025
699,33.0196,227,4.5,0.485,0.5739,127,0.025,0.35,-0.77,0.0656,0.2393,0.043
700,44.9133,257,4.6,0.480,0.5869,117,0.027,0.39,-0.78,0.0650,0.2536,0.031
701,32.0817,251,4.6,0.475,0.6017,122,0.026,0.39,-0.79,0.0688,0.2767,0.032
702,45.7868,197,4.7,0.455,0.6082,118,0.026,0.30,-0.82,0.0608,0.2893,0.025
703,32.5961,222,4.6,0.520,0.5968,121,0.026,0.34,-0.72,0.0654,0.2798,0.024
704,37.7748,233,4.7,0.440,0.5947,118,0.026,0.36,-0.84,0.0630,0.2716,0.023
705,29.5529,217,4.6,0.505,0.5790,118,0.026,0.33,-0.74,0.0630,0.2596,0.006
706,42.6874,237,4.5,0.475,0.5649,122,0.026,0.36,-0.79,0.0640,0.2559,0.006
707,38.2125,234,4.5,0.505,0.5698,118,0.026,0.36,-0.74,0.0657,0.2752,0.012
708,57.3650,259,4.6,0.455,0.5779,120,0.026,0.40,-0.82,0.0694,0.2653,0.012
709,37.3704,228,4.5,0.470,0.5721,122,0.026,0.35,-0.80,0.0666,0.2531,0.018
710,51.4633,254,4.5,0.475,0.5796,134,0.023,0.39,-0.79,0.0631,0.2635,0.013
711,40.5676,239,4.5,0.510,0.5902,111,0.028,0.37,-0.73,0.0643,0.2544,0.006
712,32.4996,222,4.6,0.445,0.5735,116,0.027,0.34,-0.83,0.0657,0.2473,0.013
713,30.6775,230,4.7,0.500,0.5784,119,0.026,0.35,-0.75,0.0699,0.2392,0.013
714,31.4312,232,4.5,0.495,0.5719,120,0.026,0.36,-0.76,0.0676,0.2400,0.025
715,56.1706,269,4.5,0.455,0.5587,127,0.025,0.41,-0.82,0.0685,0.2437,0.025
716,22.7068,220,4.5,0.485,0.5673,122,0.026,0.34,-0.77,0.0679,0.2467,0.006
717,43.7440,235,4.4,0.515,0.5623,123,0.025,0.36,-0.73,0.0686,0.2462,0.031
718,45.6845,244,4.4,0.460,0.5515,121,0.026,0.38,-0.81,0.0703,0.2268,0.054
719,44.2705,224,4.5,0.480,0.5623,124,0.025,0.34,-0.78,0.0623,0.2514,0.037
720,47.1115,262,4.5,0.490,0.5896,124,0.025,0.40,-0.77,0.0635,0.2520,0.024
721,31.1401,212,4.6,0.450,0.5929,125,0.025,0.33,-0.83,0.0661,0.2560,0.031
722,42.8962,245,4.6,0.510,0.5853,124,0.025,0.38,-0.73,0.0663,0.2591,0.037
723,38.8616,269,4.5,0.435,0.6028,118,0.026,0.41,-0.85,0.0613,0.2621,0.037
724,36.7438,189,4.6,0.505,0.6131,116,0.027,0.29,-0.74,0.0651,0.2603,0.013
725,50.2392,207,4.6,0.445,0.5900,122,0.026,0.32,-0.83,0.0669,0.2356,0.013
726,53.1187,275,4.5,0.500,0.5851,124,0.025,0.42,-0.75,0.0675,0.2441,0.013
727,42.0150,246,4.6,0.470,0.5912,123,0.025,0.38,-0.80,0.0710,0.2714,0.000
728,48.0657,246,4.7,0.430,0.5984,115,0.027,0.38,-0.86,0.0695,0.2853,0.000
729,32.0780,219,4.6,0.520,0.5935,117,0.027,0.34,-0.72,0.0706,0.2616,0.000
730,40.4695,239,4.5,0.425,0.6043,122,0.026,0.37,-0.86,0.0677,0.2776,0.013
731,35.5014,243,4.5,0.505,0.5957,119,0.026,0.37,-0.74,0.0666,0.2740,0.013
732,47.7772,264,4.5,0.415,0.5935,122,0.026,0.41,-0.88,0.0671,0.2661,0.019
733,43.3182,235,4.6,0.525,0.5925,128,0.024,0.36,-0.71,0.0687,0.2671,0.024
734,48.9197,263,4.5,0.430,0.5955,126,0.025,0.40,-0.86,0.0657,0.2670,0.012
735,37.4624,236,4.5,0.515,0.5977,118,0.026,0.36,-0.73,0.0669,0.2757,0.018
736,35.6263,226,4.6,0.440,0.6044,124,0.025,0.35,-0.84,0.0702,0.2624,0.019
737,46.8069,233,4.6,0.475,0.6215,126,0.025,0.36,-0.79,0.0701,0.2767,0.027
738,46.1780,245,4.6,0.465,0.6041,119,0.026,0.38,-0.80,0.0685,0.2549,0.037
739,15.5372,223,4.7,0.520,0.5777,120,0.026,0.34,-0.72,0.0655,0.2491,0.025
740,46.2299,231,4.7,0.475,0.5831,121,0.026,0.35,-0.79,0.0615,0.2581,0.018
741,35.6494,223,4.6,0.510,0.6053,122,0.026,0.34,-0.73,0.0654,0.2495,0.024
742,42.5720,244,4.6,0.435,0.6099,126,0.025,0.38,-0.85,0.0648,0.2583,0.026
743,32.4603,231,4.6,0.515,0.6285,110,0.028,0.35,-0.73,0.0671,0.2792,0.018
744,45.4706,257,4.5,0.420,0.6167,118,0.026,0.39,-0.87,0.0678,0.2654,0.019
745,25.9618,228,4.5,0.495,0.6144,122,0.026,0.35,-0.76,0.0659,0.2593,0.026
746,48.7879,245,4.5,0.460,0.6230,123,0.025,0.38,-0.81,0.0681,0.2695,0.019
747,49.1771,236,4.5,0.500,0.6052,122,0.026,0.36,-0.75,0.0699,0.2408,0.006
748,53.7690,269,4.5,0.420,0.5911,121,0.026,0.41,-0.87,0.0631,0.2472,0.013
749,43.6121,251,4.5,0.505,0.5933,126,0.025,0.39,-0.74,0.0672,0.2716,0.020
750,50.8279,282,4.6,0.425,0.6000,123,0.025,0.43,-0.86,0.0656,0.2800,0.013
751,27.6798,222,4.7,0.485,0.6015,130,0.024,0.34,-0.77,0.0622,0.2761,0.019
752,51.5067,263,4.6,0.440,0.6071,131,0.024,0.40,-0.84,0.0653,0.2736,0.025
753,31.2020,192,4.7,0.465,0.6245,126,0.025,0.29,-0.80,0.0669,0.2569,0.026
754,45.0105,220,4.6,0.500,0.6073,132,0.024,0.34,-0.75,0.0682,0.2445,0.013
755,26.2352,233,4.7,0.455,0.6030,123,0.025,0.36,-0.82,0.0673,0.2640,0.013
756,37.7784,231,4.7,0.440,0.6186,129,0.024,0.35,-0.84,0.0650,0.2743,0.014
757,39.1070,231,4.6,0.520,0.6157,119,0.026,0.36,-0.72,0.0682,0.2820,0.007
758,35.8223,206,4.6,0.450,0.6164,122,0.026,0.32,-0.83,0.0654,0.2830,0.006
759,49.3532,233,4.7,0.485,0.6155,122,0.026,0.36,-0.77,0.0698,0.2701,0.000
760,30.6873,242,4.7,0.490,0.6264,118,0.026,0.37,-0.77,0.0654,0.2657,0.012
761,56.6839,203,4.6,0.440,0.6176,129,0.024,0.31,-0.84,0.0643,0.2730,0.019
762,50.1485,268,4.4,0.515,0.6017,119,0.026,0.41,-0.73,0.0634,0.2747,0.018
763,43.5447,253,4.4,0.435,0.5950,118,0.026,0.39,-0.85,0.0594,0.2721,0.019
764,22.6028,247,4.5,0.515,0.5891,119,0.026,0.38,-0.73,0.0636,0.2604,0.019
765,27.9760,227,4.6,0.415,0.6017,114,0.027,0.35,-0.88,0.0640,0.2518,0.013
766,43.3825,246,4.5,0.515,0.6080,124,0.025,0.38,-0.73,0.0639,0.2531,0.006
767,40.8411,196,4.6,0.445,0.6031,128,0.024,0.30,-0.83,0.0710,0.2520,0.006
768,30.0173,218,4.5,0.520,0.6099,127,0.025,0.33,-0.72,0.0670,0.2512,0.013
769,46.9915,255,4.3,0.425,0.6015,121,0.026,0.39,-0.86,0.0695,0.2485,0.032
770,31.6938,251,4.6,0.545,0.6001,117,0.027,0.39,-0.68,0.0691,0.2380,0.024
771,46.6035,245,4.6,0.415,0.6066,118,0.026,0.38,-0.88,0.0664,0.2388,0.025
772,46.2920,227,4.7,0.545,0.6082,126,0.025,0.35,-0.68,0.0625,0.2589,0.033
773,38.2033,230,4.6,0.410,0.6127,119,0.026,0.35,-0.89,0.0661,0.2560,0.052
774,35.0611,237,4.5,0.495,0.6071,123,0.025,0.36,-0.76,0.0644,0.2553,0.052
775,33.8433,220,4.5,0.475,0.5992,123,0.025,0.34,-0.79,0.0615,0.2605,0.025
776,34.9367,210,4.5,0.505,0.5830,118,0.026,0.32,-0.74,0.0651,0.2418,0.029
777,47.4735,273,4.6,0.445,0.5845,118,0.026,0.42,-0.83,0.0667,0.2363,0.030
778,33.9972,237,4.6,0.520,0.5862,122,0.026,0.36,-0.72,0.0669,0.2493,0.012
779,42.6385,193,4.5,0.455,0.5927,122,0.026,0.30,-0.82,0.0661,0.2630,0.006
780,25.4150,258,4.6,0.490,0.6054,120,0.026,0.40,-0.77,0.0644,0.2894,0.018
781,41.5223,259,4.5,0.425,0.6179,119,0.026,0.40,-0.86,0.0711,0.2762,0.012
782,55.3006,287,4.5,0.490,0.6280,116,0.027,0.44,-0.77,0.0643,0.2842,0.032
783,40.2267,216,4.5,0.440,0.6319,112,0.028,0.33,-0.84,0.0664,0.2840,0.045
784,41.1150,227,4.5,0.475,0.6232,118,0.026,0.35,-0.79,0.0631,0.2395,0.038
785,28.2342,205,4.6,0.460,0.6344,120,0.026,0.32,-0.81,0.0636,0.2433,0.032
786,45.5540,238,4.5,0.470,0.6317,125,0.025,0.37,-0.80,0.0650,0.2624,0.013
787,42.3732,232,4.5,0.485,0.6246,128,0.024,0.36,-0.77,0.0667,0.2459,0.012
788,41.8117,276,4.7,0.455,0.6227,126,0.025,0.42,-0.82,0.0694,0.2595,0.012
789,27.1346,232,4.6,0.485,0.6223,123,0.025,0.36,-0.77,0.0660,0.2519,0.025
790,41.8912,245,4.5,0.410,0.6350,124,0.025,0.38,-0.89,0.0652,0.2404,0.039
791,25.2637,210,4.6,0.530,0.6284,118,0.026,0.32,-0.70,0.0649,0.2539,0.013
792,46.4309,232,4.6,0.400,0.6304,117,0.027,0.36,-0.90,0.0649,0.2685,0.013
793,43.5429,237,4.5,0.495,0.6367,120,0.026,0.36,-0.76,0.0682,0.2714,0.019
794,48.0113,233,4.4,0.440,0.6222,122,0.026,0.36,-0.84,0.0671,0.2442,0.036
795,28.0092,222,4.4,0.485,0.6191,121,0.026,0.34,-0.77,0.0656,0.2468,0.035
796,39.3881,230,4.5,0.425,0.6225,124,0.025,0.35,-0.86,0.0688,0.2607,0.006
797,49.8354,221,4.5,0.520,0.6031,121,0.026,0.34,-0.72,0.0642,0.2547,0.000
798,62.8838,289,4.5,0.405,0.6041,127,0.025,0.44,-0.89,0.0689,0.2745,0.000
799,28.4470,187,4.5,0.535,0.5983,121,0.026,0.29,-0.70,0.0654,0.2628,0.025
800,39.8404,244,4.5,0.430,0.6135,113,0.028,0.37,-0.86,0.0661,0.2705,0.024
801,22.0073,210,4.5,0.525,0.6557,125,0.025,0.32,-0.71,0.0718,0.3019,0.006
802,59.6576,251,4.5,0.420,0.6362,120,0.026,0.39,-0.87,0.0625,0.3008,0.007
803,36.2132,249,4.5,0.500,0.6051,122,0.026,0.38,-0.75,0.0633,0.2858,0.000
804,44.3089,223,4.6,0.455,0.6156,127,0.025,0.34,-0.82,0.0623,0.2724,0.013
805,34.3821,248,4.6,0.500,0.5976,122,0.026,0.38,-0.75,0.0618,0.2657,0.019
806,29.5503,264,4.6,0.490,0.5783,123,0.025,0.41,-0.77,0.0686,0.2539,0.019
807,33.3767,245,4.6,0.505,0.5774,120,0.026,0.38,-0.74,0.0641,0.2532,0.031
808,33.0103,235,4.5,0.455,0.5764,129,0.024,0.36,-0.82,0.0610,0.2591,0.031
809,38.5017,210,4.5,0.470,0.5758,126,0.025,0.32,-0.80,0.0679,0.2327,0.026
810,54.4674,236,4.7,0.505,0.5895,124,0.025,0.36,-0.74,0.0651,0.2332,0.013
811,27.1181,245,4.7,0.465,0.5775,120,0.026,0.38,-0.80,0.0651,0.2302,0.019
812,29.2274,241,4.6,0.500,0.5587,120,0.026,0.37,-0.75,0.0637,0.2389,0.025
813,49.1193,235,4.4,0.435,0.5757,118,0.026,0.36,-0.85,0.0702,0.2659,0.007
814,40.0138,266,4.5,0.520,0.5720,125,0.025,0.41,-0.72,0.0667,0.2640,0.006
815,27.9752,226,4.6,0.425,0.5859,121,0.026,0.35,-0.86,0.0655,0.2673,0.018
816,35.8461,227,4.5,0.515,0.5734,125,0.025,0.35,-0.73,0.0682,0.2487,0.025
817,42.0375,215,4.5,0.380,0.5850,118,0.026,0.33,-0.93,0.0645,0.2400,0.013
818,38.3997,235,4.6,0.500,0.5908,122,0.026,0.36,-0.75,0.0686,0.2371,0.026
819,31.6428,223,4.7,0.445,0.5872,128,0.024,0.34,-0.83,0.0680,0.2440,0.032
820,50.4235,242,4.5,0.495,0.5932,126,0.025,0.37,-0.76,0.0660,0.2633,0.013
821,59.4770,273,4.6,0.435,0.5804,118,0.026,0.42,-0.85,0.0675,0.2624,0.019
822,33.8711,245,4.6,0.500,0.5992,119,0.026,0.38,-0.75,0.0638,0.2514,0.012
823,42.1639,218,4.5,0.485,0.6027,125,0.025,0.33,-0.77,0.0611,0.2464,0.000
824,35.7171,234,4.4,0.430,0.5806,123,0.025,0.36,-0.86,0.0651,0.2541,0.013
825,40.8082,252,4.5,0.500,0.5872,120,0.026,0.39,-0.75,0.0659,0.2665,0.019
826,27.1838,246,4.5,0.495,0.5888,119,0.026,0.38,-0.76,0.0679,0.2513,0.019
827,23.7222,200,4.6,0.460,0.5916,125,0.025,0.31,-0.81,0.0653,0.2479,0.025
828,39.3191,253,4.5,0.495,0.5939,127,0.025,0.39,-0.76,0.0656,0.2562,0.025
829,55.0161,251,4.6,0.445,0.5868,115,0.027,0.39,-0.83,0.0652,0.2633,0.030
830,48.2088,249,4.6,0.515,0.5850,126,0.025,0.38,-0.73,0.0629,0.2527,0.036
831,39.1451,221,4.6,0.415,0.5912,124,0.025,0.34,-0.88,0.0676,0.2472,0.025
832,41.6890,258,4.5,0.525,0.5885,126,0.025,0.40,-0.71,0.0685,0.2524,0.013
833,43.9248,220,4.5,0.420,0.6003,117,0.027,0.34,-0.87,0.0675,0.2482,0.025
834,37.4519,242,4.6,0.515,0.6258,121,0.026,0.37,-0.73,0.0687,0.2561,0.018
835,38.0610,263,4.5,0.425,0.6068,124,0.025,0.40,-0.86,0.0720,0.2357,0.024
836,40.5228,244,4.5,0.515,0.6260,123,0.025,0.37,-0.73,0.0648,0.2358,0.030
837,64.1311,240,4.6,0.380,0.6294,125,0.025,0.37,-0.93,0.0682,0.2443,0.019
838,29.3665,251,4.6,0.545,0.6217,126,0.025,0.39,-0.68,0.0654,0.2500,0.006
839,43.1048,218,4.6,0.380,0.6204,115,0.027,0.33,-0.93,0.0663,0.2454,0.006
840,43.4150,255,4.5,0.490,0.6179,112,0.028,0.39,-0.77,0.0653,0.2326,0.013
841,24.5574,227,4.5,0.475,0.6082,122,0.026,0.35,-0.79,0.0652,0.2347,0.012
842,29.7172,219,4.5,0.460,0.6052,119,0.026,0.34,-0.81,0.0609,0.2444,0.019
843,25.5462,218,4.6,0.495,0.5897,121,0.026,0.33,-0.76,0.0603,0.2545,0.018
844,40.8984,254,4.7,0.435,0.6163,130,0.024,0.39,-0.85,0.0612,0.2486,0.006
845,36.2337,252,4.5,0.525,0.6156,124,0.025,0.39,-0.71,0.0682,0.2506,0.018
846,38.5105,200,4.5,0.430,0.6027,124,0.025,0.31,-0.86,0.0675,0.2611,0.024
847,41.0867,227,4.7,0.510,0.5902,129,0.024,0.35,-0.73,0.0675,0.2504,0.012
848,34.7528,236,4.8,0.465,0.5726,129,0.024,0.36,-0.80,0.0615,0.2500,0.006
849,39.8162,241,4.6,0.475,0.5667,126,0.025,0.37,-0.79,0.0657,0.2593,0.000
850,30.7045,254,4.5,0.440,0.5983,118,0.026,0.39,-0.84,0.0618,0.2422,0.006
851,21.6454,186,4.5,0.490,0.5960,124,0.025,0.29,-0.77,0.0632,0.2356,0.018
852,48.3018,244,4.6,0.455,0.5929,125,0.025,0.37,-0.82,0.0636,0.2500,0.012
853,33.3063,278,4.5,0.435,0.5694,122,0.026,0.43,-0.85,0.0714,0.2383,0.024
854,33.6015,230,4.6,0.500,0.5796,125,0.025,0.35,-0.75,0.0695,0.2573,0.038
855,27.9005,194,4.7,0.470,0.5894,118,0.026,0.30,-0.80,0.0667,0.2563,0.012
856,37.3904,262,4.5,0.455,0.5876,111,0.028,0.40,-0.82,0.0618,0.2556,0.012
857,30.7700,207,4.5,0.465,0.5874,120,0.026,0.32,-0.80,0.0652,0.2590,0.018
858,50.2011,280,4.5,0.485,0.5801,118,0.026,0.43,-0.77,0.0612,0.2298,0.030
859,36.3857,231,4.5,0.475,0.5780,118,0.026,0.35,-0.79,0.0644,0.2377,0.025
860,35.6639,220,4.5,0.465,0.5883,119,0.026,0.34,-0.80,0.0669,0.2474,0.031
861,28.0938,191,4.6,0.470,0.6069,117,0.027,0.29,-0.80,0.0599,0.2614,0.013
862,43.2317,241,4.6,0.495,0.6204,121,0.026,0.37,-0.76,0.0613,0.2845,0.013
863,32.1681,254,4.6,0.415,0.6338,120,0.026,0.39,-0.88,0.0639,0.2866,0.013
864,14.7735,201,4.5,0.520,0.6397,115,0.027,0.31,-0.72,0.0662,0.2782,0.006
865,42.1468,212,4.6,0.435,0.6403,121,0.026,0.33,-0.85,0.0678,0.2769,0.018
866,37.2686,236,4.6,0.520,0.6406,117,0.027,0.36,-0.72,0.0662,0.2733,0.018
867,45.7095,203,4.5,0.425,0.6409,115,0.027,0.31,-0.86,0.0659,0.2785,0.012
868,47.0310,215,4.6,0.490,0.6522,123,0.025,0.33,-0.77,0.0669,0.2738,0.019
869,38.1450,231,4.6,0.420,0.6636,115,0.027,0.35,-0.87,0.0661,0.2661,0.031
870,32.1569,246,4.5,0.495,0.6517,116,0.027,0.38,-0.76,0.0675,0.2525,0.043
871,44.3334,226,4.4,0.425,0.6363,118,0.026,0.35,-0.86,0.0726,0.2443,0.024
872,39.1165,231,4.5,0.445,0.6587,120,0.026,0.36,-0.83,0.0660,0.2456,0.013
873,22.1809,206,4.5,0.455,0.6376,120,0.026,0.32,-0.82,0.0676,0.2449,0.013
874,35.4504,209,4.7,0.475,0.6229,117,0.027,0.32,-0.79,0.0694,0.2486,0.013
875,36.6837,231,4.7,0.420,0.6098,115,0.027,0.36,-0.87,0.0689,0.2543,0.013
876,44.4040,225,4.6,0.540,0.6254,122,0.026,0.35,-0.69,0.0694,0.2437,0.035
877,43.0773,276,4.6,0.390,0.6402,121,0.026,0.42,-0.92,0.0651,0.2476,0.037
878,19.0185,231,4.5,0.540,0.6492,118,0.026,0.36,-0.69,0.0718,0.2627,0.013
879,49.9975,210,4.5,0.395,0.6737,111,0.028,0.32,-0.91,0.0662,0.2714,0.031
880,57.9825,248,4.6,0.525,0.6454,120,0.026,0.38,-0.71,0.0695,0.2846,0.031
881,38.9634,240,4.7,0.415,0.6339,113,0.028,0.37,-0.88,0.0659,0.2678,0.018
882,48.6133,236,4.6,0.500,0.6659,117,0.027,0.36,-0.75,0.0638,0.2874,0.012
883,32.0881,265,4.8,0.455,0.6726,128,0.024,0.41,-0.82,0.0664,0.3016,0.006
884,33.2819,230,4.7,0.445,0.6358,123,0.025,0.35,-0.83,0.0656,0.2769,0.006
885,47.8907,244,4.5,0.480,0.6294,116,0.027,0.37,-0.78,0.0643,0.2708,0.012
886,42.7519,245,4.5,0.425,0.6434,121,0.026,0.38,-0.86,0.0652,0.2846,0.012
887,35.6332,264,4.6,0.505,0.6314,124,0.025,0.41,-0.74,0.0664,0.2701,0.025
888,42.2740,219,4.4,0.450,0.6446,123,0.025,0.34,-0.83,0.0644,0.2743,0.024
889,56.3742,224,4.4,0.440,0.6514,121,0.026,0.34,-0.84,0.0684,0.2821,0.007
890,53.7995,302,4.5,0.465,0.6667,122,0.026,0.46,-0.80,0.0622,0.2815,0.013
891,37.6421,253,4.5,0.450,0.6671,124,0.025,0.39,-0.83,0.0637,0.2732,0.019
892,62.5489,269,4.6,0.475,0.6625,124,0.025,0.41,-0.79,0.0700,0.2823,0.006
893,34.8460,253,4.5,0.470,0.6290,129,0.024,0.39,-0.80,0.0715,0.2779,0.000
894,43.3903,251,4.6,0.455,0.6386,132,0.024,0.39,-0.82,0.0727,0.2608,0.013
895,30.3741,224,4.7,0.455,0.6651,127,0.025,0.34,-0.82,0.0668,0.2663,0.019
896,54.7751,244,4.7,0.440,0.6552,125,0.025,0.38,-0.84,0.0696,0.2735,0.006
897,23.0693,231,4.6,0.495,0.6499,119,0.026,0.36,-0.76,0.0657,0.2696,0.012
898,50.9162,247,4.7,0.445,0.6621,120,0.026,0.38,-0.83,0.0713,0.2903,0.012
899,39.8554,237,4.6,0.505,0.6514,115,0.027,0.36,-0.74,0.0714,0.2944,0.024
900,62.3973,274,4.7,0.465,0.6594,119,0.026,0.42,-0.80,0.0669,0.2769,0.030
901,39.0560,230,4.6,0.495,0.6682,123,0.025,0.35,-0.76,0.0733,0.2808,0.017
902,38.3934,239,4.4,0.455,0.6372,125,0.025,0.37,-0.82,0.0638,0.2832,0.017
903,38.1361,225,4.5,0.480,0.6561,120,0.026,0.35,-0.78,0.0676,0.2890,0.029
904,60.2477,273,4.6,0.435,0.6711,118,0.026,0.42,-0.85,0.0647,0.2887,0.024
905,41.8691,236,4.6,0.495,0.6551,120,0.026,0.36,-0.76,0.0668,0.2886,0.012
906,51.1108,240,4.7,0.430,0.6601,122,0.026,0.37,-0.86,0.0660,0.2659,0.031
907,38.1346,250,4.6,0.460,0.6628,126,0.025,0.38,-0.81,0.0687,0.2763,0.033
908,42.9263,265,4.6,0.485,0.6497,124,0.025,0.41,-0.77,0.0680,0.3005,0.013
909,49.0834,243,4.6,0.410,0.6505,116,0.027,0.37,-0.89,0.0685,0.2983,0.025
910,34.8576,221,4.6,0.505,0.6536,116,0.027,0.34,-0.74,0.0654,0.2735,0.018
911,49.5169,268,4.6,0.400,0.6547,120,0.026,0.41,-0.90,0.0701,0.2867,0.007
912,47.4308,268,4.6,0.510,0.6587,124,0.025,0.41,-0.73,0.0648,0.2907,0.013
913,54.1036,259,4.6,0.365,0.6943,119,0.026,0.40,-0.95,0.0664,0.2920,0.014
914,48.8361,224,4.6,0.540,0.6858,125,0.025,0.34,-0.69,0.0743,0.2887,0.013
915,57.3945,267,4.6,0.375,0.6683,124,0.025,0.41,-0.94,0.0686,0.2514,0.025
916,46.8582,252,4.5,0.510,0.6555,121,0.026,0.39,-0.73,0.0671,0.2666,0.036
917,45.3600,266,4.4,0.450,0.6472,124,0.025,0.41,-0.83,0.0693,0.2686,0.043
918,42.1792,245,4.4,0.470,0.6512,120,0.026,0.38,-0.80,0.0702,0.2622,0.025
919,55.1109,229,4.5,0.465,0.6688,119,0.026,0.35,-0.80,0.0722,0.2878,0.000
920,37.4961,254,4.6,0.475,0.6700,127,0.025,0.39,-0.79,0.0682,0.2699,0.018
921,42.2504,224,4.6,0.465,0.6716,126,0.025,0.35,-0.80,0.0674,0.2590,0.018
922,39.7598,289,4.6,0.475,0.6448,121,0.026,0.44,-0.79,0.0645,0.2818,0.012
923,52.2531,250,4.6,0.425,0.6313,117,0.027,0.38,-0.86,0.0676,0.2903,0.019
924,48.9208,270,4.6,0.505,0.6343,120,0.026,0.41,-0.74,0.0647,0.2805,0.012
925,40.6354,254,4.6,0.420,0.6324,126,0.025,0.39,-0.87,0.0624,0.2710,0.006
926,29.0479,220,4.6,0.525,0.6335,130,0.024,0.34,-0.71,0.0683,0.2941,0.012
927,59.1337,236,4.6,0.400,0.6500,125,0.025,0.36,-0.90,0.0656,0.2935,0.018
928,23.5678,250,4.6,0.515,0.6531,125,0.025,0.38,-0.73,0.0671,0.2605,0.025
929,57.0896,278,4.6,0.395,0.6488,124,0.025,0.43,-0.91,0.0670,0.2563,0.018
930,52.5051,241,4.6,0.490,0.6280,118,0.026,0.37,-0.77,0.0682,0.2560,0.024
931,57.6740,251,4.6,0.430,0.6650,121,0.026,0.39,-0.86,0.0648,0.2754,0.024
932,40.5747,263,4.6,0.495,0.6571,121,0.026,0.40,-0.76,0.0653,0.2755,0.012
933,40.2716,234,4.5,0.440,0.6372,124,0.025,0.36,-0.84,0.0623,0.2365,0.013
934,45.0780,241,4.6,0.490,0.6187,120,0.026,0.37,-0.77,0.0673,0.2470,0.013
935,44.0729,255,4.7,0.465,0.6376,119,0.026,0.39,-0.80,0.0637,0.2677,0.019
936,47.6351,239,4.5,0.475,0.6565,123,0.025,0.37,-0.79,0.0692,0.2792,0.012
937,46.6419,263,4.5,0.435,0.6494,122,0.026,0.40,-0.85,0.0684,0.2791,0.023
938,44.5727,255,4.5,0.495,0.6313,121,0.026,0.39,-0.76,0.0672,0.2747,0.018
939,48.6719,233,4.5,0.465,0.6300,124,0.025,0.36,-0.80,0.0685,0.2649,0.011
940,58.3600,270,4.5,0.470,0.6298,118,0.026,0.41,-0.80,0.0690,0.2538,0.023
941,41.2507,255,4.5,0.495,0.6276,120,0.026,0.39,-0.76,0.0686,0.2429,0.029
942,33.9417,233,4.5,0.435,0.6235,118,0.026,0.36,-0.85,0.0642,0.2659,0.019
943,21.9203,198,4.7,0.500,0.6474,124,0.025,0.30,-0.75,0.0644,0.3008,0.006
944,45.3570,214,4.7,0.405,0.6470,124,0.025,0.33,-0.89,0.0646,0.2936,0.006
945,38.1063,229,4.6,0.535,0.6599,116,0.027,0.35,-0.70,0.0680,0.2717,0.006
946,64.9335,268,4.6,0.390,0.6489,122,0.026,0.41,-0.92,0.0635,0.2461,0.012
947,33.6773,214,4.6,0.510,0.6379,123,0.025,0.33,-0.73,0.0669,0.2475,0.019
948,50.6655,223,4.7,0.440,0.6483,120,0.026,0.34,-0.84,0.0681,0.2989,0.024
949,34.7728,254,4.6,0.505,0.6644,113,0.028,0.39,-0.74,0.0708,0.2950,0.012
950,39.1998,234,4.6,0.430,0.6461,116,0.027,0.36,-0.86,0.0677,0.2583,0.006
951,25.8392,200,4.7,0.535,0.6231,118,0.026,0.31,-0.70,0.0637,0.2707,0.023
952,38.0274,212,4.6,0.420,0.6556,116,0.027,0.33,-0.87,0.0655,0.2668,0.029
953,60.3736,235,4.6,0.470,0.6799,126,0.025,0.36,-0.80,0.0674,0.2585,0.018
954,37.9324,215,4.6,0.410,0.6572,116,0.027,0.33,-0.89,0.0690,0.2618,0.012
955,39.3618,260,4.6,0.485,0.6596,117,0.027,0.40,-0.77,0.0677,0.2614,0.012
956,32.4961,235,4.6,0.435,0.6850,123,0.025,0.36,-0.85,0.0669,0.2551,0.006
957,53.5338,245,4.5,0.485,0.6619,121,0.026,0.38,-0.77,0.0661,0.2646,0.000
958,45.6972,262,4.5,0.465,0.6372,122,0.026,0.40,-0.80,0.0682,0.2646,0.018
959,43.6880,219,4.5,0.440,0.6578,120,0.026,0.34,-0.84,0.0712,0.2812,0.019
960,44.8222,258,4.5,0.485,0.6494,121,0.026,0.40,-0.77,0.0693,0.3009,0.018
961,28.5591,212,4.6,0.425,0.6462,121,0.026,0.33,-0.86,0.0667,0.2813,0.030
962,52.6685,251,4.6,0.500,0.6433,119,0.026,0.39,-0.75,0.0655,0.2905,0.023
963,51.8996,250,4.5,0.415,0.6385,123,0.025,0.38,-0.88,0.0670,0.2825,0.017
964,41.7242,258,4.5,0.470,0.6522,118,0.026,0.40,-0.80,0.0668,0.2608,0.012
965,40.0561,237,4.6,0.465,0.6520,118,0.026,0.36,-0.80,0.0703,0.2647,0.012
966,25.3517,215,4.6,0.490,0.6612,119,0.026,0.33,-0.77,0.0653,0.2631,0.012
967,34.7103,199,4.6,0.490,0.6412,121,0.026,0.31,-0.77,0.0695,0.2504,0.036
968,61.4060,295,4.7,0.455,0.6350,124,0.025,0.45,-0.82,0.0680,0.2476,0.030
969,27.4141,251,4.7,0.455,0.6487,127,0.025,0.39,-0.82,0.0670,0.2871,0.000
970,34.6961,232,4.7,0.430,0.6365,125,0.025,0.36,-0.86,0.0685,0.2872,0.000
971,44.2689,253,4.7,0.480,0.6371,119,0.026,0.39,-0.78,0.0694,0.2640,0.000
972,30.6468,242,4.6,0.460,0.6453,113,0.028,0.37,-0.81,0.0636,0.2756,0.000
973,51.9356,243,4.6,0.500,0.6597,118,0.026,0.37,-0.75,0.0704,0.2834,0.000
974,36.4736,243,4.6,0.435,0.6439,112,0.028,0.37,-0.85,0.0722,0.2712,0.000
975,50.1402,201,4.6,0.515,0.6344,110,0.028,0.31,-0.73,0.0707,0.2830,0.006
976,49.1409,277,4.5,0.410,0.6608,124,0.025,0.43,-0.89,0.0698,0.3025,0.019
977,30.8305,221,4.6,0.525,0.6419,123,0.025,0.34,-0.71,0.0680,0.2855,0.018
978,51.3434,245,4.7,0.440,0.6445,123,0.025,0.38,-0.84,0.0704,0.2761,0.012
979,39.4825,268,4.6,0.465,0.6484,120,0.026,0.41,-0.80,0.0700,0.2579,0.012
980,37.0916,241,4.6,0.415,0.6398,123,0.025,0.37,-0.88,0.0677,0.2591,0.006
981,39.6530,207,4.5,0.510,0.6542,121,0.026,0.32,-0.73,0.0696,0.2695,0.018
982,46.7689,262,4.6,0.395,0.6203,118,0.026,0.40,-0.91,0.0626,0.2664,0.025
983,21.3792,226,4.6,0.550,0.6111,115,0.027,0.35,-0.67,0.0619,0.2509,0.006
984,48.9117,227,4.6,0.375,0.6251,118,0.026,0.35,-0.94,0.0631,0.2596,0.000
985,30.3960,204,4.6,0.555,0.6081,115,0.027,0.31,-0.67,0.0687,0.2527,0.006
986,41.3570,229,4.6,0.415,0.6000,116,0.027,0.35,-0.88,0.0673,0.2361,0.017
987,45.7472,266,4.7,0.500,0.5881,118,0.026,0.41,-0.75,0.0659,0.2432,0.018
988,17.0785,183,4.6,0.440,0.5897,123,0.025,0.28,-0.84,0.0666,0.2519,0.018
989,32.8606,189,4.5,0.505,0.6173,121,0.026,0.29,-0.74,0.0644,0.2659,0.013
990,59.0780,259,4.5,0.415,0.6085,123,0.025,0.40,-0.88,0.0649,0.2671,0.018
991,36.9624,219,4.5,0.470,0.6219,116,0.027,0.34,-0.80,0.0677,0.2473,0.031
992,50.3439,250,4.6,0.440,0.6464,114,0.027,0.38,-0.84,0.0634,0.2584,0.024
993,29.0884,238,4.5,0.505,0.6005,135,0.023,0.37,-0.74,0.0693,0.2465,0.035
994,41.4471,215,4.6,0.440,0.5913,117,0.027,0.33,-0.84,0.0643,0.2437,0.029
995,55.5731,284,4.6,0.470,0.6116,115,0.027,0.44,-0.80,0.0690,0.2788,0.006
996,40.8996,257,4.6,0.435,0.5983,114,0.027,0.40,-0.85,0.0683,0.2569,0.000
997,32.3844,212,4.5,0.495,0.5965,114,0.027,0.33,-0.76,0.0663,0.2410,0.012
998,50.7944,234,4.6,0.405,0.6046,118,0.026,0.36,-0.89,0.0652,0.2401,0.012
999,42.8060,213,4.7,0.565,0.6019,128,0.024,0.33,-0.65,0.0674,0.2541,0.011
1000,54.4041,294,4.6,0.395,0.6031,121,0.026,0.45,-0.91,0.0636,0.2788,0.018
1001,39.1927,251,4.6,0.500,0.6054,119,0.026,0.39,-0.75,0.0660,0.2684,0.012
1002,51.0113,241,4.7,0.445,0.5889,118,0.026,0.37,-0.83,0.0592,0.2427,0.011
1003,46.7873,252,4.5,0.470,0.5711,116,0.027,0.39,-0.80,0.0603,0.2340,0.006
1004,39.8385,250,4.6,0.450,0.5785,117,0.027,0.38,-0.83,0.0622,0.2639,0.006
1005,32.3870,227,4.6,0.480,0.6304,116,0.027,0.35,-0.78,0.0616,0.2661,0.000
1006,48.9644,282,4.6,0.425,0.6198,120,0.026,0.43,-0.86,0.0625,0.2448,0.013
1007,46.4707,242,4.5,0.480,0.5750,121,0.026,0.37,-0.78,0.0628,0.2516,0.012
1008,51.1052,248,4.6,0.420,0.5804,119,0.026,0.38,-0.87,0.0642,0.2615,0.000
1009,47.3894,246,4.6,0.465,0.5848,124,0.025,0.38,-0.80,0.0668,0.2598,0.006
1010,45.9632,262,4.5,0.455,0.5786,129,0.024,0.40,-0.82,0.0670,0.2628,0.012
1011,38.5123,240,4.6,0.455,0.5791,127,0.025,0.37,-0.82,0.0633,0.2479,0.018
1012,44.2824,215,4.6,0.465,0.5687,124,0.025,0.33,-0.80,0.0652,0.2379,0.043
1013,30.0945,254,4.5,0.430,0.5668,120,0.026,0.39,-0.86,0.0678,0.2316,0.036
1014,38.5578,194,4.6,0.485,0.5866,121,0.026,0.30,-0.77,0.0606,0.2527,0.012
1015,60.0279,250,4.6,0.425,0.5904,113,0.028,0.38,-0.86,0.0616,0.2552,0.018
1016,45.9475,274,4.5,0.485,0.5818,118,0.026,0.42,-0.77,0.0641,0.2509,0.035
1017,43.9280,233,4.5,0.460,0.5827,119,0.026,0.36,-0.81,0.0618,0.2542,0.030
1018,46.7839,293,4.5,0.445,0.5658,124,0.025,0.45,-0.83,0.0625,0.2441,0.018
1019,30.8976,234,4.6,0.490,0.5746,128,0.024,0.36,-0.77,0.0662,0.2504,0.018
1020,42.8558,248,4.7,0.450,0.5771,122,0.026,0.38,-0.83,0.0657,0.2328,0.024
1021,49.7393,229,4.7,0.475,0.5650,127,0.025,0.35,-0.79,0.0615,0.2152,0.018
1022,52.3602,215,4.6,0.435,0.5948,125,0.025,0.33,-0.85,0.0622,0.2419,0.019
1023,51.0231,241,4.6,0.460,0.6062,124,0.025,0.37,-0.81,0.0651,0.2516,0.026
1024,31.6816,204,4.6,0.450,0.6017,111,0.028,0.31,-0.83,0.0652,0.2307,0.018
1025,42.0547,223,4.6,0.460,0.6042,115,0.027,0.34,-0.81,0.0634,0.2422,0.024
1026,49.8011,276,4.6,0.495,0.5999,125,0.025,0.42,-0.76,0.0668,0.2698,0.017
1027,51.9806,277,4.6,0.395,0.5993,131,0.024,0.43,-0.91,0.0687,0.2686,0.006
1028,50.4836,249,4.6,0.485,0.6105,120,0.026,0.38,-0.77,0.0676,0.2856,0.007
1029,49.1741,251,4.6,0.435,0.6147,117,0.027,0.39,-0.85,0.0685,0.2643,0.006
1030,40.2263,222,4.5,0.440,0.6294,123,0.025,0.34,-0.84,0.0646,0.2524,0.000
1031,35.3639,238,4.5,0.465,0.6230,123,0.025,0.37,-0.80,0.0648,0.2710,0.024
1032,48.0668,255,4.5,0.440,0.5934,116,0.027,0.39,-0.84,0.0626,0.2551,0.036
1033,48.2780,250,4.5,0.485,0.5839,121,0.026,0.38,-0.77,0.0664,0.2481,0.024
1034,38.9424,249,4.5,0.450,0.6053,113,0.028,0.38,-0.83,0.0648,0.2509,0.025
1035,47.7726,245,4.6,0.485,0.6069,112,0.028,0.38,-0.77,0.0701,0.2432,0.036
1036,41.4958,255,4.6,0.425,0.5955,116,0.027,0.39,-0.86,0.0689,0.2446,0.042
1037,48.1667,236,4.5,0.465,0.6008,119,0.026,0.36,-0.80,0.0661,0.2416,0.025
1038,52.9500,263,4.6,0.470,0.6054,121,0.026,0.40,-0.80,0.0680,0.2309,0.012
1039,42.9749,275,4.5,0.440,0.6069,124,0.025,0.42,-0.84,0.0654,0.2336,0.006
1040,42.9958,246,4.5,0.485,0.6042,124,0.025,0.38,-0.77,0.0654,0.2384,0.006
1041,54.8674,236,4.5,0.450,0.6207,125,0.025,0.36,-0.83,0.0626,0.2311,0.030
1042,49.5635,232,4.5,0.465,0.6273,126,0.025,0.36,-0.80,0.0684,0.2619,0.030
1043,43.1805,259,4.6,0.450,0.6242,120,0.026,0.40,-0.83,0.0677,0.2768,0.006
1044,56.0506,265,4.6,0.430,0.6123,123,0.025,0.41,-0.86,0.0663,0.2801,0.026
1045,52.1131,255,4.6,0.455,0.6154,123,0.025,0.39,-0.82,0.0644,0.2668,0.039
1046,47.2717,250,4.6,0.425,0.6250,123,0.025,0.38,-0.86,0.0676,0.2576,0.037
1047,37.8314,229,4.6,0.460,0.6387,118,0.026,0.35,-0.81,0.0661,0.2693,0.019
1048,31.9975,269,4.6,0.475,0.6791,118,0.026,0.41,-0.79,0.0680,0.2594,0.018
1049,60.1508,259,4.6,0.420,0.6591,120,0.026,0.40,-0.87,0.0708,0.2728,0.037
1050,40.4237,233,4.5,0.465,0.6377,116,0.027,0.36,-0.80,0.0645,0.2777,0.031
1051,61.6287,253,4.5,0.400,0.6428,118,0.026,0.39,-0.90,0.0665,0.2885,0.019
1052,37.2294,249,4.5,0.475,0.6420,118,0.026,0.38,-0.79,0.0657,0.2725,0.006
1053,52.5683,248,4.5,0.435,0.6482,128,0.024,0.38,-0.85,0.0680,0.2449,0.012
1054,51.5652,247,4.6,0.470,0.6406,116,0.027,0.38,-0.80,0.0694,0.2505,0.012
1055,67.3557,289,4.6,0.415,0.6410,124,0.025,0.44,-0.88,0.0655,0.2516,0.000
1056,56.9902,285,4.5,0.500,0.6564,121,0.026,0.44,-0.75,0.0661,0.2958,0.012
1057,84.8256,274,4.4,0.410,0.6484,120,0.026,0.42,-0.89,0.0653,0.3179,0.012
1058,38.5894,235,4.4,0.485,0.6437,121,0.026,0.36,-0.77,0.0648,0.2610,0.025
1059,37.7646,235,4.4,0.470,0.6219,121,0.026,0.36,-0.80,0.0687,0.2471,0.030
1060,44.6406,259,4.5,0.485,0.6553,125,0.025,0.40,-0.77,0.0658,0.2736,0.012
1061,38.9921,230,4.7,0.445,0.6530,114,0.027,0.35,-0.83,0.0704,0.2890,0.035
1062,41.4653,255,4.6,0.495,0.6641,119,0.026,0.39,-0.76,0.0692,0.2626,0.035
1063,48.0974,250,4.6,0.415,0.6693,121,0.026,0.38,-0.88,0.0700,0.2666,0.018
1064,43.3405,195,4.8,0.545,0.6661,120,0.026,0.30,-0.68,0.0681,0.2849,0.006
1065,66.4023,266,4.5,0.405,0.6666,118,0.026,0.41,-0.89,0.0666,0.2754,0.000
1066,24.8076,215,4.5,0.545,0.6553,114,0.027,0.33,-0.68,0.0639,0.2857,0.000
1067,39.7463,228,4.6,0.415,0.6581,122,0.026,0.35,-0.88,0.0709,0.2956,0.000
1068,36.4388,225,4.5,0.535,0.6610,129,0.024,0.35,-0.70,0.0725,0.2881,0.000
1069,47.9883,237,4.6,0.440,0.6640,122,0.026,0.36,-0.84,0.0725,0.2793,0.006
1070,35.2043,234,4.7,0.495,0.6560,116,0.027,0.36,-0.76,0.0691,0.2883,0.012
1071,54.4051,275,4.6,0.405,0.6516,119,0.026,0.42,-0.89,0.0722,0.3054,0.006
1072,49.0560,266,4.7,0.485,0.6809,119,0.026,0.41,-0.77,0.0718,0.3075,0.006
1073,56.5160,275,4.5,0.425,0.6725,113,0.028,0.42,-0.86,0.0696,0.2869,0.006
1074,47.9077,221,4.5,0.475,0.6727,121,0.026,0.34,-0.79,0.0690,0.2838,0.013
1075,47.3125,238,4.5,0.480,0.6715,119,0.026,0.37,-0.78,0.0697,0.2972,0.024
1076,40.8881,251,4.5,0.465,0.6305,123,0.025,0.39,-0.80,0.0737,0.2869,0.012
1077,40.9965,257,4.6,0.505,0.6387,118,0.026,0.39,-0.74,0.0736,0.2803,0.006
1078,42.2547,251,4.6,0.405,0.6422,119,0.026,0.39,-0.89,0.0699,0.2925,0.019
1079,28.7085,211,4.5,0.535,0.6365,118,0.026,0.32,-0.70,0.0666,0.2581,0.012
1080,58.3213,233,4.6,0.385,0.6311,120,0.026,0.36,-0.92,0.0690,0.2755,0.000
1081,54.7121,269,4.6,0.520,0.6530,115,0.027,0.41,-0.72,0.0741,0.3095,0.006
1082,54.3963,255,4.5,0.390,0.6812,128,0.024,0.39,-0.92,0.0686,0.2843,0.012
1083,32.7868,245,4.5,0.545,0.6784,112,0.028,0.38,-0.68,0.0668,0.2920,0.018
1084,29.7412,211,4.5,0.430,0.6471,119,0.026,0.32,-0.86,0.0673,0.2820,0.029
1085,34.2483,240,4.5,0.530,0.6261,117,0.027,0.37,-0.70,0.0694,0.2515,0.023
1086,44.6193,275,4.5,0.395,0.6687,121,0.026,0.42,-0.91,0.0721,0.2647,0.018
1087,42.5124,233,4.6,0.475,0.6729,119,0.026,0.36,-0.79,0.0694,0.2633,0.018
1088,44.7962,246,4.5,0.425,0.6618,119,0.026,0.38,-0.86,0.0717,0.2516,0.018
1089,35.6218,249,4.5,0.510,0.6647,121,0.026,0.38,-0.73,0.0717,0.2542,0.018
1090,37.6502,291,4.4,0.385,0.6752,121,0.026,0.45,-0.92,0.0722,0.2565,0.025
1091,25.5679,214,4.5,0.485,0.6748,117,0.027,0.33,-0.77,0.0626,0.2738,0.019
1092,55.9437,244,4.5,0.415,0.6386,121,0.026,0.38,-0.88,0.0713,0.2635,0.019
1093,47.6733,241,4.5,0.525,0.6192,127,0.025,0.37,-0.71,0.0720,0.2376,0.024
1094,30.2099,255,4.4,0.395,0.6676,127,0.025,0.39,-0.91,0.0756,0.2654,0.006
1095,45.5202,226,4.4,0.505,0.6827,120,0.026,0.35,-0.74,0.0710,0.2824,0.012
1096,54.8585,261,4.5,0.380,0.6618,128,0.024,0.40,-0.93,0.0687,0.2697,0.012
1097,34.2777,223,4.6,0.485,0.6577,122,0.026,0.34,-0.77,0.0692,0.2845,0.000
1098,44.9273,228,4.5,0.435,0.6714,108,0.029,0.35,-0.85,0.0651,0.3012,0.006
1099,69.1400,254,4.4,0.460,0.6664,115,0.027,0.39,-0.81,0.0697,0.2882,0.013
1100,51.7277,229,4.5,0.460,0.6533,114,0.027,0.35,-0.81,0.0705,0.2521,0.006
1101,35.3075,248,4.5,0.445,0.6410,117,0.027,0.38,-0.83,0.0703,0.2469,0.018
1102,58.2873,248,4.5,0.385,0.6429,120,0.026,0.38,-0.92,0.0664,0.2521,0.026
1103,45.6551,256,4.6,0.495,0.6457,112,0.028,0.39,-0.76,0.0633,0.2765,0.019
1104,37.3412,247,4.6,0.420,0.6416,114,0.027,0.38,-0.87,0.0692,0.2739,0.025
1105,24.8241,213,4.6,0.495,0.6451,126,0.025,0.33,-0.76,0.0622,0.2663,0.018
1106,32.7475,213,4.5,0.435,0.6559,123,0.025,0.33,-0.85,0.0667,0.2666,0.012
1107,36.3002,246,4.5,0.475,0.6417,124,0.025,0.38,-0.79,0.0641,0.2485,0.018
1108,46.1177,237,4.4,0.445,0.6679,125,0.025,0.36,-0.83,0.0729,0.2713,0.006
1109,32.2794,236,4.5,0.440,0.6532,129,0.024,0.36,-0.84,0.0690,0.2859,0.000
1110,46.7557,250,4.6,0.460,0.6529,120,0.026,0.38,-0.81,0.0675,0.2578,0.006
1111,49.1611,273,4.4,0.460,0.6546,118,0.026,0.42,-0.81,0.0725,0.2500,0.012
1112,35.7257,237,4.5,0.460,0.6599,112,0.028,0.36,-0.81,0.0679,0.2589,0.018
1113,55.6888,240,4.5,0.470,0.6518,124,0.025,0.37,-0.80,0.0668,0.2733,0.024
1114,35.5770,230,4.5,0.465,0.6605,124,0.025,0.35,-0.80,0.0669,0.2619,0.017
1115,42.9907,258,4.5,0.440,0.6611,117,0.027,0.40,-0.84,0.0700,0.2582,0.019
1116,41.2851,239,4.5,0.440,0.6487,122,0.026,0.37,-0.84,0.0654,0.2690,0.031
1117,42.2387,230,4.5,0.500,0.6478,121,0.026,0.35,-0.75,0.0660,0.2798,0.023
1118,41.6478,232,4.6,0.395,0.6479,118,0.026,0.36,-0.91,0.0684,0.2690,0.012
1119,45.5107,247,4.4,0.510,0.6584,128,0.024,0.38,-0.73,0.0665,0.2546,0.031
1120,37.7726,274,4.5,0.385,0.6463,118,0.026,0.42,-0.92,0.0666,0.2629,0.025
1121,32.6333,246,4.6,0.490,0.6464,122,0.026,0.38,-0.77,0.0737,0.2766,0.019
1122,49.7131,254,4.5,0.400,0.6417,121,0.026,0.39,-0.90,0.0644,0.2808,0.019
1123,42.9340,245,4.5,0.515,0.6592,119,0.026,0.38,-0.73,0.0687,0.2774,0.000
1124,45.0831,246,4.5,0.405,0.6487,118,0.026,0.38,-0.89,0.0655,0.2690,0.000
1125,31.1658,230,4.6,0.480,0.6603,125,0.025,0.35,-0.78,0.0655,0.2749,0.012
1126,66.6228,272,4.6,0.445,0.6457,120,0.026,0.42,-0.83,0.0694,0.2761,0.012
1127,53.3181,280,4.6,0.445,0.6460,120,0.026,0.43,-0.83,0.0689,0.2719,0.000
1128,63.1311,300,4.7,0.425,0.6439,123,0.025,0.46,-0.86,0.0647,0.2681,0.006
1129,31.9311,232,4.6,0.485,0.6389,119,0.026,0.36,-0.77,0.0667,0.2678,0.018
1130,38.6078,246,4.5,0.435,0.6560,115,0.027,0.38,-0.85,0.0639,0.2631,0.018
1131,40.0409,270,4.5,0.470,0.6615,117,0.027,0.42,-0.80,0.0706,0.2730,0.006
1132,49.1545,264,4.5,0.455,0.6923,124,0.025,0.41,-0.82,0.0668,0.2898,0.006
1133,50.6554,238,4.5,0.470,0.6910,126,0.025,0.37,-0.80,0.0679,0.2919,0.012
1134,60.0628,242,4.5,0.505,0.6825,117,0.027,0.37,-0.74,0.0666,0.2859,0.023
1135,40.0990,250,4.6,0.430,0.6713,117,0.027,0.38,-0.86,0.0672,0.2883,0.018
1136,42.6909,254,4.6,0.485,0.6486,120,0.026,0.39,-0.77,0.0660,0.2712,0.025
1137,22.7608,233,4.5,0.450,0.6640,112,0.028,0.36,-0.83,0.0670,0.2774,0.023
1138,39.8882,240,4.6,0.490,0.6564,114,0.027,0.37,-0.77,0.0696,0.2796,0.017
1139,49.6385,242,4.7,0.450,0.6437,119,0.026,0.37,-0.83,0.0655,0.2772,0.011
1140,37.4430,252,4.7,0.450,0.6478,120,0.026,0.39,-0.83,0.0689,0.2874,0.018
1141,40.1508,233,4.5,0.475,0.6598,115,0.027,0.36,-0.79,0.0726,0.2883,0.012
1142,49.9350,227,4.5,0.450,0.6542,116,0.027,0.35,-0.83,0.0610,0.2724,0.006
1143,53.1047,266,4.6,0.475,0.6535,117,0.027,0.41,-0.79,0.0633,0.2811,0.023
1144,48.9817,296,4.5,0.425,0.6306,123,0.025,0.46,-0.86,0.0638,0.3012,0.024
1145,53.2152,270,4.3,0.515,0.6174,121,0.026,0.42,-0.73,0.0660,0.2753,0.006
1146,35.6534,238,4.5,0.410,0.6253,123,0.025,0.37,-0.89,0.0626,0.2771,0.019
1147,46.4623,213,4.5,0.495,0.6261,124,0.025,0.33,-0.76,0.0660,0.2691,0.025
1148,63.7452,251,4.5,0.465,0.6441,119,0.026,0.39,-0.80,0.0658,0.2845,0.006
1149,46.2887,296,4.4,0.450,0.6278,122,0.026,0.46,-0.83,0.0643,0.2757,0.012
1150,45.6766,246,4.5,0.435,0.6292,120,0.026,0.38,-0.85,0.0672,0.2648,0.019
1151,55.9394,246,4.5,0.465,0.6389,122,0.026,0.38,-0.80,0.0658,0.2904,0.012
1152,27.1836,254,4.6,0.460,0.6502,113,0.028,0.39,-0.81,0.0666,0.2975,0.006
1153,39.5771,244,4.6,0.450,0.6359,116,0.027,0.37,-0.83,0.0679,0.2750,0.006
1154,44.8654,278,4.5,0.440,0.6191,118,0.026,0.43,-0.84,0.0651,0.2596,0.018
1155,49.7908,232,4.6,0.425,0.6153,118,0.026,0.36,-0.86,0.0661,0.2590,0.031
1156,38.2598,266,4.5,0.475,0.6474,123,0.025,0.41,-0.79,0.0655,0.2689,0.036
1157,42.7027,239,4.5,0.425,0.6376,119,0.026,0.37,-0.86,0.0630,0.2599,0.030
1158,68.0383,290,4.4,0.465,0.6440,117,0.027,0.45,-0.80,0.0694,0.2583,0.019
1159,51.4243,243,4.5,0.430,0.6467,119,0.026,0.37,-0.86,0.0684,0.2661,0.025
1160,49.8420,287,4.4,0.490,0.6459,122,0.026,0.44,-0.77,0.0708,0.2761,0.031
1161,41.0676,245,4.4,0.425,0.6597,125,0.025,0.38,-0.86,0.0686,0.2884,0.037
1162,43.0797,256,4.4,0.485,0.6572,119,0.026,0.39,-0.77,0.0611,0.2708,0.024
1163,48.5828,244,4.5,0.435,0.6672,122,0.026,0.37,-0.85,0.0642,0.2777,0.018
1164,36.7500,230,4.5,0.455,0.6537,125,0.025,0.35,-0.82,0.0681,0.2936,0.018
1165,59.3128,238,4.6,0.450,0.6377,122,0.026,0.37,-0.83,0.0635,0.2915,0.013
1166,33.0076,291,4.5,0.500,0.6489,117,0.027,0.45,-0.75,0.0682,0.2642,0.006
1167,51.9360,233,4.6,0.415,0.6439,119,0.026,0.36,-0.88,0.0638,0.2537,0.006
1168,48.9815,277,4.5,0.505,0.6502,118,0.026,0.43,-0.74,0.0690,0.2637,0.012
1169,42.7755,258,4.5,0.425,0.6543,111,0.028,0.40,-0.86,0.0652,0.2798,0.012
1170,50.3810,262,4.5,0.490,0.6420,110,0.028,0.40,-0.77,0.0659,0.2951,0.006
1171,56.3371,273,4.4,0.440,0.6401,118,0.026,0.42,-0.84,0.0653,0.3098,0.000
1172,47.5868,301,4.5,0.480,0.6470,120,0.026,0.46,-0.78,0.0689,0.2913,0.018
1173,42.9973,232,4.6,0.450,0.6313,119,0.026,0.36,-0.83,0.0666,0.2606,0.018
1174,62.5452,212,4.6,0.455,0.6436,115,0.027,0.33,-0.82,0.0697,0.2725,0.012
1175,44.8737,268,4.5,0.465,0.6490,119,0.026,0.41,-0.80,0.0692,0.2693,0.018
1176,54.8131,251,4.4,0.455,0.6581,129,0.024,0.39,-0.82,0.0680,0.2446,0.018
1177,50.2878,265,4.5,0.485,0.6571,116,0.027,0.41,-0.77,0.0676,0.2737,0.017
1178,41.5064,232,4.5,0.470,0.6274,116,0.027,0.36,-0.80,0.0648,0.2849,0.018
1179,52.6884,279,4.3,0.480,0.6077,114,0.027,0.43,-0.78,0.0696,0.2736,0.018
1180,30.3619,220,4.4,0.435,0.6111,120,0.026,0.34,-0.85,0.0673,0.2851,0.013
1181,35.1679,218,4.6,0.495,0.6522,121,0.026,0.34,-0.76,0.0641,0.2901,0.012
1182,53.5271,270,4.6,0.420,0.6690,125,0.025,0.42,-0.87,0.0652,0.2824,0.018
1183,56.7227,266,4.5,0.465,0.6570,121,0.026,0.41,-0.80,0.0605,0.2857,0.012
1184,67.1707,285,4.4,0.440,0.6619,120,0.026,0.44,-0.84,0.0669,0.2921,0.013
1185,59.9534,295,4.4,0.430,0.6415,121,0.026,0.45,-0.86,0.0654,0.2959,0.013
1186,41.7383,235,4.5,0.520,0.6271,124,0.025,0.36,-0.72,0.0603,0.2659,0.018
1187,48.4100,248,4.5,0.405,0.6425,120,0.026,0.38,-0.89,0.0675,0.2726,0.025
1188,31.4428,220,4.5,0.480,0.6489,122,0.026,0.34,-0.78,0.0695,0.2602,0.058
1189,35.5870,226,4.5,0.435,0.6286,117,0.027,0.35,-0.85,0.0688,0.2512,0.067
1190,47.2460,240,4.5,0.495,0.6310,117,0.027,0.37,-0.76,0.0661,0.2744,0.024
1191,56.8812,227,4.6,0.400,0.6233,110,0.028,0.35,-0.90,0.0725,0.2630,0.012
1192,46.0186,270,4.5,0.475,0.6383,121,0.026,0.41,-0.79,0.0691,0.2670,0.006
1193,48.0941,271,4.4,0.445,0.6355,116,0.027,0.42,-0.83,0.0692,0.2620,0.018
1194,46.8163,241,4.5,0.450,0.6296,126,0.025,0.37,-0.83,0.0651,0.2570,0.030
1195,49.8090,292,4.6,0.460,0.6224,121,0.026,0.45,-0.81,0.0643,0.2708,0.012
1196,49.7584,268,4.6,0.420,0.6489,121,0.026,0.41,-0.87,0.0688,0.2672,0.006
1197,50.0228,238,4.5,0.510,0.6486,125,0.025,0.37,-0.73,0.0650,0.2590,0.018
1198,58.6539,258,4.5,0.425,0.6594,128,0.024,0.40,-0.86,0.0675,0.2717,0.017
1199,31.3235,247,4.5,0.445,0.6724,122,0.026,0.38,-0.83,0.0690,0.2646,0.012
1200,55.5395,301,4.5,0.420,0.6435,124,0.025,0.46,-0.87,0.0709,0.2695,0.012
1201,40.6117,237,4.6,0.500,0.6354,125,0.025,0.36,-0.75,0.0653,0.2748,0.012
1202,52.2578,224,4.5,0.445,0.6247,124,0.025,0.34,-0.83,0.0646,0.2559,0.029
1203,33.8011,226,4.5,0.475,0.6223,117,0.027,0.35,-0.79,0.0681,0.2640,0.031
1204,32.8091,261,4.6,0.405,0.6381,119,0.026,0.40,-0.89,0.0648,0.2771,0.018
1205,49.2787,244,4.5,0.485,0.6509,119,0.026,0.37,-0.77,0.0677,0.2862,0.024
1206,55.6894,257,4.4,0.420,0.6318,118,0.026,0.40,-0.87,0.0663,0.2681,0.031
1207,42.8264,267,4.4,0.495,0.6337,116,0.027,0.41,-0.76,0.0638,0.2609,0.024
1208,56.3724,263,4.5,0.455,0.6252,118,0.026,0.40,-0.82,0.0708,0.2785,0.017
1209,61.4683,252,4.7,0.460,0.6430,113,0.028,0.39,-0.81,0.0660,0.2765,0.006
1210,51.8293,275,4.6,0.455,0.6285,115,0.027,0.42,-0.82,0.0647,0.2596,0.012
1211,56.3096,240,4.5,0.405,0.6180,118,0.026,0.37,-0.89,0.0655,0.2600,0.026
1212,60.7574,232,4.6,0.490,0.6367,125,0.025,0.36,-0.77,0.0664,0.2750,0.025
1213,55.5323,308,4.6,0.430,0.6544,119,0.026,0.47,-0.86,0.0684,0.2845,0.018
1214,48.1931,228,4.6,0.465,0.6628,112,0.028,0.35,-0.80,0.0683,0.2775,0.013
1215,64.5696,273,4.5,0.440,0.6627,118,0.026,0.42,-0.84,0.0698,0.2649,0.037
1216,35.7033,267,4.5,0.475,0.6741,122,0.026,0.41,-0.79,0.0657,0.2718,0.036
1217,38.8767,235,4.5,0.425,0.6631,122,0.026,0.36,-0.86,0.0626,0.2596,0.006
1218,48.2923,220,4.5,0.460,0.6583,120,0.026,0.34,-0.81,0.0635,0.2481,0.012
1219,44.0116,263,4.5,0.440,0.6511,119,0.026,0.40,-0.84,0.0672,0.2478,0.018
1220,40.2760,254,4.4,0.440,0.6654,120,0.026,0.39,-0.84,0.0718,0.2695,0.013
1221,32.0845,244,4.5,0.435,0.6760,116,0.027,0.38,-0.85,0.0632,0.2628,0.025
1222,40.8207,254,4.6,0.450,0.7044,114,0.027,0.39,-0.83,0.0681,0.2930,0.019
1223,46.4028,275,4.6,0.435,0.7191,115,0.027,0.42,-0.85,0.0707,0.3256,0.012
1224,50.3280,262,4.5,0.460,0.7228,114,0.027,0.40,-0.81,0.0669,0.3080,0.018
1225,60.1372,239,4.5,0.435,0.7227,116,0.027,0.37,-0.85,0.0724,0.3108,0.012
1226,38.4296,246,4.7,0.470,0.7370,120,0.026,0.38,-0.80,0.0715,0.3010,0.006
1227,65.2172,267,4.7,0.485,0.7137,124,0.025,0.41,-0.77,0.0717,0.3018,0.011
1228,47.5830,275,4.6,0.435,0.7246,118,0.026,0.42,-0.85,0.0705,0.3230,0.018
1229,27.2766,217,4.5,0.475,0.7432,120,0.026,0.33,-0.79,0.0706,0.3057,0.024
1230,50.0027,249,4.5,0.405,0.7229,114,0.027,0.38,-0.89,0.0759,0.2878,0.025
1231,39.0173,255,4.4,0.485,0.7212,116,0.027,0.39,-0.77,0.0732,0.2878,0.018
1232,51.6602,228,4.5,0.420,0.7279,122,0.026,0.35,-0.87,0.0680,0.2874,0.024
1233,49.0613,243,4.5,0.465,0.7134,119,0.026,0.37,-0.80,0.0729,0.2650,0.019
1234,42.0828,270,4.7,0.475,0.6894,115,0.027,0.42,-0.79,0.0673,0.2761,0.012
1235,40.3148,250,4.6,0.445,0.6950,120,0.026,0.38,-0.83,0.0717,0.3004,0.006
1236,33.2985,213,4.5,0.480,0.7070,122,0.026,0.33,-0.78,0.0665,0.2959,0.018
1237,51.9675,259,4.5,0.455,0.7118,123,0.025,0.40,-0.82,0.0719,0.3192,0.018
1238,35.7243,279,4.6,0.425,0.7072,127,0.025,0.43,-0.86,0.0711,0.3289,0.000
1239,30.9947,216,4.5,0.515,0.6968,124,0.025,0.33,-0.73,0.0744,0.3171,0.023
1240,70.1827,268,4.4,0.420,0.7252,122,0.026,0.41,-0.87,0.0696,0.3072,0.023
1241,38.6900,246,4.6,0.520,0.7417,115,0.027,0.38,-0.72,0.0728,0.3186,0.006
1242,51.2059,277,4.5,0.410,0.7029,127,0.025,0.43,-0.89,0.0601,0.3060,0.012
1243,48.9775,281,4.5,0.520,0.6430,126,0.025,0.43,-0.72,0.0637,0.2929,0.012
1244,41.1521,241,4.6,0.425,0.6317,120,0.026,0.37,-0.86,0.0647,0.2886,0.006
1245,48.4948,270,4.6,0.465,0.6241,123,0.025,0.42,-0.80,0.0636,0.2518,0.013
1246,43.7608,238,4.6,0.440,0.6298,129,0.024,0.37,-0.84,0.0605,0.2597,0.025
1247,46.1663,285,4.6,0.485,0.6007,118,0.026,0.44,-0.77,0.0684,0.2757,0.012
1248,23.5260,261,4.6,0.445,0.6311,120,0.026,0.40,-0.83,0.0700,0.2705,0.000
1249,48.7641,237,4.6,0.450,0.6215,116,0.027,0.36,-0.83,0.0671,0.2728,0.013
1250,56.0670,235,4.6,0.460,0.6422,123,0.025,0.36,-0.81,0.0750,0.3029,0.018
1251,64.6253,293,4.5,0.455,0.6394,114,0.027,0.45,-0.82,0.0606,0.3041,0.006
1252,33.4231,243,4.6,0.415,0.6275,120,0.026,0.37,-0.88,0.0671,0.2876,0.006
1253,40.5500,255,4.7,0.480,0.6508,110,0.028,0.39,-0.78,0.0707,0.2964,0.024
1254,43.6137,255,4.4,0.465,0.6753,124,0.025,0.39,-0.80,0.0645,0.2960,0.047
1255,39.4961,248,4.4,0.440,0.6351,125,0.025,0.38,-0.84,0.0705,0.2709,0.049
1256,66.0516,243,4.6,0.475,0.6281,117,0.027,0.37,-0.79,0.0676,0.2627,0.030
1257,54.5342,248,4.5,0.480,0.6270,118,0.026,0.38,-0.78,0.0680,0.2707,0.006
1258,46.7271,246,4.5,0.515,0.6402,124,0.025,0.38,-0.73,0.0659,0.3040,0.000
1259,72.8347,300,4.5,0.395,0.6496,122,0.026,0.46,-0.91,0.0635,0.3044,0.000
1260,40.6973,238,4.5,0.475,0.6397,124,0.025,0.37,-0.79,0.0656,0.2772,0.006
1261,67.8559,281,4.5,0.465,0.6356,120,0.026,0.43,-0.80,0.0673,0.2407,0.029
1262,41.1060,235,4.4,0.455,0.6588,122,0.026,0.36,-0.82,0.0649,0.2765,0.024
1263,48.8604,267,4.4,0.455,0.6635,122,0.026,0.41,-0.82,0.0665,0.3017,0.012
1264,64.6187,269,4.5,0.445,0.6625,120,0.026,0.41,-0.83,0.0659,0.2661,0.018
1265,49.2074,261,4.6,0.485,0.6805,129,0.024,0.40,-0.77,0.0620,0.2926,0.006
1266,68.3415,263,4.7,0.450,0.6742,121,0.026,0.40,-0.83,0.0725,0.2971,0.006
1267,50.1054,240,4.6,0.460,0.6525,121,0.026,0.37,-0.81,0.0684,0.2814,0.018
1268,53.2252,285,4.5,0.460,0.6787,128,0.024,0.44,-0.81,0.0717,0.2822,0.018
1269,49.3339,247,4.5,0.430,0.7023,124,0.025,0.38,-0.86,0.0697,0.2931,0.019
1270,43.5637,276,4.5,0.470,0.6922,120,0.026,0.42,-0.80,0.0679,0.2897,0.024
1271,39.9931,220,4.5,0.435,0.6675,132,0.024,0.34,-0.85,0.0675,0.2779,0.024
1272,39.4967,215,4.5,0.475,0.6661,122,0.026,0.33,-0.79,0.0680,0.2717,0.012
1273,33.9864,199,4.5,0.455,0.6380,104,0.030,0.31,-0.82,0.0654,0.2824,0.024
1274,66.3238,236,4.4,0.470,0.6498,121,0.026,0.36,-0.80,0.0680,0.3108,0.018
1275,33.5685,248,4.5,0.475,0.6704,115,0.027,0.38,-0.79,0.0676,0.3087,0.012
1276,44.7341,222,4.5,0.410,0.6680,121,0.026,0.34,-0.89,0.0653,0.2921,0.024
1277,44.9456,229,4.5,0.480,0.6874,125,0.025,0.35,-0.78,0.0673,0.2821,0.042
1278,33.9221,261,4.6,0.435,0.6816,119,0.026,0.40,-0.85,0.0672,0.2916,0.036
1279,34.1747,213,4.6,0.505,0.6778,117,0.027,0.33,-0.74,0.0709,0.2863,0.018
1280,64.5343,267,4.5,0.425,0.6779,120,0.026,0.41,-0.86,0.0730,0.2870,0.012
1281,44.0590,221,4.6,0.495,0.6883,114,0.027,0.34,-0.76,0.0675,0.3064,0.000
1282,48.7567,241,4.5,0.415,0.6721,122,0.026,0.37,-0.88,0.0626,0.3013,0.012
1283,44.6692,267,4.5,0.480,0.6453,116,0.027,0.41,-0.78,0.0604,0.2670,0.024
1284,49.3925,242,4.5,0.435,0.6703,120,0.026,0.37,-0.85,0.0647,0.2592,0.018
1285,35.1990,260,4.6,0.515,0.6709,118,0.026,0.40,-0.73,0.0648,0.2776,0.012
1286,56.3030,227,4.6,0.395,0.6657,117,0.027,0.35,-0.91,0.0643,0.2957,0.018
1287,43.3845,245,4.5,0.520,0.6474,116,0.027,0.38,-0.72,0.0624,0.2866,0.012
1288,45.0504,259,4.5,0.395,0.6281,116,0.027,0.40,-0.91,0.0630,0.2797,0.012
1289,35.5877,247,4.6,0.500,0.6362,125,0.025,0.38,-0.75,0.0653,0.2589,0.042
1290,52.2395,258,4.6,0.405,0.6266,126,0.025,0.40,-0.89,0.0647,0.2493,0.038
1291,36.1389,229,4.5,0.515,0.6355,119,0.026,0.35,-0.73,0.0657,0.2784,0.018
1292,47.9687,259,4.6,0.410,0.6586,122,0.026,0.40,-0.89,0.0680,0.2916,0.017
1293,52.6535,284,4.4,0.510,0.6638,118,0.026,0.44,-0.73,0.0668,0.2898,0.018
1294,49.0043,249,4.5,0.400,0.6442,111,0.028,0.38,-0.90,0.0708,0.2929,0.013
1295,41.1737,266,4.4,0.525,0.6336,126,0.025,0.41,-0.71,0.0666,0.2720,0.025
1296,38.6391,269,4.4,0.430,0.6232,123,0.025,0.41,-0.86,0.0671,0.2662,0.024
1297,31.7615,230,4.5,0.525,0.6355,125,0.025,0.35,-0.71,0.0651,0.2669,0.036
1298,55.4970,211,4.5,0.410,0.6500,123,0.025,0.32,-0.89,0.0630,0.2796,0.029
1299,50.4179,253,4.6,0.515,0.6481,118,0.026,0.39,-0.73,0.0655,0.2862,0.012
1300,42.0204,218,4.7,0.415,0.6464,124,0.025,0.34,-0.88,0.0648,0.2742,0.012
1301,43.9390,275,4.5,0.530,0.6414,117,0.027,0.42,-0.70,0.0690,0.2629,0.023
1302,40.6658,252,4.5,0.390,0.6461,115,0.027,0.39,-0.92,0.0644,0.2779,0.018
1303,51.9767,248,4.4,0.515,0.6749,124,0.025,0.38,-0.73,0.0629,0.2984,0.006
1304,44.7752,251,4.5,0.400,0.6647,117,0.027,0.39,-0.90,0.0640,0.2835,0.012
1305,17.4399,233,4.6,0.520,0.6348,120,0.026,0.36,-0.72,0.0697,0.2692,0.012
1306,39.2847,247,4.6,0.420,0.6419,122,0.026,0.38,-0.87,0.0674,0.2771,0.011
1307,48.5002,264,4.5,0.440,0.6413,120,0.026,0.41,-0.84,0.0670,0.2785,0.012
1308,39.1566,207,4.5,0.465,0.6490,122,0.026,0.32,-0.80,0.0645,0.2581,0.006
1309,49.9514,282,4.6,0.435,0.6651,126,0.025,0.43,-0.85,0.0670,0.2686,0.006
1310,38.0614,236,4.5,0.490,0.6537,119,0.026,0.36,-0.77,0.0705,0.2671,0.018
1311,40.9871,240,4.5,0.440,0.6539,125,0.025,0.37,-0.84,0.0676,0.2786,0.018
1312,47.8138,246,4.5,0.460,0.6489,117,0.027,0.38,-0.81,0.0638,0.2971,0.013
1313,42.3351,266,4.5,0.475,0.6297,118,0.026,0.41,-0.79,0.0631,0.2554,0.012
1314,39.2689,231,4.5,0.455,0.6307,125,0.025,0.35,-0.82,0.0682,0.2560,0.012
1315,57.9657,282,4.6,0.485,0.6412,126,0.025,0.43,-0.77,0.0671,0.2729,0.025
1316,55.3044,277,4.5,0.435,0.6509,120,0.026,0.43,-0.85,0.0643,0.2712,0.019
1317,48.7216,251,4.4,0.475,0.6565,117,0.027,0.39,-0.79,0.0684,0.2815,0.000
1318,61.2009,239,4.4,0.430,0.6510,121,0.026,0.37,-0.86,0.0652,0.2688,0.018
1319,47.6705,230,4.4,0.480,0.6509,120,0.026,0.35,-0.78,0.0655,0.3017,0.018
1320,56.9416,235,4.5,0.410,0.6644,124,0.025,0.36,-0.89,0.0623,0.3198,0.000
1321,46.5031,283,4.5,0.500,0.6574,133,0.023,0.44,-0.75,0.0652,0.3108,0.006
1322,29.9556,210,4.5,0.435,0.6492,121,0.026,0.32,-0.85,0.0659,0.2972,0.012
1323,39.1894,235,4.5,0.465,0.6613,111,0.028,0.36,-0.80,0.0674,0.2920,0.025
1324,21.8200,207,4.6,0.500,0.6558,117,0.027,0.32,-0.75,0.0653,0.2894,0.029
1325,61.0340,269,4.6,0.375,0.6568,119,0.026,0.41,-0.94,0.0623,0.2847,0.013
1326,58.0455,242,4.6,0.530,0.6534,125,0.025,0.37,-0.70,0.0658,0.2605,0.012
1327,52.7273,279,4.5,0.415,0.6532,118,0.026,0.43,-0.88,0.0698,0.2555,0.012
1328,41.5606,217,4.5,0.480,0.6457,125,0.025,0.33,-0.78,0.0635,0.2682,0.000
1329,44.5121,254,4.6,0.480,0.6483,130,0.024,0.39,-0.78,0.0667,0.2740,0.005
1330,42.5536,247,4.5,0.485,0.6371,123,0.025,0.38,-0.77,0.0658,0.2819,0.011
1331,50.8801,253,4.5,0.440,0.6524,121,0.026,0.39,-0.84,0.0664,0.2907,0.024
1332,39.8187,226,4.4,0.430,0.6731,121,0.026,0.35,-0.86,0.0635,0.2841,0.031
1333,51.6489,275,4.4,0.495,0.6485,124,0.025,0.42,-0.76,0.0686,0.2782,0.012
1334,40.5576,240,4.5,0.415,0.6572,126,0.025,0.37,-0.88,0.0627,0.2802,0.024
1335,61.4114,289,4.5,0.470,0.6702,120,0.026,0.44,-0.80,0.0649,0.2783,0.031
1336,52.7144,242,4.6,0.450,0.6809,129,0.024,0.37,-0.83,0.0646,0.2743,0.006
1337,41.4756,252,4.5,0.475,0.6547,125,0.025,0.39,-0.79,0.0618,0.2588,0.012
1338,56.8603,244,4.5,0.430,0.6528,120,0.026,0.38,-0.86,0.0665,0.2563,0.018
1339,41.7764,251,4.5,0.460,0.6718,119,0.026,0.39,-0.81,0.0663,0.2663,0.018
1340,40.5770,245,4.5,0.465,0.6639,118,0.026,0.38,-0.80,0.0668,0.2596,0.037
1341,52.9880,250,4.6,0.425,0.6491,121,0.026,0.38,-0.86,0.0661,0.2567,0.036
1342,62.8152,238,4.6,0.475,0.6443,119,0.026,0.37,-0.79,0.0631,0.2682,0.018
1343,43.6950,274,4.5,0.425,0.6607,122,0.026,0.42,-0.86,0.0628,0.2734,0.006
1344,33.1199,254,4.6,0.510,0.6485,129,0.024,0.39,-0.73,0.0640,0.2803,0.023
1345,40.6031,228,4.6,0.410,0.6381,119,0.026,0.35,-0.89,0.0651,0.2830,0.053
1346,44.5139,243,4.5,0.485,0.6634,125,0.025,0.37,-0.77,0.0671,0.2917,0.037
1347,44.0113,235,4.5,0.455,0.6564,122,0.026,0.36,-0.82,0.0655,0.2811,0.017
1348,43.0946,260,4.5,0.465,0.6390,127,0.025,0.40,-0.80,0.0652,0.2643,0.018
1349,44.2776,262,4.5,0.460,0.6109,122,0.026,0.40,-0.81,0.0692,0.2641,0.024
1350,59.6862,278,4.5,0.460,0.6312,118,0.026,0.43,-0.81,0.0672,0.2711,0.018
1351,30.3906,258,4.6,0.440,0.6530,119,0.026,0.40,-0.84,0.0679,0.2816,0.012
1352,50.4430,232,4.5,0.505,0.6259,125,0.025,0.36,-0.74,0.0635,0.2700,0.012
1353,55.4628,289,4.6,0.450,0.6256,117,0.027,0.44,-0.83,0.0657,0.2656,0.017
1354,39.1191,250,4.5,0.475,0.6418,121,0.026,0.38,-0.79,0.0674,0.2710,0.024
1355,42.7849,221,4.6,0.425,0.6256,126,0.025,0.34,-0.86,0.0688,0.2841,0.019
1356,55.7053,287,4.5,0.480,0.6227,124,0.025,0.44,-0.78,0.0686,0.2880,0.012
1357,38.4796,275,4.5,0.440,0.6167,120,0.026,0.42,-0.84,0.0657,0.2807,0.012
1358,43.0259,259,4.4,0.480,0.6414,120,0.026,0.40,-0.78,0.0641,0.2657,0.018
1359,57.5430,256,4.5,0.410,0.6592,119,0.026,0.39,-0.89,0.0700,0.2671,0.031
1360,45.7935,240,4.5,0.505,0.6414,127,0.025,0.37,-0.74,0.0714,0.2958,0.029
1361,65.3412,299,4.6,0.395,0.6318,128,0.024,0.46,-0.91,0.0664,0.3072,0.024
1362,47.6447,245,4.6,0.510,0.6482,124,0.025,0.38,-0.73,0.0618,0.2939,0.006
1363,39.7989,240,4.6,0.410,0.6548,116,0.027,0.37,-0.89,0.0669,0.2632,0.012
1364,40.4435,259,4.6,0.475,0.6348,116,0.027,0.40,-0.79,0.0644,0.2567,0.013
1365,56.0430,266,4.5,0.405,0.6357,122,0.026,0.41,-0.89,0.0629,0.2517,0.012
1366,44.0827,244,4.5,0.490,0.6245,125,0.025,0.38,-0.77,0.0653,0.2576,0.018
1367,33.2894,246,4.5,0.465,0.6404,124,0.025,0.38,-0.80,0.0637,0.2805,0.006
1368,51.9938,265,4.4,0.465,0.6456,127,0.025,0.41,-0.80,0.0678,0.2879,0.000
1369,69.3095,267,4.4,0.435,0.6244,118,0.026,0.41,-0.85,0.0660,0.2704,0.000
1370,36.6593,260,4.5,0.470,0.6440,117,0.027,0.40,-0.80,0.0672,0.2719,0.006
1371,40.0084,242,4.6,0.470,0.6416,126,0.025,0.37,-0.80,0.0662,0.2754,0.012
1372,38.9249,222,4.6,0.480,0.6499,124,0.025,0.34,-0.78,0.0682,0.2926,0.024
1373,42.4535,243,4.5,0.465,0.6415,119,0.026,0.37,-0.80,0.0638,0.3041,0.040
1374,57.2762,273,4.5,0.470,0.6303,122,0.026,0.42,-0.80,0.0676,0.2882,0.058
1375,58.1868,259,4.5,0.440,0.6373,116,0.027,0.40,-0.84,0.0698,0.2690,0.036
1376,42.2880,252,4.7,0.480,0.6410,119,0.026,0.39,-0.78,0.0689,0.2664,0.006
1377,62.4883,267,4.6,0.410,0.6521,122,0.026,0.41,-0.89,0.0679,0.2640,0.019
1378,42.0353,239,4.6,0.510,0.6629,120,0.026,0.37,-0.73,0.0699,0.2873,0.024
1379,48.5555,240,4.5,0.420,0.6540,122,0.026,0.37,-0.87,0.0649,0.2833,0.018
1380,37.7310,214,4.5,0.540,0.6558,125,0.025,0.33,-0.69,0.0660,0.2702,0.018
1381,47.1753,262,4.6,0.375,0.6415,122,0.026,0.40,-0.94,0.0680,0.2808,0.018
1382,31.8879,246,4.5,0.570,0.6233,119,0.026,0.38,-0.65,0.0624,0.2932,0.018
1383,51.2935,236,4.4,0.380,0.6339,120,0.026,0.36,-0.93,0.0608,0.2740,0.012
1384,37.9264,228,4.3,0.545,0.6583,127,0.025,0.35,-0.68,0.0652,0.2834,0.000
1385,43.1213,234,4.4,0.425,0.6486,128,0.024,0.36,-0.86,0.0656,0.2899,0.006
1386,59.6183,292,4.4,0.455,0.6518,120,0.026,0.45,-0.82,0.0622,0.2717,0.019
1387,43.0958,289,4.5,0.400,0.6660,114,0.027,0.44,-0.90,0.0627,0.2663,0.013
1388,59.2481,243,4.5,0.520,0.6824,118,0.026,0.37,-0.72,0.0667,0.2686,0.006
1389,61.1213,285,4.5,0.395,0.6764,118,0.026,0.44,-0.91,0.0690,0.2940,0.012
1390,30.1282,244,4.6,0.500,0.6665,120,0.026,0.37,-0.75,0.0710,0.2929,0.025
1391,45.9195,218,4.5,0.430,0.6776,117,0.027,0.33,-0.86,0.0671,0.3206,0.024
1392,51.2285,250,4.5,0.470,0.6637,120,0.026,0.38,-0.80,0.0651,0.3250,0.006
1393,36.7889,225,4.6,0.420,0.6610,119,0.026,0.35,-0.87,0.0666,0.2876,0.000
1394,38.6265,236,4.6,0.505,0.6510,116,0.027,0.36,-0.74,0.0675,0.2842,0.006
1395,35.7097,240,4.5,0.420,0.6599,122,0.026,0.37,-0.87,0.0668,0.2753,0.023
1396,46.0271,220,4.4,0.470,0.6494,126,0.025,0.34,-0.80,0.0666,0.2488,0.018
1397,48.1076,256,4.5,0.445,0.6330,124,0.025,0.39,-0.83,0.0674,0.2522,0.006
1398,37.1924,227,4.5,0.485,0.6584,119,0.026,0.35,-0.77,0.0661,0.2932,0.006
1399,55.4267,265,4.6,0.415,0.6708,127,0.025,0.41,-0.88,0.0690,0.3103,0.006
