episode,reward,rate_avg,hops_avg,ho_avg,q_spread,uniq_sat,beam_avg,rew_rate,rew_ho,loss,q_gap_avg,q_gap_noise,n_valid
1,36.7165,271,4.7,1.000,0.0000,129,0.024,0.42,-0.00,0.0000,0.0000,0.000
2,46.4549,156,4.7,0.055,0.0000,124,0.025,0.24,-1.42,0.0000,0.0000,0.000
3,-19.3501,169,4.8,0.870,0.0000,120,0.026,0.26,-0.20,0.0000,0.0000,0.000
4,39.6743,179,4.9,0.155,0.0000,118,0.026,0.28,-1.27,0.0000,0.0000,0.000
5,18.4277,159,4.8,0.775,0.0000,115,0.027,0.24,-0.34,0.0000,0.0000,0.000
6,35.7733,202,4.8,0.245,0.0000,117,0.027,0.31,-1.13,0.0000,0.0000,0.000
7,30.8637,182,4.7,0.695,0.0000,121,0.026,0.28,-0.46,0.0000,0.0000,0.000
8,55.5257,236,4.6,0.325,0.0000,120,0.026,0.36,-1.01,0.0000,0.0000,0.000
9,30.0657,181,4.8,0.625,0.0000,127,0.025,0.28,-0.56,0.0000,0.0000,0.000
10,27.3035,195,4.8,0.405,0.0000,120,0.026,0.30,-0.89,0.0000,0.0000,0.000
11,20.9845,192,4.6,0.620,0.0000,117,0.027,0.30,-0.57,0.0000,0.0000,0.000
12,35.8593,269,4.8,0.400,0.0000,123,0.025,0.41,-0.90,0.0000,0.0000,0.000
13,26.4462,189,4.9,0.580,0.0000,121,0.026,0.29,-0.63,0.0000,0.0000,0.000
14,41.8634,227,4.9,0.405,0.0000,123,0.025,0.35,-0.89,0.0000,0.0000,0.000
15,11.8689,168,4.9,0.570,0.0000,119,0.026,0.26,-0.65,0.0000,0.0000,0.000
16,35.0002,183,4.9,0.405,0.0000,118,0.026,0.28,-0.89,0.0000,0.0000,0.000
17,32.1479,214,5.0,0.565,0.0000,116,0.027,0.33,-0.65,0.0000,0.0000,0.000
18,20.9303,206,4.9,0.435,0.0000,114,0.027,0.32,-0.85,0.0000,0.0000,0.000
19,21.5782,232,4.8,0.545,0.0000,117,0.027,0.36,-0.68,0.0000,0.0000,0.000
20,33.6276,199,4.7,0.455,0.0000,126,0.025,0.31,-0.82,0.0000,0.0000,0.000
21,34.6540,206,4.7,0.515,0.0005,123,0.025,0.32,-0.73,0.1261,0.0123,0.333
22,16.4284,211,4.8,0.455,0.0008,118,0.026,0.32,-0.82,0.1220,0.0242,0.250
23,20.6962,178,4.9,0.500,0.0008,120,0.026,0.27,-0.75,0.1258,0.0242,0.250
24,12.3875,200,4.9,0.470,0.0009,118,0.026,0.31,-0.80,0.1260,0.0219,0.200
25,21.9168,199,4.6,0.530,0.0009,113,0.028,0.31,-0.70,0.1144,0.0219,0.200
26,29.6044,203,4.6,0.465,0.0013,118,0.026,0.31,-0.80,0.1040,0.0269,0.167
27,22.8921,186,4.8,0.515,0.0014,116,0.027,0.29,-0.73,0.1040,0.0238,0.286
28,28.8469,189,4.8,0.465,0.0018,120,0.026,0.29,-0.80,0.0950,0.0233,0.333
29,13.9001,181,4.8,0.505,0.0024,113,0.028,0.28,-0.74,0.0983,0.0304,0.300
30,20.5505,180,4.8,0.480,0.0026,115,0.027,0.28,-0.78,0.0894,0.0301,0.273
31,26.3187,176,4.8,0.500,0.0028,124,0.025,0.27,-0.75,0.0838,0.0307,0.250
32,23.0720,196,4.8,0.520,0.0028,122,0.026,0.30,-0.72,0.0745,0.0307,0.250
33,21.5389,233,4.7,0.490,0.0028,132,0.024,0.36,-0.77,0.0713,0.0307,0.250
34,27.7579,210,4.7,0.505,0.0031,124,0.025,0.32,-0.74,0.0726,0.0307,0.250
35,43.0852,209,4.6,0.460,0.0034,124,0.025,0.32,-0.81,0.0708,0.0295,0.214
36,24.2109,221,4.7,0.535,0.0043,119,0.026,0.34,-0.70,0.0709,0.0391,0.200
37,25.6024,182,4.8,0.440,0.0043,115,0.027,0.28,-0.84,0.0727,0.0385,0.200
38,32.2759,248,4.8,0.540,0.0047,117,0.027,0.38,-0.69,0.0732,0.0364,0.176
39,17.5311,179,4.7,0.405,0.0048,126,0.025,0.28,-0.89,0.0653,0.0352,0.167
40,18.7279,198,4.8,0.570,0.0048,127,0.025,0.30,-0.65,0.0685,0.0352,0.167
41,26.4609,197,4.7,0.435,0.0048,129,0.024,0.30,-0.85,0.0695,0.0352,0.167
42,21.9812,218,4.7,0.540,0.0055,124,0.025,0.33,-0.69,0.1033,0.0329,0.200
43,24.8453,207,4.8,0.420,0.0055,118,0.026,0.32,-0.87,0.1084,0.0329,0.200
44,3.4105,163,4.9,0.565,0.0062,116,0.027,0.25,-0.65,0.0951,0.0331,0.200
45,41.6124,207,4.8,0.475,0.0064,124,0.025,0.32,-0.79,0.0888,0.0319,0.238
46,40.9092,227,4.8,0.465,0.0069,110,0.028,0.35,-0.80,0.0787,0.0346,0.227
47,34.4466,224,4.7,0.525,0.0074,122,0.026,0.34,-0.71,0.0786,0.0311,0.320
48,49.4937,221,4.6,0.445,0.0089,127,0.025,0.34,-0.83,0.0717,0.0376,0.259
49,46.6194,206,4.6,0.525,0.0093,127,0.025,0.32,-0.71,0.0689,0.0409,0.250
50,38.9442,218,4.6,0.440,0.0097,123,0.025,0.33,-0.84,0.0675,0.0406,0.241
51,35.6711,212,4.7,0.540,0.0105,117,0.027,0.33,-0.69,0.0684,0.0384,0.281
52,29.2899,215,4.7,0.465,0.0112,123,0.025,0.33,-0.80,0.0658,0.0385,0.265
53,30.0843,201,4.8,0.535,0.0125,113,0.028,0.31,-0.70,0.0661,0.0381,0.278
54,27.2518,200,4.8,0.485,0.0135,123,0.025,0.31,-0.77,0.0707,0.0364,0.316
55,17.0017,185,4.8,0.500,0.0139,116,0.027,0.28,-0.75,0.0692,0.0375,0.282
56,31.9335,258,4.7,0.490,0.0136,122,0.026,0.40,-0.77,0.0660,0.0339,0.308
57,33.3227,217,4.8,0.500,0.0152,117,0.027,0.33,-0.75,0.0677,0.0337,0.293
58,43.7100,176,4.8,0.500,0.0155,119,0.026,0.27,-0.75,0.0656,0.0336,0.273
59,19.8158,209,4.7,0.470,0.0164,124,0.025,0.32,-0.80,0.0658,0.0341,0.267
60,1.7147,173,4.7,0.510,0.0164,124,0.025,0.27,-0.73,0.0603,0.0341,0.267
61,26.9186,212,4.7,0.495,0.0173,126,0.025,0.33,-0.76,0.0634,0.0338,0.229
62,42.1875,226,4.7,0.470,0.0190,127,0.025,0.35,-0.80,0.0991,0.0341,0.235
63,32.9648,178,4.7,0.500,0.0210,116,0.027,0.27,-0.75,0.0939,0.0362,0.241
64,26.5723,202,4.8,0.510,0.0222,124,0.025,0.31,-0.73,0.0921,0.0364,0.236
65,11.8826,187,4.8,0.500,0.0233,128,0.024,0.29,-0.75,0.0882,0.0381,0.220
66,47.1093,207,4.8,0.500,0.0233,121,0.026,0.32,-0.75,0.0817,0.0381,0.220
67,57.8883,290,4.6,0.500,0.0230,115,0.027,0.45,-0.75,0.0786,0.0374,0.220
68,26.4701,223,4.8,0.475,0.0239,121,0.026,0.34,-0.79,0.0688,0.0382,0.213
69,28.7690,212,4.7,0.525,0.0246,120,0.026,0.33,-0.71,0.0661,0.0386,0.206
70,29.8694,227,4.7,0.465,0.0262,129,0.024,0.35,-0.80,0.0667,0.0388,0.206
71,32.0562,187,4.6,0.505,0.0272,119,0.026,0.29,-0.74,0.0674,0.0391,0.197
72,27.9952,190,4.7,0.520,0.0276,114,0.027,0.29,-0.72,0.0618,0.0398,0.197
73,33.9226,184,4.8,0.450,0.0295,111,0.028,0.28,-0.83,0.0655,0.0412,0.191
74,35.9126,177,4.9,0.535,0.0322,117,0.027,0.27,-0.70,0.0632,0.0428,0.178
75,30.7769,244,4.8,0.440,0.0338,126,0.025,0.37,-0.84,0.0684,0.0434,0.171
76,39.6360,214,4.8,0.525,0.0354,124,0.025,0.33,-0.71,0.0698,0.0444,0.173
77,42.7351,227,4.8,0.465,0.0364,118,0.026,0.35,-0.80,0.0642,0.0448,0.160
78,24.0805,201,4.7,0.515,0.0375,116,0.027,0.31,-0.73,0.0704,0.0457,0.145
79,35.2853,190,4.8,0.465,0.0395,118,0.026,0.29,-0.80,0.0669,0.0478,0.141
80,34.0686,200,4.8,0.530,0.0413,114,0.027,0.31,-0.70,0.0640,0.0488,0.135
81,25.7642,188,4.6,0.465,0.0426,115,0.027,0.29,-0.80,0.0596,0.0492,0.130
82,15.1050,233,4.8,0.535,0.0435,117,0.027,0.36,-0.70,0.0911,0.0481,0.146
83,27.9019,197,4.8,0.475,0.0442,114,0.027,0.30,-0.79,0.0906,0.0471,0.144
84,26.6265,207,4.8,0.505,0.0461,121,0.026,0.32,-0.74,0.0890,0.0477,0.144
85,34.8968,203,4.8,0.455,0.0476,129,0.024,0.31,-0.82,0.0933,0.0498,0.131
86,26.5122,218,4.8,0.490,0.0489,123,0.025,0.34,-0.77,0.0799,0.0489,0.129
87,26.4690,205,4.7,0.535,0.0526,120,0.026,0.32,-0.70,0.0716,0.0496,0.126
88,39.0347,212,4.7,0.460,0.0537,120,0.026,0.33,-0.81,0.0703,0.0479,0.124
89,30.8889,204,4.7,0.515,0.0553,118,0.026,0.31,-0.73,0.0667,0.0500,0.132
90,51.8298,227,4.6,0.490,0.0589,123,0.025,0.35,-0.77,0.0647,0.0515,0.127
91,33.7676,224,4.6,0.510,0.0601,112,0.028,0.34,-0.73,0.0647,0.0510,0.124
92,26.7896,199,4.6,0.480,0.0603,114,0.027,0.31,-0.78,0.0671,0.0513,0.124
93,24.5705,238,4.8,0.535,0.0606,116,0.027,0.37,-0.70,0.0664,0.0501,0.123
94,14.6448,165,4.8,0.455,0.0613,125,0.025,0.25,-0.82,0.0689,0.0501,0.123
95,25.2018,207,4.9,0.530,0.0624,124,0.025,0.32,-0.70,0.0723,0.0489,0.139
96,10.8619,183,4.8,0.485,0.0636,114,0.027,0.28,-0.77,0.0718,0.0487,0.145
97,30.5442,198,4.7,0.505,0.0643,122,0.026,0.30,-0.74,0.0689,0.0483,0.154
98,29.5618,243,4.7,0.485,0.0660,119,0.026,0.37,-0.77,0.0699,0.0500,0.136
99,32.3402,212,4.7,0.495,0.0668,122,0.026,0.33,-0.76,0.0658,0.0506,0.136
100,37.2456,183,4.7,0.510,0.0679,116,0.027,0.28,-0.73,0.0667,0.0504,0.133
101,29.6533,217,4.6,0.480,0.0690,118,0.026,0.33,-0.78,0.0641,0.0503,0.132
102,25.5086,201,4.5,0.540,0.0715,123,0.025,0.31,-0.69,0.0851,0.0534,0.130
103,18.9318,192,4.6,0.475,0.0732,115,0.027,0.30,-0.79,0.0830,0.0536,0.128
104,19.1322,194,4.8,0.505,0.0750,118,0.026,0.30,-0.74,0.0845,0.0552,0.142
105,21.1369,195,4.8,0.460,0.0753,119,0.026,0.30,-0.81,0.0843,0.0553,0.142
106,18.1672,168,4.8,0.515,0.0769,119,0.026,0.26,-0.73,0.0792,0.0543,0.146
107,36.8024,142,4.8,0.480,0.0773,119,0.026,0.22,-0.78,0.0720,0.0547,0.140
108,20.8029,208,4.9,0.485,0.0784,116,0.027,0.32,-0.77,0.0731,0.0556,0.140
109,13.0142,180,4.7,0.485,0.0828,117,0.027,0.28,-0.77,0.0655,0.0572,0.141
110,37.0328,234,4.7,0.515,0.0843,117,0.027,0.36,-0.73,0.0675,0.0576,0.135
111,17.6686,195,4.7,0.490,0.0877,126,0.025,0.30,-0.77,0.0659,0.0594,0.131
112,44.8992,207,4.5,0.480,0.0885,114,0.027,0.32,-0.78,0.0680,0.0597,0.130
113,44.1238,218,4.7,0.460,0.0893,116,0.027,0.33,-0.81,0.0644,0.0599,0.134
114,18.2090,204,4.9,0.535,0.0908,119,0.026,0.31,-0.70,0.0659,0.0605,0.126
115,27.0180,183,4.8,0.460,0.0923,124,0.025,0.28,-0.81,0.0672,0.0600,0.118
116,32.6616,198,4.8,0.540,0.0941,125,0.025,0.30,-0.69,0.0661,0.0610,0.129
117,26.8659,211,4.8,0.430,0.0940,128,0.024,0.32,-0.86,0.0687,0.0610,0.129
118,28.0131,189,4.8,0.530,0.0968,123,0.025,0.29,-0.70,0.0647,0.0645,0.121
119,57.8119,220,4.8,0.460,0.0989,128,0.024,0.34,-0.81,0.0671,0.0658,0.120
120,32.1819,193,4.7,0.500,0.0995,125,0.025,0.30,-0.75,0.0638,0.0663,0.119
121,33.3127,223,4.7,0.490,0.1002,112,0.028,0.34,-0.77,0.0621,0.0657,0.117
122,24.7982,196,4.8,0.495,0.1021,121,0.026,0.30,-0.76,0.0789,0.0677,0.117
123,24.6381,198,4.8,0.515,0.1032,123,0.025,0.31,-0.73,0.0812,0.0682,0.116
124,37.6883,214,4.6,0.440,0.1041,118,0.026,0.33,-0.84,0.0798,0.0689,0.117
125,19.2190,183,4.7,0.520,0.1055,120,0.026,0.28,-0.72,0.0747,0.0682,0.130
126,37.1343,225,4.7,0.450,0.1076,123,0.025,0.35,-0.83,0.0770,0.0711,0.123
127,22.4385,152,4.9,0.515,0.1094,122,0.026,0.23,-0.73,0.0710,0.0719,0.117
128,40.7001,182,4.8,0.460,0.1109,119,0.026,0.28,-0.81,0.0684,0.0738,0.107
129,29.3023,209,4.8,0.525,0.1126,117,0.027,0.32,-0.71,0.0668,0.0724,0.095
130,24.4316,191,4.8,0.505,0.1157,117,0.027,0.29,-0.74,0.0693,0.0738,0.088
131,51.0796,233,4.8,0.460,0.1169,122,0.026,0.36,-0.81,0.0654,0.0744,0.088
132,24.9069,211,4.9,0.525,0.1174,124,0.025,0.32,-0.71,0.0625,0.0729,0.101
133,28.9079,215,4.7,0.430,0.1200,121,0.026,0.33,-0.86,0.0625,0.0746,0.101
134,25.8336,198,4.6,0.555,0.1211,121,0.026,0.30,-0.67,0.0660,0.0758,0.075
135,29.7336,219,4.8,0.430,0.1212,125,0.025,0.34,-0.86,0.0654,0.0750,0.082
136,29.4851,189,4.9,0.555,0.1221,120,0.026,0.29,-0.67,0.0678,0.0784,0.088
137,43.5054,222,4.9,0.465,0.1242,121,0.026,0.34,-0.80,0.0676,0.0826,0.088
138,43.4838,229,4.7,0.530,0.1246,122,0.026,0.35,-0.70,0.0676,0.0826,0.095
139,39.7862,248,4.6,0.440,0.1270,118,0.026,0.38,-0.84,0.0637,0.0827,0.095
140,19.7476,200,4.8,0.555,0.1266,120,0.026,0.31,-0.67,0.0675,0.0829,0.095
141,33.0918,188,4.7,0.440,0.1266,119,0.026,0.29,-0.84,0.0606,0.0844,0.095
142,16.1250,203,4.6,0.550,0.1284,123,0.025,0.31,-0.67,0.0772,0.0855,0.096
143,59.4678,222,4.7,0.440,0.1304,116,0.027,0.34,-0.84,0.0805,0.0878,0.081
144,55.9076,280,4.7,0.525,0.1333,119,0.026,0.43,-0.71,0.0774,0.0871,0.081
145,27.3715,236,4.7,0.485,0.1352,122,0.026,0.36,-0.77,0.0771,0.0857,0.073
146,31.6940,188,4.8,0.465,0.1386,118,0.026,0.29,-0.80,0.0724,0.0909,0.067
147,19.3449,193,4.8,0.525,0.1398,123,0.025,0.30,-0.71,0.0707,0.0904,0.067
148,20.6225,169,4.8,0.470,0.1408,121,0.026,0.26,-0.80,0.0675,0.0904,0.067
149,29.4916,171,4.7,0.515,0.1435,120,0.026,0.26,-0.73,0.0647,0.0931,0.067
150,34.1315,188,4.8,0.465,0.1446,123,0.025,0.29,-0.80,0.0611,0.0934,0.073
151,19.8153,184,4.9,0.525,0.1464,121,0.026,0.28,-0.71,0.0626,0.0953,0.073
152,32.7072,200,4.8,0.465,0.1489,122,0.026,0.31,-0.80,0.0646,0.0957,0.073
153,27.7872,213,4.7,0.525,0.1486,127,0.025,0.33,-0.71,0.0638,0.0966,0.079
154,47.8832,215,4.7,0.440,0.1510,123,0.025,0.33,-0.84,0.0677,0.0957,0.079
155,33.3498,192,4.7,0.515,0.1527,121,0.026,0.30,-0.73,0.0690,0.0936,0.090
156,59.9164,233,4.8,0.450,0.1561,122,0.026,0.36,-0.83,0.0647,0.0961,0.089
157,18.2283,228,4.8,0.515,0.1579,119,0.026,0.35,-0.73,0.0666,0.0945,0.094
158,25.1122,186,4.9,0.480,0.1602,118,0.026,0.29,-0.78,0.0666,0.0972,0.095
159,25.8466,222,4.9,0.490,0.1613,122,0.026,0.34,-0.77,0.0638,0.0952,0.095
160,29.4723,199,4.6,0.490,0.1603,116,0.027,0.31,-0.77,0.0613,0.0929,0.101
161,40.4057,193,4.7,0.485,0.1606,122,0.026,0.30,-0.77,0.0633,0.0934,0.099
162,27.9161,210,4.8,0.500,0.1666,120,0.026,0.32,-0.75,0.0740,0.0984,0.094
163,31.1255,190,4.8,0.475,0.1668,114,0.027,0.29,-0.79,0.0766,0.0997,0.104
164,32.7113,231,4.7,0.495,0.1697,113,0.028,0.36,-0.76,0.0734,0.1033,0.099
165,27.2969,192,4.6,0.480,0.1714,128,0.024,0.29,-0.78,0.0687,0.1055,0.098
166,25.9768,178,4.8,0.525,0.1718,119,0.026,0.27,-0.71,0.0713,0.1039,0.090
167,41.0702,238,4.8,0.430,0.1715,127,0.025,0.37,-0.86,0.0727,0.1029,0.091
168,16.5183,239,4.8,0.535,0.1724,129,0.024,0.37,-0.70,0.0700,0.1020,0.079
169,22.8195,164,4.8,0.460,0.1729,130,0.024,0.25,-0.81,0.0636,0.1015,0.079
170,31.4241,216,4.7,0.520,0.1722,125,0.025,0.33,-0.72,0.0623,0.0980,0.085
171,23.8089,187,4.8,0.465,0.1731,122,0.026,0.29,-0.80,0.0652,0.0970,0.091
172,49.7240,199,4.8,0.545,0.1735,122,0.026,0.31,-0.68,0.0660,0.0964,0.096
173,40.6446,203,4.7,0.465,0.1739,122,0.026,0.31,-0.80,0.0659,0.0984,0.102
174,51.9324,260,4.6,0.505,0.1763,124,0.025,0.40,-0.74,0.0668,0.0975,0.102
175,42.1623,219,4.7,0.485,0.1789,122,0.026,0.34,-0.77,0.0638,0.1015,0.089
176,26.6140,228,4.8,0.515,0.1801,126,0.025,0.35,-0.73,0.0651,0.1023,0.089
177,27.4192,189,4.9,0.490,0.1808,123,0.025,0.29,-0.77,0.0655,0.1002,0.095
178,25.7284,227,4.8,0.500,0.1813,117,0.027,0.35,-0.75,0.0643,0.0992,0.095
179,22.7092,187,4.7,0.445,0.1820,109,0.029,0.29,-0.83,0.0626,0.0992,0.089
180,21.5476,170,4.7,0.545,0.1838,118,0.026,0.26,-0.68,0.0623,0.1006,0.083
181,38.3982,225,4.7,0.455,0.1846,122,0.026,0.35,-0.82,0.0605,0.1007,0.089
182,29.1770,187,4.8,0.520,0.1880,119,0.026,0.29,-0.72,0.0755,0.1045,0.088
183,55.8169,206,4.8,0.475,0.1918,120,0.026,0.32,-0.79,0.0701,0.1116,0.077
184,25.9171,193,4.8,0.505,0.1931,116,0.027,0.30,-0.74,0.0720,0.1115,0.078
185,32.0217,173,4.8,0.475,0.1944,119,0.026,0.27,-0.79,0.0712,0.1154,0.067
186,28.3728,189,4.8,0.495,0.1948,119,0.026,0.29,-0.76,0.0709,0.1131,0.067
187,22.5515,168,4.8,0.475,0.1942,118,0.026,0.26,-0.79,0.0655,0.1128,0.062
188,36.7685,232,4.7,0.475,0.1965,117,0.027,0.36,-0.79,0.0651,0.1126,0.061
189,30.6659,194,4.6,0.485,0.1964,118,0.026,0.30,-0.77,0.0625,0.1114,0.060
190,35.2929,224,4.5,0.480,0.1972,126,0.025,0.34,-0.78,0.0645,0.1145,0.055
191,27.0285,244,4.6,0.495,0.1981,122,0.026,0.37,-0.76,0.0639,0.1171,0.055
192,22.0000,176,4.7,0.475,0.1990,125,0.025,0.27,-0.79,0.0631,0.1158,0.055
193,33.1160,206,4.7,0.490,0.2000,126,0.025,0.32,-0.77,0.0642,0.1170,0.055
194,37.7131,223,4.8,0.485,0.2009,120,0.026,0.34,-0.77,0.0628,0.1159,0.054
195,29.5919,251,4.7,0.525,0.2051,122,0.026,0.39,-0.71,0.0646,0.1176,0.054
196,32.0931,209,4.8,0.440,0.2065,121,0.026,0.32,-0.84,0.0631,0.1144,0.054
197,37.9828,224,4.7,0.550,0.2075,129,0.024,0.34,-0.67,0.0679,0.1134,0.054
198,39.3674,196,4.7,0.440,0.2054,127,0.025,0.30,-0.84,0.0640,0.1165,0.061
199,24.5928,194,4.8,0.555,0.2074,122,0.026,0.30,-0.67,0.0627,0.1100,0.062
200,35.3773,231,4.9,0.410,0.2078,122,0.026,0.36,-0.89,0.0658,0.1129,0.069
201,22.9175,167,4.8,0.565,0.2085,123,0.025,0.26,-0.65,0.0634,0.1149,0.069
202,28.1153,246,4.8,0.440,0.2108,117,0.027,0.38,-0.84,0.0688,0.1100,0.076
203,19.1690,194,4.6,0.560,0.2126,119,0.026,0.30,-0.66,0.0675,0.1078,0.076
204,41.2286,186,4.8,0.420,0.2135,119,0.026,0.29,-0.87,0.0644,0.1063,0.078
205,16.8201,200,4.7,0.575,0.2165,122,0.026,0.31,-0.64,0.0709,0.1107,0.065
206,33.0555,205,4.6,0.425,0.2190,124,0.025,0.31,-0.86,0.0674,0.1096,0.058
207,15.1878,207,4.5,0.565,0.2211,126,0.025,0.32,-0.65,0.0609,0.1097,0.058
208,41.0301,233,4.5,0.425,0.2219,125,0.025,0.36,-0.86,0.0657,0.1128,0.058
209,21.0913,240,4.6,0.570,0.2243,127,0.025,0.37,-0.65,0.0650,0.1126,0.052
210,39.1804,214,4.7,0.420,0.2238,116,0.027,0.33,-0.87,0.0676,0.1101,0.058
211,31.8087,230,4.8,0.565,0.2259,121,0.026,0.35,-0.65,0.0615,0.1142,0.057
212,19.6496,178,5.0,0.440,0.2265,118,0.026,0.27,-0.84,0.0661,0.1146,0.057
213,40.7925,194,4.8,0.500,0.2264,126,0.025,0.30,-0.75,0.0635,0.1127,0.051
214,37.4180,229,4.6,0.465,0.2271,122,0.026,0.35,-0.80,0.0649,0.1162,0.050
215,23.9361,197,4.6,0.540,0.2271,119,0.026,0.30,-0.69,0.0663,0.1147,0.056
216,28.2026,220,4.8,0.460,0.2278,126,0.025,0.34,-0.81,0.0660,0.1143,0.056
217,18.8723,157,4.8,0.525,0.2302,124,0.025,0.24,-0.71,0.0655,0.1159,0.057
218,36.0949,221,4.7,0.445,0.2324,130,0.024,0.34,-0.83,0.0630,0.1177,0.064
219,39.0147,227,4.7,0.525,0.2329,129,0.024,0.35,-0.71,0.0646,0.1204,0.064
220,30.2455,226,4.6,0.455,0.2337,119,0.026,0.35,-0.82,0.0606,0.1179,0.076
221,39.4290,232,4.7,0.510,0.2339,121,0.026,0.36,-0.73,0.0660,0.1181,0.088
222,49.3728,259,4.7,0.475,0.2327,125,0.025,0.40,-0.79,0.0684,0.1177,0.088
223,45.7387,231,4.7,0.500,0.2346,123,0.025,0.36,-0.75,0.0697,0.1196,0.089
224,41.6295,241,4.8,0.500,0.2351,124,0.025,0.37,-0.75,0.0701,0.1185,0.090
225,30.1928,231,4.8,0.475,0.2329,114,0.027,0.35,-0.79,0.0659,0.1213,0.083
226,41.3405,207,4.8,0.515,0.2340,125,0.025,0.32,-0.73,0.0677,0.1219,0.076
227,25.3885,190,4.8,0.475,0.2338,119,0.026,0.29,-0.79,0.0650,0.1189,0.069
228,33.0864,199,4.7,0.525,0.2374,129,0.024,0.31,-0.71,0.0662,0.1224,0.056
229,22.1326,180,4.8,0.475,0.2384,122,0.026,0.28,-0.79,0.0664,0.1232,0.050
230,25.2287,200,4.7,0.510,0.2374,122,0.026,0.31,-0.73,0.0667,0.1177,0.057
231,24.3692,190,4.7,0.480,0.2379,123,0.025,0.29,-0.78,0.0630,0.1175,0.070
232,46.1796,221,4.6,0.485,0.2379,118,0.026,0.34,-0.77,0.0643,0.1158,0.070
233,32.1653,182,4.6,0.490,0.2386,124,0.025,0.28,-0.77,0.0640,0.1149,0.082
234,34.2806,218,4.7,0.485,0.2374,121,0.026,0.34,-0.77,0.0676,0.1116,0.087
235,26.8724,180,4.7,0.515,0.2377,120,0.026,0.28,-0.73,0.0674,0.1143,0.087
236,38.8545,189,4.6,0.455,0.2362,118,0.026,0.29,-0.82,0.0659,0.1120,0.087
237,52.6154,234,4.7,0.490,0.2366,120,0.026,0.36,-0.77,0.0634,0.1116,0.073
238,44.9130,231,4.7,0.520,0.2386,123,0.025,0.35,-0.72,0.0640,0.1126,0.084
239,46.1870,229,4.7,0.460,0.2375,121,0.026,0.35,-0.81,0.0625,0.1139,0.084
240,17.4722,185,4.8,0.500,0.2384,122,0.026,0.28,-0.75,0.0642,0.1129,0.078
241,18.1066,183,4.8,0.435,0.2395,130,0.024,0.28,-0.85,0.0658,0.1163,0.083
242,29.1386,206,4.7,0.570,0.2417,128,0.024,0.32,-0.65,0.0667,0.1165,0.085
243,42.5081,211,4.8,0.405,0.2446,124,0.025,0.32,-0.89,0.0693,0.1179,0.084
244,39.4731,262,4.7,0.555,0.2462,127,0.025,0.40,-0.67,0.0677,0.1219,0.084
245,29.7614,219,4.7,0.470,0.2455,121,0.026,0.34,-0.80,0.0636,0.1238,0.085
246,15.6081,189,4.7,0.515,0.2427,119,0.026,0.29,-0.73,0.0682,0.1232,0.085
247,23.5242,170,4.8,0.480,0.2414,126,0.025,0.26,-0.78,0.0664,0.1254,0.079
248,34.8352,214,4.8,0.480,0.2451,121,0.026,0.33,-0.78,0.0662,0.1303,0.079
249,32.7839,201,4.8,0.500,0.2454,116,0.027,0.31,-0.75,0.0668,0.1321,0.078
250,16.1585,171,4.7,0.495,0.2447,115,0.027,0.26,-0.76,0.0629,0.1349,0.085
251,34.2778,247,4.7,0.510,0.2450,115,0.027,0.38,-0.73,0.0651,0.1338,0.098
252,22.8085,218,4.8,0.490,0.2433,123,0.025,0.33,-0.77,0.0641,0.1291,0.099
253,46.5779,225,4.7,0.465,0.2439,127,0.025,0.35,-0.80,0.0657,0.1249,0.117
254,28.0456,227,4.8,0.530,0.2447,127,0.025,0.35,-0.70,0.0627,0.1238,0.117
255,25.0693,191,4.8,0.480,0.2450,124,0.025,0.29,-0.78,0.0642,0.1229,0.115
256,38.0557,190,4.8,0.490,0.2451,127,0.025,0.29,-0.77,0.0653,0.1215,0.110
257,28.1149,183,4.7,0.510,0.2431,127,0.025,0.28,-0.73,0.0620,0.1203,0.111
258,22.9110,213,4.7,0.470,0.2429,118,0.026,0.33,-0.80,0.0650,0.1233,0.113
259,16.2669,160,4.7,0.515,0.2436,113,0.028,0.25,-0.73,0.0633,0.1202,0.110
260,38.9601,180,4.7,0.465,0.2447,120,0.026,0.28,-0.80,0.0616,0.1225,0.101
261,37.6958,245,4.7,0.520,0.2454,124,0.025,0.38,-0.72,0.0621,0.1279,0.096
262,27.8861,200,4.7,0.470,0.2469,122,0.026,0.31,-0.80,0.0655,0.1312,0.090
263,33.1322,206,4.6,0.500,0.2520,124,0.025,0.32,-0.75,0.0661,0.1268,0.098
264,30.0345,182,4.7,0.475,0.2519,124,0.025,0.28,-0.79,0.0657,0.1272,0.098
265,31.8397,199,4.8,0.525,0.2516,128,0.024,0.31,-0.71,0.0639,0.1298,0.097
266,31.6406,239,4.6,0.475,0.2526,120,0.026,0.37,-0.79,0.0656,0.1302,0.098
267,59.1334,214,4.6,0.480,0.2554,127,0.025,0.33,-0.78,0.0661,0.1329,0.093
268,31.1328,211,4.7,0.485,0.2590,126,0.025,0.32,-0.77,0.0659,0.1419,0.081
269,42.5253,159,4.7,0.475,0.2579,119,0.026,0.25,-0.79,0.0646,0.1430,0.086
270,32.4805,215,4.8,0.525,0.2589,121,0.026,0.33,-0.71,0.0637,0.1397,0.090
271,26.7375,207,4.8,0.485,0.2580,122,0.026,0.32,-0.77,0.0652,0.1387,0.091
272,34.3171,232,4.6,0.505,0.2599,116,0.027,0.36,-0.74,0.0649,0.1398,0.084
273,33.1430,213,4.6,0.465,0.2627,119,0.026,0.33,-0.80,0.0640,0.1459,0.088
274,26.8274,190,4.8,0.510,0.2625,124,0.025,0.29,-0.73,0.0632,0.1417,0.089
275,43.1119,221,4.7,0.455,0.2644,119,0.026,0.34,-0.82,0.0614,0.1420,0.081
276,28.5070,204,4.7,0.550,0.2650,125,0.025,0.31,-0.67,0.0648,0.1418,0.075
277,20.1408,221,4.7,0.450,0.2643,118,0.026,0.34,-0.83,0.0679,0.1400,0.082
278,34.4176,193,4.8,0.510,0.2658,118,0.026,0.30,-0.73,0.0638,0.1419,0.089
279,31.2221,260,4.6,0.485,0.2662,120,0.026,0.40,-0.77,0.0631,0.1458,0.082
280,25.6180,221,4.6,0.480,0.2674,127,0.025,0.34,-0.78,0.0644,0.1461,0.079
281,24.8286,198,4.7,0.505,0.2652,126,0.025,0.30,-0.74,0.0634,0.1387,0.075
282,31.5153,217,4.7,0.500,0.2652,123,0.025,0.33,-0.75,0.0651,0.1400,0.082
283,51.9407,208,4.7,0.525,0.2650,121,0.026,0.32,-0.71,0.0662,0.1406,0.075
284,23.0130,209,4.6,0.475,0.2657,122,0.026,0.32,-0.79,0.0671,0.1394,0.074
285,26.7255,201,4.7,0.510,0.2668,117,0.027,0.31,-0.73,0.0615,0.1391,0.071
286,56.0794,223,4.6,0.470,0.2653,125,0.025,0.34,-0.80,0.0641,0.1373,0.071
287,25.7790,220,4.7,0.485,0.2664,109,0.029,0.34,-0.77,0.0604,0.1381,0.059
288,7.2310,208,4.8,0.470,0.2685,109,0.029,0.32,-0.80,0.0634,0.1422,0.054
289,27.2316,155,4.8,0.510,0.2673,116,0.027,0.24,-0.73,0.0653,0.1448,0.055
290,45.1174,247,4.7,0.485,0.2669,119,0.026,0.38,-0.77,0.0623,0.1480,0.042
291,19.0348,257,4.7,0.525,0.2631,119,0.026,0.40,-0.71,0.0689,0.1503,0.035
292,31.8065,223,4.6,0.430,0.2623,120,0.026,0.34,-0.86,0.0612,0.1493,0.036
293,42.2288,206,4.7,0.535,0.2608,121,0.026,0.32,-0.70,0.0656,0.1493,0.048
294,15.0090,236,4.7,0.450,0.2583,124,0.025,0.36,-0.83,0.0643,0.1458,0.054
295,14.4479,167,4.7,0.540,0.2596,114,0.027,0.26,-0.69,0.0644,0.1470,0.055
296,36.5818,216,4.7,0.435,0.2588,118,0.026,0.33,-0.85,0.0651,0.1492,0.050
297,22.8247,201,4.7,0.575,0.2612,117,0.027,0.31,-0.64,0.0657,0.1461,0.056
298,33.2900,220,4.8,0.410,0.2636,120,0.026,0.34,-0.89,0.0625,0.1538,0.056
299,26.2752,212,4.6,0.550,0.2638,115,0.027,0.33,-0.67,0.0650,0.1560,0.069
300,60.5656,230,4.6,0.440,0.2635,123,0.025,0.35,-0.84,0.0631,0.1484,0.075
301,37.2045,215,4.8,0.525,0.2617,120,0.026,0.33,-0.71,0.0616,0.1495,0.071
302,39.0352,219,4.7,0.470,0.2655,117,0.027,0.34,-0.80,0.0657,0.1538,0.076
303,47.5596,214,4.8,0.505,0.2672,123,0.025,0.33,-0.74,0.0656,0.1535,0.076
304,20.9890,187,4.7,0.500,0.2668,120,0.026,0.29,-0.75,0.0634,0.1484,0.087
305,18.2334,189,4.7,0.465,0.2667,121,0.026,0.29,-0.80,0.0640,0.1454,0.095
306,24.5511,216,4.7,0.530,0.2679,119,0.026,0.33,-0.70,0.0656,0.1446,0.074
307,31.6185,182,4.8,0.470,0.2691,119,0.026,0.28,-0.80,0.0651,0.1480,0.078
308,34.3013,211,4.7,0.485,0.2708,119,0.026,0.32,-0.77,0.0620,0.1444,0.086
309,16.8739,186,4.7,0.510,0.2709,119,0.026,0.29,-0.73,0.0669,0.1442,0.080
310,40.5747,213,4.7,0.465,0.2701,122,0.026,0.33,-0.80,0.0652,0.1448,0.068
311,42.2937,259,4.7,0.525,0.2693,122,0.026,0.40,-0.71,0.0636,0.1455,0.057
312,44.9749,234,4.6,0.465,0.2727,118,0.026,0.36,-0.80,0.0628,0.1451,0.057
313,47.6254,240,4.6,0.545,0.2730,122,0.026,0.37,-0.68,0.0613,0.1477,0.050
314,39.6540,208,4.6,0.420,0.2733,122,0.026,0.32,-0.87,0.0614,0.1503,0.051
315,30.2860,212,4.6,0.560,0.2756,117,0.027,0.33,-0.66,0.0627,0.1579,0.061
316,49.7762,192,4.7,0.430,0.2752,115,0.027,0.30,-0.86,0.0610,0.1587,0.061
317,34.5637,227,4.8,0.570,0.2746,118,0.026,0.35,-0.65,0.0605,0.1540,0.066
318,17.4005,183,4.7,0.440,0.2766,119,0.026,0.28,-0.84,0.0635,0.1583,0.055
319,22.5685,182,4.7,0.530,0.2725,119,0.026,0.28,-0.70,0.0644,0.1546,0.055
320,35.3300,178,4.7,0.405,0.2744,115,0.027,0.27,-0.89,0.0663,0.1526,0.048
321,21.3669,239,4.7,0.540,0.2748,122,0.026,0.37,-0.69,0.0668,0.1539,0.053
322,38.9446,224,4.8,0.425,0.2737,120,0.026,0.34,-0.86,0.0646,0.1542,0.054
323,35.9390,221,4.6,0.540,0.2746,119,0.026,0.34,-0.69,0.0643,0.1507,0.059
324,46.9390,224,4.5,0.450,0.2719,128,0.024,0.34,-0.83,0.0632,0.1457,0.059
325,21.7061,229,4.5,0.525,0.2668,129,0.024,0.35,-0.71,0.0670,0.1359,0.067
326,39.3142,185,4.6,0.495,0.2652,125,0.025,0.28,-0.76,0.0651,0.1340,0.061
327,39.3381,225,4.7,0.475,0.2659,117,0.027,0.35,-0.79,0.0644,0.1357,0.061
328,40.3883,221,4.7,0.505,0.2674,126,0.025,0.34,-0.74,0.0614,0.1384,0.062
329,30.4860,245,4.8,0.465,0.2664,125,0.025,0.38,-0.80,0.0635,0.1369,0.062
330,37.0300,197,4.8,0.505,0.2699,129,0.024,0.30,-0.74,0.0631,0.1344,0.050
331,37.6578,232,4.7,0.440,0.2707,119,0.026,0.36,-0.84,0.0642,0.1323,0.044
332,23.4193,177,4.7,0.525,0.2758,115,0.027,0.27,-0.71,0.0654,0.1397,0.044
333,39.6141,217,4.6,0.445,0.2783,119,0.026,0.33,-0.83,0.0625,0.1409,0.049
334,19.3173,200,4.7,0.540,0.2789,125,0.025,0.31,-0.69,0.0627,0.1363,0.056
335,38.4814,244,4.6,0.460,0.2787,121,0.026,0.38,-0.81,0.0649,0.1408,0.062
336,18.4345,207,4.5,0.495,0.2804,127,0.025,0.32,-0.76,0.0647,0.1395,0.056
337,25.0107,173,4.7,0.465,0.2791,126,0.025,0.27,-0.80,0.0628,0.1432,0.051
338,39.3466,225,4.7,0.525,0.2754,125,0.025,0.35,-0.71,0.0625,0.1422,0.063
339,31.9640,209,4.6,0.485,0.2780,120,0.026,0.32,-0.77,0.0632,0.1450,0.057
340,36.9589,199,4.6,0.505,0.2774,126,0.025,0.31,-0.74,0.0613,0.1402,0.056
341,39.0164,259,4.7,0.430,0.2786,117,0.027,0.40,-0.86,0.0624,0.1426,0.050
342,29.5496,192,4.8,0.555,0.2781,118,0.026,0.29,-0.67,0.0597,0.1361,0.067
343,41.8950,242,4.6,0.425,0.2765,124,0.025,0.37,-0.86,0.0639,0.1370,0.062
344,24.6403,215,4.7,0.530,0.2775,120,0.026,0.33,-0.70,0.0628,0.1354,0.067
345,22.1318,215,4.8,0.430,0.2782,123,0.025,0.33,-0.86,0.0607,0.1379,0.072
346,21.6948,194,4.7,0.555,0.2785,122,0.026,0.30,-0.67,0.0657,0.1444,0.084
347,45.8296,217,4.7,0.445,0.2799,123,0.025,0.33,-0.83,0.0628,0.1486,0.085
348,13.0283,219,4.7,0.545,0.2806,128,0.024,0.34,-0.68,0.0627,0.1527,0.096
349,30.2449,195,4.6,0.435,0.2789,123,0.025,0.30,-0.85,0.0648,0.1530,0.085
350,26.3613,199,4.6,0.500,0.2811,114,0.027,0.31,-0.75,0.0664,0.1513,0.075
351,34.6715,173,4.6,0.460,0.2803,126,0.025,0.27,-0.81,0.0640,0.1538,0.079
352,46.3050,237,4.7,0.515,0.2759,117,0.027,0.36,-0.73,0.0641,0.1468,0.068
353,29.3701,219,4.7,0.480,0.2783,123,0.025,0.34,-0.78,0.0640,0.1491,0.061
354,44.2930,202,4.7,0.475,0.2785,120,0.026,0.31,-0.79,0.0629,0.1527,0.054
355,29.2687,206,4.6,0.510,0.2796,120,0.026,0.32,-0.73,0.0623,0.1479,0.059
356,26.8204,184,4.8,0.490,0.2791,118,0.026,0.28,-0.77,0.0652,0.1497,0.066
357,27.4904,243,4.7,0.485,0.2818,125,0.025,0.37,-0.77,0.0606,0.1523,0.049
358,28.4824,200,4.6,0.515,0.2818,121,0.026,0.31,-0.73,0.0632,0.1492,0.042
359,43.0716,219,4.7,0.485,0.2850,130,0.024,0.34,-0.77,0.0643,0.1521,0.037
360,27.8808,199,4.7,0.500,0.2855,121,0.026,0.31,-0.75,0.0658,0.1587,0.031
361,39.5621,219,4.6,0.525,0.2835,120,0.026,0.34,-0.71,0.0639,0.1549,0.031
362,45.3494,200,4.6,0.425,0.2824,121,0.026,0.31,-0.86,0.0626,0.1492,0.031
363,38.2219,223,4.8,0.555,0.2820,119,0.026,0.34,-0.67,0.0641,0.1524,0.038
364,25.7008,218,4.7,0.400,0.2818,117,0.027,0.34,-0.90,0.0613,0.1518,0.038
365,17.3705,187,4.6,0.585,0.2811,117,0.027,0.29,-0.62,0.0669,0.1433,0.037
366,48.7468,243,4.6,0.405,0.2805,125,0.025,0.37,-0.89,0.0639,0.1450,0.049
367,26.5949,186,4.7,0.545,0.2842,121,0.026,0.29,-0.68,0.0638,0.1522,0.049
368,26.7906,210,4.8,0.445,0.2840,120,0.026,0.32,-0.83,0.0675,0.1516,0.055
369,20.8036,186,4.9,0.540,0.2833,127,0.025,0.29,-0.69,0.0651,0.1485,0.049
370,34.4983,214,4.7,0.425,0.2853,125,0.025,0.33,-0.86,0.0622,0.1507,0.060
371,15.9625,232,4.6,0.555,0.2822,118,0.026,0.36,-0.67,0.0613,0.1453,0.054
372,27.0929,187,4.6,0.465,0.2794,119,0.026,0.29,-0.80,0.0612,0.1449,0.062
373,47.2153,204,4.6,0.525,0.2798,124,0.025,0.31,-0.71,0.0626,0.1491,0.074
374,26.5485,202,4.8,0.460,0.2819,125,0.025,0.31,-0.81,0.0617,0.1482,0.067
375,28.8027,167,4.9,0.470,0.2827,132,0.024,0.26,-0.80,0.0628,0.1481,0.068
376,-0.0730,166,4.9,0.525,0.2806,128,0.024,0.26,-0.71,0.0634,0.1489,0.069
377,28.3291,182,4.7,0.465,0.2829,121,0.026,0.28,-0.80,0.0639,0.1470,0.069
378,23.4244,211,4.6,0.535,0.2831,115,0.027,0.32,-0.70,0.0613,0.1523,0.056
379,24.5644,228,4.7,0.450,0.2795,124,0.025,0.35,-0.83,0.0669,0.1448,0.063
380,15.8158,195,4.7,0.540,0.2803,120,0.026,0.30,-0.69,0.0609,0.1425,0.064
381,41.0417,208,4.6,0.455,0.2810,117,0.027,0.32,-0.82,0.0648,0.1420,0.065
382,43.8500,235,4.5,0.495,0.2797,122,0.026,0.36,-0.76,0.0633,0.1417,0.071
383,34.2750,200,4.5,0.490,0.2812,129,0.024,0.31,-0.77,0.0623,0.1460,0.089
384,38.3101,237,4.6,0.490,0.2829,126,0.025,0.36,-0.77,0.0677,0.1419,0.094
385,33.7702,280,4.6,0.520,0.2821,122,0.026,0.43,-0.72,0.0623,0.1414,0.101
386,40.3375,194,4.5,0.470,0.2800,121,0.026,0.30,-0.80,0.0622,0.1365,0.103
387,40.1611,202,4.6,0.485,0.2813,125,0.025,0.31,-0.77,0.0643,0.1389,0.078
388,26.8042,233,4.5,0.510,0.2807,111,0.028,0.36,-0.73,0.0648,0.1379,0.077
389,37.6512,191,4.5,0.465,0.2801,122,0.026,0.29,-0.80,0.0650,0.1450,0.071
390,56.1084,225,4.5,0.490,0.2806,117,0.027,0.35,-0.77,0.0624,0.1500,0.077
391,32.9276,215,4.7,0.525,0.2809,123,0.025,0.33,-0.71,0.0629,0.1502,0.090
392,29.0685,177,4.8,0.455,0.2811,117,0.027,0.27,-0.82,0.0637,0.1483,0.103
393,40.3866,239,4.7,0.515,0.2805,123,0.025,0.37,-0.73,0.0637,0.1530,0.097
394,30.0273,241,4.7,0.470,0.2804,128,0.024,0.37,-0.80,0.0636,0.1563,0.077
395,41.8239,206,4.7,0.490,0.2769,125,0.025,0.32,-0.77,0.0652,0.1652,0.058
396,38.0359,250,4.6,0.485,0.2773,118,0.026,0.38,-0.77,0.0614,0.1614,0.050
397,35.8036,218,4.7,0.495,0.2806,121,0.026,0.34,-0.76,0.0642,0.1634,0.050
398,40.3685,225,4.6,0.465,0.2804,114,0.027,0.35,-0.80,0.0632,0.1612,0.063
399,22.2823,221,4.6,0.510,0.2827,120,0.026,0.34,-0.73,0.0635,0.1534,0.058
400,25.4848,214,4.6,0.455,0.2802,123,0.025,0.33,-0.82,0.0635,0.1549,0.064
401,16.6496,189,4.8,0.525,0.2834,128,0.024,0.29,-0.71,0.0620,0.1499,0.063
402,62.9330,223,4.7,0.465,0.2841,125,0.025,0.34,-0.80,0.0613,0.1504,0.056
403,44.3768,269,4.5,0.480,0.2840,128,0.024,0.41,-0.78,0.0636,0.1458,0.055
404,32.2710,223,4.4,0.490,0.2832,123,0.025,0.34,-0.77,0.0633,0.1485,0.055
405,31.1467,226,4.6,0.460,0.2823,117,0.027,0.35,-0.81,0.0617,0.1457,0.074
406,35.5354,223,4.8,0.490,0.2801,112,0.028,0.34,-0.77,0.0625,0.1471,0.073
407,38.9104,248,4.7,0.480,0.2794,123,0.025,0.38,-0.78,0.0656,0.1441,0.079
408,41.2060,254,4.7,0.490,0.2771,123,0.025,0.39,-0.77,0.0667,0.1447,0.077
409,33.9964,219,4.7,0.470,0.2797,116,0.027,0.34,-0.80,0.0613,0.1454,0.080
410,32.1508,208,4.8,0.475,0.2763,117,0.027,0.32,-0.79,0.0640,0.1508,0.073
411,43.2831,213,4.7,0.475,0.2760,112,0.028,0.33,-0.79,0.0632,0.1550,0.077
412,49.5170,219,4.6,0.535,0.2770,116,0.027,0.34,-0.70,0.0634,0.1624,0.072
413,37.7618,260,4.6,0.425,0.2792,120,0.026,0.40,-0.86,0.0627,0.1577,0.079
414,38.6370,227,4.5,0.535,0.2803,117,0.027,0.35,-0.70,0.0665,0.1615,0.073
415,40.3132,222,4.5,0.450,0.2810,130,0.024,0.34,-0.83,0.0617,0.1600,0.067
416,29.1330,197,4.7,0.475,0.2893,121,0.026,0.30,-0.79,0.0630,0.1584,0.075
417,25.6265,242,4.6,0.470,0.2857,125,0.025,0.37,-0.80,0.0658,0.1557,0.080
418,24.9184,201,4.6,0.490,0.2876,121,0.026,0.31,-0.77,0.0609,0.1615,0.089
419,41.4767,217,4.7,0.480,0.2879,120,0.026,0.33,-0.78,0.0629,0.1666,0.089
420,38.7489,239,4.7,0.515,0.2875,123,0.025,0.37,-0.73,0.0636,0.1597,0.088
421,21.9612,176,4.8,0.475,0.2841,121,0.026,0.27,-0.79,0.0614,0.1568,0.062
422,24.4213,205,4.8,0.520,0.2802,117,0.027,0.31,-0.72,0.0638,0.1439,0.057
423,42.6509,208,4.7,0.475,0.2824,124,0.025,0.32,-0.79,0.0591,0.1447,0.062
424,42.2696,240,4.7,0.500,0.2818,122,0.026,0.37,-0.75,0.0614,0.1507,0.057
425,24.1026,206,4.7,0.465,0.2831,118,0.026,0.32,-0.80,0.0605,0.1477,0.074
426,34.9971,214,4.5,0.515,0.2784,122,0.026,0.33,-0.73,0.0655,0.1468,0.075
427,59.4727,270,4.5,0.475,0.2791,124,0.025,0.41,-0.79,0.0659,0.1440,0.062
428,30.9128,234,4.4,0.535,0.2797,127,0.025,0.36,-0.70,0.0629,0.1467,0.065
429,18.5290,199,4.4,0.465,0.2803,124,0.025,0.31,-0.80,0.0658,0.1485,0.055
430,38.6905,204,4.5,0.490,0.2820,120,0.026,0.31,-0.77,0.0636,0.1477,0.055
431,33.2238,250,4.6,0.510,0.2802,123,0.025,0.38,-0.73,0.0615,0.1429,0.060
432,24.4889,170,4.7,0.500,0.2783,121,0.026,0.26,-0.75,0.0648,0.1363,0.053
433,50.4942,213,4.7,0.500,0.2762,121,0.026,0.33,-0.75,0.0634,0.1397,0.047
434,29.7153,219,4.6,0.510,0.2771,117,0.027,0.34,-0.73,0.0612,0.1415,0.052
435,34.9079,206,4.5,0.455,0.2766,117,0.027,0.32,-0.82,0.0646,0.1424,0.064
436,22.5121,215,4.7,0.530,0.2781,115,0.027,0.33,-0.70,0.0616,0.1479,0.058
437,38.2291,179,4.8,0.450,0.2803,123,0.025,0.27,-0.83,0.0633,0.1489,0.060
438,43.0270,220,4.7,0.520,0.2803,119,0.026,0.34,-0.72,0.0684,0.1449,0.085
439,28.4763,206,4.7,0.450,0.2814,126,0.025,0.32,-0.83,0.0612,0.1467,0.095
440,31.5254,204,4.7,0.540,0.2823,123,0.025,0.31,-0.69,0.0607,0.1524,0.100
441,33.3486,212,4.7,0.430,0.2833,115,0.027,0.33,-0.86,0.0623,0.1501,0.095
442,27.6984,197,4.6,0.505,0.2843,128,0.024,0.30,-0.74,0.0623,0.1436,0.093
443,35.3262,209,4.6,0.475,0.2810,125,0.025,0.32,-0.79,0.0625,0.1379,0.092
444,38.8071,219,4.7,0.440,0.2842,121,0.026,0.34,-0.84,0.0620,0.1414,0.086
445,34.7965,211,4.7,0.520,0.2840,127,0.025,0.32,-0.72,0.0601,0.1443,0.068
446,39.2590,221,4.8,0.465,0.2907,119,0.026,0.34,-0.80,0.0647,0.1498,0.077
447,38.9532,242,4.7,0.525,0.2891,121,0.026,0.37,-0.71,0.0631,0.1464,0.090
448,25.2202,237,4.7,0.470,0.2872,118,0.026,0.36,-0.80,0.0648,0.1393,0.095
449,38.4673,192,4.7,0.480,0.2883,114,0.027,0.30,-0.78,0.0665,0.1504,0.077
450,40.5590,240,4.7,0.515,0.2854,115,0.027,0.37,-0.73,0.0670,0.1491,0.076
451,41.5059,217,4.5,0.445,0.2870,118,0.026,0.33,-0.83,0.0624,0.1467,0.084
452,31.3643,225,4.5,0.550,0.2858,118,0.026,0.35,-0.67,0.0643,0.1472,0.078
453,31.3662,193,4.6,0.420,0.2855,119,0.026,0.30,-0.87,0.0658,0.1434,0.080
454,33.9852,205,4.6,0.555,0.2839,113,0.028,0.32,-0.67,0.0629,0.1392,0.087
455,44.8677,216,4.6,0.405,0.2819,117,0.027,0.33,-0.89,0.0612,0.1418,0.087
456,18.8429,215,4.6,0.555,0.2798,119,0.026,0.33,-0.67,0.0634,0.1392,0.086
457,19.7195,169,4.8,0.475,0.2793,114,0.027,0.26,-0.79,0.0630,0.1423,0.100
458,38.2873,231,4.7,0.520,0.2817,125,0.025,0.36,-0.72,0.0644,0.1474,0.087
459,30.4966,210,4.6,0.495,0.2857,121,0.026,0.32,-0.76,0.0637,0.1462,0.087
460,62.7352,250,4.5,0.465,0.2855,123,0.025,0.38,-0.80,0.0649,0.1456,0.079
461,22.7345,235,4.6,0.490,0.2831,122,0.026,0.36,-0.77,0.0609,0.1384,0.094
462,40.7976,188,4.6,0.445,0.2830,125,0.025,0.29,-0.83,0.0635,0.1298,0.108
463,26.8808,222,4.7,0.500,0.2882,120,0.026,0.34,-0.75,0.0622,0.1364,0.093
464,43.3903,225,4.8,0.470,0.2832,122,0.026,0.35,-0.80,0.0631,0.1348,0.083
465,38.3524,208,4.7,0.465,0.2856,120,0.026,0.32,-0.80,0.0652,0.1349,0.071
466,56.9558,242,4.7,0.470,0.2835,128,0.024,0.37,-0.80,0.0614,0.1333,0.069
467,40.6577,216,4.6,0.525,0.2835,123,0.025,0.33,-0.71,0.0650,0.1349,0.074
468,39.2863,218,4.6,0.455,0.2847,119,0.026,0.33,-0.82,0.0613,0.1376,0.080
469,13.0514,186,4.6,0.540,0.2820,116,0.027,0.29,-0.69,0.0649,0.1376,0.080
470,44.5572,201,4.7,0.445,0.2833,121,0.026,0.31,-0.83,0.0620,0.1370,0.089
471,52.0156,225,4.6,0.535,0.2824,122,0.026,0.35,-0.70,0.0641,0.1411,0.091
472,38.8581,228,4.5,0.480,0.2789,119,0.026,0.35,-0.78,0.0648,0.1402,0.093
473,27.6509,202,4.6,0.480,0.2784,117,0.027,0.31,-0.78,0.0653,0.1412,0.093
474,32.6161,226,4.6,0.500,0.2791,122,0.026,0.35,-0.75,0.0636,0.1438,0.085
475,37.0077,216,4.6,0.465,0.2791,124,0.025,0.33,-0.80,0.0626,0.1473,0.062
476,37.8390,224,4.7,0.495,0.2793,122,0.026,0.34,-0.76,0.0646,0.1427,0.074
477,38.2739,219,4.6,0.445,0.2818,117,0.027,0.34,-0.83,0.0640,0.1429,0.075
478,34.0332,193,4.8,0.495,0.2751,118,0.026,0.30,-0.76,0.0623,0.1328,0.069
479,37.5944,218,4.7,0.495,0.2772,127,0.025,0.33,-0.76,0.0642,0.1345,0.069
480,33.2470,223,4.6,0.475,0.2794,128,0.024,0.34,-0.79,0.0620,0.1351,0.077
481,26.9752,244,4.7,0.495,0.2787,120,0.026,0.37,-0.76,0.0652,0.1366,0.081
482,19.3512,190,4.8,0.450,0.2783,124,0.025,0.29,-0.83,0.0615,0.1329,0.081
483,39.0265,211,4.5,0.515,0.2774,123,0.025,0.32,-0.73,0.0632,0.1343,0.067
484,48.3590,283,4.5,0.455,0.2748,118,0.026,0.43,-0.82,0.0597,0.1283,0.067
485,37.1467,196,4.7,0.530,0.2727,123,0.025,0.30,-0.70,0.0597,0.1365,0.054
486,49.6538,240,4.8,0.425,0.2714,131,0.024,0.37,-0.86,0.0622,0.1315,0.073
487,33.5374,220,4.7,0.575,0.2708,114,0.027,0.34,-0.64,0.0616,0.1251,0.073
488,48.9441,234,4.6,0.385,0.2730,116,0.027,0.36,-0.92,0.0603,0.1272,0.087
489,31.7879,234,4.6,0.570,0.2767,123,0.025,0.36,-0.65,0.0620,0.1323,0.092
490,37.5239,237,4.7,0.445,0.2764,122,0.026,0.36,-0.83,0.0635,0.1301,0.102
491,40.2567,244,4.6,0.505,0.2746,115,0.027,0.37,-0.74,0.0636,0.1313,0.121
492,40.3911,231,4.6,0.475,0.2794,130,0.024,0.36,-0.79,0.0643,0.1380,0.106
493,30.9395,222,4.6,0.490,0.2780,122,0.026,0.34,-0.77,0.0659,0.1330,0.090
494,39.0469,244,4.7,0.505,0.2785,125,0.025,0.37,-0.74,0.0645,0.1330,0.075
495,33.7699,212,4.7,0.480,0.2781,129,0.024,0.33,-0.78,0.0614,0.1344,0.085
496,35.4499,192,4.5,0.495,0.2821,122,0.026,0.29,-0.76,0.0624,0.1405,0.097
497,31.6911,228,4.6,0.505,0.2807,125,0.025,0.35,-0.74,0.0613,0.1475,0.075
498,39.7905,223,4.7,0.470,0.2780,122,0.026,0.34,-0.80,0.0613,0.1474,0.075
499,30.4720,208,4.7,0.500,0.2804,120,0.026,0.32,-0.75,0.0632,0.1493,0.093
500,34.1180,203,4.7,0.475,0.2821,130,0.024,0.31,-0.79,0.0636,0.1547,0.085
501,32.1103,217,4.7,0.505,0.2806,122,0.026,0.33,-0.74,0.0623,0.1552,0.085
502,41.3942,199,4.7,0.495,0.2815,125,0.025,0.31,-0.76,0.0626,0.1565,0.077
503,46.0644,222,4.7,0.465,0.2803,125,0.025,0.34,-0.80,0.0635,0.1586,0.072
504,31.5829,254,4.6,0.515,0.2800,111,0.028,0.39,-0.73,0.0615,0.1559,0.077
505,46.4877,223,4.6,0.460,0.2814,123,0.025,0.34,-0.81,0.0633,0.1490,0.084
506,30.7680,230,4.6,0.510,0.2810,118,0.026,0.35,-0.73,0.0626,0.1459,0.081
507,32.8080,196,4.6,0.465,0.2809,123,0.025,0.30,-0.80,0.0643,0.1531,0.075
508,25.6056,210,4.7,0.515,0.2781,117,0.027,0.32,-0.73,0.0623,0.1464,0.075
509,32.7365,212,4.7,0.465,0.2787,117,0.027,0.33,-0.80,0.0627,0.1384,0.068
510,30.2901,213,4.7,0.530,0.2769,122,0.026,0.33,-0.70,0.0597,0.1414,0.056
511,24.4430,199,4.8,0.460,0.2753,119,0.026,0.31,-0.81,0.0633,0.1384,0.061
512,52.9492,264,4.6,0.490,0.2772,120,0.026,0.41,-0.77,0.0611,0.1414,0.062
513,23.7126,194,4.6,0.515,0.2773,121,0.026,0.30,-0.73,0.0629,0.1389,0.057
514,43.3701,233,4.6,0.450,0.2785,123,0.025,0.36,-0.83,0.0639,0.1336,0.064
515,17.7818,217,4.6,0.535,0.2804,128,0.024,0.33,-0.70,0.0642,0.1307,0.070
516,45.8781,213,4.7,0.450,0.2833,124,0.025,0.33,-0.83,0.0640,0.1420,0.071
517,30.2860,225,4.7,0.535,0.2834,123,0.025,0.35,-0.70,0.0597,0.1453,0.058
518,34.5634,229,4.8,0.445,0.2825,120,0.026,0.35,-0.83,0.0630,0.1502,0.064
519,42.4436,241,4.6,0.550,0.2838,114,0.027,0.37,-0.67,0.0642,0.1568,0.063
520,52.9891,248,4.6,0.415,0.2838,120,0.026,0.38,-0.88,0.0670,0.1541,0.062
521,31.9210,241,4.6,0.525,0.2916,128,0.024,0.37,-0.71,0.0651,0.1479,0.063
522,49.0279,229,4.6,0.430,0.2861,124,0.025,0.35,-0.86,0.0632,0.1469,0.056
523,41.3063,244,4.6,0.535,0.2822,120,0.026,0.38,-0.70,0.0638,0.1445,0.070
524,22.1262,228,4.9,0.455,0.2797,122,0.026,0.35,-0.82,0.0625,0.1479,0.076
525,41.3262,246,4.7,0.485,0.2812,125,0.025,0.38,-0.77,0.0608,0.1444,0.077
526,43.5202,247,4.7,0.490,0.2776,113,0.028,0.38,-0.77,0.0614,0.1432,0.087
527,31.3953,221,4.7,0.480,0.2757,125,0.025,0.34,-0.78,0.0643,0.1489,0.099
528,36.4724,217,4.6,0.505,0.2779,115,0.027,0.33,-0.74,0.0593,0.1459,0.093
529,39.1649,222,4.7,0.450,0.2807,120,0.026,0.34,-0.83,0.0637,0.1454,0.097
530,37.3744,220,4.7,0.510,0.2842,123,0.025,0.34,-0.73,0.0641,0.1567,0.089
531,37.2947,251,4.7,0.480,0.2850,117,0.027,0.39,-0.78,0.0634,0.1495,0.090
532,38.6428,209,4.7,0.465,0.2847,120,0.026,0.32,-0.80,0.0639,0.1441,0.077
533,39.4967,233,4.7,0.495,0.2904,118,0.026,0.36,-0.76,0.0642,0.1503,0.062
534,34.4261,201,4.8,0.475,0.2908,127,0.025,0.31,-0.79,0.0649,0.1481,0.074
535,40.7293,221,4.6,0.495,0.2852,125,0.025,0.34,-0.76,0.0602,0.1462,0.067
536,32.1828,216,4.6,0.495,0.2867,123,0.025,0.33,-0.76,0.0595,0.1465,0.065
537,38.8482,230,4.8,0.455,0.2866,125,0.025,0.35,-0.82,0.0623,0.1402,0.053
538,27.4238,185,4.7,0.540,0.2863,127,0.025,0.28,-0.69,0.0596,0.1380,0.053
539,36.9130,220,4.6,0.455,0.2853,123,0.025,0.34,-0.82,0.0635,0.1399,0.046
540,13.5313,228,4.7,0.545,0.2837,118,0.026,0.35,-0.68,0.0625,0.1404,0.041
541,44.2174,237,4.7,0.455,0.2805,121,0.026,0.36,-0.82,0.0628,0.1431,0.053
542,25.7262,202,4.8,0.530,0.2837,119,0.026,0.31,-0.70,0.0616,0.1425,0.053
543,44.6299,230,4.9,0.460,0.2825,124,0.025,0.35,-0.81,0.0630,0.1366,0.052
544,22.1735,246,4.6,0.515,0.2799,115,0.027,0.38,-0.73,0.0610,0.1374,0.057
545,32.6824,207,4.5,0.460,0.2845,128,0.024,0.32,-0.81,0.0614,0.1347,0.057
546,29.6017,197,4.6,0.545,0.2833,131,0.024,0.30,-0.68,0.0648,0.1383,0.056
547,31.9936,222,4.7,0.445,0.2827,122,0.026,0.34,-0.83,0.0624,0.1441,0.043
548,20.7245,226,4.7,0.535,0.2870,126,0.025,0.35,-0.70,0.0687,0.1403,0.049
549,41.8647,220,4.7,0.445,0.2849,121,0.026,0.34,-0.83,0.0646,0.1444,0.061
550,46.4613,209,4.7,0.525,0.2852,119,0.026,0.32,-0.71,0.0620,0.1448,0.068
551,37.7969,225,4.8,0.465,0.2825,123,0.025,0.35,-0.80,0.0619,0.1406,0.063
552,23.1229,209,4.8,0.505,0.2802,125,0.025,0.32,-0.74,0.0643,0.1448,0.065
553,39.9394,214,4.7,0.485,0.2827,125,0.025,0.33,-0.77,0.0640,0.1538,0.054
554,53.7676,261,4.6,0.480,0.2857,117,0.027,0.40,-0.78,0.0621,0.1494,0.066
555,41.2339,224,4.7,0.455,0.2812,117,0.027,0.34,-0.82,0.0619,0.1463,0.075
556,26.7585,200,4.8,0.535,0.2795,122,0.026,0.31,-0.70,0.0663,0.1356,0.080
557,36.2020,220,4.8,0.475,0.2829,121,0.026,0.34,-0.79,0.0630,0.1364,0.079
558,28.0000,232,4.6,0.530,0.2834,115,0.027,0.36,-0.70,0.0681,0.1337,0.086
559,32.0562,237,4.6,0.450,0.2867,121,0.026,0.36,-0.83,0.0657,0.1365,0.074
560,38.0080,222,4.6,0.515,0.2853,121,0.026,0.34,-0.73,0.0625,0.1411,0.056
561,36.1651,250,4.6,0.490,0.2829,112,0.028,0.38,-0.77,0.0645,0.1388,0.056
562,47.4035,236,4.6,0.455,0.2838,121,0.026,0.36,-0.82,0.0575,0.1259,0.059
563,20.7315,228,4.6,0.515,0.2832,125,0.025,0.35,-0.73,0.0639,0.1290,0.064
564,26.1977,198,4.7,0.485,0.2852,122,0.026,0.30,-0.77,0.0595,0.1421,0.054
565,48.0270,226,4.8,0.460,0.2835,118,0.026,0.35,-0.81,0.0646,0.1403,0.065
566,27.8212,218,4.7,0.490,0.2831,118,0.026,0.33,-0.77,0.0639,0.1385,0.060
567,41.6852,228,4.7,0.490,0.2778,121,0.026,0.35,-0.77,0.0613,0.1366,0.062
568,40.0612,260,4.6,0.495,0.2767,124,0.025,0.40,-0.76,0.0654,0.1302,0.051
569,45.4995,234,4.6,0.465,0.2778,118,0.026,0.36,-0.80,0.0655,0.1283,0.070
570,44.5934,235,4.6,0.500,0.2835,127,0.025,0.36,-0.75,0.0636,0.1358,0.064
571,43.0994,223,4.6,0.455,0.2886,118,0.026,0.34,-0.82,0.0628,0.1366,0.051
572,42.1997,207,4.7,0.505,0.2849,122,0.026,0.32,-0.74,0.0616,0.1385,0.063
573,32.6023,233,4.6,0.455,0.2836,125,0.025,0.36,-0.82,0.0645,0.1446,0.071
574,22.0498,232,4.5,0.510,0.2859,123,0.025,0.36,-0.73,0.0639,0.1438,0.087
575,23.9164,209,4.5,0.495,0.2843,130,0.024,0.32,-0.76,0.0663,0.1393,0.089
576,29.3833,224,4.6,0.510,0.2879,127,0.025,0.34,-0.73,0.0653,0.1397,0.083
577,25.9893,208,4.8,0.490,0.2866,122,0.026,0.32,-0.77,0.0620,0.1353,0.089
578,42.5023,229,4.8,0.440,0.2867,127,0.025,0.35,-0.84,0.0621,0.1335,0.084
579,44.3399,239,4.5,0.545,0.2856,133,0.023,0.37,-0.68,0.0619,0.1363,0.087
580,51.8044,260,4.6,0.410,0.2869,130,0.024,0.40,-0.89,0.0623,0.1416,0.080
581,20.6242,206,4.6,0.575,0.2872,116,0.027,0.32,-0.64,0.0596,0.1466,0.066
582,44.3525,248,4.6,0.420,0.2855,117,0.027,0.38,-0.87,0.0613,0.1443,0.072
583,38.9311,263,4.6,0.550,0.2833,122,0.026,0.40,-0.67,0.0587,0.1463,0.066
584,29.6307,232,4.6,0.455,0.2862,128,0.024,0.36,-0.82,0.0638,0.1462,0.059
585,23.0739,202,4.6,0.515,0.2837,121,0.026,0.31,-0.73,0.0610,0.1461,0.072
586,35.6300,203,4.6,0.455,0.2813,126,0.025,0.31,-0.82,0.0593,0.1447,0.074
587,37.6867,224,4.6,0.505,0.2806,123,0.025,0.34,-0.74,0.0652,0.1456,0.088
588,49.4594,191,4.6,0.450,0.2797,127,0.025,0.29,-0.83,0.0609,0.1455,0.089
589,46.3481,230,4.4,0.510,0.2784,123,0.025,0.35,-0.73,0.0650,0.1388,0.082
590,34.4380,239,4.6,0.450,0.2816,117,0.027,0.37,-0.83,0.0628,0.1369,0.074
591,32.1743,203,4.7,0.485,0.2841,117,0.027,0.31,-0.77,0.0653,0.1367,0.075
592,31.0483,194,4.7,0.510,0.2833,121,0.026,0.30,-0.73,0.0665,0.1391,0.079
593,42.6586,226,4.7,0.475,0.2785,125,0.025,0.35,-0.79,0.0646,0.1453,0.084
594,40.1537,230,4.5,0.540,0.2761,120,0.026,0.35,-0.69,0.0623,0.1364,0.095
595,19.2199,218,4.7,0.440,0.2748,119,0.026,0.34,-0.84,0.0632,0.1378,0.083
596,12.9354,191,4.7,0.530,0.2771,115,0.027,0.29,-0.70,0.0648,0.1359,0.123
597,49.3046,223,4.5,0.475,0.2779,125,0.025,0.34,-0.79,0.0655,0.1392,0.127
598,29.6978,228,4.6,0.485,0.2794,125,0.025,0.35,-0.77,0.0631,0.1414,0.114
599,33.3781,184,4.7,0.480,0.2825,122,0.026,0.28,-0.78,0.0657,0.1402,0.098
600,33.8887,269,4.6,0.475,0.2825,127,0.025,0.41,-0.79,0.0618,0.1405,0.095
601,38.4276,207,4.6,0.490,0.2842,123,0.025,0.32,-0.77,0.0662,0.1354,0.114
602,37.0945,246,4.7,0.485,0.2832,126,0.025,0.38,-0.77,0.0615,0.1342,0.115
603,41.3685,230,4.6,0.445,0.2853,121,0.026,0.35,-0.83,0.0596,0.1353,0.104
604,32.7546,245,4.6,0.485,0.2867,116,0.027,0.38,-0.77,0.0603,0.1364,0.109
605,47.1346,211,4.6,0.460,0.2849,121,0.026,0.32,-0.81,0.0629,0.1342,0.093
606,40.4242,229,4.6,0.490,0.2890,127,0.025,0.35,-0.77,0.0625,0.1331,0.083
607,32.4394,232,4.6,0.480,0.2901,119,0.026,0.36,-0.78,0.0627,0.1357,0.075
608,38.2098,224,4.6,0.490,0.2877,115,0.027,0.34,-0.77,0.0609,0.1331,0.063
609,46.5639,224,4.5,0.465,0.2837,125,0.025,0.34,-0.80,0.0623,0.1289,0.071
610,46.8610,251,4.6,0.485,0.2868,122,0.026,0.39,-0.77,0.0662,0.1299,0.072
611,34.0828,261,4.6,0.495,0.2855,126,0.025,0.40,-0.76,0.0653,0.1195,0.090
612,53.4544,237,4.7,0.445,0.2867,121,0.026,0.36,-0.83,0.0602,0.1188,0.087
613,40.9289,230,4.6,0.510,0.2893,113,0.028,0.35,-0.73,0.0634,0.1178,0.092
614,26.0027,197,4.6,0.455,0.2850,121,0.026,0.30,-0.82,0.0649,0.1189,0.098
615,28.3559,216,4.5,0.505,0.2885,121,0.026,0.33,-0.74,0.0653,0.1399,0.076
616,44.5342,266,4.5,0.435,0.2881,122,0.026,0.41,-0.85,0.0584,0.1343,0.057
617,34.4378,271,4.5,0.500,0.2851,122,0.026,0.42,-0.75,0.0637,0.1268,0.062
618,31.1949,234,4.6,0.480,0.2820,123,0.025,0.36,-0.78,0.0638,0.1254,0.090
619,41.4944,220,4.7,0.505,0.2823,125,0.025,0.34,-0.74,0.0617,0.1274,0.084
620,39.1707,247,4.7,0.485,0.2825,119,0.026,0.38,-0.77,0.0618,0.1297,0.065
621,35.1017,228,4.6,0.485,0.2841,119,0.026,0.35,-0.77,0.0607,0.1300,0.071
622,47.5186,241,4.6,0.490,0.2842,125,0.025,0.37,-0.77,0.0647,0.1327,0.071
623,53.2130,254,4.6,0.490,0.2807,122,0.026,0.39,-0.77,0.0600,0.1352,0.071
624,33.9143,219,4.6,0.475,0.2783,119,0.026,0.34,-0.79,0.0635,0.1366,0.061
625,33.2665,239,4.5,0.480,0.2771,114,0.027,0.37,-0.78,0.0619,0.1337,0.080
626,44.4431,230,4.6,0.485,0.2810,122,0.026,0.35,-0.77,0.0622,0.1346,0.080
627,51.1627,265,4.7,0.495,0.2797,119,0.026,0.41,-0.76,0.0614,0.1323,0.084
628,45.9498,212,4.7,0.435,0.2787,120,0.026,0.33,-0.85,0.0629,0.1359,0.085
629,45.3902,198,4.8,0.525,0.2777,118,0.026,0.30,-0.71,0.0634,0.1283,0.096
630,29.6697,216,4.9,0.425,0.2811,126,0.025,0.33,-0.86,0.0620,0.1294,0.118
631,53.3608,250,4.7,0.510,0.2803,120,0.026,0.38,-0.73,0.0602,0.1265,0.121
632,46.3542,278,4.5,0.475,0.2821,119,0.026,0.43,-0.79,0.0642,0.1308,0.125
633,41.0832,247,4.5,0.480,0.2848,123,0.025,0.38,-0.78,0.0635,0.1459,0.097
634,37.5124,241,4.6,0.505,0.2825,122,0.026,0.37,-0.74,0.0626,0.1467,0.080
635,39.7917,256,4.8,0.465,0.2842,124,0.025,0.39,-0.80,0.0649,0.1484,0.078
636,25.6887,247,4.7,0.525,0.2817,122,0.026,0.38,-0.71,0.0615,0.1480,0.059
637,37.7429,253,4.6,0.450,0.2813,131,0.024,0.39,-0.83,0.0638,0.1473,0.059
638,43.4131,249,4.7,0.515,0.2835,126,0.025,0.38,-0.73,0.0656,0.1446,0.060
639,46.4522,224,4.8,0.425,0.2870,118,0.026,0.34,-0.86,0.0630,0.1491,0.075
640,34.7757,232,4.7,0.505,0.2874,125,0.025,0.36,-0.74,0.0651,0.1458,0.069
641,26.4908,216,4.7,0.470,0.2866,126,0.025,0.33,-0.80,0.0623,0.1437,0.050
642,46.6920,214,4.7,0.510,0.2876,117,0.027,0.33,-0.73,0.0619,0.1458,0.058
643,37.6228,223,4.7,0.465,0.2848,118,0.026,0.34,-0.80,0.0632,0.1467,0.063
644,55.4638,237,4.7,0.540,0.2857,130,0.024,0.36,-0.69,0.0631,0.1502,0.053
645,39.8187,258,4.6,0.410,0.2865,121,0.026,0.40,-0.89,0.0628,0.1489,0.041
646,25.2826,187,4.6,0.550,0.2872,119,0.026,0.29,-0.67,0.0612,0.1528,0.070
647,40.7879,246,4.6,0.395,0.2858,119,0.026,0.38,-0.91,0.0640,0.1473,0.075
648,22.1544,220,4.7,0.555,0.2840,113,0.028,0.34,-0.67,0.0617,0.1452,0.064
649,52.1437,224,4.7,0.390,0.2860,120,0.026,0.34,-0.92,0.0631,0.1472,0.058
650,33.9013,242,4.7,0.565,0.2844,121,0.026,0.37,-0.65,0.0618,0.1426,0.048
651,29.3436,198,4.6,0.445,0.2836,119,0.026,0.30,-0.83,0.0665,0.1416,0.037
652,31.0961,208,4.6,0.555,0.2865,118,0.026,0.32,-0.67,0.0636,0.1427,0.037
653,47.5723,262,4.6,0.420,0.2837,117,0.027,0.40,-0.87,0.0664,0.1384,0.048
654,34.0167,234,4.8,0.560,0.2816,122,0.026,0.36,-0.66,0.0654,0.1421,0.036
655,47.2477,212,4.7,0.435,0.2786,111,0.028,0.33,-0.85,0.0607,0.1451,0.036
656,35.5327,221,4.6,0.530,0.2830,114,0.027,0.34,-0.70,0.0607,0.1444,0.031
657,29.4357,247,4.7,0.485,0.2841,114,0.027,0.38,-0.77,0.0634,0.1327,0.055
658,51.5376,236,4.8,0.490,0.2820,118,0.026,0.36,-0.77,0.0657,0.1303,0.061
659,45.1198,270,4.8,0.465,0.2821,118,0.026,0.42,-0.80,0.0636,0.1275,0.060
660,37.6651,239,4.7,0.505,0.2831,129,0.024,0.37,-0.74,0.0627,0.1219,0.098
661,34.1059,208,4.6,0.470,0.2857,119,0.026,0.32,-0.80,0.0590,0.1285,0.087
662,48.6696,227,4.6,0.480,0.2860,120,0.026,0.35,-0.78,0.0611,0.1265,0.069
663,22.4412,223,4.7,0.500,0.2856,122,0.026,0.34,-0.75,0.0603,0.1313,0.056
664,25.8498,191,4.6,0.445,0.2838,123,0.025,0.29,-0.83,0.0627,0.1336,0.061
665,35.8873,184,4.6,0.550,0.2856,122,0.026,0.28,-0.67,0.0623,0.1354,0.060
666,29.3618,197,4.5,0.460,0.2882,119,0.026,0.30,-0.81,0.0642,0.1389,0.048
667,23.4521,222,4.6,0.540,0.2865,111,0.028,0.34,-0.69,0.0615,0.1346,0.077
668,50.0921,218,4.6,0.400,0.2854,122,0.026,0.33,-0.90,0.0618,0.1332,0.078
669,33.5554,234,4.7,0.565,0.2840,122,0.026,0.36,-0.65,0.0624,0.1343,0.084
670,37.8209,204,4.8,0.460,0.2824,124,0.025,0.31,-0.81,0.0641,0.1384,0.087
671,28.6490,217,4.9,0.505,0.2846,124,0.025,0.33,-0.74,0.0644,0.1413,0.088
672,45.4050,225,4.7,0.485,0.2857,123,0.025,0.35,-0.77,0.0640,0.1504,0.071
673,36.2409,227,4.6,0.470,0.2829,119,0.026,0.35,-0.80,0.0637,0.1491,0.073
674,42.7786,270,4.6,0.450,0.2790,121,0.026,0.41,-0.83,0.0637,0.1418,0.092
675,33.3547,200,4.6,0.495,0.2802,128,0.024,0.31,-0.76,0.0635,0.1467,0.078
676,43.3428,210,4.6,0.470,0.2840,129,0.024,0.32,-0.80,0.0639,0.1430,0.087
677,32.5869,211,4.5,0.490,0.2816,120,0.026,0.32,-0.77,0.0608,0.1428,0.077
678,56.7934,250,4.6,0.485,0.2794,117,0.027,0.38,-0.77,0.0644,0.1431,0.076
679,49.8055,244,4.7,0.480,0.2770,121,0.026,0.37,-0.78,0.0650,0.1351,0.077
680,45.9138,246,4.6,0.495,0.2752,122,0.026,0.38,-0.76,0.0630,0.1303,0.075
681,28.5034,214,4.7,0.460,0.2754,122,0.026,0.33,-0.81,0.0643,0.1278,0.069
682,39.8226,181,4.8,0.520,0.2785,118,0.026,0.28,-0.72,0.0613,0.1315,0.085
683,44.2736,211,4.7,0.445,0.2817,124,0.025,0.32,-0.83,0.0643,0.1443,0.088
684,23.9226,226,4.7,0.495,0.2843,116,0.027,0.35,-0.76,0.0618,0.1424,0.065
685,36.1612,244,4.6,0.460,0.2839,117,0.027,0.37,-0.81,0.0619,0.1399,0.051
686,40.6663,235,4.7,0.500,0.2825,121,0.026,0.36,-0.75,0.0624,0.1389,0.065
687,24.9488,211,4.7,0.475,0.2787,126,0.025,0.33,-0.79,0.0633,0.1361,0.065
688,26.3467,245,4.7,0.465,0.2780,123,0.025,0.38,-0.80,0.0655,0.1413,0.053
689,26.4625,207,4.6,0.475,0.2809,128,0.024,0.32,-0.79,0.0615,0.1458,0.060
690,44.3455,243,4.7,0.485,0.2839,125,0.025,0.37,-0.77,0.0642,0.1416,0.060
691,19.8344,238,4.7,0.480,0.2836,120,0.026,0.37,-0.78,0.0652,0.1372,0.051
692,28.0637,166,4.7,0.490,0.2831,125,0.025,0.25,-0.77,0.0617,0.1381,0.058
693,47.4261,244,4.6,0.510,0.2790,120,0.026,0.38,-0.73,0.0633,0.1400,0.057
694,50.3297,258,4.6,0.415,0.2761,127,0.025,0.40,-0.88,0.0644,0.1370,0.065
695,20.6296,224,4.5,0.575,0.2754,116,0.027,0.34,-0.64,0.0603,0.1330,0.075
696,37.3411,173,4.5,0.410,0.2754,122,0.026,0.27,-0.89,0.0603,0.1323,0.063
697,25.9081,230,4.6,0.575,0.2754,116,0.027,0.35,-0.64,0.0614,0.1392,0.045
698,40.7560,226,4.7,0.405,0.2779,116,0.027,0.35,-0.89,0.0610,0.1333,0.040
699,35.5208,228,4.7,0.575,0.2786,115,0.027,0.35,-0.64,0.0648,0.1305,0.039
700,51.9869,261,4.7,0.375,0.2816,121,0.026,0.40,-0.94,0.0603,0.1392,0.047
701,22.2961,216,4.6,0.595,0.2857,125,0.025,0.33,-0.61,0.0643,0.1391,0.045
702,43.6382,236,4.6,0.385,0.2906,128,0.024,0.36,-0.92,0.0625,0.1424,0.069
703,34.0151,197,4.6,0.555,0.2893,127,0.025,0.30,-0.67,0.0640,0.1377,0.076
704,59.3239,249,4.6,0.425,0.2886,117,0.027,0.38,-0.86,0.0615,0.1344,0.078
705,24.8733,200,4.7,0.540,0.2890,118,0.026,0.31,-0.69,0.0664,0.1295,0.088
706,45.8027,224,4.6,0.430,0.2832,127,0.025,0.34,-0.86,0.0632,0.1226,0.079
707,32.4600,215,4.6,0.540,0.2848,123,0.025,0.33,-0.69,0.0601,0.1190,0.075
708,28.6564,219,4.7,0.445,0.2805,118,0.026,0.34,-0.83,0.0620,0.1184,0.067
709,31.8460,223,4.7,0.530,0.2812,117,0.027,0.34,-0.70,0.0602,0.1130,0.061
710,47.2622,247,4.6,0.405,0.2880,119,0.026,0.38,-0.89,0.0641,0.1134,0.061
711,43.5982,225,4.7,0.530,0.2862,118,0.026,0.35,-0.70,0.0614,0.1161,0.070
712,41.9206,202,4.8,0.450,0.2883,122,0.026,0.31,-0.83,0.0630,0.1131,0.070
713,39.3993,212,4.6,0.520,0.2879,117,0.027,0.33,-0.72,0.0654,0.1269,0.055
714,58.8075,276,4.6,0.440,0.2928,113,0.028,0.42,-0.84,0.0612,0.1365,0.046
715,37.1281,241,4.7,0.525,0.2928,114,0.027,0.37,-0.71,0.0648,0.1407,0.054
716,40.0656,271,4.6,0.430,0.2934,120,0.026,0.42,-0.86,0.0639,0.1438,0.062
717,18.5102,225,4.6,0.515,0.2965,123,0.025,0.35,-0.73,0.0676,0.1408,0.076
718,26.2183,192,4.6,0.445,0.2941,118,0.026,0.29,-0.83,0.0643,0.1339,0.083
719,32.0051,206,4.6,0.525,0.2935,115,0.027,0.32,-0.71,0.0610,0.1341,0.060
720,51.3072,200,4.7,0.470,0.2927,120,0.026,0.31,-0.80,0.0646,0.1387,0.071
721,48.4394,237,4.7,0.495,0.2864,125,0.025,0.36,-0.76,0.0646,0.1402,0.072
722,43.5360,232,4.6,0.485,0.2884,122,0.026,0.36,-0.77,0.0644,0.1436,0.065
723,46.7407,278,4.5,0.485,0.2832,120,0.026,0.43,-0.77,0.0586,0.1387,0.093
724,46.4297,246,4.5,0.480,0.2817,120,0.026,0.38,-0.78,0.0635,0.1371,0.084
725,42.1837,220,4.6,0.480,0.2838,122,0.026,0.34,-0.78,0.0606,0.1382,0.096
726,38.3484,213,4.7,0.485,0.2838,125,0.025,0.33,-0.77,0.0621,0.1330,0.101
727,38.0019,249,4.7,0.450,0.2867,124,0.025,0.38,-0.83,0.0630,0.1393,0.096
728,35.2727,201,4.7,0.505,0.2869,122,0.026,0.31,-0.74,0.0660,0.1489,0.056
729,40.9923,187,4.8,0.465,0.2833,129,0.024,0.29,-0.80,0.0649,0.1442,0.079
730,38.9005,245,4.6,0.495,0.2832,120,0.026,0.38,-0.76,0.0637,0.1390,0.074
731,37.3722,211,4.7,0.490,0.2824,128,0.024,0.32,-0.77,0.0615,0.1376,0.071
732,45.8196,222,4.7,0.480,0.2877,125,0.025,0.34,-0.78,0.0659,0.1419,0.080
733,36.1163,229,4.6,0.505,0.2869,120,0.026,0.35,-0.74,0.0641,0.1485,0.065
734,32.1177,214,4.6,0.450,0.2914,120,0.026,0.33,-0.83,0.0649,0.1482,0.065
735,27.9811,211,4.5,0.500,0.2932,118,0.026,0.32,-0.75,0.0625,0.1507,0.065
736,29.1038,167,4.6,0.455,0.2946,122,0.026,0.26,-0.82,0.0667,0.1494,0.052
737,27.3934,247,4.7,0.500,0.2922,122,0.026,0.38,-0.75,0.0662,0.1505,0.053
738,31.3529,213,4.6,0.485,0.2890,125,0.025,0.33,-0.77,0.0645,0.1512,0.053
739,43.0052,231,4.7,0.480,0.2892,115,0.027,0.35,-0.78,0.0636,0.1380,0.033
740,48.0189,278,4.7,0.450,0.2904,121,0.026,0.43,-0.83,0.0654,0.1361,0.038
741,40.1151,256,4.5,0.495,0.2930,125,0.025,0.39,-0.76,0.0659,0.1460,0.038
742,36.5379,217,4.6,0.465,0.2921,121,0.026,0.33,-0.80,0.0605,0.1415,0.043
743,23.2836,213,4.7,0.510,0.2924,121,0.026,0.33,-0.73,0.0606,0.1427,0.038
744,56.9198,252,4.7,0.430,0.2969,124,0.025,0.39,-0.86,0.0602,0.1405,0.026
745,34.9530,209,4.5,0.550,0.2965,115,0.027,0.32,-0.67,0.0621,0.1470,0.019
746,41.5944,227,4.5,0.415,0.2956,117,0.027,0.35,-0.88,0.0639,0.1521,0.019
747,37.1790,238,4.7,0.520,0.2955,115,0.027,0.37,-0.72,0.0662,0.1539,0.019
748,36.4132,236,4.7,0.465,0.2940,123,0.025,0.36,-0.80,0.0648,0.1604,0.025
749,38.4077,218,4.7,0.515,0.2914,124,0.025,0.34,-0.73,0.0650,0.1531,0.045
750,32.8597,220,4.8,0.455,0.2919,113,0.028,0.34,-0.82,0.0640,0.1444,0.059
751,39.9801,235,4.7,0.480,0.2880,110,0.028,0.36,-0.78,0.0656,0.1347,0.058
752,30.9754,241,4.6,0.490,0.2897,115,0.027,0.37,-0.77,0.0637,0.1397,0.070
753,42.6268,212,4.6,0.500,0.2913,117,0.027,0.33,-0.75,0.0663,0.1418,0.068
754,48.7806,223,4.7,0.460,0.2903,121,0.026,0.34,-0.81,0.0644,0.1460,0.063
755,22.6837,216,4.7,0.500,0.2886,117,0.027,0.33,-0.75,0.0625,0.1444,0.067
756,33.9575,206,4.7,0.495,0.2885,119,0.026,0.32,-0.76,0.0648,0.1526,0.060
757,20.9864,197,4.6,0.485,0.2920,119,0.026,0.30,-0.77,0.0648,0.1525,0.052
758,48.7543,247,4.5,0.480,0.2951,117,0.027,0.38,-0.78,0.0649,0.1550,0.047
759,46.3042,239,4.6,0.450,0.2906,120,0.026,0.37,-0.83,0.0651,0.1511,0.060
760,49.6096,225,4.6,0.505,0.2882,124,0.025,0.35,-0.74,0.0632,0.1460,0.055
761,42.6456,271,4.6,0.480,0.2886,119,0.026,0.42,-0.78,0.0615,0.1405,0.036
762,30.0668,229,4.7,0.510,0.2857,113,0.028,0.35,-0.73,0.0637,0.1397,0.043
763,60.2506,235,4.7,0.450,0.2878,111,0.028,0.36,-0.83,0.0639,0.1444,0.056
764,40.2598,255,4.7,0.510,0.2853,114,0.027,0.39,-0.73,0.0618,0.1320,0.064
765,40.2263,215,4.6,0.435,0.2870,116,0.027,0.33,-0.85,0.0622,0.1287,0.058
766,43.2113,279,4.6,0.485,0.2837,119,0.026,0.43,-0.77,0.0637,0.1244,0.073
767,30.7989,222,4.7,0.485,0.2857,132,0.024,0.34,-0.77,0.0620,0.1235,0.066
768,39.3907,210,4.6,0.465,0.2857,126,0.025,0.32,-0.80,0.0641,0.1275,0.065
769,25.7782,168,4.7,0.520,0.2856,118,0.026,0.26,-0.72,0.0601,0.1290,0.075
770,35.9107,238,4.7,0.470,0.2872,114,0.027,0.37,-0.80,0.0625,0.1372,0.067
771,27.9185,229,4.5,0.495,0.2854,126,0.025,0.35,-0.76,0.0631,0.1381,0.068
772,51.9602,236,4.5,0.465,0.2862,127,0.025,0.36,-0.80,0.0663,0.1308,0.081
773,30.0900,263,4.5,0.520,0.2824,128,0.024,0.40,-0.72,0.0620,0.1324,0.078
774,47.4980,191,4.5,0.425,0.2795,127,0.025,0.29,-0.86,0.0656,0.1315,0.072
775,29.5529,229,4.5,0.570,0.2750,119,0.026,0.35,-0.65,0.0663,0.1309,0.070
776,42.6656,221,4.6,0.410,0.2766,124,0.025,0.34,-0.89,0.0629,0.1352,0.060
777,25.8390,225,4.6,0.555,0.2756,120,0.026,0.35,-0.67,0.0667,0.1323,0.078
778,28.2606,207,4.6,0.435,0.2743,122,0.026,0.32,-0.85,0.0603,0.1334,0.079
779,43.5911,253,4.5,0.505,0.2789,132,0.024,0.39,-0.74,0.0625,0.1342,0.079
780,52.4979,270,4.4,0.425,0.2756,120,0.026,0.42,-0.86,0.0635,0.1256,0.075
781,50.8166,233,4.5,0.555,0.2783,128,0.024,0.36,-0.67,0.0645,0.1253,0.065
782,42.1530,237,4.5,0.415,0.2827,124,0.025,0.36,-0.88,0.0614,0.1268,0.072
783,28.0213,236,4.5,0.530,0.2823,129,0.024,0.36,-0.70,0.0629,0.1223,0.075
784,39.9248,207,4.5,0.440,0.2851,117,0.027,0.32,-0.84,0.0600,0.1155,0.076
785,52.8443,248,4.6,0.495,0.2881,115,0.027,0.38,-0.76,0.0606,0.1245,0.075
786,37.8468,250,4.6,0.475,0.2889,120,0.026,0.38,-0.79,0.0640,0.1390,0.081
787,42.6644,231,4.7,0.490,0.2871,131,0.024,0.35,-0.77,0.0631,0.1391,0.075
788,45.5585,244,4.5,0.465,0.2887,121,0.026,0.38,-0.80,0.0658,0.1431,0.076
789,55.8525,213,4.6,0.470,0.2943,121,0.026,0.33,-0.80,0.0608,0.1438,0.072
790,39.1684,222,4.5,0.475,0.2976,115,0.027,0.34,-0.79,0.0633,0.1384,0.073
791,27.3211,208,4.5,0.500,0.2945,118,0.026,0.32,-0.75,0.0660,0.1420,0.088
792,32.7974,165,4.6,0.485,0.2912,122,0.026,0.25,-0.77,0.0659,0.1356,0.091
793,45.6509,237,4.6,0.500,0.2902,124,0.025,0.36,-0.75,0.0647,0.1327,0.079
794,26.6948,256,4.6,0.500,0.2870,120,0.026,0.39,-0.75,0.0653,0.1288,0.082
795,27.6012,172,4.6,0.475,0.2878,115,0.027,0.26,-0.79,0.0644,0.1212,0.077
796,45.1113,241,4.5,0.465,0.2875,120,0.026,0.37,-0.80,0.0594,0.1214,0.082
797,35.5418,239,4.6,0.510,0.2847,117,0.027,0.37,-0.73,0.0646,0.1364,0.057
798,52.7208,228,4.8,0.425,0.2887,123,0.025,0.35,-0.86,0.0658,0.1373,0.052
799,37.7585,218,4.7,0.545,0.2908,121,0.026,0.33,-0.68,0.0629,0.1436,0.068
800,46.9698,259,4.7,0.415,0.2879,117,0.027,0.40,-0.88,0.0654,0.1372,0.070
801,20.6520,220,4.7,0.540,0.2866,119,0.026,0.34,-0.69,0.0625,0.1435,0.055
802,24.0144,201,4.6,0.445,0.2875,119,0.026,0.31,-0.83,0.0620,0.1462,0.056
803,27.0256,224,4.7,0.505,0.2877,120,0.026,0.34,-0.74,0.0624,0.1430,0.043
804,42.9519,223,4.6,0.455,0.2875,118,0.026,0.34,-0.82,0.0605,0.1491,0.037
805,63.1150,279,4.4,0.465,0.2875,116,0.027,0.43,-0.80,0.0658,0.1507,0.037
806,46.1373,267,4.5,0.485,0.2874,113,0.028,0.41,-0.77,0.0614,0.1422,0.056
807,42.1324,266,4.5,0.500,0.2833,114,0.027,0.41,-0.75,0.0634,0.1346,0.072
808,40.5325,256,4.7,0.445,0.2830,118,0.026,0.39,-0.83,0.0629,0.1323,0.074
809,45.5780,226,4.6,0.510,0.2853,119,0.026,0.35,-0.73,0.0632,0.1345,0.081
810,40.2619,228,4.5,0.460,0.2871,121,0.026,0.35,-0.81,0.0619,0.1401,0.086
811,40.2306,224,4.5,0.485,0.2932,118,0.026,0.34,-0.77,0.0631,0.1463,0.089
812,49.3872,209,4.7,0.455,0.2964,125,0.025,0.32,-0.82,0.0613,0.1476,0.077
813,44.4234,259,4.7,0.545,0.2922,120,0.026,0.40,-0.68,0.0627,0.1299,0.077
814,39.8449,228,4.7,0.440,0.2923,122,0.026,0.35,-0.84,0.0605,0.1372,0.064
815,38.3332,223,4.6,0.520,0.2941,118,0.026,0.34,-0.72,0.0625,0.1391,0.063
816,43.2888,223,4.6,0.460,0.2933,115,0.027,0.34,-0.81,0.0612,0.1441,0.077
817,33.5348,203,4.5,0.490,0.2989,122,0.026,0.31,-0.77,0.0643,0.1521,0.065
818,50.4878,244,4.5,0.455,0.2973,121,0.026,0.37,-0.82,0.0637,0.1523,0.067
819,54.9516,230,4.5,0.485,0.2907,127,0.025,0.35,-0.77,0.0645,0.1477,0.067
820,30.6046,225,4.6,0.475,0.2881,117,0.027,0.35,-0.79,0.0635,0.1393,0.071
821,35.7859,224,4.6,0.470,0.2853,118,0.026,0.34,-0.80,0.0628,0.1354,0.087
822,40.9252,241,4.6,0.525,0.2843,121,0.026,0.37,-0.71,0.0645,0.1351,0.067
823,59.3333,266,4.6,0.415,0.2805,123,0.025,0.41,-0.88,0.0616,0.1377,0.055
824,31.9275,261,4.6,0.520,0.2814,122,0.026,0.40,-0.72,0.0634,0.1383,0.054
825,45.0190,207,4.6,0.400,0.2810,119,0.026,0.32,-0.90,0.0601,0.1379,0.061
826,27.4993,240,4.7,0.550,0.2816,113,0.028,0.37,-0.67,0.0657,0.1369,0.046
827,45.1139,234,4.7,0.420,0.2824,128,0.024,0.36,-0.87,0.0621,0.1386,0.045
828,22.6783,260,4.6,0.530,0.2875,124,0.025,0.40,-0.70,0.0640,0.1407,0.043
829,36.9059,224,4.5,0.450,0.2851,124,0.025,0.34,-0.83,0.0628,0.1386,0.050
830,45.6840,242,4.6,0.510,0.2808,122,0.026,0.37,-0.73,0.0642,0.1379,0.065
831,58.5078,273,4.5,0.435,0.2799,115,0.027,0.42,-0.85,0.0640,0.1295,0.083
832,42.1751,231,4.6,0.505,0.2817,123,0.025,0.35,-0.74,0.0646,0.1276,0.076
833,45.0312,244,4.6,0.440,0.2818,124,0.025,0.38,-0.84,0.0648,0.1169,0.091
834,41.6792,243,4.5,0.530,0.2875,120,0.026,0.37,-0.70,0.0616,0.1327,0.107
835,41.1712,247,4.6,0.445,0.2873,117,0.027,0.38,-0.83,0.0657,0.1382,0.077
836,39.4324,224,4.5,0.485,0.2918,122,0.026,0.34,-0.77,0.0661,0.1457,0.060
837,50.2754,244,4.6,0.500,0.2940,117,0.027,0.37,-0.75,0.0635,0.1574,0.053
838,32.0878,223,4.7,0.470,0.2944,111,0.028,0.34,-0.80,0.0634,0.1497,0.046
839,32.4114,199,4.6,0.485,0.2945,127,0.025,0.31,-0.77,0.0635,0.1518,0.045
840,24.9626,245,4.6,0.460,0.2953,125,0.025,0.38,-0.81,0.0649,0.1581,0.033
841,29.5054,199,4.7,0.465,0.2972,126,0.025,0.31,-0.80,0.0651,0.1637,0.026
842,41.6571,229,4.6,0.490,0.2967,120,0.026,0.35,-0.77,0.0605,0.1498,0.031
843,36.8369,245,4.5,0.465,0.2946,118,0.026,0.38,-0.80,0.0617,0.1403,0.032
844,31.0656,232,4.6,0.480,0.2947,119,0.026,0.36,-0.78,0.0619,0.1313,0.033
845,46.0557,240,4.5,0.465,0.2957,114,0.027,0.37,-0.80,0.0648,0.1346,0.067
846,26.5558,235,4.5,0.455,0.2976,116,0.027,0.36,-0.82,0.0618,0.1341,0.081
847,28.1840,182,4.5,0.470,0.2997,117,0.027,0.28,-0.80,0.0640,0.1291,0.080
848,29.4463,207,4.6,0.485,0.2975,122,0.026,0.32,-0.77,0.0630,0.1364,0.062
849,49.6502,241,4.5,0.470,0.2947,126,0.025,0.37,-0.80,0.0628,0.1379,0.068
850,22.7076,200,4.6,0.505,0.2944,123,0.025,0.31,-0.74,0.0658,0.1362,0.059
851,52.0838,253,4.6,0.475,0.2915,124,0.025,0.39,-0.79,0.0647,0.1275,0.071
852,42.8896,243,4.6,0.470,0.2950,118,0.026,0.37,-0.80,0.0639,0.1438,0.090
853,44.0230,234,4.5,0.465,0.2932,117,0.027,0.36,-0.80,0.0647,0.1470,0.097
854,31.1275,207,4.7,0.470,0.2957,119,0.026,0.32,-0.80,0.0641,0.1398,0.109
855,45.4976,240,4.8,0.470,0.2964,122,0.026,0.37,-0.80,0.0639,0.1390,0.105
856,35.8847,213,4.6,0.490,0.2934,129,0.024,0.33,-0.77,0.0649,0.1450,0.097
857,34.8301,216,4.6,0.455,0.2921,123,0.025,0.33,-0.82,0.0639,0.1450,0.097
858,41.3335,233,4.5,0.480,0.2939,112,0.028,0.36,-0.78,0.0628,0.1440,0.076
859,39.7885,250,4.5,0.515,0.2908,120,0.026,0.38,-0.73,0.0634,0.1455,0.090
860,35.0635,214,4.6,0.425,0.2931,122,0.026,0.33,-0.86,0.0656,0.1501,0.078
861,41.5476,215,4.6,0.515,0.2897,121,0.026,0.33,-0.73,0.0628,0.1417,0.072
862,38.4060,225,4.7,0.460,0.2889,125,0.025,0.35,-0.81,0.0638,0.1437,0.054
863,36.9276,216,4.6,0.470,0.2923,119,0.026,0.33,-0.80,0.0598,0.1442,0.067
864,42.5857,263,4.5,0.475,0.2923,123,0.025,0.40,-0.79,0.0632,0.1418,0.062
865,27.9685,196,4.6,0.470,0.2923,119,0.026,0.30,-0.80,0.0601,0.1539,0.063
866,56.4565,256,4.5,0.450,0.2925,120,0.026,0.39,-0.83,0.0669,0.1444,0.083
867,26.1194,223,4.6,0.470,0.2912,109,0.029,0.34,-0.80,0.0644,0.1453,0.093
868,46.0942,196,4.6,0.455,0.2872,122,0.026,0.30,-0.82,0.0663,0.1484,0.085
869,35.5064,283,4.5,0.485,0.2893,120,0.026,0.43,-0.77,0.0648,0.1423,0.097
870,23.7442,211,4.6,0.465,0.2897,119,0.026,0.32,-0.80,0.0656,0.1430,0.097
871,40.8954,223,4.6,0.470,0.2957,133,0.023,0.34,-0.80,0.0619,0.1358,0.075
872,46.7634,264,4.6,0.485,0.2953,118,0.026,0.41,-0.77,0.0624,0.1349,0.048
873,33.9775,198,4.6,0.470,0.2882,125,0.025,0.30,-0.80,0.0644,0.1324,0.062
874,34.3823,238,4.6,0.455,0.2847,121,0.026,0.37,-0.82,0.0629,0.1323,0.079
875,42.3647,229,4.6,0.490,0.2902,122,0.026,0.35,-0.77,0.0635,0.1431,0.092
876,30.3674,251,4.5,0.465,0.2947,121,0.026,0.39,-0.80,0.0662,0.1491,0.086
877,43.4385,230,4.7,0.465,0.2927,118,0.026,0.35,-0.80,0.0646,0.1419,0.088
878,33.9302,237,4.7,0.465,0.2956,125,0.025,0.36,-0.80,0.0654,0.1437,0.112
879,44.6410,222,4.8,0.440,0.2864,124,0.025,0.34,-0.84,0.0636,0.1412,0.114
880,58.4234,250,4.6,0.490,0.2918,120,0.026,0.38,-0.77,0.0645,0.1451,0.113
881,24.9051,216,4.6,0.435,0.2956,124,0.025,0.33,-0.85,0.0655,0.1439,0.127
882,39.1342,200,4.8,0.485,0.2946,115,0.027,0.31,-0.77,0.0611,0.1411,0.130
883,40.1781,242,4.9,0.450,0.2950,115,0.027,0.37,-0.83,0.0619,0.1443,0.126
884,27.3178,229,4.7,0.475,0.2966,120,0.026,0.35,-0.79,0.0602,0.1425,0.104
885,44.5385,203,4.5,0.450,0.2933,110,0.028,0.31,-0.83,0.0640,0.1397,0.092
886,49.1238,265,4.5,0.495,0.2930,119,0.026,0.41,-0.76,0.0623,0.1513,0.077
887,36.1113,227,4.6,0.465,0.2933,119,0.026,0.35,-0.80,0.0647,0.1504,0.065
888,49.8751,232,4.6,0.465,0.2914,125,0.025,0.36,-0.80,0.0620,0.1369,0.050
889,30.9072,240,4.6,0.480,0.2903,116,0.027,0.37,-0.78,0.0640,0.1337,0.070
890,52.6542,247,4.6,0.440,0.2875,115,0.027,0.38,-0.84,0.0592,0.1351,0.103
891,32.7602,249,4.8,0.470,0.2842,117,0.027,0.38,-0.80,0.0612,0.1270,0.108
892,26.8871,166,4.6,0.495,0.2862,112,0.028,0.26,-0.76,0.0614,0.1260,0.119
893,53.1805,258,4.5,0.475,0.2895,114,0.027,0.40,-0.79,0.0668,0.1348,0.101
894,21.9189,231,4.7,0.485,0.2844,114,0.027,0.35,-0.77,0.0645,0.1344,0.097
895,37.4242,216,4.7,0.455,0.2856,117,0.027,0.33,-0.82,0.0638,0.1253,0.101
896,38.6065,228,4.6,0.475,0.2865,113,0.028,0.35,-0.79,0.0647,0.1293,0.110
897,49.6362,248,4.7,0.455,0.2877,118,0.026,0.38,-0.82,0.0638,0.1362,0.111
898,31.6219,226,4.6,0.500,0.2876,117,0.027,0.35,-0.75,0.0633,0.1359,0.088
899,40.4825,183,4.6,0.485,0.2918,121,0.026,0.28,-0.77,0.0645,0.1355,0.075
900,52.2904,256,4.5,0.475,0.2935,118,0.026,0.39,-0.79,0.0656,0.1307,0.099
901,18.5806,216,4.5,0.475,0.2900,118,0.026,0.33,-0.79,0.0632,0.1292,0.087
902,37.7567,213,4.5,0.500,0.2874,119,0.026,0.33,-0.75,0.0623,0.1358,0.067
903,37.7563,229,4.5,0.455,0.2876,116,0.027,0.35,-0.82,0.0636,0.1332,0.055
904,48.1206,242,4.4,0.530,0.2866,122,0.026,0.37,-0.70,0.0630,0.1395,0.055
905,47.7250,222,4.4,0.415,0.2884,123,0.025,0.34,-0.88,0.0618,0.1401,0.063
906,37.4412,205,4.5,0.565,0.2929,119,0.026,0.32,-0.65,0.0607,0.1396,0.063
907,34.7228,248,4.5,0.430,0.2964,118,0.026,0.38,-0.86,0.0638,0.1454,0.078
908,36.9446,240,4.5,0.475,0.2963,129,0.024,0.37,-0.79,0.0641,0.1458,0.106
909,37.5494,239,4.6,0.500,0.2949,119,0.026,0.37,-0.75,0.0615,0.1381,0.127
910,36.7495,226,4.5,0.460,0.2989,116,0.027,0.35,-0.81,0.0665,0.1317,0.108
911,48.8007,230,4.5,0.475,0.2989,118,0.026,0.35,-0.79,0.0672,0.1375,0.095
912,44.2805,249,4.6,0.475,0.2991,120,0.026,0.38,-0.79,0.0636,0.1437,0.096
913,41.1258,206,4.6,0.490,0.2991,119,0.026,0.32,-0.77,0.0635,0.1388,0.092
914,31.8695,256,4.6,0.475,0.2945,118,0.026,0.39,-0.79,0.0652,0.1327,0.070
915,33.5405,206,4.5,0.460,0.2923,116,0.027,0.32,-0.81,0.0619,0.1341,0.084
916,43.2961,198,4.6,0.490,0.2918,113,0.028,0.30,-0.77,0.0625,0.1330,0.099
917,37.9703,251,4.5,0.470,0.2927,113,0.028,0.39,-0.80,0.0650,0.1388,0.093
918,49.6948,227,4.5,0.500,0.2915,123,0.025,0.35,-0.75,0.0695,0.1443,0.090
919,57.3113,288,4.5,0.420,0.2882,116,0.027,0.44,-0.87,0.0643,0.1391,0.071
920,18.1133,210,4.6,0.530,0.2896,123,0.025,0.32,-0.70,0.0679,0.1321,0.075
921,29.7382,188,4.5,0.405,0.2895,125,0.025,0.29,-0.89,0.0703,0.1257,0.075
922,41.0047,260,4.5,0.550,0.2898,118,0.026,0.40,-0.67,0.0598,0.1282,0.086
923,52.6851,226,4.6,0.425,0.2913,121,0.026,0.35,-0.86,0.0627,0.1271,0.090
924,29.1467,214,4.6,0.530,0.2924,121,0.026,0.33,-0.70,0.0637,0.1326,0.084
925,43.6374,227,4.6,0.445,0.2925,114,0.027,0.35,-0.83,0.0614,0.1343,0.083
926,28.5323,239,4.5,0.495,0.2899,124,0.025,0.37,-0.76,0.0652,0.1301,0.087
927,32.2242,234,4.4,0.470,0.2908,123,0.025,0.36,-0.80,0.0637,0.1363,0.056
928,49.4232,231,4.6,0.500,0.2879,124,0.025,0.36,-0.75,0.0663,0.1525,0.044
929,23.8303,216,4.6,0.465,0.2853,127,0.025,0.33,-0.80,0.0670,0.1500,0.075
930,42.6805,234,4.5,0.490,0.2887,129,0.024,0.36,-0.77,0.0653,0.1489,0.091
931,45.4332,249,4.5,0.490,0.2913,130,0.024,0.38,-0.77,0.0632,0.1499,0.095
932,55.1027,235,4.6,0.455,0.2919,118,0.026,0.36,-0.82,0.0630,0.1369,0.113
933,39.3060,210,4.6,0.505,0.2884,115,0.027,0.32,-0.74,0.0633,0.1376,0.096
934,46.0164,278,4.5,0.460,0.2907,121,0.026,0.43,-0.81,0.0639,0.1331,0.096
935,40.4223,228,4.5,0.480,0.2910,120,0.026,0.35,-0.78,0.0675,0.1263,0.098
936,44.5820,242,4.5,0.475,0.2900,128,0.024,0.37,-0.79,0.0624,0.1295,0.107
937,22.7117,196,4.5,0.475,0.2909,124,0.025,0.30,-0.79,0.0674,0.1311,0.083
938,28.0830,194,4.7,0.505,0.2952,124,0.025,0.30,-0.74,0.0653,0.1345,0.083
939,39.1761,239,4.7,0.430,0.2933,117,0.027,0.37,-0.86,0.0643,0.1398,0.082
940,17.2507,188,4.6,0.515,0.2993,112,0.028,0.29,-0.73,0.0672,0.1393,0.073
941,43.0254,203,4.5,0.410,0.2975,112,0.028,0.31,-0.89,0.0638,0.1444,0.069
942,29.6097,221,4.6,0.540,0.2966,120,0.026,0.34,-0.69,0.0617,0.1457,0.086
943,44.3334,199,4.5,0.420,0.2965,118,0.026,0.31,-0.87,0.0608,0.1416,0.083
944,52.4047,272,4.7,0.535,0.2917,120,0.026,0.42,-0.70,0.0612,0.1372,0.057
945,42.3287,236,4.6,0.415,0.2894,123,0.025,0.36,-0.88,0.0641,0.1444,0.064
946,27.5940,229,4.6,0.510,0.2840,122,0.026,0.35,-0.73,0.0630,0.1389,0.044
947,37.1227,247,4.6,0.430,0.2856,127,0.025,0.38,-0.86,0.0626,0.1312,0.039
948,40.4369,235,4.6,0.495,0.2844,126,0.025,0.36,-0.76,0.0652,0.1353,0.047
949,29.8307,228,4.6,0.470,0.2901,123,0.025,0.35,-0.80,0.0637,0.1452,0.033
950,27.2902,224,4.6,0.490,0.2958,127,0.025,0.34,-0.77,0.0668,0.1473,0.013
951,45.3931,227,4.6,0.430,0.2966,123,0.025,0.35,-0.86,0.0651,0.1410,0.053
952,24.9075,208,4.5,0.490,0.2965,122,0.026,0.32,-0.77,0.0661,0.1395,0.082
953,45.1279,218,4.5,0.420,0.2997,118,0.026,0.34,-0.87,0.0669,0.1446,0.077
954,37.1367,259,4.6,0.470,0.2908,123,0.025,0.40,-0.80,0.0654,0.1453,0.072
955,47.5510,248,4.5,0.450,0.2903,126,0.025,0.38,-0.83,0.0630,0.1414,0.064
956,42.5349,230,4.6,0.515,0.2943,118,0.026,0.35,-0.73,0.0631,0.1367,0.076
957,45.2757,217,4.7,0.435,0.2938,117,0.027,0.33,-0.85,0.0646,0.1203,0.088
958,34.7570,222,4.6,0.510,0.2898,114,0.027,0.34,-0.73,0.0633,0.1159,0.090
959,47.1530,226,4.6,0.430,0.2894,121,0.026,0.35,-0.86,0.0668,0.1175,0.078
960,30.8378,248,4.8,0.485,0.2883,118,0.026,0.38,-0.77,0.0645,0.1285,0.068
961,39.9198,246,4.6,0.435,0.2939,119,0.026,0.38,-0.85,0.0647,0.1253,0.102
962,40.9719,249,4.5,0.470,0.2924,115,0.027,0.38,-0.80,0.0632,0.1215,0.095
963,39.6567,258,4.4,0.460,0.2896,113,0.028,0.40,-0.81,0.0644,0.1328,0.072
964,39.3931,235,4.5,0.530,0.2912,111,0.028,0.36,-0.70,0.0579,0.1382,0.071
965,36.3741,232,4.5,0.440,0.2886,116,0.027,0.36,-0.84,0.0618,0.1399,0.076
966,33.1810,227,4.6,0.515,0.2864,124,0.025,0.35,-0.73,0.0634,0.1335,0.074
967,23.4643,213,4.6,0.450,0.2931,125,0.025,0.33,-0.83,0.0650,0.1273,0.093
968,35.1790,210,4.6,0.525,0.2964,119,0.026,0.32,-0.71,0.0639,0.1246,0.086
969,33.7277,230,4.6,0.460,0.2989,117,0.027,0.35,-0.81,0.0644,0.1310,0.066
970,56.0129,272,4.6,0.505,0.2961,123,0.025,0.42,-0.74,0.0612,0.1387,0.056
971,31.1278,210,4.5,0.470,0.2926,118,0.026,0.32,-0.80,0.0653,0.1431,0.052
972,47.1630,239,4.6,0.440,0.2898,112,0.028,0.37,-0.84,0.0623,0.1446,0.076
973,39.7279,221,4.6,0.545,0.2907,121,0.026,0.34,-0.68,0.0675,0.1375,0.066
974,46.2579,219,4.6,0.395,0.2948,123,0.025,0.34,-0.91,0.0650,0.1376,0.073
975,30.1573,214,4.6,0.585,0.2949,120,0.026,0.33,-0.62,0.0647,0.1391,0.086
976,40.7678,231,4.7,0.390,0.2915,125,0.025,0.35,-0.92,0.0641,0.1468,0.068
977,27.5973,232,4.6,0.560,0.2951,126,0.025,0.36,-0.66,0.0719,0.1420,0.074
978,47.4444,245,4.6,0.400,0.2949,121,0.026,0.38,-0.90,0.0637,0.1396,0.070
979,50.3572,261,4.6,0.540,0.2964,116,0.027,0.40,-0.69,0.0645,0.1380,0.075
980,41.5041,247,4.6,0.445,0.2937,120,0.026,0.38,-0.83,0.0615,0.1219,0.074
981,55.2340,221,4.8,0.500,0.2977,126,0.025,0.34,-0.75,0.0617,0.1316,0.062
982,37.7358,239,4.7,0.460,0.3044,127,0.025,0.37,-0.81,0.0662,0.1400,0.072
983,50.5492,222,4.5,0.470,0.3015,124,0.025,0.34,-0.80,0.0609,0.1423,0.094
984,51.4767,291,4.5,0.455,0.2934,122,0.026,0.45,-0.82,0.0621,0.1441,0.091
985,39.9653,224,4.5,0.475,0.2898,123,0.025,0.34,-0.79,0.0636,0.1439,0.075
986,33.4175,247,4.4,0.495,0.2877,115,0.027,0.38,-0.76,0.0624,0.1419,0.074
987,45.8216,246,4.4,0.510,0.2893,124,0.025,0.38,-0.73,0.0595,0.1377,0.071
988,55.0487,272,4.5,0.475,0.2910,122,0.026,0.42,-0.79,0.0661,0.1297,0.065
989,26.2399,228,4.6,0.475,0.2913,121,0.026,0.35,-0.79,0.0646,0.1361,0.067
990,43.1297,213,4.6,0.465,0.2897,121,0.026,0.33,-0.80,0.0644,0.1284,0.073
991,41.4896,265,4.5,0.495,0.2857,118,0.026,0.41,-0.76,0.0657,0.1270,0.045
992,35.0904,203,4.5,0.430,0.2856,119,0.026,0.31,-0.86,0.0653,0.1280,0.049
993,55.8255,237,4.6,0.525,0.2864,123,0.025,0.36,-0.71,0.0651,0.1267,0.076
994,27.7210,200,4.5,0.450,0.2935,116,0.027,0.31,-0.83,0.0645,0.1336,0.066
995,34.4306,196,4.6,0.510,0.2899,124,0.025,0.30,-0.73,0.0643,0.1307,0.066
996,43.4836,237,4.7,0.465,0.2935,117,0.027,0.36,-0.80,0.0612,0.1476,0.052
997,52.4060,261,4.7,0.470,0.2958,128,0.024,0.40,-0.80,0.0671,0.1518,0.070
998,35.9858,215,4.7,0.465,0.2923,117,0.027,0.33,-0.80,0.0632,0.1502,0.073
999,33.6387,216,4.5,0.485,0.2909,118,0.026,0.33,-0.77,0.0661,0.1411,0.074
1000,43.4684,276,4.5,0.455,0.2915,125,0.025,0.42,-0.82,0.0640,0.1370,0.072
1001,38.0947,216,4.5,0.535,0.2909,122,0.026,0.33,-0.70,0.0665,0.1281,0.077
1002,61.0655,213,4.5,0.430,0.2872,119,0.026,0.33,-0.86,0.0644,0.1230,0.081
1003,40.5380,254,4.5,0.520,0.2875,123,0.025,0.39,-0.72,0.0644,0.1220,0.061
1004,44.7687,253,4.6,0.405,0.2838,126,0.025,0.39,-0.89,0.0634,0.1266,0.073
1005,27.8833,216,4.7,0.570,0.2825,130,0.024,0.33,-0.65,0.0660,0.1284,0.098
1006,49.0363,226,4.6,0.395,0.2852,120,0.026,0.35,-0.91,0.0621,0.1319,0.111
1007,47.5654,257,4.6,0.535,0.2823,124,0.025,0.39,-0.70,0.0658,0.1376,0.106
1008,48.2463,234,4.6,0.400,0.2826,124,0.025,0.36,-0.90,0.0629,0.1315,0.112
1009,49.5728,275,4.5,0.500,0.2915,122,0.026,0.42,-0.75,0.0651,0.1409,0.115
1010,37.1482,263,4.5,0.455,0.2939,126,0.025,0.40,-0.82,0.0650,0.1470,0.129
1011,18.0588,229,4.6,0.510,0.2870,124,0.025,0.35,-0.73,0.0629,0.1424,0.095
1012,26.7295,227,4.6,0.470,0.2924,113,0.028,0.35,-0.80,0.0639,0.1471,0.099
1013,55.7963,247,4.6,0.510,0.2891,115,0.027,0.38,-0.73,0.0618,0.1349,0.106
1014,41.2308,252,4.5,0.470,0.2877,120,0.026,0.39,-0.80,0.0635,0.1314,0.120
1015,35.0043,218,4.5,0.470,0.2884,120,0.026,0.34,-0.80,0.0635,0.1334,0.110
1016,50.2076,282,4.4,0.450,0.2911,124,0.025,0.43,-0.83,0.0627,0.1353,0.097
1017,30.8806,239,4.4,0.490,0.2946,124,0.025,0.37,-0.77,0.0642,0.1398,0.105
1018,53.5115,236,4.6,0.450,0.2881,120,0.026,0.36,-0.83,0.0665,0.1347,0.096
1019,41.3596,277,4.6,0.475,0.2842,108,0.029,0.43,-0.79,0.0633,0.1403,0.061
1020,40.6215,240,4.5,0.470,0.2850,115,0.027,0.37,-0.80,0.0686,0.1392,0.056
1021,40.6400,233,4.6,0.440,0.2886,118,0.026,0.36,-0.84,0.0688,0.1364,0.072
1022,42.0283,244,4.7,0.500,0.2885,120,0.026,0.37,-0.75,0.0594,0.1384,0.062
1023,54.5562,295,4.7,0.465,0.2894,117,0.027,0.45,-0.80,0.0631,0.1491,0.065
1024,31.2450,236,4.6,0.500,0.2934,122,0.026,0.36,-0.75,0.0617,0.1618,0.078
1025,62.1827,279,4.5,0.450,0.2918,122,0.026,0.43,-0.83,0.0629,0.1597,0.070
1026,32.9563,255,4.7,0.525,0.2876,113,0.028,0.39,-0.71,0.0615,0.1383,0.076
1027,56.2455,255,4.5,0.400,0.2939,119,0.026,0.39,-0.90,0.0676,0.1284,0.088
1028,50.9112,246,4.5,0.495,0.2942,119,0.026,0.38,-0.76,0.0655,0.1266,0.064
1029,62.1280,259,4.6,0.405,0.2943,118,0.026,0.40,-0.89,0.0651,0.1257,0.059
1030,38.7561,225,4.6,0.560,0.2916,120,0.026,0.35,-0.66,0.0665,0.1311,0.057
1031,28.1601,211,4.6,0.445,0.2865,124,0.025,0.32,-0.83,0.0625,0.1285,0.082
1032,44.3600,225,4.5,0.530,0.2846,117,0.027,0.35,-0.70,0.0617,0.1284,0.080
1033,50.0747,269,4.4,0.410,0.2813,121,0.026,0.41,-0.89,0.0634,0.1251,0.068
1034,35.1320,269,4.5,0.500,0.2836,124,0.025,0.41,-0.75,0.0633,0.1217,0.077
1035,48.6366,248,4.5,0.410,0.2880,120,0.026,0.38,-0.89,0.0652,0.1230,0.072
1036,38.8950,233,4.6,0.535,0.2939,121,0.026,0.36,-0.70,0.0645,0.1332,0.060
1037,54.1190,260,4.7,0.400,0.2885,116,0.027,0.40,-0.90,0.0651,0.1250,0.051
1038,41.5737,236,4.7,0.510,0.2956,122,0.026,0.36,-0.73,0.0671,0.1280,0.046
1039,41.4576,233,4.7,0.420,0.2972,125,0.025,0.36,-0.87,0.0655,0.1330,0.073
1040,32.6089,229,4.7,0.500,0.2923,111,0.028,0.35,-0.75,0.0670,0.1233,0.101
1041,46.0221,242,4.7,0.440,0.2953,121,0.026,0.37,-0.84,0.0639,0.1306,0.083
1042,35.9471,264,4.5,0.535,0.2937,126,0.025,0.41,-0.70,0.0647,0.1384,0.077
1043,44.4592,246,4.5,0.395,0.2914,117,0.027,0.38,-0.91,0.0626,0.1410,0.071
1044,51.7100,254,4.6,0.540,0.2909,121,0.026,0.39,-0.69,0.0625,0.1406,0.065
1045,47.5772,236,4.7,0.385,0.2887,125,0.025,0.36,-0.92,0.0625,0.1374,0.073
1046,63.0002,285,4.6,0.505,0.2893,125,0.025,0.44,-0.74,0.0623,0.1346,0.049
1047,54.4649,246,4.5,0.455,0.2846,122,0.026,0.38,-0.82,0.0628,0.1328,0.054
1048,58.2212,267,4.5,0.495,0.2887,119,0.026,0.41,-0.76,0.0662,0.1401,0.054
1049,39.4431,244,4.6,0.440,0.2965,115,0.027,0.38,-0.84,0.0628,0.1422,0.067
1050,33.8139,218,4.6,0.480,0.3001,116,0.027,0.33,-0.78,0.0661,0.1434,0.073
1051,40.4303,211,4.6,0.470,0.2970,114,0.027,0.32,-0.80,0.0653,0.1423,0.065
1052,52.0794,246,4.6,0.465,0.2939,112,0.028,0.38,-0.80,0.0650,0.1299,0.052
1053,40.1472,272,4.6,0.495,0.2890,118,0.026,0.42,-0.76,0.0655,0.1309,0.060
1054,33.4462,236,4.7,0.465,0.2884,124,0.025,0.36,-0.80,0.0611,0.1289,0.072
1055,34.7021,208,4.6,0.475,0.2893,119,0.026,0.32,-0.79,0.0672,0.1346,0.065
1056,49.5920,252,4.5,0.435,0.2945,123,0.025,0.39,-0.85,0.0621,0.1368,0.053
1057,44.0364,272,4.5,0.470,0.2920,116,0.027,0.42,-0.80,0.0607,0.1329,0.060
1058,38.0557,216,4.6,0.480,0.2881,119,0.026,0.33,-0.78,0.0647,0.1245,0.054
1059,55.3253,235,4.5,0.460,0.2878,120,0.026,0.36,-0.81,0.0623,0.1402,0.060
1060,48.4600,279,4.4,0.450,0.2878,122,0.026,0.43,-0.83,0.0638,0.1430,0.059
1061,40.9420,239,4.4,0.500,0.2872,121,0.026,0.37,-0.75,0.0634,0.1256,0.090
1062,56.7619,242,4.5,0.410,0.2926,120,0.026,0.37,-0.89,0.0621,0.1131,0.097
1063,28.6513,225,4.6,0.520,0.2949,117,0.027,0.35,-0.72,0.0614,0.1238,0.111
1064,40.1866,206,4.5,0.435,0.2909,120,0.026,0.32,-0.85,0.0656,0.1259,0.110
1065,53.0032,258,4.5,0.490,0.2942,110,0.028,0.40,-0.77,0.0617,0.1327,0.093
1066,37.6071,274,4.6,0.445,0.2975,121,0.026,0.42,-0.83,0.0639,0.1409,0.088
1067,39.1050,203,4.6,0.495,0.2979,117,0.027,0.31,-0.76,0.0614,0.1434,0.050
1068,38.7018,265,4.5,0.450,0.2953,120,0.026,0.41,-0.83,0.0640,0.1431,0.057
1069,25.6088,223,4.4,0.505,0.2913,128,0.024,0.34,-0.74,0.0640,0.1397,0.051
1070,50.6473,236,4.6,0.465,0.2936,121,0.026,0.36,-0.80,0.0653,0.1371,0.051
1071,44.8657,233,4.5,0.500,0.2921,117,0.027,0.36,-0.75,0.0664,0.1250,0.057
1072,56.0899,246,4.4,0.440,0.2915,122,0.026,0.38,-0.84,0.0645,0.1141,0.068
1073,46.1621,267,4.5,0.500,0.2884,128,0.024,0.41,-0.75,0.0642,0.1183,0.069
1074,29.1292,218,4.7,0.440,0.2850,124,0.025,0.34,-0.84,0.0646,0.1138,0.089
1075,50.8617,249,4.6,0.470,0.2867,118,0.026,0.38,-0.80,0.0687,0.1247,0.093
1076,32.3531,246,4.6,0.485,0.2919,113,0.028,0.38,-0.77,0.0615,0.1287,0.084
1077,43.0970,234,4.7,0.475,0.2918,117,0.027,0.36,-0.79,0.0634,0.1278,0.080
1078,54.6032,249,4.6,0.465,0.2944,117,0.027,0.38,-0.80,0.0630,0.1317,0.057
1079,56.2518,248,4.6,0.475,0.2966,120,0.026,0.38,-0.79,0.0653,0.1370,0.065
1080,40.0791,274,4.5,0.445,0.2924,121,0.026,0.42,-0.83,0.0685,0.1395,0.067
1081,45.7992,261,4.6,0.495,0.2977,120,0.026,0.40,-0.76,0.0653,0.1372,0.053
1082,52.2479,269,4.5,0.435,0.2991,122,0.026,0.41,-0.85,0.0641,0.1373,0.051
1083,32.0434,213,4.6,0.495,0.2982,122,0.026,0.33,-0.76,0.0607,0.1285,0.063
1084,42.0100,201,4.7,0.420,0.2946,118,0.026,0.31,-0.87,0.0629,0.1258,0.071
1085,29.7146,178,4.6,0.515,0.3011,118,0.026,0.27,-0.73,0.0636,0.1316,0.057
1086,21.1805,245,4.6,0.435,0.3052,120,0.026,0.38,-0.85,0.0621,0.1271,0.062
1087,32.8538,224,4.6,0.510,0.2929,125,0.025,0.34,-0.73,0.0621,0.1213,0.075
1088,44.5908,221,4.6,0.465,0.2953,120,0.026,0.34,-0.80,0.0641,0.1231,0.064
1089,54.1618,256,4.4,0.460,0.2934,125,0.025,0.39,-0.81,0.0644,0.1219,0.072
1090,56.7154,288,4.5,0.450,0.2931,118,0.026,0.44,-0.83,0.0665,0.1212,0.072
1091,33.1070,245,4.6,0.495,0.2892,121,0.026,0.38,-0.76,0.0634,0.1275,0.055
1092,58.3247,240,4.6,0.455,0.2946,122,0.026,0.37,-0.82,0.0635,0.1316,0.054
1093,37.3181,226,4.6,0.500,0.2983,123,0.025,0.35,-0.75,0.0657,0.1333,0.052
1094,38.0676,225,4.5,0.450,0.2997,119,0.026,0.35,-0.83,0.0633,0.1353,0.045
1095,38.5425,246,4.5,0.480,0.2964,117,0.027,0.38,-0.78,0.0668,0.1320,0.053
1096,36.2841,210,4.6,0.470,0.2986,118,0.026,0.32,-0.80,0.0646,0.1396,0.051
1097,35.5012,265,4.5,0.470,0.3029,116,0.027,0.41,-0.80,0.0672,0.1451,0.043
1098,42.0800,225,4.4,0.465,0.3002,120,0.026,0.35,-0.80,0.0649,0.1424,0.051
1099,48.9812,256,4.6,0.470,0.2974,121,0.026,0.39,-0.80,0.0642,0.1323,0.066
1100,31.5499,228,4.6,0.510,0.2962,114,0.027,0.35,-0.73,0.0689,0.1353,0.070
1101,40.0828,213,4.5,0.420,0.2998,120,0.026,0.33,-0.87,0.0640,0.1369,0.075
1102,40.8540,266,4.5,0.535,0.3052,122,0.026,0.41,-0.70,0.0616,0.1309,0.094
1103,37.2440,238,4.5,0.410,0.3048,120,0.026,0.37,-0.89,0.0647,0.1258,0.120
1104,39.7648,233,4.4,0.520,0.2989,117,0.027,0.36,-0.72,0.0629,0.1221,0.100
1105,43.2740,209,4.4,0.410,0.2976,121,0.026,0.32,-0.89,0.0653,0.1158,0.073
1106,42.0004,274,4.5,0.525,0.3007,122,0.026,0.42,-0.71,0.0628,0.1182,0.095
1107,34.1660,252,4.5,0.435,0.3022,129,0.024,0.39,-0.85,0.0662,0.1274,0.086
1108,40.2669,235,4.4,0.485,0.3051,128,0.024,0.36,-0.77,0.0701,0.1324,0.098
1109,54.6198,277,4.6,0.465,0.3050,111,0.028,0.43,-0.80,0.0669,0.1285,0.059
1110,46.4456,241,4.6,0.465,0.3046,112,0.028,0.37,-0.80,0.0633,0.1335,0.053
1111,35.1987,224,4.6,0.470,0.3048,115,0.027,0.34,-0.80,0.0675,0.1310,0.101
1112,33.0080,231,4.5,0.455,0.2989,123,0.025,0.35,-0.82,0.0655,0.1326,0.084
1113,40.7357,205,4.5,0.490,0.2954,123,0.025,0.32,-0.77,0.0644,0.1303,0.077
1114,51.1518,237,4.6,0.445,0.2982,127,0.025,0.36,-0.83,0.0643,0.1251,0.097
1115,39.6043,203,4.7,0.495,0.3018,123,0.025,0.31,-0.76,0.0628,0.1389,0.094
1116,48.4489,260,4.6,0.385,0.3074,116,0.027,0.40,-0.92,0.0648,0.1442,0.092
1117,41.2789,238,4.6,0.565,0.3111,119,0.026,0.37,-0.65,0.0641,0.1504,0.061
1118,55.5553,250,4.6,0.415,0.3027,124,0.025,0.38,-0.88,0.0673,0.1505,0.048
1119,50.7822,280,4.4,0.535,0.2968,123,0.025,0.43,-0.70,0.0670,0.1492,0.067
1120,46.4685,257,4.6,0.380,0.2994,125,0.025,0.39,-0.93,0.0657,0.1441,0.082
1121,39.0209,215,4.6,0.515,0.3031,125,0.025,0.33,-0.73,0.0676,0.1328,0.062
1122,42.5313,245,4.6,0.400,0.2994,122,0.026,0.38,-0.90,0.0654,0.1274,0.068
1123,36.9655,245,4.5,0.540,0.2970,121,0.026,0.38,-0.69,0.0622,0.1304,0.092
1124,48.4703,222,4.6,0.370,0.2994,114,0.027,0.34,-0.95,0.0654,0.1296,0.095
1125,26.8033,219,4.5,0.580,0.2993,117,0.027,0.34,-0.63,0.0631,0.1245,0.077
1126,50.8128,201,4.6,0.415,0.2988,111,0.028,0.31,-0.88,0.0662,0.1257,0.088
1127,29.5126,195,4.6,0.520,0.3013,118,0.026,0.30,-0.72,0.0652,0.1405,0.089
1128,52.0919,226,4.6,0.420,0.2982,109,0.029,0.35,-0.87,0.0640,0.1387,0.105
1129,44.1895,275,4.6,0.490,0.2930,105,0.030,0.42,-0.77,0.0670,0.1256,0.118
1130,59.7199,249,4.5,0.415,0.2969,114,0.027,0.38,-0.88,0.0616,0.1253,0.117
1131,41.2325,242,4.5,0.500,0.2988,118,0.026,0.37,-0.75,0.0667,0.1313,0.060
1132,54.6572,254,4.4,0.400,0.3018,112,0.028,0.39,-0.90,0.0653,0.1298,0.046
1133,37.6588,212,4.6,0.510,0.2980,123,0.025,0.33,-0.73,0.0645,0.1287,0.075
1134,55.4804,225,4.6,0.490,0.2994,125,0.025,0.35,-0.77,0.0663,0.1354,0.075
1135,49.0276,247,4.5,0.465,0.3014,114,0.027,0.38,-0.80,0.0641,0.1375,0.073
1136,38.3917,221,4.5,0.505,0.2992,117,0.027,0.34,-0.74,0.0644,0.1414,0.076
1137,47.5218,221,4.5,0.445,0.2901,121,0.026,0.34,-0.83,0.0623,0.1364,0.075
1138,40.8407,231,4.5,0.485,0.2945,122,0.026,0.36,-0.77,0.0636,0.1401,0.096
1139,42.2970,241,4.6,0.465,0.2960,123,0.025,0.37,-0.80,0.0662,0.1398,0.096
1140,48.5322,241,4.5,0.435,0.2944,123,0.025,0.37,-0.85,0.0658,0.1326,0.090
1141,49.4757,255,4.5,0.480,0.2974,115,0.027,0.39,-0.78,0.0623,0.1357,0.075
1142,39.0771,224,4.5,0.460,0.2948,119,0.026,0.34,-0.81,0.0635,0.1397,0.059
1143,27.8035,231,4.6,0.520,0.2942,123,0.025,0.35,-0.72,0.0630,0.1395,0.079
1144,40.7721,259,4.5,0.430,0.2922,127,0.025,0.40,-0.86,0.0620,0.1353,0.106
1145,38.5265,243,4.5,0.485,0.2919,115,0.027,0.37,-0.77,0.0654,0.1351,0.115
1146,40.8857,227,4.7,0.445,0.2929,116,0.027,0.35,-0.83,0.0638,0.1305,0.108
1147,22.0052,220,4.7,0.500,0.2921,120,0.026,0.34,-0.75,0.0643,0.1302,0.073
1148,50.0130,255,4.6,0.465,0.2923,127,0.025,0.39,-0.80,0.0645,0.1315,0.083
1149,30.0220,227,4.6,0.490,0.2943,119,0.026,0.35,-0.77,0.0658,0.1359,0.093
1150,30.0238,206,4.6,0.455,0.3021,117,0.027,0.32,-0.82,0.0660,0.1364,0.093
1151,42.3276,255,4.5,0.455,0.2999,118,0.026,0.39,-0.82,0.0645,0.1468,0.077
1152,40.5110,219,4.6,0.475,0.3012,125,0.025,0.34,-0.79,0.0646,0.1501,0.077
1153,56.2498,242,4.6,0.425,0.3042,126,0.025,0.37,-0.86,0.0642,0.1354,0.080
1154,46.8466,253,4.5,0.515,0.3063,123,0.025,0.39,-0.73,0.0679,0.1419,0.071
1155,65.4614,248,4.5,0.375,0.3038,125,0.025,0.38,-0.94,0.0647,0.1332,0.059
1156,19.5080,222,4.5,0.555,0.3003,127,0.025,0.34,-0.67,0.0649,0.1349,0.071
1157,51.5602,247,4.6,0.350,0.2969,120,0.026,0.38,-0.98,0.0633,0.1353,0.075
1158,38.4029,238,4.5,0.555,0.2959,120,0.026,0.37,-0.67,0.0653,0.1335,0.086
1159,61.5345,253,4.5,0.405,0.2955,122,0.026,0.39,-0.89,0.0659,0.1285,0.089
1160,31.3231,241,4.6,0.515,0.2946,129,0.024,0.37,-0.73,0.0642,0.1226,0.085
1161,38.6932,241,4.6,0.465,0.2913,119,0.026,0.37,-0.80,0.0635,0.1260,0.062
1162,46.6107,219,4.7,0.460,0.2967,116,0.027,0.34,-0.81,0.0630,0.1408,0.056
1163,41.4634,226,4.7,0.505,0.2988,117,0.027,0.35,-0.74,0.0585,0.1449,0.053
1164,54.5103,235,4.5,0.450,0.2981,126,0.025,0.36,-0.83,0.0618,0.1407,0.048
1165,57.4166,270,4.5,0.455,0.3039,125,0.025,0.42,-0.82,0.0640,0.1397,0.074
1166,27.5505,214,4.6,0.510,0.2972,119,0.026,0.33,-0.73,0.0652,0.1342,0.100
1167,58.5525,280,4.8,0.400,0.2987,117,0.027,0.43,-0.90,0.0674,0.1419,0.076
1168,31.0217,247,4.6,0.540,0.2972,124,0.025,0.38,-0.69,0.0642,0.1333,0.068
1169,29.7256,217,4.4,0.410,0.2927,125,0.025,0.33,-0.89,0.0660,0.1307,0.069
1170,35.2743,224,4.5,0.500,0.2907,120,0.026,0.34,-0.75,0.0611,0.1277,0.091
1171,36.4034,222,4.6,0.470,0.2900,125,0.025,0.34,-0.80,0.0638,0.1237,0.105
1172,57.9946,237,4.6,0.495,0.2896,126,0.025,0.36,-0.76,0.0630,0.1133,0.107
1173,40.4922,243,4.6,0.480,0.2880,124,0.025,0.37,-0.78,0.0630,0.1145,0.088
1174,49.3956,225,4.5,0.465,0.2893,126,0.025,0.35,-0.80,0.0668,0.1222,0.071
1175,54.1781,259,4.5,0.430,0.2821,113,0.028,0.40,-0.86,0.0649,0.1134,0.061
1176,30.4752,233,4.6,0.475,0.2905,124,0.025,0.36,-0.79,0.0662,0.1182,0.068
1177,30.2125,235,4.5,0.465,0.2897,124,0.025,0.36,-0.80,0.0657,0.1296,0.074
1178,49.5842,229,4.6,0.485,0.2937,119,0.026,0.35,-0.77,0.0638,0.1348,0.089
1179,73.3278,307,4.6,0.430,0.2980,123,0.025,0.47,-0.86,0.0646,0.1382,0.069
1180,46.3643,289,4.5,0.490,0.2959,113,0.028,0.44,-0.77,0.0642,0.1367,0.064
1181,44.2466,231,4.5,0.450,0.2964,116,0.027,0.35,-0.83,0.0676,0.1325,0.070
1182,43.7223,277,4.6,0.455,0.2941,117,0.027,0.43,-0.82,0.0624,0.1356,0.058
1183,38.0592,256,4.6,0.475,0.2885,118,0.026,0.39,-0.79,0.0614,0.1238,0.070
1184,44.4012,229,4.5,0.485,0.2816,115,0.027,0.35,-0.77,0.0611,0.1280,0.064
1185,46.2114,203,4.6,0.430,0.2889,117,0.027,0.31,-0.86,0.0601,0.1248,0.073
1186,27.4228,231,4.7,0.570,0.2985,124,0.025,0.36,-0.65,0.0633,0.1303,0.062
1187,40.4625,218,4.7,0.430,0.3004,128,0.024,0.34,-0.86,0.0628,0.1371,0.093
1188,48.9952,219,4.5,0.485,0.2938,124,0.025,0.34,-0.77,0.0651,0.1389,0.075
1189,37.8019,257,4.4,0.460,0.2890,116,0.027,0.39,-0.81,0.0642,0.1373,0.051
1190,60.5369,269,4.4,0.450,0.2939,114,0.027,0.41,-0.83,0.0650,0.1377,0.068
1191,46.4727,280,4.6,0.505,0.2915,120,0.026,0.43,-0.74,0.0673,0.1365,0.064
1192,37.6030,227,4.6,0.400,0.2927,116,0.027,0.35,-0.90,0.0681,0.1430,0.068
1193,46.5385,250,4.6,0.455,0.2974,114,0.027,0.38,-0.82,0.0634,0.1432,0.058
1194,34.1130,239,4.7,0.445,0.2956,124,0.025,0.37,-0.83,0.0641,0.1328,0.056
1195,33.9048,234,4.6,0.470,0.2928,117,0.027,0.36,-0.80,0.0650,0.1316,0.055
1196,52.4415,290,4.6,0.480,0.2941,112,0.028,0.45,-0.78,0.0642,0.1316,0.067
1197,45.4024,257,4.6,0.440,0.2962,124,0.025,0.40,-0.84,0.0621,0.1363,0.054
1198,54.0318,203,4.5,0.475,0.2922,113,0.028,0.31,-0.79,0.0680,0.1339,0.048
1199,46.5161,264,4.5,0.420,0.2886,120,0.026,0.41,-0.87,0.0633,0.1312,0.066
1200,37.7179,205,4.5,0.500,0.2936,130,0.024,0.32,-0.75,0.0636,0.1404,0.065
1201,59.4443,272,4.4,0.430,0.2977,127,0.025,0.42,-0.86,0.0645,0.1473,0.062
1202,34.6174,263,4.5,0.495,0.2930,118,0.026,0.40,-0.76,0.0641,0.1351,0.082
1203,60.5976,275,4.5,0.415,0.2938,116,0.027,0.42,-0.88,0.0634,0.1246,0.091
1204,52.4293,260,4.4,0.510,0.2969,125,0.025,0.40,-0.73,0.0636,0.1170,0.099
1205,50.4763,230,4.5,0.405,0.3081,117,0.027,0.35,-0.89,0.0653,0.1217,0.087
1206,46.4788,264,4.6,0.490,0.3040,118,0.026,0.41,-0.77,0.0628,0.1189,0.079
1207,60.4776,266,4.7,0.395,0.2985,117,0.027,0.41,-0.91,0.0623,0.1142,0.105
1208,45.8856,260,4.5,0.505,0.2904,109,0.029,0.40,-0.74,0.0638,0.1256,0.113
1209,51.4122,262,4.6,0.415,0.2904,118,0.026,0.40,-0.88,0.0632,0.1241,0.093
1210,27.6322,247,4.6,0.530,0.2936,114,0.027,0.38,-0.70,0.0628,0.1211,0.084
1211,40.8187,231,4.7,0.430,0.2960,126,0.025,0.35,-0.86,0.0687,0.1295,0.087
1212,47.6457,246,4.5,0.455,0.2894,129,0.024,0.38,-0.82,0.0639,0.1333,0.110
1213,35.7906,247,4.6,0.475,0.2891,124,0.025,0.38,-0.79,0.0657,0.1206,0.103
1214,45.4823,241,4.6,0.455,0.2879,128,0.024,0.37,-0.82,0.0660,0.1186,0.103
1215,58.6152,284,4.5,0.450,0.2865,128,0.024,0.44,-0.83,0.0674,0.1121,0.087
1216,43.9079,212,4.5,0.485,0.2861,118,0.026,0.33,-0.77,0.0675,0.0980,0.084
1217,30.2519,250,4.6,0.480,0.2925,116,0.027,0.38,-0.78,0.0643,0.1062,0.078
1218,52.5544,226,4.6,0.445,0.2930,115,0.027,0.35,-0.83,0.0668,0.1260,0.062
1219,50.5416,225,4.7,0.510,0.2922,127,0.025,0.35,-0.73,0.0662,0.1392,0.058
1220,49.7452,259,4.6,0.455,0.2950,126,0.025,0.40,-0.82,0.0658,0.1379,0.053
1221,53.1560,271,4.6,0.475,0.2961,124,0.025,0.42,-0.79,0.0654,0.1435,0.052
1222,45.2059,247,4.7,0.445,0.3003,121,0.026,0.38,-0.83,0.0629,0.1477,0.059
1223,35.1862,262,4.6,0.485,0.2973,113,0.028,0.40,-0.77,0.0647,0.1269,0.058
1224,50.1869,279,4.5,0.405,0.2930,117,0.027,0.43,-0.89,0.0631,0.1244,0.052
1225,35.7127,218,4.5,0.530,0.2869,119,0.026,0.34,-0.70,0.0624,0.1284,0.065
1226,45.1248,217,4.7,0.400,0.2883,124,0.025,0.33,-0.90,0.0631,0.1263,0.058
1227,47.2869,239,4.7,0.470,0.2967,121,0.026,0.37,-0.80,0.0629,0.1278,0.068
1228,26.7519,222,4.6,0.510,0.2946,121,0.026,0.34,-0.73,0.0648,0.1124,0.070
1229,56.5777,251,4.6,0.445,0.2936,114,0.027,0.39,-0.83,0.0655,0.1107,0.090
1230,50.6792,302,4.5,0.475,0.2960,123,0.025,0.46,-0.79,0.0650,0.1277,0.101
1231,41.6994,244,4.5,0.470,0.3031,124,0.025,0.38,-0.80,0.0665,0.1326,0.093
1232,46.9779,247,4.5,0.435,0.3032,118,0.026,0.38,-0.85,0.0664,0.1326,0.073
1233,43.8446,247,4.6,0.450,0.3036,117,0.027,0.38,-0.83,0.0651,0.1307,0.068
1234,43.8387,263,4.6,0.445,0.2930,110,0.028,0.40,-0.83,0.0662,0.1333,0.071
1235,55.3436,261,4.6,0.420,0.2975,115,0.027,0.40,-0.87,0.0688,0.1260,0.079
1236,36.3349,269,4.5,0.510,0.3019,126,0.025,0.41,-0.73,0.0673,0.1233,0.075
1237,46.0503,272,4.5,0.410,0.3012,122,0.026,0.42,-0.89,0.0634,0.1325,0.081
1238,45.2989,259,4.4,0.500,0.3019,129,0.024,0.40,-0.75,0.0661,0.1321,0.104
1239,48.8820,256,4.5,0.430,0.2931,123,0.025,0.39,-0.86,0.0681,0.1145,0.111
1240,35.7729,237,4.6,0.520,0.2965,121,0.026,0.36,-0.72,0.0666,0.1077,0.088
1241,33.9799,241,4.6,0.430,0.2934,121,0.026,0.37,-0.86,0.0667,0.1179,0.087
1242,32.6687,191,4.6,0.485,0.2865,123,0.025,0.29,-0.77,0.0640,0.1271,0.081
1243,61.7336,237,4.5,0.450,0.2877,115,0.027,0.36,-0.83,0.0648,0.1316,0.098
1244,44.1338,248,4.5,0.470,0.2856,126,0.025,0.38,-0.80,0.0640,0.1309,0.128
1245,42.8760,237,4.5,0.435,0.2941,125,0.025,0.36,-0.85,0.0623,0.1346,0.121
1246,45.4258,266,4.6,0.425,0.3038,126,0.025,0.41,-0.86,0.0659,0.1333,0.099
1247,47.2787,230,4.6,0.465,0.3046,122,0.026,0.35,-0.80,0.0637,0.1408,0.085
1248,43.9025,222,4.5,0.440,0.3037,121,0.026,0.34,-0.84,0.0669,0.1409,0.085
1249,48.1635,268,4.5,0.495,0.3093,115,0.027,0.41,-0.76,0.0620,0.1361,0.062
1250,34.3156,237,4.6,0.445,0.3068,124,0.025,0.36,-0.83,0.0654,0.1479,0.088
1251,46.5559,218,4.6,0.460,0.3056,125,0.025,0.33,-0.81,0.0678,0.1534,0.079
1252,38.5351,275,4.6,0.445,0.2954,127,0.025,0.42,-0.83,0.0622,0.1434,0.043
1253,41.8064,229,4.5,0.445,0.2980,128,0.024,0.35,-0.83,0.0623,0.1353,0.072
1254,46.3572,238,4.5,0.520,0.2972,123,0.025,0.37,-0.72,0.0642,0.1312,0.062
1255,37.0081,207,4.7,0.445,0.2946,126,0.025,0.32,-0.83,0.0643,0.1251,0.056
1256,69.7359,281,4.6,0.415,0.2921,126,0.025,0.43,-0.88,0.0622,0.1170,0.064
1257,40.2104,261,4.6,0.490,0.2929,130,0.024,0.40,-0.77,0.0646,0.1195,0.047
1258,49.8673,255,4.5,0.420,0.2991,127,0.025,0.39,-0.87,0.0640,0.1228,0.085
1259,41.7229,247,4.5,0.490,0.2966,124,0.025,0.38,-0.77,0.0676,0.1272,0.103
1260,41.3389,215,4.6,0.415,0.2954,119,0.026,0.33,-0.88,0.0618,0.1329,0.086
1261,34.9344,235,4.5,0.505,0.2979,125,0.025,0.36,-0.74,0.0622,0.1296,0.073
1262,61.3654,310,4.4,0.375,0.2959,124,0.025,0.48,-0.94,0.0661,0.1278,0.057
1263,31.2299,230,4.5,0.565,0.2998,126,0.025,0.35,-0.65,0.0646,0.1460,0.040
1264,47.5243,212,4.6,0.365,0.3026,121,0.026,0.33,-0.95,0.0622,0.1388,0.065
1265,22.5332,225,4.6,0.545,0.3045,117,0.027,0.35,-0.68,0.0629,0.1328,0.098
1266,44.8876,266,4.5,0.405,0.3005,121,0.026,0.41,-0.89,0.0612,0.1339,0.094
1267,41.9331,238,4.4,0.515,0.3036,121,0.026,0.37,-0.73,0.0645,0.1353,0.067
1268,62.8124,278,4.5,0.405,0.2978,126,0.025,0.43,-0.89,0.0591,0.1454,0.077
1269,35.5494,219,4.7,0.515,0.2895,132,0.024,0.34,-0.73,0.0617,0.1428,0.100
1270,36.4878,202,4.6,0.415,0.2919,129,0.024,0.31,-0.88,0.0634,0.1320,0.102
1271,52.4099,244,4.5,0.515,0.2946,127,0.025,0.37,-0.73,0.0620,0.1354,0.093
1272,55.2140,273,4.4,0.440,0.2969,119,0.026,0.42,-0.84,0.0645,0.1409,0.085
1273,40.8850,266,4.5,0.490,0.2955,116,0.027,0.41,-0.77,0.0648,0.1387,0.097
1274,42.5465,240,4.5,0.430,0.2959,119,0.026,0.37,-0.86,0.0659,0.1389,0.092
1275,59.5607,268,4.5,0.505,0.2914,122,0.026,0.41,-0.74,0.0646,0.1408,0.110
1276,61.6526,271,4.5,0.390,0.2939,123,0.025,0.42,-0.92,0.0600,0.1302,0.132
1277,52.7152,292,4.5,0.440,0.3029,119,0.026,0.45,-0.84,0.0634,0.1365,0.119
1278,35.9869,242,4.5,0.485,0.3001,119,0.026,0.37,-0.77,0.0659,0.1406,0.089
1279,35.5387,200,4.5,0.460,0.3017,129,0.024,0.31,-0.81,0.0657,0.1440,0.100
1280,33.6004,249,4.6,0.460,0.3010,136,0.023,0.38,-0.81,0.0671,0.1509,0.096
1281,33.9354,244,4.6,0.460,0.3005,116,0.027,0.38,-0.81,0.0666,0.1440,0.086
1282,30.0307,198,4.7,0.465,0.3030,118,0.026,0.30,-0.80,0.0601,0.1449,0.062
1283,32.7486,227,4.6,0.485,0.3023,116,0.027,0.35,-0.77,0.0665,0.1316,0.060
1284,54.3873,233,4.5,0.435,0.3018,128,0.024,0.36,-0.85,0.0604,0.1349,0.069
1285,45.2568,273,4.5,0.475,0.2917,123,0.025,0.42,-0.79,0.0612,0.1256,0.084
1286,45.0033,269,4.5,0.485,0.2884,126,0.025,0.41,-0.77,0.0623,0.1186,0.053
1287,53.6495,242,4.6,0.425,0.2963,124,0.025,0.37,-0.86,0.0698,0.1298,0.040
1288,53.9338,263,4.5,0.450,0.2948,123,0.025,0.40,-0.83,0.0641,0.1302,0.048
1289,41.5289,235,4.5,0.440,0.2959,118,0.026,0.36,-0.84,0.0671,0.1345,0.051
1290,54.1496,231,4.6,0.480,0.3014,123,0.025,0.36,-0.78,0.0638,0.1409,0.058
1291,38.2764,250,4.6,0.440,0.3039,127,0.025,0.38,-0.84,0.0636,0.1387,0.068
1292,41.8868,230,4.6,0.505,0.3041,124,0.025,0.35,-0.74,0.0646,0.1366,0.047
1293,42.5170,233,4.6,0.420,0.3059,127,0.025,0.36,-0.87,0.0662,0.1308,0.077
1294,46.1614,213,4.6,0.515,0.3013,113,0.028,0.33,-0.73,0.0678,0.1348,0.092
1295,58.5494,257,4.5,0.400,0.3015,117,0.027,0.39,-0.90,0.0667,0.1409,0.070
1296,30.5882,246,4.5,0.475,0.2985,124,0.025,0.38,-0.79,0.0647,0.1422,0.067
1297,66.9027,229,4.6,0.435,0.2978,120,0.026,0.35,-0.85,0.0654,0.1400,0.061
1298,48.3383,278,4.6,0.485,0.2964,119,0.026,0.43,-0.77,0.0681,0.1395,0.072
1299,37.9309,228,4.5,0.445,0.2968,117,0.027,0.35,-0.83,0.0656,0.1320,0.073
1300,43.0658,253,4.5,0.455,0.2987,117,0.027,0.39,-0.82,0.0657,0.1188,0.070
1301,29.9621,241,4.5,0.460,0.2941,126,0.025,0.37,-0.81,0.0669,0.1285,0.080
1302,35.9340,248,4.5,0.455,0.2983,126,0.025,0.38,-0.82,0.0665,0.1390,0.089
1303,34.8308,247,4.6,0.490,0.2990,127,0.025,0.38,-0.77,0.0646,0.1319,0.092
1304,47.5974,231,4.6,0.435,0.2926,119,0.026,0.36,-0.85,0.0652,0.1222,0.114
1305,47.9384,233,4.5,0.465,0.2922,120,0.026,0.36,-0.80,0.0647,0.1134,0.095
1306,28.1514,248,4.4,0.455,0.2989,123,0.025,0.38,-0.82,0.0632,0.1144,0.078
1307,38.5436,237,4.4,0.485,0.3000,119,0.026,0.36,-0.77,0.0687,0.1188,0.110
1308,51.0315,227,4.4,0.460,0.2916,110,0.028,0.35,-0.81,0.0635,0.1221,0.108
1309,50.9443,276,4.6,0.485,0.2921,124,0.025,0.42,-0.77,0.0652,0.1266,0.091
1310,50.7298,257,4.5,0.405,0.2901,121,0.026,0.39,-0.89,0.0634,0.1111,0.101
1311,56.3075,267,4.5,0.505,0.2911,115,0.027,0.41,-0.74,0.0652,0.1201,0.108
1312,26.8008,225,4.6,0.445,0.2900,120,0.026,0.35,-0.83,0.0673,0.1134,0.130
1313,43.0000,264,4.5,0.490,0.2961,117,0.027,0.41,-0.77,0.0669,0.1146,0.122
1314,35.2681,245,4.4,0.455,0.2933,122,0.026,0.38,-0.82,0.0688,0.1188,0.106
1315,51.9690,259,4.5,0.460,0.2961,123,0.025,0.40,-0.81,0.0637,0.1249,0.054
1316,36.3159,222,4.6,0.485,0.2942,123,0.025,0.34,-0.77,0.0648,0.1258,0.050
1317,37.5685,228,4.6,0.425,0.2963,118,0.026,0.35,-0.86,0.0659,0.1217,0.067
1318,44.6356,243,4.4,0.475,0.3016,118,0.026,0.37,-0.79,0.0637,0.1292,0.057
1319,44.8990,292,4.3,0.415,0.2995,119,0.026,0.45,-0.88,0.0664,0.1357,0.079
1320,39.8297,245,4.3,0.475,0.3022,120,0.026,0.38,-0.79,0.0672,0.1358,0.104
1321,61.4718,229,4.6,0.455,0.3067,121,0.026,0.35,-0.82,0.0647,0.1323,0.105
1322,58.7270,279,4.6,0.445,0.3014,128,0.024,0.43,-0.83,0.0652,0.1195,0.124
1323,37.9471,239,4.5,0.470,0.3000,119,0.026,0.37,-0.80,0.0631,0.1252,0.094
1324,49.9371,246,4.4,0.435,0.2998,125,0.025,0.38,-0.85,0.0644,0.1164,0.053
1325,46.5790,234,4.4,0.475,0.2919,115,0.027,0.36,-0.79,0.0642,0.1116,0.090
1326,65.2940,278,4.6,0.435,0.2963,123,0.025,0.43,-0.85,0.0654,0.1113,0.102
1327,60.3343,289,4.5,0.460,0.2942,119,0.026,0.44,-0.81,0.0656,0.1109,0.097
1328,39.0565,265,4.5,0.435,0.2946,114,0.027,0.41,-0.85,0.0624,0.1133,0.097
1329,38.6236,250,4.6,0.455,0.2959,129,0.024,0.38,-0.82,0.0652,0.1103,0.076
1330,48.1943,233,4.5,0.450,0.2951,130,0.024,0.36,-0.83,0.0657,0.1121,0.058
1331,47.4334,240,4.5,0.470,0.2968,128,0.024,0.37,-0.80,0.0665,0.1205,0.050
1332,41.4551,270,4.5,0.460,0.2967,122,0.026,0.41,-0.81,0.0653,0.1259,0.067
1333,56.8111,260,4.4,0.455,0.2940,119,0.026,0.40,-0.82,0.0650,0.1211,0.110
1334,36.6903,231,4.5,0.475,0.2927,120,0.026,0.35,-0.79,0.0625,0.1201,0.110
1335,70.7238,297,4.5,0.375,0.2961,123,0.025,0.46,-0.94,0.0632,0.1281,0.094
1336,37.2576,276,4.6,0.500,0.2911,122,0.026,0.42,-0.75,0.0665,0.1202,0.104
1337,43.0473,233,4.5,0.440,0.2915,119,0.026,0.36,-0.84,0.0639,0.1076,0.116
1338,58.9808,250,4.4,0.480,0.2981,119,0.026,0.38,-0.78,0.0651,0.1253,0.086
1339,48.2684,262,4.5,0.430,0.2957,119,0.026,0.40,-0.86,0.0657,0.1310,0.099
1340,46.3962,237,4.5,0.460,0.2914,120,0.026,0.36,-0.81,0.0653,0.1291,0.076
1341,61.1464,243,4.5,0.455,0.2953,120,0.026,0.37,-0.82,0.0613,0.1330,0.075
1342,42.2058,288,4.4,0.490,0.2948,122,0.026,0.44,-0.77,0.0645,0.1299,0.074
1343,36.2063,239,4.5,0.420,0.2971,118,0.026,0.37,-0.87,0.0594,0.1218,0.092
1344,51.5378,271,4.5,0.465,0.2959,127,0.025,0.42,-0.80,0.0603,0.1253,0.082
1345,50.7289,235,4.4,0.445,0.3004,116,0.027,0.36,-0.83,0.0658,0.1207,0.095
1346,29.6892,225,4.4,0.480,0.2988,114,0.027,0.35,-0.78,0.0632,0.1251,0.085
1347,33.9588,245,4.4,0.470,0.3002,109,0.029,0.38,-0.80,0.0655,0.1310,0.065
1348,52.2313,230,4.6,0.435,0.3006,119,0.026,0.35,-0.85,0.0655,0.1332,0.066
1349,62.9596,246,4.6,0.465,0.2990,127,0.025,0.38,-0.80,0.0637,0.1295,0.075
1350,55.7582,325,4.5,0.495,0.2979,116,0.027,0.50,-0.76,0.0644,0.1275,0.094
1351,51.2250,266,4.4,0.430,0.2921,118,0.026,0.41,-0.86,0.0616,0.1273,0.088
1352,37.7150,270,4.5,0.460,0.2876,117,0.027,0.41,-0.81,0.0655,0.1239,0.096
1353,38.5755,241,4.5,0.450,0.2881,120,0.026,0.37,-0.83,0.0666,0.1317,0.132
1354,49.1181,243,4.4,0.445,0.2925,116,0.027,0.37,-0.83,0.0632,0.1160,0.119
1355,33.9168,269,4.5,0.480,0.2935,111,0.028,0.41,-0.78,0.0621,0.1153,0.089
1356,36.8316,234,4.5,0.420,0.3044,118,0.026,0.36,-0.87,0.0643,0.1142,0.094
1357,36.8180,247,4.5,0.465,0.3036,121,0.026,0.38,-0.80,0.0658,0.1088,0.083
1358,29.7928,237,4.5,0.485,0.3008,123,0.025,0.36,-0.77,0.0665,0.1168,0.091
1359,53.6263,251,4.4,0.430,0.3050,123,0.025,0.39,-0.86,0.0644,0.1148,0.101
1360,45.8494,287,4.4,0.450,0.3070,125,0.025,0.44,-0.83,0.0675,0.1280,0.071
1361,53.7864,269,4.5,0.480,0.3099,121,0.026,0.41,-0.78,0.0604,0.1375,0.059
1362,61.8205,256,4.5,0.425,0.3118,123,0.025,0.39,-0.86,0.0658,0.1334,0.067
1363,53.2685,280,4.5,0.455,0.3084,127,0.025,0.43,-0.82,0.0649,0.1286,0.090
1364,60.9552,299,4.5,0.400,0.3024,123,0.025,0.46,-0.90,0.0640,0.1257,0.074
1365,42.6570,266,4.5,0.485,0.3057,116,0.027,0.41,-0.77,0.0657,0.1269,0.069
1366,43.5867,257,4.4,0.410,0.3087,120,0.026,0.39,-0.89,0.0633,0.1190,0.098
1367,61.9076,281,4.4,0.435,0.3047,122,0.026,0.43,-0.85,0.0639,0.1235,0.088
1368,50.2681,262,4.5,0.485,0.3015,118,0.026,0.40,-0.77,0.0639,0.1330,0.075
1369,44.0743,272,4.5,0.420,0.3026,122,0.026,0.42,-0.87,0.0639,0.1253,0.093
1370,50.2083,242,4.4,0.495,0.2981,124,0.025,0.37,-0.76,0.0670,0.1123,0.097
1371,68.0772,290,4.5,0.385,0.2974,119,0.026,0.45,-0.92,0.0666,0.1189,0.108
1372,55.5007,255,4.5,0.435,0.2978,116,0.027,0.39,-0.85,0.0659,0.1165,0.082
1373,56.3346,251,4.5,0.480,0.3004,113,0.028,0.39,-0.78,0.0684,0.1108,0.080
1374,59.0742,290,4.5,0.445,0.2984,112,0.028,0.45,-0.83,0.0666,0.1159,0.085
1375,38.7993,262,4.5,0.500,0.3054,110,0.028,0.40,-0.75,0.0684,0.1257,0.108
1376,64.3755,283,4.5,0.415,0.3044,124,0.025,0.43,-0.88,0.0656,0.1188,0.135
1377,49.4379,264,4.5,0.500,0.2986,125,0.025,0.41,-0.75,0.0687,0.1153,0.124
1378,44.4356,249,4.5,0.415,0.2996,122,0.026,0.38,-0.88,0.0641,0.1239,0.140
1379,51.9788,260,4.5,0.500,0.2997,120,0.026,0.40,-0.75,0.0643,0.1322,0.115
1380,57.5666,269,4.5,0.405,0.2968,118,0.026,0.41,-0.89,0.0638,0.1188,0.098
1381,45.0629,271,4.5,0.480,0.2958,119,0.026,0.42,-0.78,0.0662,0.1268,0.118
1382,42.1083,254,4.6,0.405,0.3010,124,0.025,0.39,-0.89,0.0656,0.1274,0.123
1383,49.1864,231,4.5,0.505,0.3035,114,0.027,0.35,-0.74,0.0654,0.1258,0.107
1384,35.3357,242,4.4,0.415,0.2945,114,0.027,0.37,-0.88,0.0631,0.1301,0.097
1385,48.2265,240,4.5,0.485,0.3033,121,0.026,0.37,-0.77,0.0660,0.1284,0.075
1386,44.1647,265,4.5,0.415,0.2974,121,0.026,0.41,-0.88,0.0648,0.1167,0.089
1387,52.2377,255,4.4,0.480,0.2975,123,0.025,0.39,-0.78,0.0654,0.1248,0.099
1388,54.3175,262,4.4,0.435,0.2996,122,0.026,0.40,-0.85,0.0642,0.1184,0.103
1389,44.5559,264,4.5,0.475,0.2938,115,0.027,0.41,-0.79,0.0645,0.1226,0.103
1390,42.4276,210,4.5,0.440,0.2972,118,0.026,0.32,-0.84,0.0674,0.1256,0.098
1391,40.7920,227,4.5,0.495,0.3016,118,0.026,0.35,-0.76,0.0661,0.1214,0.094
1392,56.6799,277,4.6,0.410,0.3056,118,0.026,0.43,-0.89,0.0669,0.1255,0.084
1393,31.1682,240,4.6,0.525,0.3059,117,0.027,0.37,-0.71,0.0672,0.1374,0.099
1394,64.6199,274,4.5,0.380,0.3004,114,0.027,0.42,-0.93,0.0681,0.1434,0.074
1395,38.4144,253,4.5,0.525,0.2947,119,0.026,0.39,-0.71,0.0649,0.1355,0.078
1396,49.7568,232,4.5,0.405,0.2941,122,0.026,0.36,-0.89,0.0674,0.1320,0.079
1397,40.8772,221,4.6,0.500,0.2978,127,0.025,0.34,-0.75,0.0638,0.1315,0.065
1398,25.3184,217,4.5,0.450,0.2918,118,0.026,0.33,-0.83,0.0667,0.1240,0.076
1399,53.2815,221,4.5,0.460,0.2898,118,0.026,0.34,-0.81,0.0670,0.1189,0.065
1400,46.8374,290,4.5,0.430,0.2917,116,0.027,0.45,-0.86,0.0656,0.1282,0.071
1401,49.1948,279,4.5,0.480,0.2947,116,0.027,0.43,-0.78,0.0666,0.1334,0.072
1402,67.0624,260,4.5,0.440,0.2982,113,0.028,0.40,-0.84,0.0618,0.1360,0.070
1403,53.6214,264,4.5,0.455,0.3032,117,0.027,0.41,-0.82,0.0622,0.1319,0.068
1404,49.3028,258,4.5,0.435,0.3051,119,0.026,0.40,-0.85,0.0638,0.1359,0.083
1405,31.8717,271,4.5,0.505,0.2975,117,0.027,0.42,-0.74,0.0618,0.1389,0.075
1406,46.7758,253,4.6,0.420,0.2969,112,0.028,0.39,-0.87,0.0588,0.1251,0.084
1407,47.3480,248,4.5,0.400,0.2951,113,0.028,0.38,-0.90,0.0631,0.1298,0.082
1408,57.7852,259,4.5,0.455,0.2964,116,0.027,0.40,-0.82,0.0642,0.1299,0.110
1409,46.7465,248,4.5,0.450,0.2978,116,0.027,0.38,-0.83,0.0652,0.1228,0.123
1410,35.5849,258,4.5,0.445,0.2916,117,0.027,0.40,-0.83,0.0662,0.1320,0.083
1411,42.1161,222,4.5,0.455,0.2943,124,0.025,0.34,-0.82,0.0677,0.1380,0.074
1412,54.0879,242,4.5,0.475,0.2985,126,0.025,0.37,-0.79,0.0626,0.1243,0.106
1413,48.9144,282,4.4,0.460,0.2987,120,0.026,0.43,-0.81,0.0629,0.1274,0.103
1414,48.6743,267,4.4,0.445,0.3024,118,0.026,0.41,-0.83,0.0647,0.1374,0.096
1415,42.6029,241,4.5,0.460,0.2999,123,0.025,0.37,-0.81,0.0648,0.1432,0.110
1416,41.7548,242,4.5,0.460,0.3015,116,0.027,0.37,-0.81,0.0659,0.1474,0.093
1417,48.4376,239,4.4,0.415,0.3002,114,0.027,0.37,-0.88,0.0649,0.1373,0.089
1418,56.5499,267,4.4,0.495,0.3000,109,0.029,0.41,-0.76,0.0660,0.1338,0.077
1419,59.1513,293,4.5,0.435,0.3036,115,0.027,0.45,-0.85,0.0649,0.1307,0.076
1420,44.9228,287,4.4,0.475,0.3010,116,0.027,0.44,-0.79,0.0681,0.1237,0.092
1421,42.9474,241,4.4,0.455,0.2974,119,0.026,0.37,-0.82,0.0653,0.1211,0.078
1422,57.0716,262,4.5,0.480,0.2929,122,0.026,0.40,-0.78,0.0650,0.1206,0.082
1423,44.6782,288,4.4,0.425,0.2980,119,0.026,0.44,-0.86,0.0648,0.1272,0.107
1424,25.6317,233,4.5,0.445,0.3052,124,0.025,0.36,-0.83,0.0622,0.1323,0.080
1425,32.5795,223,4.5,0.510,0.3002,122,0.026,0.34,-0.73,0.0640,0.1280,0.062
1426,56.6211,238,4.5,0.420,0.3031,121,0.026,0.37,-0.87,0.0633,0.1301,0.065
1427,37.2570,249,4.5,0.500,0.3021,118,0.026,0.38,-0.75,0.0608,0.1339,0.076
1428,56.0776,262,4.5,0.405,0.3062,120,0.026,0.40,-0.89,0.0641,0.1306,0.081
1429,47.6113,254,4.4,0.500,0.3042,118,0.026,0.39,-0.75,0.0648,0.1284,0.074
1430,66.6157,278,4.5,0.425,0.3025,117,0.027,0.43,-0.86,0.0680,0.1439,0.068
1431,29.9835,225,4.6,0.480,0.3085,118,0.026,0.35,-0.78,0.0653,0.1457,0.071
1432,62.6062,276,4.5,0.425,0.2982,115,0.027,0.42,-0.86,0.0653,0.1380,0.073
1433,37.3285,245,4.5,0.465,0.2999,127,0.025,0.38,-0.80,0.0636,0.1271,0.093
1434,37.3610,217,4.5,0.450,0.3053,120,0.026,0.33,-0.83,0.0662,0.1257,0.083
1435,30.8903,255,4.5,0.475,0.3026,116,0.027,0.39,-0.79,0.0665,0.1251,0.071
1436,40.4311,229,4.5,0.465,0.3032,124,0.025,0.35,-0.80,0.0657,0.1287,0.071
1437,36.0111,244,4.4,0.460,0.2968,120,0.026,0.37,-0.81,0.0660,0.1270,0.051
1438,55.2205,252,4.4,0.460,0.2919,127,0.025,0.39,-0.81,0.0634,0.1300,0.057
1439,38.7773,235,4.5,0.440,0.2930,123,0.025,0.36,-0.84,0.0703,0.1271,0.079
1440,41.1497,239,4.5,0.480,0.2910,124,0.025,0.37,-0.78,0.0690,0.1206,0.078
1441,58.2315,258,4.5,0.435,0.2923,120,0.026,0.40,-0.85,0.0656,0.1285,0.086
1442,57.2799,278,4.4,0.430,0.2977,126,0.025,0.43,-0.86,0.0634,0.1343,0.055
1443,32.8496,266,4.5,0.500,0.3004,122,0.026,0.41,-0.75,0.0616,0.1209,0.032
1444,56.0358,251,4.4,0.410,0.3018,116,0.027,0.39,-0.89,0.0653,0.1286,0.032
1445,51.8120,243,4.5,0.500,0.3004,122,0.026,0.37,-0.75,0.0658,0.1397,0.038
1446,53.3915,263,4.4,0.420,0.3073,126,0.025,0.40,-0.87,0.0630,0.1404,0.052
1447,45.2549,248,4.5,0.485,0.3106,119,0.026,0.38,-0.77,0.0630,0.1337,0.053
1448,41.1555,231,4.6,0.430,0.3108,116,0.027,0.35,-0.86,0.0657,0.1310,0.052
1449,39.4462,254,4.4,0.490,0.3036,117,0.027,0.39,-0.77,0.0674,0.1345,0.058
1450,47.1967,223,4.5,0.435,0.3018,120,0.026,0.34,-0.85,0.0655,0.1390,0.057
1451,58.0556,267,4.4,0.430,0.2991,119,0.026,0.41,-0.86,0.0651,0.1316,0.059
1452,31.4427,255,4.5,0.510,0.2986,125,0.025,0.39,-0.73,0.0631,0.1283,0.082
1453,55.6361,246,4.5,0.350,0.2966,128,0.024,0.38,-0.98,0.0649,0.1341,0.061
1454,54.7699,245,4.5,0.600,0.2990,124,0.025,0.38,-0.60,0.0671,0.1239,0.057
1455,69.9534,287,4.4,0.365,0.2978,118,0.026,0.44,-0.95,0.0643,0.1255,0.074
1456,41.5867,282,4.5,0.505,0.3030,118,0.026,0.43,-0.74,0.0694,0.1323,0.052
1457,40.8967,233,4.6,0.415,0.3070,112,0.028,0.36,-0.88,0.0647,0.1399,0.072
1458,38.6668,203,4.5,0.485,0.3097,120,0.026,0.31,-0.77,0.0649,0.1338,0.086
1459,49.5225,280,4.5,0.440,0.3075,118,0.026,0.43,-0.84,0.0648,0.1353,0.090
1460,62.1428,290,4.5,0.440,0.3037,124,0.025,0.45,-0.84,0.0654,0.1290,0.110
1461,51.4538,274,4.5,0.435,0.3094,122,0.026,0.42,-0.85,0.0641,0.1315,0.085
1462,45.4959,249,4.5,0.500,0.3097,124,0.025,0.38,-0.75,0.0631,0.1334,0.094
1463,42.3854,262,4.5,0.425,0.3069,123,0.025,0.40,-0.86,0.0607,0.1253,0.104
1464,52.0047,250,4.4,0.460,0.3035,118,0.026,0.38,-0.81,0.0631,0.1270,0.077
1465,42.6490,260,4.4,0.460,0.2987,117,0.027,0.40,-0.81,0.0683,0.1226,0.069
1466,47.7518,239,4.4,0.455,0.2954,120,0.026,0.37,-0.82,0.0682,0.1185,0.084
1467,77.7454,263,4.5,0.440,0.2987,114,0.027,0.40,-0.84,0.0638,0.1287,0.063
1468,42.8057,256,4.6,0.490,0.2960,119,0.026,0.39,-0.77,0.0627,0.1266,0.063
1469,39.7633,229,4.7,0.420,0.2869,116,0.027,0.35,-0.87,0.0635,0.1207,0.097
1470,40.0616,264,4.5,0.450,0.2938,117,0.027,0.41,-0.83,0.0663,0.1392,0.064
1471,43.8448,265,4.5,0.455,0.2958,128,0.024,0.41,-0.82,0.0654,0.1339,0.062
1472,55.3268,269,4.4,0.435,0.2951,122,0.026,0.41,-0.85,0.0643,0.1184,0.068
1473,67.7614,294,4.4,0.460,0.3014,117,0.027,0.45,-0.81,0.0674,0.1192,0.083
1474,56.2396,278,4.5,0.385,0.3044,118,0.026,0.43,-0.92,0.0641,0.1311,0.094
1475,24.7268,216,4.6,0.510,0.3066,122,0.026,0.33,-0.73,0.0685,0.1317,0.101
1476,50.4720,273,4.5,0.415,0.3022,121,0.026,0.42,-0.88,0.0690,0.1311,0.126
1477,51.8378,254,4.4,0.425,0.2970,115,0.027,0.39,-0.86,0.0677,0.1335,0.101
1478,60.5885,260,4.5,0.455,0.2896,119,0.026,0.40,-0.82,0.0658,0.1319,0.095
1479,61.8243,275,4.5,0.435,0.2912,116,0.027,0.42,-0.85,0.0634,0.1191,0.108
1480,58.9633,266,4.5,0.410,0.2932,125,0.025,0.41,-0.89,0.0655,0.1252,0.102
1481,59.7815,245,4.4,0.465,0.2974,120,0.026,0.38,-0.80,0.0684,0.1327,0.102
1482,57.8764,298,4.4,0.410,0.3009,118,0.026,0.46,-0.89,0.0616,0.1251,0.120
1483,54.8829,277,4.5,0.455,0.3091,121,0.026,0.43,-0.82,0.0658,0.1375,0.092
1484,52.4123,254,4.5,0.380,0.3101,122,0.026,0.39,-0.93,0.0634,0.1364,0.081
1485,62.6063,286,4.5,0.460,0.3095,126,0.025,0.44,-0.81,0.0672,0.1372,0.104
1486,49.1963,251,4.6,0.460,0.3169,124,0.025,0.39,-0.81,0.0603,0.1368,0.122
1487,42.6930,256,4.5,0.465,0.3132,121,0.026,0.39,-0.80,0.0647,0.1258,0.132
1488,37.4643,212,4.5,0.415,0.3131,119,0.026,0.33,-0.88,0.0653,0.1150,0.131
1489,60.8472,281,4.3,0.485,0.3129,120,0.026,0.43,-0.77,0.0647,0.1144,0.103
1490,66.8349,280,4.4,0.450,0.3017,123,0.025,0.43,-0.83,0.0663,0.1172,0.082
1491,35.3056,222,4.5,0.420,0.3044,121,0.026,0.34,-0.87,0.0642,0.1209,0.097
1492,56.2380,257,4.5,0.455,0.3118,114,0.027,0.40,-0.82,0.0675,0.1365,0.089
1493,50.2510,272,4.4,0.420,0.3151,117,0.027,0.42,-0.87,0.0643,0.1331,0.055
1494,45.1184,239,4.5,0.460,0.3141,117,0.027,0.37,-0.81,0.0653,0.1289,0.053
1495,47.5958,260,4.5,0.470,0.3103,116,0.027,0.40,-0.80,0.0665,0.1358,0.052
1496,55.9701,287,4.4,0.425,0.3044,117,0.027,0.44,-0.86,0.0665,0.1314,0.098
1497,44.9678,260,4.4,0.440,0.3101,122,0.026,0.40,-0.84,0.0656,0.1328,0.115
1498,38.6229,233,4.6,0.460,0.3124,120,0.026,0.36,-0.81,0.0628,0.1284,0.077
1499,60.1802,299,4.6,0.390,0.3111,121,0.026,0.46,-0.92,0.0662,0.1237,0.085
1500,62.4180,272,4.5,0.455,0.3104,117,0.027,0.42,-0.82,0.0698,0.1405,0.098
1501,48.1800,231,4.5,0.440,0.3050,115,0.027,0.36,-0.84,0.0661,0.1368,0.101
1502,61.5085,296,4.4,0.435,0.3000,121,0.026,0.45,-0.85,0.0619,0.1327,0.095
1503,48.4132,253,4.4,0.485,0.3018,120,0.026,0.39,-0.77,0.0625,0.1311,0.107
1504,75.5835,303,4.5,0.415,0.3018,125,0.025,0.47,-0.88,0.0648,0.1336,0.110
1505,48.8386,267,4.4,0.490,0.2974,124,0.025,0.41,-0.77,0.0677,0.1261,0.086
1506,47.6260,260,4.5,0.385,0.2929,122,0.026,0.40,-0.92,0.0679,0.1141,0.095
1507,55.1398,263,4.5,0.505,0.2955,118,0.026,0.40,-0.74,0.0652,0.1207,0.080
1508,55.5988,251,4.6,0.410,0.2997,118,0.026,0.39,-0.89,0.0658,0.1342,0.060
1509,53.7965,255,4.6,0.470,0.3017,121,0.026,0.39,-0.80,0.0649,0.1361,0.092
1510,55.6021,259,4.5,0.435,0.3004,129,0.024,0.40,-0.85,0.0666,0.1295,0.083
1511,40.5137,251,4.4,0.480,0.2981,126,0.025,0.39,-0.78,0.0649,0.1344,0.074
1512,51.3828,258,4.6,0.425,0.3030,121,0.026,0.40,-0.86,0.0649,0.1349,0.079
1513,55.4879,300,4.6,0.430,0.3056,118,0.026,0.46,-0.86,0.0632,0.1266,0.101
1514,47.9068,274,4.4,0.390,0.3042,128,0.024,0.42,-0.92,0.0674,0.1204,0.125
1515,43.3664,240,4.3,0.510,0.2998,127,0.025,0.37,-0.73,0.0704,0.1250,0.100
1516,47.4323,262,4.4,0.385,0.3000,120,0.026,0.40,-0.92,0.0667,0.1299,0.083
1517,59.4964,274,4.4,0.445,0.3027,121,0.026,0.42,-0.83,0.0637,0.1334,0.071
1518,64.6474,271,4.4,0.430,0.3080,118,0.026,0.42,-0.86,0.0656,0.1359,0.070
1519,39.7804,265,4.6,0.475,0.3071,117,0.027,0.41,-0.79,0.0659,0.1284,0.059
1520,35.5643,233,4.6,0.430,0.3061,116,0.027,0.36,-0.86,0.0692,0.1388,0.046
1521,60.1334,283,4.6,0.460,0.3045,126,0.025,0.43,-0.81,0.0676,0.1421,0.046
1522,49.8975,280,4.4,0.475,0.3009,119,0.026,0.43,-0.79,0.0653,0.1336,0.051
1523,64.2881,280,4.5,0.385,0.3042,124,0.025,0.43,-0.92,0.0639,0.1261,0.080
1524,59.6903,274,4.6,0.485,0.3100,122,0.026,0.42,-0.77,0.0652,0.1248,0.104
1525,49.2814,243,4.7,0.375,0.3075,113,0.028,0.37,-0.94,0.0640,0.1341,0.132
1526,27.6704,260,4.6,0.535,0.3044,122,0.026,0.40,-0.70,0.0672,0.1278,0.097
1527,64.0700,291,4.6,0.350,0.3046,128,0.024,0.45,-0.98,0.0653,0.1292,0.085
1528,43.6279,266,4.5,0.525,0.3071,123,0.025,0.41,-0.71,0.0686,0.1263,0.114
1529,45.7627,241,4.5,0.400,0.3098,121,0.026,0.37,-0.90,0.0667,0.1308,0.102
1530,50.3857,253,4.5,0.485,0.3111,125,0.025,0.39,-0.77,0.0666,0.1371,0.117
1531,51.9545,248,4.5,0.390,0.3121,121,0.026,0.38,-0.92,0.0687,0.1499,0.105
1532,48.5896,233,4.4,0.510,0.3036,119,0.026,0.36,-0.73,0.0649,0.1399,0.111
1533,60.6726,287,4.5,0.365,0.3020,125,0.025,0.44,-0.95,0.0624,0.1274,0.131
1534,43.4780,276,4.4,0.500,0.3091,125,0.025,0.42,-0.75,0.0626,0.1212,0.112
1535,57.3913,301,4.4,0.385,0.3117,124,0.025,0.46,-0.92,0.0658,0.1179,0.107
1536,32.0322,243,4.5,0.500,0.3068,122,0.026,0.37,-0.75,0.0658,0.1195,0.101
1537,54.5849,283,4.6,0.375,0.3047,119,0.026,0.44,-0.94,0.0697,0.1206,0.139
1538,35.9284,247,4.4,0.545,0.3050,120,0.026,0.38,-0.68,0.0671,0.1242,0.120
1539,51.1144,252,4.5,0.395,0.3014,121,0.026,0.39,-0.91,0.0665,0.1228,0.128
1540,55.3260,253,4.4,0.505,0.3023,119,0.026,0.39,-0.74,0.0623,0.1194,0.133
1541,61.0651,271,4.4,0.395,0.3009,121,0.026,0.42,-0.91,0.0653,0.1294,0.112
1542,46.1297,277,4.4,0.460,0.3071,123,0.025,0.43,-0.81,0.0635,0.1222,0.097
1543,60.1746,300,4.4,0.440,0.3116,114,0.027,0.46,-0.84,0.0634,0.1320,0.097
1544,31.3442,243,4.6,0.455,0.3144,114,0.027,0.37,-0.82,0.0652,0.1315,0.112
1545,61.1393,264,4.4,0.425,0.3215,126,0.025,0.41,-0.86,0.0681,0.1136,0.137
1546,55.5336,291,4.4,0.440,0.3146,124,0.025,0.45,-0.84,0.0664,0.1199,0.136
1547,42.9978,237,4.5,0.455,0.3117,113,0.028,0.36,-0.82,0.0674,0.1247,0.111
1548,53.7069,280,4.5,0.420,0.3104,113,0.028,0.43,-0.87,0.0685,0.1203,0.128
1549,58.7610,301,4.4,0.480,0.2984,112,0.028,0.46,-0.78,0.0653,0.1166,0.133
1550,63.4470,296,4.4,0.395,0.2955,117,0.027,0.45,-0.91,0.0686,0.1248,0.115
1551,53.8587,266,4.6,0.480,0.3025,122,0.026,0.41,-0.78,0.0655,0.1151,0.099
1552,56.3840,286,4.6,0.395,0.2980,126,0.025,0.44,-0.91,0.0655,0.1107,0.108
1553,59.9464,282,4.5,0.525,0.2983,116,0.027,0.43,-0.71,0.0662,0.1195,0.108
1554,45.6509,255,4.4,0.410,0.2983,120,0.026,0.39,-0.89,0.0671,0.1183,0.102
1555,41.9370,241,4.5,0.485,0.3043,119,0.026,0.37,-0.77,0.0668,0.1338,0.078
1556,71.1527,300,4.5,0.405,0.3034,121,0.026,0.46,-0.89,0.0604,0.1233,0.097
1557,54.4467,282,4.5,0.460,0.3115,117,0.027,0.43,-0.81,0.0645,0.1098,0.151
1558,47.8864,271,4.5,0.465,0.3151,119,0.026,0.42,-0.80,0.0657,0.1147,0.148
1559,70.8810,283,4.5,0.425,0.3070,124,0.025,0.44,-0.86,0.0651,0.1201,0.164
1560,59.9383,272,4.4,0.420,0.3094,120,0.026,0.42,-0.87,0.0656,0.1317,0.150
1561,58.8815,282,4.4,0.465,0.3114,119,0.026,0.43,-0.80,0.0639,0.1175,0.148
1562,70.5666,327,4.4,0.385,0.3079,119,0.026,0.50,-0.92,0.0611,0.1026,0.163
1563,55.9719,282,4.4,0.490,0.2982,122,0.026,0.43,-0.77,0.0666,0.1130,0.144
1564,62.7118,314,4.4,0.395,0.2997,125,0.025,0.48,-0.91,0.0623,0.1122,0.122
1565,38.7348,266,4.4,0.485,0.3010,122,0.026,0.41,-0.77,0.0665,0.1137,0.111
1566,49.9576,262,4.4,0.410,0.3036,121,0.026,0.40,-0.89,0.0696,0.1097,0.121
1567,50.9452,240,4.4,0.500,0.3008,117,0.027,0.37,-0.75,0.0652,0.1059,0.097
1568,51.7632,276,4.4,0.380,0.3001,117,0.027,0.42,-0.93,0.0641,0.1193,0.078
1569,56.0533,295,4.4,0.485,0.2996,123,0.025,0.45,-0.77,0.0664,0.1386,0.072
1570,47.1150,250,4.5,0.420,0.2949,125,0.025,0.38,-0.87,0.0665,0.1326,0.080
1571,45.0689,230,4.5,0.475,0.3076,114,0.027,0.35,-0.79,0.0670,0.1347,0.088
1572,64.4179,263,4.4,0.420,0.3061,120,0.026,0.40,-0.87,0.0700,0.1385,0.087
1573,51.4944,268,4.4,0.450,0.3104,127,0.025,0.41,-0.83,0.0633,0.1239,0.097
1574,69.2090,283,4.5,0.415,0.3117,124,0.025,0.44,-0.88,0.0645,0.1233,0.092
1575,48.1855,287,4.5,0.450,0.3110,122,0.026,0.44,-0.83,0.0654,0.1178,0.100
1576,34.8900,258,4.4,0.415,0.3047,124,0.025,0.40,-0.88,0.0655,0.1172,0.081
1577,48.8963,260,4.5,0.500,0.3123,122,0.026,0.40,-0.75,0.0654,0.1179,0.046
1578,66.7115,258,4.5,0.410,0.3100,121,0.026,0.40,-0.89,0.0649,0.1246,0.046
1579,43.6111,247,4.5,0.490,0.3059,120,0.026,0.38,-0.77,0.0644,0.1206,0.108
1580,60.9297,270,4.5,0.405,0.3064,123,0.025,0.42,-0.89,0.0641,0.1249,0.115
1581,38.3373,204,4.5,0.550,0.2987,131,0.024,0.31,-0.67,0.0643,0.1293,0.081
1582,60.1655,255,4.5,0.350,0.2946,130,0.024,0.39,-0.98,0.0621,0.1249,0.090
1583,52.7475,288,4.4,0.500,0.3056,118,0.026,0.44,-0.75,0.0626,0.1300,0.097
1584,44.3172,257,4.4,0.375,0.3052,128,0.024,0.39,-0.94,0.0620,0.1296,0.104
1585,46.9496,235,4.5,0.430,0.3106,126,0.025,0.36,-0.86,0.0644,0.1182,0.115
1586,47.9436,216,4.6,0.445,0.3103,120,0.026,0.33,-0.83,0.0638,0.1133,0.129
1587,56.9016,272,4.5,0.425,0.3113,120,0.026,0.42,-0.86,0.0651,0.1127,0.163
1588,37.7209,265,4.5,0.460,0.3143,121,0.026,0.41,-0.81,0.0650,0.1211,0.148
1589,45.8839,239,4.6,0.410,0.3150,118,0.026,0.37,-0.89,0.0663,0.1239,0.126
1590,55.8299,271,4.6,0.435,0.3120,121,0.026,0.42,-0.85,0.0612,0.1228,0.101
1591,67.7494,284,4.4,0.450,0.3088,124,0.025,0.44,-0.83,0.0694,0.1244,0.078
1592,40.3463,256,4.5,0.440,0.3130,119,0.026,0.39,-0.84,0.0680,0.1286,0.065
1593,44.3888,249,4.5,0.465,0.3080,132,0.024,0.38,-0.80,0.0662,0.1181,0.084
1594,48.0994,244,4.5,0.435,0.3018,129,0.024,0.38,-0.85,0.0687,0.1117,0.093
1595,53.0053,263,4.6,0.450,0.3008,126,0.025,0.40,-0.83,0.0659,0.1096,0.117
1596,53.4504,286,4.6,0.430,0.3005,124,0.025,0.44,-0.86,0.0625,0.1035,0.111
1597,48.1198,229,4.5,0.480,0.2991,116,0.027,0.35,-0.78,0.0645,0.1072,0.095
1598,68.8801,276,4.4,0.420,0.3001,122,0.026,0.42,-0.87,0.0655,0.1210,0.115
1599,50.5749,263,4.3,0.470,0.3074,113,0.028,0.40,-0.80,0.0659,0.1218,0.087
1600,48.2457,255,4.5,0.410,0.3174,118,0.026,0.39,-0.89,0.0678,0.1171,0.103
1601,44.7063,285,4.4,0.465,0.3170,126,0.025,0.44,-0.80,0.0683,0.1154,0.107
1602,48.3020,263,4.5,0.435,0.3124,121,0.026,0.40,-0.85,0.0648,0.1177,0.087
1603,55.6222,283,4.5,0.410,0.3152,113,0.028,0.44,-0.89,0.0648,0.1202,0.062
1604,22.4993,237,4.5,0.490,0.3056,119,0.026,0.36,-0.77,0.0607,0.1156,0.079
1605,45.5711,249,4.4,0.420,0.3012,122,0.026,0.38,-0.87,0.0633,0.1209,0.107
1606,38.3854,264,4.4,0.470,0.3036,118,0.026,0.41,-0.80,0.0655,0.1212,0.113
1607,50.4998,237,4.4,0.405,0.3030,120,0.026,0.36,-0.89,0.0667,0.1175,0.076
1608,63.3952,244,4.4,0.435,0.3015,119,0.026,0.38,-0.85,0.0670,0.1164,0.103
1609,29.6044,256,4.4,0.460,0.3016,127,0.025,0.39,-0.81,0.0652,0.1169,0.123
1610,53.5612,251,4.5,0.440,0.3030,124,0.025,0.39,-0.84,0.0666,0.1184,0.119
1611,47.7369,239,4.4,0.435,0.3053,118,0.026,0.37,-0.85,0.0694,0.1204,0.098
1612,39.1772,244,4.6,0.445,0.2975,124,0.025,0.37,-0.83,0.0653,0.1164,0.093
1613,49.8868,239,4.7,0.430,0.3025,120,0.026,0.37,-0.86,0.0681,0.1217,0.102
1614,41.6627,270,4.5,0.460,0.3123,118,0.026,0.41,-0.81,0.0646,0.1331,0.101
1615,43.3445,277,4.6,0.420,0.3047,119,0.026,0.43,-0.87,0.0617,0.1245,0.107
1616,47.5260,239,4.6,0.435,0.3017,125,0.025,0.37,-0.85,0.0645,0.1323,0.073
1617,39.1540,205,4.7,0.440,0.3044,122,0.026,0.31,-0.84,0.0693,0.1312,0.073
1618,31.9273,268,4.4,0.475,0.3029,119,0.026,0.41,-0.79,0.0610,0.1249,0.090
1619,40.1713,256,4.4,0.425,0.3086,120,0.026,0.39,-0.86,0.0658,0.1369,0.082
1620,54.2443,236,4.4,0.475,0.3075,115,0.027,0.36,-0.79,0.0618,0.1333,0.070
1621,50.6825,268,4.4,0.395,0.3079,120,0.026,0.41,-0.91,0.0662,0.1284,0.053
1622,50.3394,254,4.4,0.420,0.3073,119,0.026,0.39,-0.87,0.0669,0.1332,0.113
1623,44.7780,245,4.3,0.460,0.3026,116,0.027,0.38,-0.81,0.0637,0.1284,0.128
1624,51.6589,256,4.3,0.400,0.2986,128,0.024,0.39,-0.90,0.0660,0.1281,0.105
1625,53.5898,270,4.4,0.460,0.3041,119,0.026,0.42,-0.81,0.0689,0.1344,0.086
1626,41.8104,278,4.5,0.385,0.3051,115,0.027,0.43,-0.92,0.0635,0.1284,0.108
1627,53.0087,239,4.5,0.515,0.3097,129,0.024,0.37,-0.73,0.0661,0.1291,0.098
1628,62.0157,283,4.5,0.385,0.3039,129,0.024,0.43,-0.92,0.0638,0.1308,0.099
1629,44.9661,244,4.5,0.470,0.3055,125,0.025,0.38,-0.80,0.0689,0.1393,0.080
1630,63.9749,245,4.6,0.395,0.3129,115,0.027,0.38,-0.91,0.0652,0.1304,0.067
1631,30.0186,235,4.6,0.460,0.3137,113,0.028,0.36,-0.81,0.0675,0.1173,0.066
1632,48.6904,230,4.5,0.460,0.3124,113,0.028,0.35,-0.81,0.0637,0.1176,0.111
1633,43.3260,246,4.4,0.455,0.3118,121,0.026,0.38,-0.82,0.0662,0.1154,0.139
1634,50.4887,229,4.5,0.425,0.3064,123,0.025,0.35,-0.86,0.0652,0.1282,0.099
1635,54.4116,226,4.4,0.475,0.3000,122,0.026,0.35,-0.79,0.0667,0.1233,0.104
1636,62.9088,309,4.5,0.420,0.2965,124,0.025,0.48,-0.87,0.0663,0.1249,0.118
1637,42.2192,229,4.5,0.445,0.2997,120,0.026,0.35,-0.83,0.0651,0.1243,0.101
1638,73.3099,266,4.5,0.405,0.3031,125,0.025,0.41,-0.89,0.0637,0.1191,0.096
1639,42.2765,293,4.4,0.440,0.3012,123,0.025,0.45,-0.84,0.0680,0.1079,0.110
1640,36.3545,232,4.3,0.470,0.3059,123,0.025,0.36,-0.80,0.0675,0.1063,0.084
1641,57.2301,255,4.3,0.390,0.3128,120,0.026,0.39,-0.92,0.0627,0.1205,0.045
1642,70.3522,294,4.4,0.415,0.3122,122,0.026,0.45,-0.88,0.0638,0.1285,0.063
1643,52.8634,276,4.5,0.420,0.3150,114,0.027,0.42,-0.87,0.0620,0.1298,0.088
1644,29.5376,228,4.5,0.440,0.3135,116,0.027,0.35,-0.84,0.0640,0.1041,0.113
1645,55.9843,223,4.5,0.425,0.3109,115,0.027,0.34,-0.86,0.0642,0.1000,0.124
1646,31.5195,231,4.5,0.490,0.3049,127,0.025,0.36,-0.77,0.0645,0.1122,0.106
1647,52.9074,267,4.5,0.375,0.3064,119,0.026,0.41,-0.94,0.0662,0.1178,0.109
1648,61.0748,249,4.4,0.470,0.3027,122,0.026,0.38,-0.80,0.0679,0.1222,0.113
1649,50.4051,295,4.4,0.400,0.3016,121,0.026,0.45,-0.90,0.0690,0.1113,0.097
1650,50.0581,228,4.4,0.455,0.3028,118,0.026,0.35,-0.82,0.0676,0.1174,0.071
1651,49.8562,235,4.5,0.430,0.3065,115,0.027,0.36,-0.86,0.0658,0.1240,0.102
1652,50.7762,264,4.5,0.475,0.3086,119,0.026,0.41,-0.79,0.0679,0.1147,0.109
1653,44.3955,264,4.5,0.410,0.3075,123,0.025,0.41,-0.89,0.0661,0.1271,0.086
1654,33.2536,250,4.5,0.460,0.3057,121,0.026,0.38,-0.81,0.0673,0.1297,0.093
1655,53.8384,243,4.6,0.400,0.3054,116,0.027,0.37,-0.90,0.0657,0.1296,0.076
1656,54.1754,289,4.5,0.430,0.3037,124,0.025,0.44,-0.86,0.0671,0.1286,0.049
1657,50.1777,276,4.4,0.425,0.3032,119,0.026,0.42,-0.86,0.0704,0.1190,0.108
1658,44.7427,239,4.4,0.400,0.3046,121,0.026,0.37,-0.90,0.0643,0.1224,0.099
1659,42.5331,260,4.4,0.435,0.3051,117,0.027,0.40,-0.85,0.0616,0.1082,0.075
1660,40.3454,242,4.5,0.430,0.3153,122,0.026,0.37,-0.86,0.0646,0.1082,0.079
1661,64.3506,253,4.5,0.420,0.3140,116,0.027,0.39,-0.87,0.0667,0.1163,0.089
1662,52.7483,295,4.5,0.435,0.3072,115,0.027,0.45,-0.85,0.0665,0.1109,0.103
1663,52.7674,253,4.4,0.450,0.3063,125,0.025,0.39,-0.83,0.0645,0.1086,0.096
1664,52.5835,261,4.4,0.455,0.3112,120,0.026,0.40,-0.82,0.0648,0.1169,0.082
1665,49.2441,283,4.5,0.410,0.3147,119,0.026,0.43,-0.89,0.0641,0.1297,0.072
1666,48.3984,250,4.5,0.410,0.3140,119,0.026,0.38,-0.89,0.0643,0.1212,0.100
1667,28.9096,242,4.5,0.485,0.3137,121,0.026,0.37,-0.77,0.0626,0.1076,0.109
1668,62.1119,314,4.5,0.380,0.3157,113,0.028,0.48,-0.93,0.0667,0.1071,0.099
1669,62.3230,301,4.5,0.460,0.3086,119,0.026,0.46,-0.81,0.0655,0.1288,0.068
1670,61.9375,264,4.4,0.435,0.3108,125,0.025,0.41,-0.85,0.0659,0.1329,0.075
1671,59.1133,275,4.3,0.455,0.3138,121,0.026,0.42,-0.82,0.0637,0.1302,0.064
1672,57.7576,298,4.4,0.450,0.3161,123,0.025,0.46,-0.83,0.0679,0.1324,0.064
1673,46.6809,239,4.5,0.425,0.3141,128,0.024,0.37,-0.86,0.0670,0.1178,0.097
1674,52.5568,260,4.4,0.445,0.3103,120,0.026,0.40,-0.83,0.0675,0.1125,0.100
1675,50.4015,300,4.3,0.455,0.3099,120,0.026,0.46,-0.82,0.0669,0.1158,0.074
1676,57.0224,275,4.3,0.420,0.3100,125,0.025,0.42,-0.87,0.0663,0.1170,0.081
1677,75.4296,288,4.4,0.395,0.3099,124,0.025,0.44,-0.91,0.0721,0.1163,0.088
1678,44.5349,255,4.5,0.490,0.3060,115,0.027,0.39,-0.77,0.0689,0.1152,0.107
1679,49.6898,287,4.5,0.340,0.3086,116,0.027,0.44,-0.99,0.0647,0.1214,0.091
1680,31.0544,230,4.5,0.485,0.3118,126,0.025,0.35,-0.77,0.0679,0.1255,0.101
1681,39.5512,232,4.5,0.415,0.3134,128,0.024,0.36,-0.88,0.0693,0.1137,0.125
1682,46.8097,265,4.4,0.450,0.3123,122,0.026,0.41,-0.83,0.0625,0.1217,0.095
1683,60.0882,222,4.5,0.430,0.3107,120,0.026,0.34,-0.86,0.0596,0.1232,0.098
1684,66.2347,275,4.6,0.405,0.3073,122,0.026,0.42,-0.89,0.0666,0.1212,0.072
1685,47.1580,262,4.5,0.450,0.3076,124,0.025,0.40,-0.83,0.0644,0.1201,0.067
1686,37.9509,248,4.4,0.455,0.3094,123,0.025,0.38,-0.82,0.0678,0.1258,0.062
1687,54.0345,271,4.4,0.420,0.3115,123,0.025,0.42,-0.87,0.0681,0.1215,0.094
1688,66.0533,302,4.4,0.440,0.3158,128,0.024,0.46,-0.84,0.0680,0.1325,0.102
1689,53.3482,308,4.5,0.370,0.3057,117,0.027,0.47,-0.95,0.0651,0.1334,0.103
1690,35.6979,216,4.5,0.460,0.3028,117,0.027,0.33,-0.81,0.0663,0.1286,0.100
1691,66.9419,265,4.6,0.390,0.3050,118,0.026,0.41,-0.92,0.0674,0.1343,0.108
1692,44.9414,271,4.5,0.465,0.3147,117,0.027,0.42,-0.80,0.0665,0.1370,0.076
1693,57.3564,266,4.4,0.410,0.3210,119,0.026,0.41,-0.89,0.0678,0.1415,0.033
1694,46.5529,277,4.5,0.435,0.3177,113,0.028,0.43,-0.85,0.0659,0.1373,0.059
1695,44.0857,250,4.5,0.440,0.3139,126,0.025,0.38,-0.84,0.0656,0.1346,0.060
1696,59.6007,307,4.5,0.410,0.3110,129,0.024,0.47,-0.89,0.0663,0.1220,0.034
1697,44.2437,278,4.4,0.385,0.3073,127,0.025,0.43,-0.92,0.0645,0.1175,0.050
1698,57.4076,253,4.3,0.435,0.3062,119,0.026,0.39,-0.85,0.0630,0.1172,0.065
1699,47.2147,275,4.5,0.395,0.3087,119,0.026,0.42,-0.91,0.0637,0.1247,0.051
1700,45.2083,275,4.5,0.415,0.3098,124,0.025,0.42,-0.88,0.0690,0.1209,0.074
1701,65.0260,287,4.4,0.405,0.3085,114,0.027,0.44,-0.89,0.0681,0.1136,0.070
1702,51.5425,261,4.5,0.420,0.3084,118,0.026,0.40,-0.87,0.0636,0.1178,0.062
1703,57.5951,313,4.5,0.460,0.3019,111,0.028,0.48,-0.81,0.0641,0.1196,0.087
1704,38.6903,265,4.5,0.420,0.3103,121,0.026,0.41,-0.87,0.0614,0.1175,0.072
1705,64.3025,253,4.4,0.455,0.3180,115,0.027,0.39,-0.82,0.0646,0.1127,0.060
1706,77.0397,296,4.4,0.385,0.3123,118,0.026,0.46,-0.92,0.0669,0.1127,0.048
1707,51.2772,251,4.4,0.410,0.3165,114,0.027,0.39,-0.89,0.0658,0.1191,0.055
1708,42.0364,241,4.4,0.430,0.3070,117,0.027,0.37,-0.86,0.0623,0.1178,0.075
1709,51.7254,270,4.5,0.460,0.3082,114,0.027,0.41,-0.81,0.0678,0.1069,0.107
1710,61.8876,312,4.4,0.445,0.3126,122,0.026,0.48,-0.83,0.0665,0.1138,0.108
1711,43.3980,245,4.5,0.400,0.3090,122,0.026,0.38,-0.90,0.0643,0.1196,0.100
1712,54.2378,286,4.4,0.465,0.3081,117,0.027,0.44,-0.80,0.0663,0.1242,0.123
1713,59.9816,260,4.4,0.400,0.3093,116,0.027,0.40,-0.90,0.0660,0.1250,0.118
1714,51.5305,247,4.4,0.420,0.3138,117,0.027,0.38,-0.87,0.0652,0.1104,0.078
1715,63.0030,272,4.4,0.400,0.3053,126,0.025,0.42,-0.90,0.0671,0.1015,0.056
1716,59.6864,287,4.5,0.435,0.3059,123,0.025,0.44,-0.85,0.0671,0.1003,0.089
1717,41.3500,255,4.5,0.425,0.3114,123,0.025,0.39,-0.86,0.0664,0.1098,0.110
1718,64.8366,261,4.5,0.470,0.3090,116,0.027,0.40,-0.80,0.0666,0.1171,0.104
1719,62.1375,316,4.4,0.360,0.3097,118,0.026,0.49,-0.96,0.0625,0.1124,0.088
1720,36.3960,238,4.5,0.485,0.3074,117,0.027,0.37,-0.77,0.0633,0.1115,0.100
1721,47.1513,221,4.6,0.410,0.3065,118,0.026,0.34,-0.89,0.0686,0.1106,0.101
1722,48.0099,317,4.5,0.410,0.3062,123,0.025,0.49,-0.89,0.0648,0.1109,0.121
1723,39.2697,280,4.5,0.485,0.3080,123,0.025,0.43,-0.77,0.0645,0.1135,0.147
1724,57.4046,277,4.4,0.400,0.3106,120,0.026,0.43,-0.90,0.0640,0.1200,0.111
1725,39.1791,243,4.5,0.470,0.3080,117,0.027,0.37,-0.80,0.0660,0.1208,0.087
1726,54.9071,290,4.5,0.405,0.3084,120,0.026,0.45,-0.89,0.0661,0.1211,0.107
1727,70.6507,302,4.3,0.430,0.3123,120,0.026,0.46,-0.86,0.0665,0.1207,0.122
1728,47.4995,249,4.4,0.425,0.3169,117,0.027,0.38,-0.86,0.0678,0.1179,0.138
1729,50.2364,244,4.7,0.410,0.3134,120,0.026,0.37,-0.89,0.0690,0.1100,0.116
1730,50.2350,284,4.5,0.425,0.3049,123,0.025,0.44,-0.86,0.0676,0.1115,0.114
1731,56.7304,286,4.3,0.455,0.3078,117,0.027,0.44,-0.82,0.0688,0.1246,0.093
1732,71.2087,279,4.5,0.440,0.3049,114,0.027,0.43,-0.84,0.0686,0.1107,0.110
1733,51.2395,278,4.5,0.430,0.3108,115,0.027,0.43,-0.86,0.0672,0.1127,0.105
1734,45.2551,269,4.5,0.445,0.3113,116,0.027,0.41,-0.83,0.0633,0.1188,0.095
1735,38.6178,250,4.6,0.400,0.3111,120,0.026,0.38,-0.90,0.0644,0.1184,0.113
1736,58.6577,254,4.5,0.475,0.3090,119,0.026,0.39,-0.79,0.0686,0.1186,0.113
1737,58.7566,286,4.4,0.395,0.3048,118,0.026,0.44,-0.91,0.0656,0.1158,0.111
1738,53.3166,253,4.4,0.500,0.3138,124,0.025,0.39,-0.75,0.0658,0.1269,0.105
1739,54.9019,239,4.4,0.400,0.3149,122,0.026,0.37,-0.90,0.0700,0.1208,0.135
1740,43.3454,250,4.4,0.455,0.3147,128,0.024,0.38,-0.82,0.0646,0.1091,0.127
1741,48.9067,229,4.5,0.385,0.3150,124,0.025,0.35,-0.92,0.0673,0.1137,0.103
1742,71.8055,320,4.4,0.455,0.3163,123,0.025,0.49,-0.82,0.0642,0.1311,0.088
1743,41.1488,288,4.4,0.415,0.3180,120,0.026,0.44,-0.88,0.0628,0.1304,0.128
1744,72.2085,284,4.5,0.360,0.3197,122,0.026,0.44,-0.96,0.0690,0.1300,0.124
1745,38.9480,299,4.4,0.505,0.3077,118,0.026,0.46,-0.74,0.0660,0.1267,0.073
1746,58.5968,268,4.5,0.375,0.3104,117,0.027,0.41,-0.94,0.0670,0.1228,0.075
1747,54.1061,271,4.5,0.465,0.3178,121,0.026,0.42,-0.80,0.0626,0.1332,0.070
1748,62.9284,292,4.4,0.355,0.3216,126,0.025,0.45,-0.97,0.0689,0.1341,0.072
1749,45.1092,235,4.5,0.505,0.3267,123,0.025,0.36,-0.74,0.0696,0.1356,0.083
1750,64.6615,252,4.5,0.345,0.3168,122,0.026,0.39,-0.98,0.0670,0.1395,0.068
1751,50.4233,266,4.5,0.475,0.3104,122,0.026,0.41,-0.79,0.0665,0.1312,0.041
1752,66.1331,285,4.4,0.345,0.3151,123,0.025,0.44,-0.98,0.0661,0.1239,0.035
1753,50.4135,303,4.3,0.490,0.3246,131,0.024,0.47,-0.77,0.0655,0.1222,0.081
1754,63.8302,259,4.3,0.330,0.3229,127,0.025,0.40,-1.00,0.0660,0.1218,0.099
1755,68.3768,315,4.4,0.455,0.3244,121,0.026,0.48,-0.82,0.0681,0.1207,0.104
1756,49.6729,277,4.5,0.360,0.3217,121,0.026,0.43,-0.96,0.0674,0.1180,0.116
1757,57.9127,271,4.5,0.435,0.3189,118,0.026,0.42,-0.85,0.0664,0.1050,0.137
1758,54.6546,291,4.5,0.365,0.3151,117,0.027,0.45,-0.95,0.0626,0.0916,0.131
1759,51.3797,295,4.6,0.450,0.3175,117,0.027,0.45,-0.83,0.0652,0.1112,0.100
1760,53.0230,288,4.4,0.415,0.3180,122,0.026,0.44,-0.88,0.0671,0.1280,0.096
1761,39.2263,268,4.4,0.490,0.3142,126,0.025,0.41,-0.77,0.0631,0.1156,0.115
1762,58.4364,245,4.4,0.380,0.3112,127,0.025,0.38,-0.93,0.0654,0.1189,0.115
1763,41.6280,243,4.5,0.480,0.3104,119,0.026,0.37,-0.78,0.0650,0.1200,0.091
1764,45.4598,236,4.4,0.420,0.3071,128,0.024,0.36,-0.87,0.0685,0.1201,0.056
1765,72.3102,252,4.3,0.435,0.3080,123,0.025,0.39,-0.85,0.0695,0.1248,0.059
1766,57.0313,308,4.4,0.400,0.3146,121,0.026,0.47,-0.90,0.0642,0.1226,0.083
1767,50.8206,252,4.4,0.450,0.3200,121,0.026,0.39,-0.83,0.0670,0.1230,0.099
1768,53.4905,277,4.5,0.455,0.3228,123,0.025,0.43,-0.82,0.0664,0.1286,0.127
1769,60.0250,284,4.5,0.405,0.3262,129,0.024,0.44,-0.89,0.0656,0.1309,0.135
1770,57.9543,281,4.4,0.410,0.3269,114,0.027,0.43,-0.89,0.0653,0.1369,0.124
1771,51.7948,296,4.4,0.445,0.3161,119,0.026,0.46,-0.83,0.0679,0.1185,0.121
1772,55.1424,269,4.4,0.405,0.3140,123,0.025,0.41,-0.89,0.0651,0.1127,0.105
1773,55.2625,275,4.4,0.435,0.3125,122,0.026,0.42,-0.85,0.0646,0.1163,0.083
1774,54.3183,268,4.5,0.445,0.3126,125,0.025,0.41,-0.83,0.0644,0.1221,0.060
1775,71.6264,273,4.4,0.435,0.3101,125,0.025,0.42,-0.85,0.0667,0.1260,0.065
1776,58.2872,303,4.4,0.380,0.3035,125,0.025,0.47,-0.93,0.0656,0.1181,0.097
1777,41.4019,256,4.4,0.445,0.3127,120,0.026,0.39,-0.83,0.0649,0.1181,0.093
1778,62.3770,278,4.4,0.405,0.3166,121,0.026,0.43,-0.89,0.0661,0.1325,0.067
1779,53.1064,259,4.4,0.455,0.3131,121,0.026,0.40,-0.82,0.0643,0.1206,0.092
1780,58.4849,302,4.4,0.400,0.3075,115,0.027,0.46,-0.90,0.0667,0.1003,0.098
1781,41.8696,286,4.3,0.440,0.3160,118,0.026,0.44,-0.84,0.0717,0.1080,0.107
1782,53.6401,270,4.3,0.390,0.3221,120,0.026,0.41,-0.92,0.0632,0.1150,0.095
1783,57.6149,280,4.5,0.490,0.3255,118,0.026,0.43,-0.77,0.0645,0.1287,0.092
1784,65.7523,297,4.5,0.360,0.3247,121,0.026,0.46,-0.96,0.0640,0.1282,0.088
1785,60.0641,305,4.4,0.455,0.3195,125,0.025,0.47,-0.82,0.0663,0.1149,0.062
1786,45.3184,289,4.4,0.380,0.3204,122,0.026,0.44,-0.93,0.0671,0.1082,0.068
1787,54.2752,257,4.5,0.460,0.3187,120,0.026,0.39,-0.81,0.0666,0.1061,0.079
1788,56.6194,292,4.4,0.390,0.3161,117,0.027,0.45,-0.92,0.0679,0.1137,0.065
1789,34.0706,223,4.5,0.450,0.3157,115,0.027,0.34,-0.83,0.0664,0.1204,0.092
1790,55.4872,244,4.5,0.395,0.3224,117,0.027,0.37,-0.91,0.0678,0.1211,0.097
1791,51.1422,283,4.5,0.485,0.3162,121,0.026,0.44,-0.77,0.0602,0.1155,0.082
1792,49.1026,243,4.4,0.360,0.3180,116,0.027,0.37,-0.96,0.0630,0.1146,0.069
1793,51.7593,243,4.5,0.490,0.3154,109,0.029,0.37,-0.77,0.0658,0.1168,0.061
1794,55.5491,275,4.5,0.370,0.3192,120,0.026,0.42,-0.95,0.0629,0.1106,0.066
1795,33.0437,300,4.5,0.425,0.3154,121,0.026,0.46,-0.86,0.0679,0.1040,0.043
1796,35.3744,220,4.6,0.415,0.3103,123,0.025,0.34,-0.88,0.0677,0.1096,0.051
1797,62.9664,251,4.4,0.430,0.3190,123,0.025,0.39,-0.86,0.0662,0.1300,0.056
1798,68.7448,338,4.4,0.420,0.3213,117,0.027,0.52,-0.87,0.0673,0.1350,0.041
1799,49.8986,287,4.3,0.365,0.3225,117,0.027,0.44,-0.95,0.0672,0.1328,0.029
1800,46.9372,275,4.4,0.480,0.3206,122,0.026,0.42,-0.78,0.0684,0.1149,0.041
1801,74.2124,256,4.5,0.365,0.3212,127,0.025,0.39,-0.95,0.0689,0.1056,0.063
1802,53.1704,314,4.5,0.460,0.3187,119,0.026,0.48,-0.81,0.0625,0.1127,0.111
1803,40.5413,265,4.4,0.415,0.3092,116,0.027,0.41,-0.88,0.0605,0.1083,0.092
1804,47.9624,230,4.5,0.480,0.3166,118,0.026,0.35,-0.78,0.0654,0.1144,0.076
1805,57.7625,258,4.5,0.415,0.3108,121,0.026,0.40,-0.88,0.0657,0.1176,0.112
1806,50.6573,284,4.4,0.400,0.3130,120,0.026,0.44,-0.90,0.0668,0.1086,0.100
1807,51.6998,254,4.4,0.435,0.3122,116,0.027,0.39,-0.85,0.0620,0.1161,0.088
1808,48.9063,249,4.4,0.405,0.3199,121,0.026,0.38,-0.89,0.0677,0.1265,0.106
1809,60.1485,295,4.4,0.420,0.3208,121,0.026,0.45,-0.87,0.0636,0.1294,0.113
1810,61.4103,264,4.4,0.375,0.3233,117,0.027,0.41,-0.94,0.0651,0.1375,0.090
1811,54.6191,250,4.4,0.435,0.3231,114,0.027,0.38,-0.85,0.0671,0.1340,0.061
1812,62.4511,283,4.4,0.370,0.3136,123,0.025,0.44,-0.95,0.0639,0.1269,0.062
1813,40.8162,245,4.5,0.475,0.3176,126,0.025,0.38,-0.79,0.0699,0.1125,0.069
1814,49.1269,241,4.4,0.380,0.3167,116,0.027,0.37,-0.93,0.0699,0.1112,0.075
1815,60.4212,282,4.4,0.430,0.3186,118,0.026,0.43,-0.86,0.0601,0.1174,0.101
1816,61.2047,275,4.4,0.405,0.3199,121,0.026,0.42,-0.89,0.0648,0.1326,0.093
1817,32.9171,255,4.5,0.430,0.3179,122,0.026,0.39,-0.86,0.0677,0.1174,0.092
1818,52.0291,247,4.3,0.410,0.3175,119,0.026,0.38,-0.89,0.0668,0.1137,0.109
1819,51.9791,279,4.4,0.445,0.3179,122,0.026,0.43,-0.83,0.0677,0.1163,0.105
1820,51.0884,247,4.4,0.385,0.3187,121,0.026,0.38,-0.92,0.0681,0.1114,0.105
1821,58.6309,277,4.5,0.485,0.3126,129,0.024,0.43,-0.77,0.0691,0.1160,0.086
1822,61.1803,287,4.4,0.365,0.3130,130,0.024,0.44,-0.95,0.0670,0.1208,0.063
1823,60.8691,275,4.4,0.465,0.3212,130,0.024,0.42,-0.80,0.0636,0.1201,0.091
1824,63.6152,278,4.4,0.375,0.3192,124,0.025,0.43,-0.94,0.0644,0.1264,0.082
1825,52.1738,278,4.4,0.430,0.3206,120,0.026,0.43,-0.86,0.0651,0.1306,0.064
1826,66.0219,288,4.4,0.340,0.3253,119,0.026,0.44,-0.99,0.0686,0.1350,0.084
1827,31.7976,212,4.5,0.490,0.3269,119,0.026,0.33,-0.77,0.0656,0.1355,0.106
1828,45.8074,246,4.4,0.385,0.3245,120,0.026,0.38,-0.92,0.0676,0.1206,0.116
1829,58.8350,273,4.3,0.430,0.3171,114,0.027,0.42,-0.86,0.0691,0.1240,0.114
1830,50.3587,249,4.4,0.405,0.3131,119,0.026,0.38,-0.89,0.0718,0.1272,0.117
1831,55.2663,263,4.3,0.430,0.3195,120,0.026,0.40,-0.86,0.0717,0.1277,0.115
1832,57.4607,262,4.4,0.435,0.3184,122,0.026,0.40,-0.85,0.0659,0.1290,0.099
1833,61.8756,280,4.3,0.420,0.3166,117,0.027,0.43,-0.87,0.0665,0.1226,0.097
1834,46.1295,290,4.4,0.400,0.3186,124,0.025,0.45,-0.90,0.0695,0.1236,0.090
1835,45.8301,258,4.4,0.455,0.3172,122,0.026,0.40,-0.82,0.0665,0.1275,0.054
1836,51.5052,242,4.4,0.370,0.3111,120,0.026,0.37,-0.95,0.0672,0.1175,0.062
1837,50.6649,299,4.4,0.460,0.3150,118,0.026,0.46,-0.81,0.0621,0.1218,0.093
1838,47.9947,271,4.4,0.410,0.3184,127,0.025,0.42,-0.89,0.0663,0.1329,0.078
1839,54.9567,281,4.4,0.435,0.3195,123,0.025,0.43,-0.85,0.0689,0.1215,0.081
1840,60.1104,255,4.3,0.420,0.3150,119,0.026,0.39,-0.87,0.0636,0.1265,0.087
1841,40.1064,258,4.3,0.415,0.3186,116,0.027,0.40,-0.88,0.0671,0.1206,0.101
1842,56.3480,291,4.4,0.420,0.3234,122,0.026,0.45,-0.87,0.0680,0.1107,0.109
1843,46.8108,264,4.4,0.415,0.3264,125,0.025,0.41,-0.88,0.0632,0.1131,0.098
1844,44.3652,253,4.3,0.430,0.3221,120,0.026,0.39,-0.86,0.0640,0.1274,0.082
1845,41.6642,247,4.3,0.440,0.3219,120,0.026,0.38,-0.84,0.0660,0.1294,0.073
1846,64.1242,294,4.3,0.405,0.3163,119,0.026,0.45,-0.89,0.0692,0.1181,0.081
1847,43.0619,262,4.3,0.455,0.3212,114,0.027,0.40,-0.82,0.0672,0.1156,0.070
1848,41.1903,278,4.4,0.405,0.3185,116,0.027,0.43,-0.89,0.0696,0.1217,0.055
1849,47.3820,244,4.4,0.395,0.3175,116,0.027,0.37,-0.91,0.0713,0.1138,0.083
1850,53.9454,247,4.4,0.445,0.3240,122,0.026,0.38,-0.83,0.0689,0.1285,0.060
1851,40.2853,294,4.4,0.390,0.3196,121,0.026,0.45,-0.92,0.0684,0.1303,0.079
1852,42.5978,268,4.3,0.435,0.3168,117,0.027,0.41,-0.85,0.0661,0.1114,0.103
1853,65.6299,288,4.4,0.410,0.3133,116,0.027,0.44,-0.89,0.0673,0.1137,0.089
1854,49.9774,267,4.4,0.395,0.3196,114,0.027,0.41,-0.91,0.0705,0.1120,0.110
1855,39.6642,279,4.3,0.425,0.3239,120,0.026,0.43,-0.86,0.0675,0.1190,0.114
1856,64.4894,246,4.3,0.400,0.3269,126,0.025,0.38,-0.90,0.0692,0.1273,0.097
1857,62.8497,278,4.3,0.405,0.3254,127,0.025,0.43,-0.89,0.0668,0.1279,0.092
1858,42.1886,290,4.2,0.430,0.3143,123,0.025,0.45,-0.86,0.0644,0.1175,0.110
1859,45.8908,270,4.3,0.380,0.3096,121,0.026,0.41,-0.93,0.0675,0.1190,0.088
1860,50.9382,258,4.4,0.465,0.3164,118,0.026,0.40,-0.80,0.0691,0.1204,0.101
1861,51.0924,257,4.5,0.430,0.3093,108,0.029,0.40,-0.86,0.0654,0.1213,0.089
1862,47.9711,238,4.5,0.440,0.3120,105,0.030,0.37,-0.84,0.0644,0.1247,0.102
1863,65.1922,263,4.5,0.390,0.3142,114,0.027,0.40,-0.92,0.0706,0.1240,0.092
1864,57.5674,278,4.4,0.430,0.3129,123,0.025,0.43,-0.86,0.0642,0.1224,0.056
1865,65.6198,313,4.3,0.430,0.3118,123,0.025,0.48,-0.86,0.0645,0.1161,0.081
1866,62.8793,295,4.5,0.435,0.3150,116,0.027,0.45,-0.85,0.0695,0.1124,0.113
1867,54.0828,277,4.4,0.380,0.3171,118,0.026,0.43,-0.93,0.0635,0.1060,0.133
1868,53.0508,328,4.3,0.410,0.3208,114,0.027,0.50,-0.89,0.0640,0.1062,0.101
1869,63.9971,295,4.3,0.400,0.3226,130,0.024,0.45,-0.90,0.0645,0.1164,0.082
1870,70.1249,273,4.3,0.405,0.3251,125,0.025,0.42,-0.89,0.0691,0.1173,0.090
1871,65.7247,267,4.3,0.385,0.3221,122,0.026,0.41,-0.92,0.0665,0.1129,0.101
1872,59.9540,297,4.4,0.440,0.3232,121,0.026,0.46,-0.84,0.0643,0.1166,0.090
1873,60.9079,287,4.4,0.340,0.3235,122,0.026,0.44,-0.99,0.0657,0.1138,0.089
1874,64.3707,260,4.3,0.500,0.3191,110,0.028,0.40,-0.75,0.0661,0.1076,0.067
1875,65.5685,310,4.4,0.375,0.3163,118,0.026,0.48,-0.94,0.0664,0.1133,0.059
1876,60.2669,292,4.3,0.385,0.3108,114,0.027,0.45,-0.92,0.0645,0.1160,0.099
1877,57.0298,278,4.4,0.455,0.3102,119,0.026,0.43,-0.82,0.0652,0.1138,0.119
1878,49.0942,272,4.3,0.405,0.3169,121,0.026,0.42,-0.89,0.0691,0.1142,0.116
1879,56.6461,301,4.4,0.410,0.3169,123,0.025,0.46,-0.89,0.0671,0.1165,0.099
1880,49.6710,254,4.5,0.420,0.3202,121,0.026,0.39,-0.87,0.0667,0.1325,0.076
1881,74.7375,294,4.3,0.390,0.3127,117,0.027,0.45,-0.92,0.0667,0.1288,0.086
1882,60.6018,315,4.2,0.395,0.3208,113,0.028,0.48,-0.91,0.0635,0.1193,0.107
1883,51.7854,250,4.3,0.445,0.3255,126,0.025,0.38,-0.83,0.0634,0.1203,0.095
1884,59.5115,304,4.4,0.355,0.3248,114,0.027,0.47,-0.97,0.0630,0.1103,0.118
1885,59.3384,263,4.5,0.480,0.3215,123,0.025,0.40,-0.78,0.0680,0.1173,0.127
1886,70.0260,310,4.5,0.360,0.3276,126,0.025,0.48,-0.96,0.0669,0.1198,0.096
1887,48.3274,304,4.3,0.455,0.3144,114,0.027,0.47,-0.82,0.0632,0.1009,0.090
1888,54.4698,263,4.5,0.375,0.3100,112,0.028,0.40,-0.94,0.0655,0.1077,0.087
1889,39.9302,220,4.4,0.445,0.3214,114,0.027,0.34,-0.83,0.0655,0.1157,0.100
1890,61.4692,281,4.4,0.390,0.3169,111,0.028,0.43,-0.92,0.0634,0.1278,0.110
1891,49.0045,281,4.4,0.410,0.3152,115,0.027,0.43,-0.89,0.0660,0.1239,0.077
1892,51.1296,256,4.5,0.420,0.3072,111,0.028,0.39,-0.87,0.0673,0.1132,0.040
1893,63.0826,283,4.4,0.420,0.3156,118,0.026,0.43,-0.87,0.0651,0.1091,0.081
1894,59.2748,286,4.3,0.405,0.3124,121,0.026,0.44,-0.89,0.0639,0.1233,0.094
1895,69.6299,303,4.4,0.380,0.3161,131,0.024,0.47,-0.93,0.0667,0.1341,0.078
1896,55.8201,274,4.4,0.445,0.3208,119,0.026,0.42,-0.83,0.0648,0.1065,0.114
1897,68.0468,265,4.5,0.365,0.3215,120,0.026,0.41,-0.95,0.0683,0.1039,0.091
1898,41.2074,259,4.5,0.430,0.3212,124,0.025,0.40,-0.86,0.0702,0.1164,0.120
1899,67.9546,275,4.3,0.380,0.3238,118,0.026,0.42,-0.93,0.0680,0.1239,0.147
1900,67.7786,340,4.3,0.420,0.3196,115,0.027,0.52,-0.87,0.0733,0.1212,0.126
1901,60.4438,280,4.5,0.380,0.3202,122,0.026,0.43,-0.93,0.0678,0.1055,0.105
1902,69.3407,274,4.5,0.440,0.3193,118,0.026,0.42,-0.84,0.0639,0.1095,0.102
1903,62.5701,310,4.5,0.360,0.3184,123,0.025,0.48,-0.96,0.0654,0.1149,0.092
1904,60.2448,269,4.4,0.465,0.3236,124,0.025,0.41,-0.80,0.0634,0.1184,0.054
1905,46.2737,278,4.3,0.400,0.3166,120,0.026,0.43,-0.90,0.0676,0.1272,0.032
1906,39.0231,253,4.4,0.465,0.3151,117,0.027,0.39,-0.80,0.0664,0.1205,0.050
1907,68.6306,296,4.3,0.365,0.3181,118,0.026,0.45,-0.95,0.0640,0.1205,0.067
1908,64.4208,304,4.5,0.400,0.3096,121,0.026,0.47,-0.90,0.0694,0.1183,0.051
1909,62.4588,281,4.5,0.380,0.3196,120,0.026,0.43,-0.93,0.0631,0.1137,0.067
1910,70.9667,282,4.3,0.435,0.3270,118,0.026,0.43,-0.85,0.0662,0.1120,0.077
1911,67.3701,308,4.3,0.350,0.3231,118,0.026,0.47,-0.98,0.0683,0.1200,0.108
1912,44.1162,283,4.4,0.435,0.3248,120,0.026,0.44,-0.85,0.0663,0.1209,0.129
1913,61.6077,298,4.4,0.370,0.3246,117,0.027,0.46,-0.95,0.0677,0.1266,0.098
1914,57.1484,298,4.4,0.405,0.3226,114,0.027,0.46,-0.89,0.0661,0.1237,0.085
1915,54.4208,318,4.5,0.400,0.3213,120,0.026,0.49,-0.90,0.0662,0.1172,0.083
1916,57.8076,266,4.5,0.440,0.3209,118,0.026,0.41,-0.84,0.0641,0.1131,0.125
1917,58.1030,255,4.4,0.430,0.3156,125,0.025,0.39,-0.86,0.0684,0.1094,0.134
1918,65.3202,300,4.5,0.430,0.3144,123,0.025,0.46,-0.86,0.0697,0.1092,0.162
1919,54.0551,259,4.4,0.440,0.3208,120,0.026,0.40,-0.84,0.0677,0.1161,0.109
1920,57.8986,286,4.3,0.405,0.3283,126,0.025,0.44,-0.89,0.0659,0.1162,0.090
1921,72.7509,302,4.3,0.400,0.3169,125,0.025,0.46,-0.90,0.0640,0.1084,0.130
1922,61.1142,306,4.3,0.430,0.3169,126,0.025,0.47,-0.86,0.0676,0.1086,0.095
1923,70.4382,302,4.3,0.385,0.3237,125,0.025,0.46,-0.92,0.0645,0.1157,0.074
1924,71.6399,316,4.4,0.435,0.3277,119,0.026,0.49,-0.85,0.0671,0.1131,0.068
1925,75.9376,298,4.4,0.370,0.3313,122,0.026,0.46,-0.95,0.0655,0.0978,0.090
1926,61.2723,295,4.3,0.445,0.3304,109,0.029,0.45,-0.83,0.0645,0.0992,0.128
1927,41.1124,248,4.5,0.355,0.3348,114,0.027,0.38,-0.97,0.0704,0.1145,0.112
1928,48.1226,285,4.5,0.435,0.3268,117,0.027,0.44,-0.85,0.0690,0.1176,0.119
1929,54.2481,267,4.4,0.400,0.3291,111,0.028,0.41,-0.90,0.0680,0.1144,0.125
1930,67.0719,260,4.5,0.430,0.3286,117,0.027,0.40,-0.86,0.0661,0.1313,0.099
1931,56.3670,252,4.4,0.405,0.3160,118,0.026,0.39,-0.89,0.0700,0.1265,0.067
1932,56.3889,259,4.4,0.425,0.3117,122,0.026,0.40,-0.86,0.0669,0.1029,0.080
1933,47.6110,277,4.5,0.395,0.3146,118,0.026,0.43,-0.91,0.0663,0.1056,0.095
1934,51.3382,257,4.4,0.440,0.3076,114,0.027,0.40,-0.84,0.0650,0.1124,0.099
1935,61.7976,331,4.3,0.360,0.3096,119,0.026,0.51,-0.96,0.0639,0.1218,0.093
1936,56.8749,278,4.3,0.405,0.3208,117,0.027,0.43,-0.89,0.0702,0.1174,0.093
1937,55.3338,263,4.3,0.410,0.3309,123,0.025,0.40,-0.89,0.0683,0.1179,0.092
1938,72.7700,303,4.3,0.405,0.3267,128,0.024,0.46,-0.89,0.0674,0.1250,0.101
1939,79.9168,331,4.3,0.350,0.3266,120,0.026,0.51,-0.98,0.0684,0.1217,0.067
1940,58.0720,284,4.5,0.415,0.3248,113,0.028,0.44,-0.88,0.0671,0.1199,0.098
1941,68.7946,285,4.5,0.345,0.3334,112,0.028,0.44,-0.98,0.0672,0.1232,0.126
1942,52.4736,293,4.5,0.435,0.3330,110,0.028,0.45,-0.85,0.0628,0.1106,0.090
1943,41.6953,281,4.5,0.400,0.3178,111,0.028,0.43,-0.90,0.0675,0.1088,0.092
1944,56.8721,267,4.4,0.445,0.3216,114,0.027,0.41,-0.83,0.0629,0.1157,0.132
1945,56.2994,290,4.4,0.360,0.3184,119,0.026,0.45,-0.96,0.0635,0.1145,0.131
1946,43.7512,249,4.4,0.450,0.3176,118,0.026,0.38,-0.83,0.0685,0.1088,0.135
1947,59.3138,263,4.3,0.410,0.3200,119,0.026,0.40,-0.89,0.0680,0.1056,0.126
1948,67.5961,302,4.3,0.435,0.3113,118,0.026,0.46,-0.85,0.0662,0.1187,0.097
1949,46.3394,280,4.4,0.440,0.3049,122,0.026,0.43,-0.84,0.0669,0.1192,0.106
1950,64.2867,262,4.4,0.390,0.3172,116,0.027,0.40,-0.92,0.0639,0.1207,0.118
1951,69.3005,302,4.3,0.460,0.3197,115,0.027,0.46,-0.81,0.0701,0.1269,0.099
1952,69.3441,320,4.3,0.345,0.3228,121,0.026,0.49,-0.98,0.0664,0.1186,0.128
1953,59.5666,294,4.3,0.445,0.3346,122,0.026,0.45,-0.83,0.0634,0.1136,0.122
1954,63.1682,250,4.4,0.335,0.3315,125,0.025,0.38,-1.00,0.0654,0.1087,0.084
1955,54.1555,275,4.5,0.450,0.3347,119,0.026,0.42,-0.83,0.0665,0.1157,0.101
1956,66.5327,282,4.4,0.350,0.3294,120,0.026,0.43,-0.98,0.0640,0.1141,0.099
1957,45.6967,285,4.3,0.455,0.3236,115,0.027,0.44,-0.82,0.0671,0.1139,0.106
1958,61.0626,278,4.3,0.390,0.3267,122,0.026,0.43,-0.92,0.0684,0.1154,0.106
1959,53.5155,265,4.3,0.455,0.3201,126,0.025,0.41,-0.82,0.0679,0.1192,0.087
1960,48.8562,253,4.3,0.370,0.3147,116,0.027,0.39,-0.95,0.0686,0.1199,0.093
1961,44.4088,239,4.3,0.455,0.3142,118,0.026,0.37,-0.82,0.0647,0.1157,0.079
1962,63.3438,307,4.4,0.375,0.3085,127,0.025,0.47,-0.94,0.0640,0.1114,0.099
1963,49.2263,287,4.4,0.420,0.3144,121,0.026,0.44,-0.87,0.0658,0.1178,0.088
1964,59.6261,277,4.4,0.375,0.3252,121,0.026,0.43,-0.94,0.0663,0.1321,0.043
1965,68.7362,307,4.4,0.385,0.3270,118,0.026,0.47,-0.92,0.0680,0.1227,0.070
1966,69.0633,323,4.3,0.385,0.3299,116,0.027,0.50,-0.92,0.0656,0.1214,0.113
1967,55.8068,293,4.3,0.410,0.3320,122,0.026,0.45,-0.89,0.0667,0.1081,0.111
1968,53.6813,292,4.5,0.400,0.3310,124,0.025,0.45,-0.90,0.0667,0.1052,0.078
1969,61.2436,271,4.5,0.375,0.3427,122,0.026,0.42,-0.94,0.0653,0.1161,0.099
1970,51.2128,291,4.4,0.425,0.3374,123,0.025,0.45,-0.86,0.0682,0.1275,0.138
1971,55.5600,303,4.3,0.420,0.3240,121,0.026,0.47,-0.87,0.0683,0.1200,0.113
1972,65.9603,309,4.4,0.355,0.3208,109,0.029,0.48,-0.97,0.0695,0.1118,0.101
1973,64.9245,305,4.3,0.450,0.3182,121,0.026,0.47,-0.83,0.0672,0.1120,0.073
1974,69.4760,288,4.4,0.355,0.3130,117,0.027,0.44,-0.97,0.0687,0.1044,0.090
1975,45.4602,279,4.4,0.430,0.3096,117,0.027,0.43,-0.86,0.0695,0.1016,0.126
1976,64.4108,255,4.4,0.415,0.3079,124,0.025,0.39,-0.88,0.0671,0.1138,0.110
1977,52.7593,307,4.3,0.425,0.3133,119,0.026,0.47,-0.86,0.0681,0.1193,0.135
1978,61.4343,305,4.3,0.400,0.3185,118,0.026,0.47,-0.90,0.0668,0.1217,0.137
1979,61.3446,309,4.4,0.390,0.3163,116,0.027,0.47,-0.92,0.0675,0.1164,0.092
1980,78.0202,295,4.4,0.415,0.3124,121,0.026,0.45,-0.88,0.0708,0.1027,0.110
1981,70.4053,311,4.4,0.370,0.3236,111,0.028,0.48,-0.95,0.0692,0.1090,0.131
1982,56.7701,289,4.4,0.400,0.3311,119,0.026,0.44,-0.90,0.0668,0.1175,0.083
1983,71.1631,276,4.4,0.425,0.3260,123,0.025,0.42,-0.86,0.0628,0.1129,0.103
1984,63.0581,282,4.4,0.380,0.3220,121,0.026,0.43,-0.93,0.0629,0.1054,0.113
1985,56.8116,297,4.4,0.440,0.3182,126,0.025,0.46,-0.84,0.0666,0.0966,0.078
1986,74.5512,286,4.3,0.370,0.3124,121,0.026,0.44,-0.95,0.0643,0.1046,0.067
1987,74.1013,302,4.3,0.405,0.3106,122,0.026,0.46,-0.89,0.0687,0.1105,0.091
1988,65.3376,290,4.4,0.385,0.3105,128,0.024,0.45,-0.92,0.0698,0.1182,0.105
1989,34.8274,254,4.4,0.445,0.3153,121,0.026,0.39,-0.83,0.0694,0.0996,0.117
1990,61.0055,279,4.4,0.390,0.3215,119,0.026,0.43,-0.92,0.0653,0.0962,0.134
1991,58.1512,315,4.5,0.430,0.3202,122,0.026,0.48,-0.86,0.0672,0.1132,0.130
1992,65.1556,319,4.4,0.375,0.3167,117,0.027,0.49,-0.94,0.0690,0.1048,0.128
1993,69.7988,287,4.3,0.390,0.3118,115,0.027,0.44,-0.92,0.0705,0.0958,0.140
1994,78.1441,303,4.4,0.415,0.3144,117,0.027,0.47,-0.88,0.0664,0.1091,0.118
1995,67.2242,345,4.4,0.360,0.3239,117,0.027,0.53,-0.96,0.0693,0.1156,0.096
1996,61.5384,294,4.4,0.385,0.3244,119,0.026,0.45,-0.92,0.0645,0.1092,0.101
1997,62.6349,281,4.3,0.410,0.3155,117,0.027,0.43,-0.89,0.0637,0.1142,0.102
1998,56.8105,285,4.4,0.385,0.3205,114,0.027,0.44,-0.92,0.0693,0.1133,0.095
1999,60.3971,308,4.5,0.410,0.3194,115,0.027,0.47,-0.89,0.0659,0.1154,0.089
2000,59.1208,305,4.4,0.380,0.3149,114,0.027,0.47,-0.93,0.0652,0.1144,0.089
2001,53.5797,266,4.4,0.455,0.3138,116,0.027,0.41,-0.82,0.0685,0.1156,0.070
