episode,reward,rate_avg,hops_avg,ho_avg,q_spread,uniq_sat,beam_avg,rew_rate,rew_ho,loss,q_gap_avg,q_gap_noise,n_valid
1,39.7150,278,4.7,1.000,0.0000,129,0.024,0.43,-0.00,0.0000,0.0000,0.000
2,38.1004,135,4.7,0.070,0.0000,125,0.025,0.21,-1.40,0.0000,0.0000,0.000
3,-11.5017,186,4.8,0.845,0.0000,116,0.027,0.29,-0.23,0.0000,0.0000,0.000
4,45.5239,204,4.8,0.205,0.0000,122,0.026,0.31,-1.19,0.0000,0.0000,0.000
5,-6.9630,166,4.7,0.765,0.0000,121,0.026,0.26,-0.35,0.0000,0.0000,0.000
6,57.9390,206,4.7,0.245,0.0000,125,0.025,0.32,-1.13,0.0000,0.0000,0.000
7,24.4701,194,4.6,0.685,0.0000,118,0.026,0.30,-0.47,0.0000,0.0000,0.000
8,38.7272,254,4.5,0.375,0.0000,124,0.025,0.39,-0.94,0.0000,0.0000,0.000
9,18.7470,183,4.6,0.625,0.0000,114,0.027,0.28,-0.56,0.0000,0.0000,0.000
10,49.1438,249,4.5,0.410,0.0000,118,0.026,0.38,-0.89,0.0000,0.0000,0.000
11,-2.2813,208,4.6,0.600,0.0000,116,0.027,0.32,-0.60,0.0000,0.0000,0.000
12,23.5470,149,4.7,0.445,0.0000,115,0.027,0.23,-0.83,0.0000,0.0000,0.000
13,37.6843,197,4.6,0.570,0.0000,122,0.026,0.30,-0.65,0.0000,0.0000,0.000
14,34.7601,218,4.6,0.435,0.0000,115,0.027,0.34,-0.85,0.0000,0.0000,0.000
15,17.8026,205,4.5,0.575,0.0000,117,0.027,0.32,-0.64,0.0000,0.0000,0.000
16,48.0517,244,4.4,0.440,0.0000,118,0.026,0.37,-0.84,0.0000,0.0000,0.000
17,32.5396,230,4.5,0.550,0.0000,112,0.028,0.35,-0.67,0.0000,0.0000,0.000
18,35.9928,255,4.7,0.460,0.0000,124,0.025,0.39,-0.81,0.0000,0.0000,0.000
19,27.3504,215,4.8,0.550,0.0000,119,0.026,0.33,-0.67,0.0000,0.0000,0.000
20,9.5290,223,4.8,0.490,0.0000,115,0.027,0.34,-0.77,0.0000,0.0000,0.000
21,28.2528,184,4.7,0.515,0.0009,114,0.027,0.28,-0.73,0.1181,0.0224,0.333
22,51.8511,265,4.6,0.500,0.0010,120,0.026,0.41,-0.75,0.1233,0.0232,0.250
23,19.7430,244,4.7,0.500,0.0010,122,0.026,0.38,-0.75,0.1111,0.0232,0.250
24,17.8501,196,4.7,0.500,0.0012,126,0.025,0.30,-0.75,0.1103,0.0222,0.200
25,30.4852,203,4.6,0.510,0.0012,114,0.027,0.31,-0.73,0.1123,0.0222,0.200
26,33.9117,239,4.6,0.505,0.0012,130,0.024,0.37,-0.74,0.1027,0.0222,0.200
27,29.3995,228,4.6,0.505,0.0014,121,0.026,0.35,-0.74,0.1041,0.0222,0.200
28,21.9994,197,4.6,0.515,0.0019,122,0.026,0.30,-0.73,0.0935,0.0189,0.286
29,24.6782,214,4.6,0.505,0.0023,126,0.025,0.33,-0.74,0.0885,0.0247,0.250
30,23.2691,214,4.7,0.490,0.0025,122,0.026,0.33,-0.77,0.0878,0.0221,0.333
31,34.7721,206,4.7,0.485,0.0025,128,0.024,0.32,-0.77,0.0830,0.0221,0.333
32,28.3136,197,4.7,0.510,0.0025,121,0.026,0.30,-0.73,0.0760,0.0221,0.333
33,24.1236,214,4.6,0.505,0.0026,120,0.026,0.33,-0.74,0.0756,0.0218,0.300
34,30.6194,219,4.7,0.505,0.0026,112,0.028,0.34,-0.74,0.0773,0.0205,0.364
35,20.7835,220,4.7,0.520,0.0035,119,0.026,0.34,-0.72,0.0744,0.0277,0.286
36,30.7562,209,4.5,0.485,0.0037,121,0.026,0.32,-0.77,0.0711,0.0277,0.286
37,34.3981,263,4.5,0.520,0.0039,117,0.027,0.40,-0.72,0.0695,0.0277,0.286
38,25.0789,193,4.7,0.500,0.0044,115,0.027,0.30,-0.75,0.0695,0.0247,0.375
39,43.5522,197,4.5,0.510,0.0048,111,0.028,0.30,-0.73,0.0691,0.0259,0.353
40,18.7299,186,4.6,0.485,0.0049,117,0.027,0.29,-0.77,0.0719,0.0255,0.353
41,31.1450,212,4.5,0.545,0.0053,121,0.026,0.33,-0.68,0.0660,0.0281,0.333
42,29.5610,261,4.7,0.490,0.0056,122,0.026,0.40,-0.77,0.1123,0.0274,0.316
43,21.8772,233,4.7,0.540,0.0062,122,0.026,0.36,-0.69,0.1051,0.0290,0.333
44,18.9850,200,4.7,0.475,0.0069,131,0.024,0.31,-0.79,0.0983,0.0274,0.348
45,31.6285,202,4.6,0.495,0.0075,130,0.024,0.31,-0.76,0.0921,0.0273,0.333
46,24.1919,205,4.7,0.505,0.0075,115,0.027,0.32,-0.74,0.0850,0.0273,0.333
47,30.6565,187,4.8,0.485,0.0082,117,0.027,0.29,-0.77,0.0746,0.0274,0.320
48,29.5303,206,4.7,0.540,0.0089,122,0.026,0.32,-0.69,0.0718,0.0284,0.296
49,36.8892,218,4.6,0.445,0.0098,120,0.026,0.34,-0.83,0.0685,0.0298,0.286
50,38.8451,230,4.6,0.530,0.0104,128,0.024,0.35,-0.70,0.0681,0.0300,0.267
51,36.4094,214,4.8,0.490,0.0115,118,0.026,0.33,-0.77,0.0652,0.0278,0.294
52,21.7527,189,4.7,0.525,0.0128,121,0.026,0.29,-0.71,0.0674,0.0274,0.306
53,19.4421,229,4.6,0.460,0.0130,118,0.026,0.35,-0.81,0.0702,0.0267,0.324
54,25.7212,255,4.6,0.540,0.0137,116,0.027,0.39,-0.69,0.0703,0.0267,0.308
55,24.1586,192,4.6,0.495,0.0141,119,0.026,0.30,-0.76,0.0695,0.0273,0.293
56,43.0852,202,4.5,0.520,0.0142,114,0.027,0.31,-0.72,0.0713,0.0270,0.295
57,30.7543,221,4.7,0.440,0.0151,119,0.026,0.34,-0.84,0.0669,0.0277,0.283
58,12.2959,192,4.7,0.555,0.0162,122,0.026,0.30,-0.67,0.0676,0.0271,0.265
59,39.8236,196,4.7,0.435,0.0169,119,0.026,0.30,-0.85,0.0640,0.0270,0.260
60,33.9679,223,4.5,0.565,0.0169,118,0.026,0.34,-0.65,0.0660,0.0269,0.260
61,32.9103,206,4.5,0.465,0.0185,119,0.026,0.32,-0.80,0.0612,0.0280,0.264
62,24.6410,181,4.6,0.555,0.0189,125,0.025,0.28,-0.67,0.1052,0.0287,0.241
63,28.1645,165,4.7,0.460,0.0197,120,0.026,0.25,-0.81,0.1012,0.0308,0.232
64,10.5870,204,4.7,0.545,0.0199,120,0.026,0.31,-0.68,0.0962,0.0323,0.228
65,9.8763,192,4.7,0.440,0.0200,115,0.027,0.30,-0.84,0.0911,0.0306,0.232
66,20.4825,215,4.6,0.525,0.0208,121,0.026,0.33,-0.71,0.0863,0.0315,0.224
67,48.1143,247,4.6,0.480,0.0208,122,0.026,0.38,-0.78,0.0768,0.0315,0.224
68,25.1895,176,4.7,0.495,0.0221,116,0.027,0.27,-0.76,0.0757,0.0317,0.213
69,34.0033,226,4.7,0.470,0.0223,117,0.027,0.35,-0.80,0.0683,0.0316,0.213
70,18.5255,216,4.7,0.520,0.0234,110,0.028,0.33,-0.72,0.0702,0.0310,0.210
71,46.1706,209,4.7,0.495,0.0239,118,0.026,0.32,-0.76,0.0660,0.0310,0.219
72,32.7823,177,4.7,0.535,0.0239,122,0.026,0.27,-0.70,0.0660,0.0310,0.219
73,19.0978,215,4.8,0.445,0.0260,117,0.027,0.33,-0.83,0.0693,0.0326,0.232
74,21.8367,173,4.6,0.525,0.0286,118,0.026,0.27,-0.71,0.0715,0.0378,0.225
75,50.7634,274,4.6,0.485,0.0299,122,0.026,0.42,-0.77,0.0769,0.0382,0.233
76,21.5580,179,4.7,0.510,0.0327,112,0.028,0.28,-0.73,0.0681,0.0379,0.231
77,36.3126,214,4.8,0.545,0.0330,115,0.027,0.33,-0.68,0.0695,0.0379,0.231
78,33.8319,208,4.8,0.440,0.0336,119,0.026,0.32,-0.84,0.0682,0.0381,0.215
79,33.2104,171,4.7,0.520,0.0335,122,0.026,0.26,-0.72,0.0724,0.0397,0.218
80,26.6909,214,4.6,0.455,0.0343,120,0.026,0.33,-0.82,0.0651,0.0406,0.231
81,33.3894,199,4.5,0.530,0.0357,119,0.026,0.31,-0.70,0.0626,0.0407,0.235
82,56.4689,239,4.6,0.475,0.0364,115,0.027,0.37,-0.79,0.0931,0.0416,0.232
83,21.4877,209,4.8,0.530,0.0389,120,0.026,0.32,-0.70,0.0906,0.0432,0.224
84,19.8279,180,4.7,0.465,0.0413,113,0.028,0.28,-0.80,0.0933,0.0459,0.216
85,34.9600,225,4.6,0.520,0.0433,122,0.026,0.35,-0.72,0.0865,0.0453,0.213
86,27.9540,218,4.6,0.530,0.0441,119,0.026,0.33,-0.70,0.0864,0.0436,0.231
87,33.1301,242,4.7,0.485,0.0456,121,0.026,0.37,-0.77,0.0746,0.0440,0.217
88,10.4341,216,4.8,0.530,0.0468,115,0.027,0.33,-0.70,0.0702,0.0437,0.215
89,18.2199,175,4.9,0.450,0.0469,118,0.026,0.27,-0.83,0.0658,0.0430,0.217
90,13.8168,183,4.7,0.535,0.0496,122,0.026,0.28,-0.70,0.0645,0.0437,0.208
91,22.1596,210,4.7,0.440,0.0504,113,0.028,0.32,-0.84,0.0680,0.0441,0.206
92,24.3980,199,4.5,0.555,0.0533,121,0.026,0.31,-0.67,0.0654,0.0457,0.210
93,42.5855,221,4.5,0.455,0.0539,123,0.025,0.34,-0.82,0.0702,0.0472,0.208
94,23.3250,221,4.7,0.570,0.0548,119,0.026,0.34,-0.65,0.0650,0.0465,0.204
95,30.0131,217,4.7,0.465,0.0570,115,0.027,0.33,-0.80,0.0696,0.0520,0.190
96,6.4495,179,4.6,0.570,0.0583,122,0.026,0.27,-0.65,0.0690,0.0534,0.179
97,40.2370,208,4.6,0.435,0.0590,119,0.026,0.32,-0.85,0.0689,0.0542,0.178
98,11.9231,204,4.7,0.545,0.0596,122,0.026,0.31,-0.68,0.0664,0.0538,0.176
99,19.2241,165,4.8,0.450,0.0606,115,0.027,0.25,-0.83,0.0662,0.0567,0.165
100,17.4397,184,4.7,0.555,0.0622,119,0.026,0.28,-0.67,0.0639,0.0578,0.152
101,31.3132,241,4.7,0.455,0.0642,116,0.027,0.37,-0.82,0.0647,0.0568,0.155
102,22.8096,179,4.7,0.560,0.0660,123,0.025,0.27,-0.66,0.0867,0.0554,0.153
103,15.7932,182,4.7,0.445,0.0668,117,0.027,0.28,-0.83,0.0844,0.0557,0.136
104,13.9237,175,4.7,0.570,0.0676,121,0.026,0.27,-0.65,0.0832,0.0562,0.133
105,41.3883,230,4.7,0.420,0.0672,119,0.026,0.35,-0.87,0.0835,0.0559,0.142
106,32.0424,230,4.7,0.555,0.0687,120,0.026,0.35,-0.67,0.0763,0.0560,0.142
107,32.9284,220,4.5,0.415,0.0718,119,0.026,0.34,-0.88,0.0735,0.0567,0.138
108,18.7153,189,4.7,0.575,0.0734,115,0.027,0.29,-0.64,0.0685,0.0580,0.129
109,24.4850,259,4.5,0.465,0.0760,119,0.026,0.40,-0.80,0.0676,0.0587,0.121
110,20.9709,177,4.6,0.545,0.0779,120,0.026,0.27,-0.68,0.0726,0.0600,0.119
111,30.0036,222,4.6,0.485,0.0783,119,0.026,0.34,-0.77,0.0651,0.0598,0.111
112,23.9867,203,4.5,0.490,0.0790,109,0.029,0.31,-0.77,0.0715,0.0594,0.118
113,27.2846,226,4.6,0.510,0.0817,122,0.026,0.35,-0.73,0.0682,0.0606,0.109
114,18.0966,191,4.6,0.515,0.0827,127,0.025,0.29,-0.73,0.0685,0.0617,0.109
115,30.4929,175,4.7,0.510,0.0838,120,0.026,0.27,-0.73,0.0660,0.0615,0.100
116,25.6923,182,4.7,0.500,0.0850,120,0.026,0.28,-0.75,0.0716,0.0623,0.099
117,30.5129,236,4.8,0.520,0.0856,120,0.026,0.36,-0.72,0.0713,0.0614,0.099
118,19.0565,189,4.7,0.500,0.0870,127,0.025,0.29,-0.75,0.0654,0.0624,0.099
119,30.0734,216,4.5,0.485,0.0876,125,0.025,0.33,-0.77,0.0662,0.0626,0.099
120,14.1733,189,4.6,0.515,0.0894,121,0.026,0.29,-0.73,0.0655,0.0642,0.100
121,21.5023,193,4.7,0.505,0.0922,127,0.025,0.30,-0.74,0.0653,0.0655,0.092
122,38.7353,236,4.7,0.475,0.0937,127,0.025,0.36,-0.79,0.0812,0.0671,0.091
123,19.4502,213,4.7,0.550,0.0944,115,0.027,0.33,-0.67,0.0813,0.0668,0.092
124,30.4516,167,4.5,0.420,0.0950,115,0.027,0.26,-0.87,0.0768,0.0660,0.085
125,27.3752,213,4.5,0.560,0.0957,120,0.026,0.33,-0.66,0.0770,0.0671,0.100
126,31.7969,231,4.5,0.440,0.0973,127,0.025,0.36,-0.84,0.0731,0.0681,0.099
127,20.4521,199,4.7,0.575,0.0990,118,0.026,0.31,-0.64,0.0712,0.0695,0.078
128,54.1290,195,4.7,0.435,0.1012,121,0.026,0.30,-0.85,0.0683,0.0692,0.076
129,8.4138,207,4.8,0.540,0.1049,123,0.025,0.32,-0.69,0.0700,0.0714,0.083
130,23.7417,152,4.8,0.465,0.1056,124,0.025,0.23,-0.80,0.0658,0.0714,0.091
131,27.3306,205,4.8,0.550,0.1069,123,0.025,0.32,-0.67,0.0646,0.0709,0.099
132,17.3065,192,4.6,0.505,0.1075,127,0.025,0.30,-0.74,0.0694,0.0698,0.098
133,36.5288,219,4.6,0.490,0.1095,113,0.028,0.34,-0.77,0.0670,0.0704,0.091
134,32.2258,224,4.7,0.485,0.1085,115,0.027,0.34,-0.77,0.0676,0.0696,0.083
135,16.7153,208,4.9,0.520,0.1112,119,0.026,0.32,-0.72,0.0664,0.0698,0.084
136,26.9612,181,4.7,0.485,0.1128,123,0.025,0.28,-0.77,0.0670,0.0711,0.083
137,28.0750,222,4.6,0.535,0.1131,124,0.025,0.34,-0.70,0.0702,0.0714,0.083
138,29.8922,191,4.7,0.500,0.1135,123,0.025,0.29,-0.75,0.0672,0.0708,0.083
139,28.0398,211,4.6,0.505,0.1165,121,0.026,0.32,-0.74,0.0632,0.0755,0.082
140,21.6414,177,4.7,0.475,0.1170,130,0.024,0.27,-0.79,0.0668,0.0769,0.081
141,26.0503,206,4.8,0.530,0.1172,119,0.026,0.32,-0.70,0.0637,0.0750,0.096
142,32.4136,213,4.7,0.440,0.1188,119,0.026,0.33,-0.84,0.0734,0.0769,0.088
143,28.1397,205,4.6,0.555,0.1238,117,0.027,0.31,-0.67,0.0777,0.0781,0.072
144,38.3582,205,4.6,0.445,0.1245,122,0.026,0.32,-0.83,0.0782,0.0779,0.063
145,33.9413,215,4.6,0.520,0.1265,126,0.025,0.33,-0.72,0.0750,0.0797,0.062
146,31.0467,231,4.6,0.500,0.1278,120,0.026,0.35,-0.75,0.0727,0.0779,0.062
147,26.1282,183,4.7,0.495,0.1286,125,0.025,0.28,-0.76,0.0694,0.0794,0.062
148,52.1208,221,4.6,0.485,0.1313,121,0.026,0.34,-0.77,0.0671,0.0794,0.061
149,30.5857,254,4.6,0.500,0.1316,112,0.028,0.39,-0.75,0.0665,0.0803,0.061
150,16.8092,192,4.7,0.520,0.1323,121,0.026,0.30,-0.72,0.0641,0.0804,0.054
151,44.7158,188,4.7,0.480,0.1326,117,0.027,0.29,-0.78,0.0664,0.0804,0.054
152,23.1617,248,4.6,0.520,0.1340,128,0.024,0.38,-0.72,0.0660,0.0820,0.048
153,33.7953,223,4.5,0.480,0.1342,127,0.025,0.34,-0.78,0.0613,0.0824,0.041
154,26.0609,192,4.7,0.500,0.1357,128,0.024,0.29,-0.75,0.0633,0.0833,0.041
155,19.7806,213,4.6,0.485,0.1362,118,0.026,0.33,-0.77,0.0642,0.0836,0.049
156,23.6785,210,4.6,0.490,0.1358,117,0.027,0.32,-0.77,0.0675,0.0818,0.056
157,13.3869,173,4.5,0.525,0.1379,120,0.026,0.27,-0.71,0.0695,0.0807,0.055
158,41.8467,222,4.6,0.520,0.1398,118,0.026,0.34,-0.72,0.0662,0.0842,0.054
159,29.6879,215,4.7,0.500,0.1419,118,0.026,0.33,-0.75,0.0654,0.0854,0.041
160,28.4477,197,4.7,0.515,0.1422,121,0.026,0.30,-0.73,0.0616,0.0862,0.027
161,40.8372,233,4.6,0.465,0.1432,115,0.027,0.36,-0.80,0.0590,0.0878,0.020
162,21.8107,218,4.6,0.560,0.1447,121,0.026,0.34,-0.66,0.0738,0.0890,0.020
163,48.0370,246,4.7,0.435,0.1459,116,0.027,0.38,-0.85,0.0738,0.0899,0.021
164,22.9917,213,4.6,0.530,0.1469,121,0.026,0.33,-0.70,0.0754,0.0911,0.020
165,40.0986,233,4.6,0.495,0.1476,124,0.025,0.36,-0.76,0.0729,0.0894,0.020
166,20.1618,193,4.6,0.470,0.1494,122,0.026,0.30,-0.80,0.0689,0.0896,0.020
167,20.2307,197,4.6,0.535,0.1519,115,0.027,0.30,-0.70,0.0700,0.0931,0.027
168,30.7183,232,4.7,0.480,0.1524,119,0.026,0.36,-0.78,0.0667,0.0914,0.034
169,28.4782,188,4.7,0.515,0.1542,124,0.025,0.29,-0.73,0.0660,0.0942,0.034
170,37.4602,216,4.7,0.490,0.1547,121,0.026,0.33,-0.77,0.0618,0.0938,0.034
171,32.0880,222,4.6,0.500,0.1595,126,0.025,0.34,-0.75,0.0659,0.0950,0.040
172,34.6892,204,4.7,0.495,0.1604,130,0.024,0.31,-0.76,0.0629,0.0956,0.053
173,26.1713,194,4.7,0.485,0.1626,123,0.025,0.30,-0.77,0.0649,0.0992,0.040
174,28.2144,156,4.7,0.495,0.1630,117,0.027,0.24,-0.76,0.0647,0.0979,0.053
175,23.1436,197,4.8,0.530,0.1655,117,0.027,0.30,-0.70,0.0675,0.0942,0.060
176,26.6487,199,4.7,0.485,0.1681,118,0.026,0.31,-0.77,0.0692,0.0967,0.053
177,22.7589,217,4.7,0.500,0.1699,120,0.026,0.33,-0.75,0.0669,0.0966,0.053
178,4.4165,164,4.7,0.465,0.1720,120,0.026,0.25,-0.80,0.0643,0.0982,0.053
179,23.3210,182,4.7,0.535,0.1728,118,0.026,0.28,-0.70,0.0630,0.1010,0.052
180,21.9729,202,4.6,0.500,0.1728,123,0.025,0.31,-0.75,0.0630,0.0993,0.060
181,27.5269,195,4.6,0.510,0.1745,118,0.026,0.30,-0.73,0.0617,0.0996,0.059
182,48.8020,217,4.6,0.455,0.1759,119,0.026,0.33,-0.82,0.0698,0.0964,0.046
183,23.2517,196,4.8,0.540,0.1758,126,0.025,0.30,-0.69,0.0692,0.0970,0.045
184,32.1224,207,4.8,0.435,0.1793,115,0.027,0.32,-0.85,0.0696,0.0975,0.051
185,21.0872,242,4.7,0.535,0.1825,122,0.026,0.37,-0.70,0.0689,0.1030,0.039
186,14.2688,187,4.6,0.445,0.1827,121,0.026,0.29,-0.83,0.0714,0.1031,0.046
187,49.4093,218,4.6,0.515,0.1853,116,0.027,0.33,-0.73,0.0703,0.1058,0.052
188,18.7617,219,4.8,0.480,0.1865,120,0.026,0.34,-0.78,0.0647,0.1053,0.058
189,20.0271,186,4.7,0.510,0.1872,116,0.027,0.29,-0.73,0.0638,0.1064,0.059
190,19.7171,201,4.7,0.505,0.1902,113,0.028,0.31,-0.74,0.0658,0.1096,0.059
191,20.5558,185,4.7,0.490,0.1937,114,0.027,0.28,-0.77,0.0667,0.1078,0.059
192,31.3652,189,4.7,0.500,0.1956,119,0.026,0.29,-0.75,0.0637,0.1070,0.067
193,27.8756,189,4.8,0.495,0.1971,120,0.026,0.29,-0.76,0.0666,0.1105,0.059
194,30.7225,209,4.7,0.525,0.1973,126,0.025,0.32,-0.71,0.0705,0.1100,0.052
195,31.3415,187,4.7,0.475,0.1991,122,0.026,0.29,-0.79,0.0655,0.1139,0.058
196,31.6099,207,4.7,0.540,0.1991,124,0.025,0.32,-0.69,0.0680,0.1161,0.052
197,36.8138,272,4.6,0.450,0.1992,128,0.024,0.42,-0.83,0.0655,0.1164,0.053
198,25.7747,223,4.6,0.530,0.1997,124,0.025,0.34,-0.70,0.0667,0.1170,0.046
199,25.7114,224,4.7,0.480,0.2019,123,0.025,0.34,-0.78,0.0648,0.1149,0.045
200,31.6368,193,4.7,0.515,0.2031,125,0.025,0.30,-0.73,0.0653,0.1169,0.046
201,39.3527,225,4.7,0.480,0.2063,119,0.026,0.35,-0.78,0.0626,0.1185,0.045
202,17.0598,226,4.6,0.530,0.2063,116,0.027,0.35,-0.70,0.0694,0.1186,0.046
203,45.1374,241,4.6,0.465,0.2068,115,0.027,0.37,-0.80,0.0699,0.1177,0.046
204,38.0799,214,4.6,0.530,0.2085,127,0.025,0.33,-0.70,0.0706,0.1218,0.046
205,31.5194,244,4.6,0.505,0.2104,117,0.027,0.38,-0.74,0.0694,0.1222,0.065
206,17.6381,177,4.7,0.490,0.2123,115,0.027,0.27,-0.77,0.0681,0.1205,0.060
207,22.2163,211,4.6,0.515,0.2168,115,0.027,0.32,-0.73,0.0651,0.1223,0.060
208,25.7836,198,4.7,0.485,0.2157,122,0.026,0.30,-0.77,0.0691,0.1234,0.059
209,33.0823,228,4.7,0.510,0.2200,118,0.026,0.35,-0.73,0.0645,0.1217,0.066
210,21.8753,190,4.7,0.495,0.2201,118,0.026,0.29,-0.76,0.0653,0.1219,0.066
211,38.1702,243,4.6,0.520,0.2224,123,0.025,0.37,-0.72,0.0645,0.1252,0.054
212,44.3912,223,4.6,0.475,0.2248,124,0.025,0.34,-0.79,0.0663,0.1277,0.060
213,19.4927,212,4.7,0.520,0.2247,118,0.026,0.33,-0.72,0.0659,0.1231,0.072
214,36.5204,184,4.8,0.475,0.2258,121,0.026,0.28,-0.79,0.0633,0.1249,0.072
215,20.9036,234,4.7,0.535,0.2244,123,0.025,0.36,-0.70,0.0675,0.1238,0.072
216,23.7929,203,4.6,0.480,0.2247,127,0.025,0.31,-0.78,0.0653,0.1230,0.072
217,27.2198,192,4.6,0.530,0.2253,126,0.025,0.30,-0.70,0.0635,0.1223,0.078
218,22.5985,184,4.7,0.465,0.2271,122,0.026,0.28,-0.80,0.0613,0.1242,0.079
219,32.5593,238,4.6,0.530,0.2287,115,0.027,0.37,-0.70,0.0689,0.1252,0.066
220,34.7584,242,4.5,0.460,0.2301,126,0.025,0.37,-0.81,0.0632,0.1247,0.066
221,11.1765,192,4.6,0.525,0.2315,123,0.025,0.30,-0.71,0.0626,0.1268,0.060
222,29.0626,194,4.7,0.485,0.2319,119,0.026,0.30,-0.77,0.0698,0.1268,0.060
223,26.3632,203,4.8,0.530,0.2331,120,0.026,0.31,-0.70,0.0670,0.1217,0.072
224,25.6250,188,4.7,0.450,0.2348,121,0.026,0.29,-0.83,0.0692,0.1235,0.073
225,38.8306,238,4.7,0.535,0.2369,126,0.025,0.37,-0.70,0.0685,0.1263,0.059
226,14.0968,182,4.7,0.470,0.2375,123,0.025,0.28,-0.80,0.0660,0.1288,0.057
227,42.3751,204,4.6,0.500,0.2390,116,0.027,0.31,-0.75,0.0657,0.1344,0.045
228,32.8792,210,4.7,0.510,0.2402,120,0.026,0.32,-0.73,0.0649,0.1346,0.045
229,41.7749,227,4.7,0.520,0.2387,123,0.025,0.35,-0.72,0.0653,0.1309,0.044
230,28.8350,207,4.8,0.470,0.2390,127,0.025,0.32,-0.80,0.0639,0.1324,0.038
231,14.3896,190,4.8,0.520,0.2400,118,0.026,0.29,-0.72,0.0651,0.1397,0.038
232,19.2132,247,4.7,0.490,0.2397,119,0.026,0.38,-0.77,0.0643,0.1365,0.025
233,35.7626,211,4.5,0.515,0.2399,122,0.026,0.32,-0.73,0.0647,0.1349,0.032
234,49.5051,244,4.5,0.480,0.2396,119,0.026,0.38,-0.78,0.0699,0.1323,0.038
235,6.9783,172,4.5,0.555,0.2403,118,0.026,0.26,-0.67,0.0614,0.1303,0.038
236,27.7298,199,4.6,0.465,0.2424,122,0.026,0.31,-0.80,0.0670,0.1298,0.044
237,23.0746,213,4.7,0.535,0.2436,119,0.026,0.33,-0.70,0.0627,0.1286,0.045
238,20.7491,177,4.7,0.460,0.2423,117,0.027,0.27,-0.81,0.0676,0.1262,0.045
239,14.2957,188,4.7,0.515,0.2441,122,0.026,0.29,-0.73,0.0661,0.1285,0.044
240,13.8986,169,4.7,0.455,0.2446,119,0.026,0.26,-0.82,0.0648,0.1282,0.044
241,31.5383,196,4.5,0.545,0.2444,112,0.028,0.30,-0.68,0.0624,0.1272,0.050
242,44.7397,176,4.6,0.460,0.2466,119,0.026,0.27,-0.81,0.0660,0.1258,0.057
243,18.9560,229,4.6,0.515,0.2468,120,0.026,0.35,-0.73,0.0681,0.1241,0.056
244,13.6804,203,4.5,0.485,0.2469,126,0.025,0.31,-0.77,0.0684,0.1218,0.056
245,20.9220,206,4.6,0.485,0.2472,121,0.026,0.32,-0.77,0.0651,0.1252,0.056
246,31.8939,194,4.6,0.510,0.2466,115,0.027,0.30,-0.73,0.0679,0.1263,0.050
247,28.1555,191,4.6,0.480,0.2474,118,0.026,0.29,-0.78,0.0639,0.1274,0.055
248,21.3306,155,4.6,0.540,0.2474,118,0.026,0.24,-0.69,0.0646,0.1274,0.056
249,47.3448,277,4.5,0.485,0.2486,123,0.025,0.43,-0.77,0.0662,0.1261,0.056
250,23.4000,178,4.5,0.500,0.2502,119,0.026,0.27,-0.75,0.0673,0.1248,0.056
251,36.5742,210,4.7,0.460,0.2495,119,0.026,0.32,-0.81,0.0626,0.1248,0.056
252,18.2293,207,4.6,0.525,0.2505,120,0.026,0.32,-0.71,0.0675,0.1245,0.057
253,39.5837,211,4.7,0.485,0.2516,121,0.026,0.32,-0.77,0.0638,0.1243,0.058
254,31.6475,202,4.7,0.510,0.2540,119,0.026,0.31,-0.73,0.0660,0.1230,0.052
255,38.8323,206,4.6,0.480,0.2550,125,0.025,0.32,-0.78,0.0618,0.1235,0.045
256,17.4938,209,4.6,0.520,0.2554,125,0.025,0.32,-0.72,0.0668,0.1233,0.038
257,46.4133,255,4.5,0.460,0.2563,122,0.026,0.39,-0.81,0.0634,0.1283,0.038
258,34.9033,225,4.5,0.515,0.2572,113,0.028,0.35,-0.73,0.0665,0.1282,0.032
259,36.7301,230,4.5,0.465,0.2553,114,0.027,0.35,-0.80,0.0608,0.1287,0.032
260,33.1304,215,4.5,0.510,0.2563,127,0.025,0.33,-0.73,0.0618,0.1321,0.038
261,36.2630,263,4.6,0.500,0.2553,118,0.026,0.40,-0.75,0.0628,0.1323,0.038
262,26.5642,203,4.7,0.515,0.2576,121,0.026,0.31,-0.73,0.0679,0.1335,0.038
263,38.9449,236,4.6,0.505,0.2600,121,0.026,0.36,-0.74,0.0678,0.1367,0.038
264,22.8427,216,4.5,0.500,0.2579,116,0.027,0.33,-0.75,0.0665,0.1318,0.037
265,28.3819,204,4.7,0.510,0.2603,121,0.026,0.31,-0.73,0.0669,0.1384,0.032
266,35.7111,220,4.7,0.515,0.2597,119,0.026,0.34,-0.73,0.0681,0.1410,0.025
267,12.9323,208,4.5,0.510,0.2604,127,0.025,0.32,-0.73,0.0663,0.1353,0.026
268,28.9941,189,4.5,0.450,0.2620,117,0.027,0.29,-0.83,0.0665,0.1377,0.020
269,32.0037,207,4.6,0.560,0.2623,116,0.027,0.32,-0.66,0.0674,0.1359,0.020
270,38.7182,260,4.5,0.390,0.2618,121,0.026,0.40,-0.92,0.0679,0.1359,0.021
271,21.5245,191,4.6,0.560,0.2634,113,0.028,0.29,-0.66,0.0607,0.1354,0.007
272,35.6199,201,4.7,0.480,0.2626,113,0.028,0.31,-0.78,0.0690,0.1306,0.007
273,18.5518,205,4.7,0.555,0.2622,124,0.025,0.31,-0.67,0.0678,0.1321,0.007
274,30.3872,211,4.6,0.485,0.2623,117,0.027,0.32,-0.77,0.0649,0.1328,0.021
275,36.7169,219,4.7,0.525,0.2614,111,0.028,0.34,-0.71,0.0685,0.1320,0.014
276,39.0653,233,4.6,0.455,0.2637,115,0.027,0.36,-0.82,0.0686,0.1326,0.027
277,26.1530,212,4.7,0.520,0.2626,116,0.027,0.33,-0.72,0.0648,0.1317,0.027
278,42.0858,190,4.8,0.475,0.2650,122,0.026,0.29,-0.79,0.0626,0.1340,0.028
279,19.5318,231,4.8,0.535,0.2635,125,0.025,0.36,-0.70,0.0699,0.1316,0.027
280,37.4746,214,4.8,0.475,0.2651,119,0.026,0.33,-0.79,0.0660,0.1319,0.027
281,35.4158,230,4.7,0.535,0.2653,116,0.027,0.35,-0.70,0.0671,0.1366,0.027
282,32.4260,205,4.6,0.440,0.2673,124,0.025,0.32,-0.84,0.0683,0.1371,0.034
283,30.4649,229,4.5,0.535,0.2686,122,0.026,0.35,-0.70,0.0686,0.1379,0.047
284,28.3629,196,4.6,0.465,0.2682,122,0.026,0.30,-0.80,0.0666,0.1395,0.047
285,27.0730,195,4.7,0.525,0.2697,120,0.026,0.30,-0.71,0.0701,0.1414,0.046
286,28.1724,196,4.7,0.505,0.2720,120,0.026,0.30,-0.74,0.0696,0.1394,0.046
287,27.8314,237,4.7,0.465,0.2737,116,0.027,0.36,-0.80,0.0655,0.1396,0.052
288,16.7126,183,4.6,0.485,0.2740,117,0.027,0.28,-0.77,0.0685,0.1344,0.058
289,50.0158,241,4.4,0.485,0.2761,117,0.027,0.37,-0.77,0.0640,0.1362,0.051
290,29.6703,220,4.5,0.540,0.2757,119,0.026,0.34,-0.69,0.0697,0.1413,0.051
291,30.8751,224,4.4,0.460,0.2766,126,0.025,0.34,-0.81,0.0694,0.1450,0.051
292,29.1775,197,4.5,0.515,0.2774,123,0.025,0.30,-0.73,0.0674,0.1491,0.052
293,49.3100,242,4.7,0.470,0.2780,126,0.025,0.37,-0.80,0.0673,0.1483,0.045
294,24.6805,214,4.6,0.515,0.2789,124,0.025,0.33,-0.73,0.0680,0.1479,0.039
295,30.4800,201,4.6,0.510,0.2812,117,0.027,0.31,-0.73,0.0653,0.1533,0.039
296,26.8773,228,4.8,0.475,0.2813,116,0.027,0.35,-0.79,0.0654,0.1561,0.039
297,25.9690,198,4.6,0.520,0.2854,122,0.026,0.30,-0.72,0.0652,0.1589,0.039
298,32.5188,200,4.6,0.495,0.2875,126,0.025,0.31,-0.76,0.0682,0.1562,0.039
299,12.0988,216,4.6,0.515,0.2875,116,0.027,0.33,-0.73,0.0655,0.1495,0.032
300,37.7327,216,4.6,0.510,0.2873,113,0.028,0.33,-0.73,0.0643,0.1569,0.045
301,21.4058,202,4.6,0.470,0.2901,109,0.029,0.31,-0.80,0.0658,0.1568,0.032
302,43.8896,221,4.7,0.510,0.2928,117,0.027,0.34,-0.73,0.0649,0.1599,0.031
303,36.0366,208,4.7,0.495,0.2921,121,0.026,0.32,-0.76,0.0687,0.1597,0.025
304,27.3939,230,4.6,0.505,0.2924,125,0.025,0.35,-0.74,0.0652,0.1578,0.031
305,20.2537,204,4.6,0.495,0.2895,127,0.025,0.31,-0.76,0.0682,0.1582,0.037
306,27.8638,179,4.6,0.525,0.2892,116,0.027,0.28,-0.71,0.0676,0.1591,0.037
307,46.1308,222,4.7,0.490,0.2881,114,0.027,0.34,-0.77,0.0661,0.1580,0.043
308,13.8089,204,4.7,0.500,0.2872,127,0.025,0.31,-0.75,0.0653,0.1606,0.050
309,41.9422,211,4.6,0.480,0.2886,119,0.026,0.32,-0.78,0.0624,0.1662,0.038
310,25.4019,240,4.7,0.510,0.2861,124,0.025,0.37,-0.73,0.0645,0.1677,0.044
311,22.7929,234,4.6,0.490,0.2867,121,0.026,0.36,-0.77,0.0665,0.1606,0.051
312,31.0105,248,4.5,0.480,0.2884,122,0.026,0.38,-0.78,0.0689,0.1568,0.051
313,28.8191,214,4.6,0.535,0.2891,120,0.026,0.33,-0.70,0.0648,0.1551,0.063
314,42.0521,230,4.6,0.500,0.2885,127,0.025,0.35,-0.75,0.0656,0.1541,0.064
315,30.6382,225,4.7,0.520,0.2886,118,0.026,0.35,-0.72,0.0643,0.1571,0.064
316,33.1471,208,4.7,0.465,0.2886,122,0.026,0.32,-0.80,0.0642,0.1608,0.058
317,33.2038,215,4.7,0.525,0.2876,122,0.026,0.33,-0.71,0.0625,0.1656,0.057
318,49.4234,233,4.6,0.455,0.2878,119,0.026,0.36,-0.82,0.0637,0.1623,0.065
319,21.5606,237,4.6,0.525,0.2887,119,0.026,0.36,-0.71,0.0661,0.1593,0.063
320,35.1452,200,4.6,0.505,0.2898,113,0.028,0.31,-0.74,0.0651,0.1594,0.063
321,28.2169,226,4.5,0.520,0.2920,122,0.026,0.35,-0.72,0.0662,0.1528,0.083
322,31.4328,191,4.8,0.490,0.2916,118,0.026,0.29,-0.77,0.0676,0.1513,0.084
323,37.3352,231,4.7,0.490,0.2922,118,0.026,0.35,-0.77,0.0662,0.1524,0.086
324,17.5445,202,4.8,0.520,0.2915,120,0.026,0.31,-0.72,0.0654,0.1563,0.073
325,32.5147,222,4.8,0.495,0.2922,121,0.026,0.34,-0.76,0.0650,0.1601,0.081
326,23.3820,232,4.6,0.525,0.2926,120,0.026,0.36,-0.71,0.0670,0.1555,0.086
327,39.9189,212,4.6,0.490,0.2933,122,0.026,0.33,-0.77,0.0620,0.1562,0.088
328,46.1113,225,4.7,0.460,0.2947,123,0.025,0.35,-0.81,0.0657,0.1515,0.097
329,32.2802,244,4.5,0.550,0.2953,129,0.024,0.38,-0.67,0.0688,0.1552,0.088
330,49.0009,215,4.5,0.445,0.2945,128,0.024,0.33,-0.83,0.0675,0.1531,0.079
331,33.4268,240,4.6,0.525,0.2936,116,0.027,0.37,-0.71,0.0651,0.1543,0.077
332,19.2622,203,4.7,0.475,0.2947,122,0.026,0.31,-0.79,0.0614,0.1460,0.087
333,15.7910,227,4.7,0.520,0.2927,113,0.028,0.35,-0.72,0.0654,0.1477,0.093
334,28.6658,181,4.8,0.490,0.2924,122,0.026,0.28,-0.77,0.0693,0.1479,0.081
335,34.4126,215,4.7,0.515,0.2929,117,0.027,0.33,-0.73,0.0653,0.1444,0.086
336,45.0508,216,4.6,0.465,0.2915,121,0.026,0.33,-0.80,0.0645,0.1399,0.079
337,27.7503,215,4.6,0.560,0.2897,118,0.026,0.33,-0.66,0.0660,0.1337,0.084
338,35.4365,208,4.7,0.440,0.2879,121,0.026,0.32,-0.84,0.0627,0.1334,0.071
339,50.1103,235,4.6,0.515,0.2888,127,0.025,0.36,-0.73,0.0648,0.1297,0.078
340,27.3261,219,4.5,0.480,0.2889,111,0.028,0.34,-0.78,0.0660,0.1275,0.070
341,17.4397,228,4.6,0.525,0.2893,113,0.028,0.35,-0.71,0.0644,0.1337,0.065
342,22.2422,204,4.6,0.465,0.2934,114,0.027,0.31,-0.80,0.0679,0.1340,0.064
343,23.8425,188,4.6,0.545,0.2922,119,0.026,0.29,-0.68,0.0657,0.1362,0.070
344,48.5145,209,4.5,0.440,0.2934,121,0.026,0.32,-0.84,0.0644,0.1315,0.081
345,27.8578,222,4.6,0.535,0.2946,126,0.025,0.34,-0.70,0.0663,0.1337,0.075
346,29.5466,195,4.7,0.515,0.2963,130,0.024,0.30,-0.73,0.0672,0.1366,0.076
347,48.1907,244,4.8,0.485,0.2975,118,0.026,0.37,-0.77,0.0685,0.1403,0.075
348,36.3845,254,4.6,0.545,0.2945,119,0.026,0.39,-0.68,0.0671,0.1405,0.087
349,27.9368,220,4.7,0.450,0.2917,114,0.027,0.34,-0.83,0.0651,0.1383,0.082
350,14.0320,206,4.7,0.540,0.2929,124,0.025,0.32,-0.69,0.0694,0.1389,0.078
351,39.3770,220,4.5,0.475,0.2943,126,0.025,0.34,-0.79,0.0673,0.1441,0.084
352,32.3817,219,4.6,0.505,0.2948,128,0.024,0.34,-0.74,0.0720,0.1459,0.066
353,43.9365,254,4.6,0.455,0.2962,125,0.025,0.39,-0.82,0.0661,0.1502,0.067
354,26.6306,232,4.6,0.555,0.2950,126,0.025,0.36,-0.67,0.0647,0.1440,0.067
355,37.2031,202,4.5,0.440,0.2972,124,0.025,0.31,-0.84,0.0701,0.1422,0.078
356,32.6392,220,4.5,0.560,0.2981,121,0.026,0.34,-0.66,0.0659,0.1444,0.072
357,40.5183,212,4.6,0.440,0.2963,120,0.026,0.33,-0.84,0.0643,0.1456,0.063
358,35.3341,212,4.5,0.570,0.2986,125,0.025,0.33,-0.65,0.0626,0.1450,0.070
359,39.4537,232,4.6,0.450,0.2992,123,0.025,0.36,-0.83,0.0662,0.1449,0.069
360,34.1948,207,4.7,0.535,0.2980,118,0.026,0.32,-0.70,0.0679,0.1497,0.068
361,47.5001,256,4.5,0.475,0.2985,114,0.027,0.39,-0.79,0.0671,0.1498,0.056
362,38.8192,241,4.5,0.535,0.2996,112,0.028,0.37,-0.70,0.0661,0.1511,0.044
363,40.2973,234,4.6,0.505,0.2990,125,0.025,0.36,-0.74,0.0641,0.1483,0.043
364,41.6688,199,4.6,0.520,0.2988,122,0.026,0.31,-0.72,0.0634,0.1479,0.037
365,30.4789,227,4.6,0.490,0.2964,118,0.026,0.35,-0.77,0.0659,0.1469,0.050
366,25.4075,219,4.7,0.530,0.2956,119,0.026,0.34,-0.70,0.0651,0.1413,0.044
367,31.4172,210,4.6,0.500,0.2989,119,0.026,0.32,-0.75,0.0610,0.1516,0.050
368,36.8054,207,4.5,0.495,0.2993,129,0.024,0.32,-0.76,0.0666,0.1491,0.063
369,28.4214,219,4.5,0.470,0.3003,119,0.026,0.34,-0.80,0.0623,0.1545,0.059
370,47.0777,227,4.6,0.515,0.2998,118,0.026,0.35,-0.73,0.0654,0.1567,0.058
371,23.8933,273,4.7,0.500,0.3001,122,0.026,0.42,-0.75,0.0663,0.1542,0.059
372,41.7567,216,4.7,0.460,0.3011,120,0.026,0.33,-0.81,0.0627,0.1577,0.058
373,16.9635,203,4.7,0.525,0.3006,116,0.027,0.31,-0.71,0.0665,0.1503,0.077
374,23.1409,194,4.6,0.455,0.2978,111,0.028,0.30,-0.82,0.0680,0.1515,0.071
375,26.2744,238,4.5,0.515,0.2965,117,0.027,0.37,-0.73,0.0646,0.1497,0.071
376,51.4255,248,4.6,0.475,0.2986,123,0.025,0.38,-0.79,0.0670,0.1537,0.058
377,34.4307,218,4.7,0.505,0.2973,127,0.025,0.34,-0.74,0.0650,0.1460,0.051
378,29.2220,230,4.8,0.475,0.2971,120,0.026,0.35,-0.79,0.0623,0.1454,0.065
379,32.4434,235,4.8,0.510,0.2914,117,0.027,0.36,-0.73,0.0680,0.1405,0.058
380,42.4859,231,4.7,0.480,0.2873,113,0.028,0.35,-0.78,0.0625,0.1378,0.064
381,29.5132,212,4.7,0.530,0.2869,117,0.027,0.33,-0.70,0.0655,0.1398,0.065
382,54.7073,255,4.6,0.470,0.2915,121,0.026,0.39,-0.80,0.0643,0.1410,0.059
383,26.8371,220,4.6,0.510,0.2919,120,0.026,0.34,-0.73,0.0693,0.1378,0.066
384,21.3534,207,4.6,0.510,0.2927,116,0.027,0.32,-0.73,0.0652,0.1429,0.060
385,21.5897,214,4.6,0.475,0.2928,116,0.027,0.33,-0.79,0.0662,0.1402,0.065
386,21.6879,202,4.7,0.495,0.2956,119,0.026,0.31,-0.76,0.0662,0.1428,0.060
387,38.7030,221,4.7,0.500,0.2955,117,0.027,0.34,-0.75,0.0670,0.1416,0.065
388,39.0660,242,4.7,0.480,0.2938,122,0.026,0.37,-0.78,0.0655,0.1422,0.064
389,25.4865,210,4.6,0.535,0.2922,126,0.025,0.32,-0.70,0.0628,0.1529,0.064
390,42.0523,218,4.5,0.435,0.2940,123,0.025,0.34,-0.85,0.0670,0.1576,0.068
391,33.0112,207,4.5,0.570,0.2948,124,0.025,0.32,-0.65,0.0675,0.1593,0.069
392,32.4204,254,4.6,0.440,0.2964,117,0.027,0.39,-0.84,0.0666,0.1563,0.081
393,38.1912,218,4.6,0.560,0.2948,123,0.025,0.34,-0.66,0.0644,0.1601,0.075
394,42.4461,246,4.6,0.450,0.2955,117,0.027,0.38,-0.83,0.0619,0.1660,0.076
395,32.2051,239,4.6,0.540,0.2970,111,0.028,0.37,-0.69,0.0652,0.1598,0.069
396,32.9707,203,4.6,0.435,0.2988,114,0.027,0.31,-0.85,0.0671,0.1588,0.064
397,20.7877,230,4.5,0.605,0.3016,115,0.027,0.35,-0.59,0.0667,0.1612,0.051
398,38.1394,207,4.6,0.365,0.2994,121,0.026,0.32,-0.95,0.0659,0.1583,0.038
399,23.4037,210,4.7,0.575,0.3015,126,0.025,0.32,-0.64,0.0653,0.1504,0.051
400,27.6970,220,4.6,0.450,0.3006,127,0.025,0.34,-0.83,0.0685,0.1492,0.057
401,31.0611,214,4.7,0.510,0.2988,121,0.026,0.33,-0.73,0.0638,0.1531,0.064
402,33.7273,199,4.7,0.465,0.2982,123,0.025,0.31,-0.80,0.0661,0.1473,0.064
403,19.5106,186,4.7,0.520,0.2993,122,0.026,0.29,-0.72,0.0662,0.1493,0.071
404,36.5639,198,4.6,0.475,0.3007,119,0.026,0.30,-0.79,0.0662,0.1444,0.084
405,6.8483,207,4.6,0.525,0.2986,120,0.026,0.32,-0.71,0.0637,0.1497,0.096
406,28.4847,191,4.6,0.470,0.2977,126,0.025,0.29,-0.80,0.0654,0.1477,0.095
407,33.4272,199,4.5,0.520,0.3011,117,0.027,0.31,-0.72,0.0624,0.1535,0.090
408,30.2736,237,4.5,0.515,0.3027,126,0.025,0.36,-0.73,0.0703,0.1602,0.090
409,28.1395,239,4.6,0.445,0.3007,116,0.027,0.37,-0.83,0.0661,0.1532,0.079
410,21.8639,191,4.6,0.530,0.3011,128,0.024,0.29,-0.70,0.0671,0.1557,0.073
411,36.2659,212,4.7,0.465,0.3036,128,0.024,0.33,-0.80,0.0676,0.1544,0.066
412,38.3223,205,4.6,0.510,0.3060,116,0.027,0.31,-0.73,0.0645,0.1589,0.041
413,30.3220,240,4.8,0.470,0.3069,119,0.026,0.37,-0.80,0.0684,0.1564,0.048
414,38.2494,241,4.7,0.545,0.3082,121,0.026,0.37,-0.68,0.0657,0.1611,0.041
415,39.3407,261,4.6,0.430,0.3073,119,0.026,0.40,-0.86,0.0630,0.1614,0.034
416,31.2166,220,4.5,0.560,0.3048,119,0.026,0.34,-0.66,0.0672,0.1598,0.041
417,35.2503,221,4.7,0.420,0.3071,118,0.026,0.34,-0.87,0.0697,0.1594,0.041
418,25.4776,215,4.8,0.565,0.3065,117,0.027,0.33,-0.65,0.0680,0.1565,0.050
419,37.7474,214,4.7,0.470,0.3045,125,0.025,0.33,-0.80,0.0620,0.1547,0.042
420,18.6554,212,4.7,0.550,0.3057,114,0.027,0.33,-0.67,0.0654,0.1585,0.047
421,23.0530,208,4.6,0.440,0.3067,117,0.027,0.32,-0.84,0.0686,0.1594,0.052
422,37.1106,219,4.6,0.520,0.3056,114,0.027,0.34,-0.72,0.0643,0.1593,0.057
423,37.9035,245,4.7,0.495,0.3074,119,0.026,0.38,-0.76,0.0648,0.1595,0.063
424,35.0788,183,4.7,0.480,0.3088,123,0.025,0.28,-0.78,0.0681,0.1601,0.063
425,23.0435,218,4.5,0.505,0.3068,121,0.026,0.33,-0.74,0.0650,0.1637,0.063
426,36.4403,253,4.5,0.485,0.3036,115,0.027,0.39,-0.77,0.0648,0.1595,0.057
427,26.5407,203,4.7,0.505,0.3070,125,0.025,0.31,-0.74,0.0624,0.1632,0.056
428,46.1976,201,4.8,0.485,0.3057,123,0.025,0.31,-0.77,0.0678,0.1645,0.057
429,33.7606,220,4.7,0.485,0.3039,121,0.026,0.34,-0.77,0.0661,0.1625,0.052
430,21.5356,238,4.5,0.500,0.3053,126,0.025,0.37,-0.75,0.0658,0.1595,0.064
431,41.4820,241,4.5,0.455,0.3019,124,0.025,0.37,-0.82,0.0666,0.1593,0.063
432,41.4203,247,4.5,0.545,0.3012,125,0.025,0.38,-0.68,0.0675,0.1637,0.064
433,33.7873,228,4.6,0.490,0.2988,125,0.025,0.35,-0.77,0.0659,0.1696,0.050
434,57.1128,237,4.7,0.490,0.3023,118,0.026,0.36,-0.77,0.0654,0.1680,0.045
435,16.3855,255,4.7,0.495,0.3007,115,0.027,0.39,-0.76,0.0669,0.1687,0.039
436,29.3493,175,4.7,0.500,0.3019,114,0.027,0.27,-0.75,0.0662,0.1706,0.033
437,43.7845,262,4.7,0.485,0.2991,132,0.024,0.40,-0.77,0.0650,0.1646,0.039
438,36.5287,220,4.7,0.445,0.2979,129,0.024,0.34,-0.83,0.0684,0.1661,0.034
439,29.3128,220,4.7,0.555,0.2982,121,0.026,0.34,-0.67,0.0696,0.1628,0.033
440,31.3466,209,4.8,0.455,0.2988,122,0.026,0.32,-0.82,0.0636,0.1585,0.052
441,25.6237,219,4.6,0.540,0.2959,118,0.026,0.34,-0.69,0.0647,0.1531,0.060
442,39.1554,236,4.5,0.460,0.2992,122,0.026,0.36,-0.81,0.0639,0.1502,0.072
443,35.7004,261,4.5,0.520,0.2977,116,0.027,0.40,-0.72,0.0636,0.1505,0.064
444,38.9636,196,4.7,0.445,0.2945,113,0.028,0.30,-0.83,0.0632,0.1492,0.058
445,41.0825,221,4.7,0.535,0.3003,118,0.026,0.34,-0.70,0.0676,0.1563,0.062
446,35.6573,202,4.6,0.470,0.3039,126,0.025,0.31,-0.80,0.0635,0.1640,0.057
447,36.0399,227,4.7,0.530,0.3023,121,0.026,0.35,-0.70,0.0658,0.1731,0.066
448,35.1705,227,4.7,0.440,0.3012,122,0.026,0.35,-0.84,0.0672,0.1701,0.066
449,30.8718,217,4.7,0.570,0.2989,117,0.027,0.33,-0.65,0.0664,0.1693,0.094
450,30.5100,221,4.7,0.430,0.2994,119,0.026,0.34,-0.86,0.0646,0.1680,0.085
451,6.8127,201,4.7,0.550,0.2992,124,0.025,0.31,-0.67,0.0677,0.1707,0.075
452,32.2159,196,4.7,0.460,0.2967,117,0.027,0.30,-0.81,0.0654,0.1686,0.064
453,6.3274,203,4.7,0.505,0.2968,118,0.026,0.31,-0.74,0.0659,0.1688,0.062
454,35.6030,183,4.6,0.505,0.2962,117,0.027,0.28,-0.74,0.0681,0.1623,0.068
455,42.3705,239,4.6,0.490,0.2958,121,0.026,0.37,-0.77,0.0673,0.1630,0.062
456,31.6306,218,4.8,0.510,0.2965,128,0.024,0.33,-0.73,0.0674,0.1664,0.069
457,28.5011,197,4.7,0.465,0.2928,117,0.027,0.30,-0.80,0.0649,0.1582,0.067
458,42.8149,245,4.6,0.510,0.2910,115,0.027,0.38,-0.73,0.0661,0.1567,0.059
459,33.6393,255,4.6,0.465,0.2891,108,0.029,0.39,-0.80,0.0659,0.1576,0.054
460,6.2702,178,4.7,0.520,0.2906,116,0.027,0.27,-0.72,0.0670,0.1483,0.074
461,39.4769,220,4.7,0.510,0.2909,122,0.026,0.34,-0.73,0.0651,0.1468,0.079
462,29.5842,213,4.6,0.460,0.2939,128,0.024,0.33,-0.81,0.0636,0.1478,0.081
463,24.8570,205,4.5,0.525,0.2965,132,0.024,0.31,-0.71,0.0664,0.1468,0.080
464,32.3401,226,4.7,0.485,0.2972,122,0.026,0.35,-0.77,0.0665,0.1447,0.087
465,47.2004,235,4.8,0.480,0.2977,120,0.026,0.36,-0.78,0.0640,0.1495,0.081
466,33.7173,199,4.7,0.510,0.2990,122,0.026,0.31,-0.73,0.0644,0.1557,0.072
467,33.2411,214,4.7,0.495,0.2955,123,0.025,0.33,-0.76,0.0644,0.1469,0.082
468,40.9601,256,4.7,0.510,0.2959,123,0.025,0.39,-0.73,0.0663,0.1442,0.093
469,43.5423,292,4.5,0.485,0.2983,119,0.026,0.45,-0.77,0.0609,0.1433,0.100
470,18.6878,190,4.5,0.500,0.2992,126,0.025,0.29,-0.75,0.0675,0.1419,0.094
471,43.6130,220,4.5,0.485,0.2992,121,0.026,0.34,-0.77,0.0635,0.1398,0.086
472,38.6844,225,4.5,0.535,0.2951,128,0.024,0.35,-0.70,0.0687,0.1362,0.071
473,35.6314,226,4.6,0.430,0.2965,129,0.024,0.35,-0.86,0.0659,0.1453,0.066
474,27.2428,216,4.7,0.555,0.3005,122,0.026,0.33,-0.67,0.0676,0.1528,0.055
475,49.5104,236,4.6,0.415,0.3027,119,0.026,0.36,-0.88,0.0625,0.1481,0.056
476,28.7788,249,4.5,0.535,0.3014,124,0.025,0.38,-0.70,0.0662,0.1507,0.056
477,37.3860,209,4.6,0.485,0.2984,120,0.026,0.32,-0.77,0.0649,0.1460,0.068
478,38.8484,229,4.7,0.530,0.3011,122,0.026,0.35,-0.70,0.0638,0.1492,0.074
479,30.7714,229,4.5,0.445,0.3013,119,0.026,0.35,-0.83,0.0652,0.1456,0.081
480,39.6204,230,4.6,0.520,0.3022,119,0.026,0.35,-0.72,0.0658,0.1443,0.083
481,34.2452,252,4.6,0.495,0.3019,123,0.025,0.39,-0.76,0.0652,0.1459,0.088
482,31.2754,215,4.6,0.505,0.3041,115,0.027,0.33,-0.74,0.0654,0.1490,0.088
483,22.8876,216,4.7,0.470,0.3053,123,0.025,0.33,-0.80,0.0624,0.1448,0.101
484,27.1423,217,4.7,0.525,0.3062,121,0.026,0.33,-0.71,0.0618,0.1460,0.105
485,39.4851,217,4.6,0.475,0.3075,127,0.025,0.33,-0.79,0.0590,0.1372,0.104
486,31.6081,207,4.4,0.485,0.3094,130,0.024,0.32,-0.77,0.0684,0.1413,0.108
487,34.0213,247,4.5,0.510,0.3084,126,0.025,0.38,-0.73,0.0661,0.1492,0.090
488,39.7766,225,4.7,0.500,0.3047,125,0.025,0.35,-0.75,0.0672,0.1437,0.103
489,47.4634,243,4.7,0.500,0.3069,116,0.027,0.37,-0.75,0.0690,0.1518,0.096
490,38.3284,230,4.6,0.520,0.3073,109,0.029,0.35,-0.72,0.0668,0.1564,0.091
491,41.4134,274,4.5,0.450,0.3065,117,0.027,0.42,-0.83,0.0690,0.1589,0.091
492,15.9729,183,4.6,0.530,0.3081,117,0.027,0.28,-0.70,0.0689,0.1523,0.090
493,33.9053,194,4.5,0.485,0.3094,114,0.027,0.30,-0.77,0.0644,0.1514,0.096
494,31.5545,228,4.6,0.495,0.3111,127,0.025,0.35,-0.76,0.0618,0.1418,0.088
495,38.6300,248,4.5,0.510,0.3150,120,0.026,0.38,-0.73,0.0663,0.1389,0.077
496,26.2962,207,4.5,0.510,0.3126,125,0.025,0.32,-0.73,0.0636,0.1443,0.082
497,31.6006,196,4.6,0.465,0.3129,125,0.025,0.30,-0.80,0.0644,0.1420,0.089
498,16.0180,232,4.5,0.560,0.3124,124,0.025,0.36,-0.66,0.0679,0.1485,0.076
499,45.3948,234,4.6,0.420,0.3114,121,0.026,0.36,-0.87,0.0670,0.1515,0.045
500,28.8666,236,4.6,0.550,0.3091,123,0.025,0.36,-0.67,0.0634,0.1571,0.045
501,25.3430,209,4.6,0.505,0.3119,114,0.027,0.32,-0.74,0.0665,0.1633,0.052
502,33.3366,275,4.5,0.485,0.3127,116,0.027,0.42,-0.77,0.0625,0.1663,0.039
503,14.8337,197,4.5,0.510,0.3115,117,0.027,0.30,-0.73,0.0658,0.1646,0.032
504,44.5611,245,4.7,0.515,0.3116,120,0.026,0.38,-0.73,0.0630,0.1663,0.019
505,27.8786,195,4.6,0.460,0.3143,119,0.026,0.30,-0.81,0.0663,0.1639,0.020
506,32.5232,184,4.5,0.540,0.3124,117,0.027,0.28,-0.69,0.0606,0.1601,0.039
507,17.0122,213,4.7,0.465,0.3142,116,0.027,0.33,-0.80,0.0672,0.1521,0.033
508,23.2337,216,4.6,0.525,0.3154,128,0.024,0.33,-0.71,0.0670,0.1520,0.032
509,53.6587,228,4.6,0.465,0.3167,118,0.026,0.35,-0.80,0.0642,0.1515,0.038
510,25.9492,253,4.7,0.545,0.3125,121,0.026,0.39,-0.68,0.0697,0.1446,0.045
511,21.1927,238,4.7,0.460,0.3106,125,0.025,0.37,-0.81,0.0680,0.1442,0.037
512,23.0728,201,4.7,0.490,0.3112,125,0.025,0.31,-0.77,0.0641,0.1409,0.051
513,23.6964,206,4.7,0.475,0.3104,120,0.026,0.32,-0.79,0.0657,0.1346,0.045
514,39.9085,206,4.7,0.515,0.3144,118,0.026,0.32,-0.73,0.0674,0.1399,0.051
515,39.7710,288,4.6,0.470,0.3115,123,0.025,0.44,-0.80,0.0677,0.1357,0.050
516,14.7679,170,4.7,0.515,0.3109,114,0.027,0.26,-0.73,0.0661,0.1371,0.043
517,20.3606,208,4.8,0.460,0.3163,123,0.025,0.32,-0.81,0.0656,0.1402,0.056
518,16.9396,197,4.8,0.510,0.3125,123,0.025,0.30,-0.73,0.0656,0.1413,0.043
519,38.0657,230,4.7,0.470,0.3139,127,0.025,0.35,-0.80,0.0656,0.1392,0.048
520,34.7844,250,4.6,0.525,0.3138,118,0.026,0.38,-0.71,0.0666,0.1510,0.042
521,34.2147,231,4.6,0.440,0.3146,121,0.026,0.35,-0.84,0.0665,0.1515,0.047
522,24.8607,210,4.6,0.525,0.3101,124,0.025,0.32,-0.71,0.0651,0.1519,0.041
523,34.8426,237,4.7,0.480,0.3108,125,0.025,0.36,-0.78,0.0619,0.1529,0.041
524,29.7419,218,4.7,0.515,0.3147,124,0.025,0.33,-0.73,0.0654,0.1564,0.049
525,20.6205,185,4.6,0.495,0.3172,126,0.025,0.28,-0.76,0.0636,0.1613,0.041
526,29.0438,203,4.6,0.515,0.3150,123,0.025,0.31,-0.73,0.0653,0.1636,0.041
527,31.9863,259,4.6,0.485,0.3152,119,0.026,0.40,-0.77,0.0659,0.1583,0.042
528,18.3531,209,4.6,0.500,0.3120,115,0.027,0.32,-0.75,0.0663,0.1550,0.036
529,25.5139,217,4.6,0.495,0.3072,114,0.027,0.33,-0.76,0.0697,0.1493,0.030
530,28.8056,207,4.7,0.480,0.3063,111,0.028,0.32,-0.78,0.0664,0.1446,0.030
531,27.8613,216,4.7,0.495,0.3058,114,0.027,0.33,-0.76,0.0634,0.1493,0.031
532,36.3679,211,4.5,0.515,0.3043,123,0.025,0.33,-0.73,0.0671,0.1504,0.024
533,31.8583,206,4.6,0.485,0.3090,119,0.026,0.32,-0.77,0.0665,0.1450,0.049
534,24.4967,182,4.7,0.505,0.3104,122,0.026,0.28,-0.74,0.0658,0.1442,0.053
535,33.3922,231,4.6,0.505,0.3094,120,0.026,0.36,-0.74,0.0656,0.1423,0.048
536,39.8823,261,4.5,0.485,0.3118,118,0.026,0.40,-0.77,0.0674,0.1417,0.048
537,30.4474,239,4.6,0.525,0.3146,123,0.025,0.37,-0.71,0.0655,0.1439,0.047
538,20.4177,187,4.6,0.485,0.3113,133,0.023,0.29,-0.77,0.0653,0.1418,0.041
539,32.9483,190,4.6,0.485,0.3120,127,0.025,0.29,-0.77,0.0656,0.1420,0.041
540,45.8768,255,4.7,0.490,0.3079,124,0.025,0.39,-0.77,0.0649,0.1374,0.041
541,25.3541,224,4.7,0.480,0.3090,125,0.025,0.34,-0.78,0.0665,0.1357,0.054
542,33.6479,189,4.7,0.480,0.3065,120,0.026,0.29,-0.78,0.0656,0.1343,0.055
543,34.6468,250,4.7,0.515,0.3088,118,0.026,0.38,-0.73,0.0669,0.1426,0.042
544,46.6776,235,4.6,0.445,0.3086,120,0.026,0.36,-0.83,0.0666,0.1376,0.067
545,44.3296,245,4.7,0.540,0.3013,115,0.027,0.38,-0.69,0.0649,0.1451,0.055
546,30.1256,208,4.7,0.475,0.3076,120,0.026,0.32,-0.79,0.0677,0.1442,0.069
547,41.3351,221,4.6,0.505,0.3087,119,0.026,0.34,-0.74,0.0667,0.1441,0.070
548,30.7007,193,4.6,0.500,0.3096,126,0.025,0.30,-0.75,0.0680,0.1458,0.071
549,40.3738,220,4.6,0.500,0.3110,122,0.026,0.34,-0.75,0.0635,0.1452,0.052
550,33.4292,243,4.6,0.500,0.3082,124,0.025,0.37,-0.75,0.0650,0.1447,0.033
551,35.2890,176,4.8,0.450,0.3118,125,0.025,0.27,-0.83,0.0662,0.1486,0.033
552,26.3672,193,4.7,0.515,0.3096,119,0.026,0.30,-0.73,0.0648,0.1480,0.057
553,29.5342,294,4.6,0.515,0.3110,114,0.027,0.45,-0.73,0.0676,0.1432,0.065
554,20.9850,182,4.6,0.475,0.3111,124,0.025,0.28,-0.79,0.0671,0.1419,0.052
555,42.1982,215,4.6,0.510,0.3095,118,0.026,0.33,-0.73,0.0675,0.1426,0.046
556,34.6781,214,4.6,0.485,0.3104,117,0.027,0.33,-0.77,0.0666,0.1421,0.052
557,30.4541,258,4.6,0.510,0.3105,121,0.026,0.40,-0.73,0.0643,0.1392,0.046
558,34.5349,219,4.5,0.500,0.3091,121,0.026,0.34,-0.75,0.0696,0.1379,0.045
559,44.7708,263,4.5,0.475,0.3095,122,0.026,0.40,-0.79,0.0669,0.1403,0.052
560,19.7646,235,4.6,0.515,0.3087,115,0.027,0.36,-0.73,0.0679,0.1434,0.066
561,22.8350,199,4.6,0.460,0.3112,120,0.026,0.31,-0.81,0.0665,0.1490,0.085
562,32.1542,198,4.6,0.520,0.3151,120,0.026,0.30,-0.72,0.0645,0.1420,0.084
563,19.6147,221,4.8,0.485,0.3140,120,0.026,0.34,-0.77,0.0628,0.1425,0.090
564,14.8046,217,4.7,0.510,0.3136,116,0.027,0.33,-0.73,0.0652,0.1381,0.076
565,22.2152,187,4.6,0.480,0.3128,126,0.025,0.29,-0.78,0.0682,0.1487,0.044
566,16.3572,203,4.6,0.535,0.3135,124,0.025,0.31,-0.70,0.0661,0.1496,0.045
567,50.1683,218,4.5,0.455,0.3135,119,0.026,0.34,-0.82,0.0647,0.1498,0.045
568,37.1237,232,4.6,0.515,0.3123,115,0.027,0.36,-0.73,0.0668,0.1495,0.046
569,32.6773,237,4.6,0.455,0.3128,116,0.027,0.36,-0.82,0.0669,0.1405,0.041
570,24.3125,248,4.5,0.555,0.3127,121,0.026,0.38,-0.67,0.0628,0.1455,0.027
571,29.5737,200,4.7,0.480,0.3142,122,0.026,0.31,-0.78,0.0667,0.1560,0.020
572,17.3611,196,4.7,0.485,0.3142,131,0.024,0.30,-0.77,0.0672,0.1533,0.047
573,29.4408,220,4.7,0.465,0.3129,119,0.026,0.34,-0.80,0.0691,0.1554,0.054
574,48.3497,258,4.6,0.515,0.3124,118,0.026,0.40,-0.73,0.0668,0.1539,0.072
575,39.4438,237,4.6,0.495,0.3066,126,0.025,0.36,-0.76,0.0683,0.1521,0.073
576,36.6082,222,4.5,0.485,0.3071,123,0.025,0.34,-0.77,0.0679,0.1517,0.059
577,39.8984,227,4.5,0.495,0.3051,124,0.025,0.35,-0.76,0.0652,0.1501,0.065
578,28.2319,253,4.5,0.465,0.3103,120,0.026,0.39,-0.80,0.0662,0.1493,0.079
579,29.3014,218,4.7,0.490,0.3112,118,0.026,0.33,-0.77,0.0645,0.1495,0.067
580,43.2209,216,4.6,0.525,0.3091,123,0.025,0.33,-0.71,0.0684,0.1533,0.047
581,56.5401,243,4.5,0.475,0.3113,118,0.026,0.37,-0.79,0.0679,0.1588,0.046
582,42.1318,254,4.5,0.520,0.3094,122,0.026,0.39,-0.72,0.0606,0.1512,0.045
583,23.0303,230,4.5,0.500,0.3099,123,0.025,0.35,-0.75,0.0647,0.1504,0.051
584,51.1683,214,4.7,0.455,0.3096,123,0.025,0.33,-0.82,0.0620,0.1538,0.045
585,26.2800,202,4.8,0.490,0.3115,117,0.027,0.31,-0.77,0.0652,0.1578,0.037
586,24.8793,202,4.8,0.515,0.3095,126,0.025,0.31,-0.73,0.0687,0.1539,0.043
587,42.0264,267,4.7,0.460,0.3041,122,0.026,0.41,-0.81,0.0647,0.1511,0.049
588,10.1414,192,4.6,0.520,0.3103,118,0.026,0.30,-0.72,0.0697,0.1520,0.062
589,53.8397,226,4.6,0.425,0.3102,119,0.026,0.35,-0.86,0.0638,0.1573,0.062
590,24.4804,202,4.7,0.550,0.3106,119,0.026,0.31,-0.67,0.0650,0.1541,0.064
591,45.4036,247,4.8,0.465,0.3113,120,0.026,0.38,-0.80,0.0691,0.1454,0.057
592,47.4635,258,4.7,0.505,0.3096,121,0.026,0.40,-0.74,0.0680,0.1465,0.057
593,33.0449,250,4.6,0.475,0.3097,120,0.026,0.38,-0.79,0.0672,0.1441,0.046
594,28.3410,225,4.6,0.480,0.3132,118,0.026,0.35,-0.78,0.0672,0.1447,0.032
595,47.5139,213,4.6,0.495,0.3101,118,0.026,0.33,-0.76,0.0648,0.1399,0.026
596,36.7322,200,4.7,0.505,0.3083,125,0.025,0.31,-0.74,0.0652,0.1398,0.039
597,21.5677,210,4.8,0.510,0.3108,126,0.025,0.32,-0.73,0.0635,0.1405,0.045
598,38.5327,235,4.7,0.485,0.3080,126,0.025,0.36,-0.77,0.0643,0.1369,0.051
599,28.4599,216,4.6,0.495,0.3071,123,0.025,0.33,-0.76,0.0678,0.1357,0.061
600,34.7800,242,4.5,0.500,0.3107,116,0.027,0.37,-0.75,0.0671,0.1346,0.061
601,44.8605,224,4.7,0.505,0.3126,124,0.025,0.34,-0.74,0.0679,0.1412,0.073
602,37.3683,221,4.7,0.490,0.3120,122,0.026,0.34,-0.77,0.0645,0.1434,0.073
603,33.0486,223,4.6,0.480,0.3112,123,0.025,0.34,-0.78,0.0643,0.1415,0.072
604,28.4044,255,4.5,0.550,0.3092,123,0.025,0.39,-0.67,0.0631,0.1390,0.063
605,30.5435,211,4.6,0.425,0.3110,125,0.025,0.32,-0.86,0.0638,0.1414,0.057
606,31.9106,195,4.7,0.575,0.3074,125,0.025,0.30,-0.64,0.0667,0.1442,0.067
607,42.5890,242,4.6,0.420,0.3052,123,0.025,0.37,-0.87,0.0668,0.1465,0.062
608,35.2477,241,4.6,0.555,0.3086,124,0.025,0.37,-0.67,0.0674,0.1438,0.057
609,50.3764,251,4.7,0.425,0.3053,110,0.028,0.39,-0.86,0.0637,0.1379,0.058
610,30.4430,262,4.6,0.545,0.3036,123,0.025,0.40,-0.68,0.0691,0.1307,0.053
611,40.1128,244,4.6,0.440,0.3038,120,0.026,0.38,-0.84,0.0662,0.1332,0.052
612,20.1841,226,4.5,0.535,0.3009,127,0.025,0.35,-0.70,0.0633,0.1343,0.045
613,44.0565,228,4.6,0.435,0.3017,124,0.025,0.35,-0.85,0.0617,0.1309,0.052
614,40.3202,226,4.7,0.560,0.3008,126,0.025,0.35,-0.66,0.0629,0.1356,0.045
615,55.5420,232,4.7,0.415,0.3013,123,0.025,0.36,-0.88,0.0646,0.1368,0.045
616,35.3507,252,4.6,0.565,0.3050,124,0.025,0.39,-0.65,0.0692,0.1346,0.033
617,29.8675,231,4.4,0.445,0.3095,112,0.028,0.36,-0.83,0.0674,0.1437,0.059
618,32.4235,214,4.4,0.535,0.3086,114,0.027,0.33,-0.70,0.0640,0.1438,0.072
619,37.2304,215,4.5,0.435,0.3103,122,0.026,0.33,-0.85,0.0678,0.1359,0.079
620,34.5322,195,4.5,0.540,0.3096,124,0.025,0.30,-0.69,0.0667,0.1387,0.074
621,28.5185,255,4.6,0.450,0.3125,117,0.027,0.39,-0.83,0.0651,0.1376,0.067
622,42.2186,199,4.7,0.510,0.3103,116,0.027,0.31,-0.73,0.0636,0.1417,0.080
623,46.3896,232,4.7,0.480,0.3114,120,0.026,0.36,-0.78,0.0654,0.1351,0.079
624,40.6508,259,4.5,0.485,0.3147,121,0.026,0.40,-0.77,0.0653,0.1341,0.072
625,27.0054,249,4.6,0.485,0.3121,122,0.026,0.38,-0.77,0.0667,0.1231,0.079
626,38.7721,187,4.6,0.505,0.3136,119,0.026,0.29,-0.74,0.0637,0.1326,0.067
627,42.6142,240,4.6,0.485,0.3188,122,0.026,0.37,-0.77,0.0666,0.1363,0.073
628,48.4864,231,4.7,0.495,0.3134,120,0.026,0.36,-0.76,0.0650,0.1307,0.079
629,32.4182,252,4.6,0.485,0.3084,120,0.026,0.39,-0.77,0.0636,0.1314,0.079
630,32.7638,228,4.6,0.510,0.3114,114,0.027,0.35,-0.73,0.0649,0.1288,0.079
631,48.5437,259,4.6,0.470,0.3119,110,0.028,0.40,-0.80,0.0646,0.1351,0.071
632,33.8553,238,4.5,0.500,0.3124,119,0.026,0.37,-0.75,0.0643,0.1461,0.069
633,36.8472,244,4.6,0.530,0.3141,127,0.025,0.38,-0.70,0.0665,0.1496,0.074
634,23.3068,188,4.9,0.460,0.3134,126,0.025,0.29,-0.81,0.0639,0.1500,0.075
635,30.8380,223,4.8,0.485,0.3137,123,0.025,0.34,-0.77,0.0677,0.1560,0.063
636,25.5407,205,4.8,0.505,0.3121,117,0.027,0.31,-0.74,0.0670,0.1537,0.077
637,33.5204,225,4.6,0.510,0.3099,118,0.026,0.35,-0.73,0.0689,0.1586,0.061
638,33.9430,239,4.6,0.485,0.3120,115,0.027,0.37,-0.77,0.0675,0.1564,0.062
639,21.4371,201,4.7,0.505,0.3142,118,0.026,0.31,-0.74,0.0679,0.1545,0.045
640,33.4358,233,4.6,0.465,0.3120,114,0.027,0.36,-0.80,0.0702,0.1590,0.032
641,31.9881,200,4.6,0.545,0.3156,122,0.026,0.31,-0.68,0.0670,0.1605,0.019
642,26.0855,211,4.6,0.455,0.3149,111,0.028,0.32,-0.82,0.0644,0.1571,0.019
643,21.3697,206,4.7,0.530,0.3174,117,0.027,0.32,-0.70,0.0649,0.1574,0.031
644,39.0759,217,4.6,0.480,0.3196,124,0.025,0.33,-0.78,0.0639,0.1546,0.052
645,26.8667,192,4.7,0.455,0.3185,123,0.025,0.30,-0.82,0.0649,0.1476,0.053
646,23.8247,270,4.7,0.505,0.3138,121,0.026,0.41,-0.74,0.0641,0.1477,0.039
647,32.4991,223,4.6,0.495,0.3118,116,0.027,0.34,-0.76,0.0658,0.1539,0.051
648,24.6472,212,4.6,0.485,0.3131,115,0.027,0.33,-0.77,0.0619,0.1602,0.063
649,40.8588,203,4.5,0.475,0.3095,117,0.027,0.31,-0.79,0.0671,0.1585,0.071
650,45.1407,276,4.5,0.505,0.3123,118,0.026,0.42,-0.74,0.0666,0.1563,0.069
651,28.1071,208,4.5,0.480,0.3114,118,0.026,0.32,-0.78,0.0650,0.1494,0.079
652,29.5386,228,4.5,0.530,0.3105,121,0.026,0.35,-0.70,0.0645,0.1473,0.075
653,30.6178,202,4.7,0.465,0.3122,121,0.026,0.31,-0.80,0.0653,0.1455,0.081
654,31.3750,222,4.6,0.510,0.3112,126,0.025,0.34,-0.73,0.0681,0.1502,0.062
655,29.7695,195,4.7,0.465,0.3101,122,0.026,0.30,-0.80,0.0655,0.1402,0.077
656,42.7949,227,4.7,0.520,0.3094,121,0.026,0.35,-0.72,0.0675,0.1386,0.088
657,27.0020,224,4.7,0.475,0.3088,123,0.025,0.34,-0.79,0.0686,0.1455,0.082
658,59.8399,230,4.7,0.535,0.3110,119,0.026,0.35,-0.70,0.0691,0.1486,0.084
659,20.2273,247,4.6,0.480,0.3082,121,0.026,0.38,-0.78,0.0665,0.1529,0.064
660,33.6189,226,4.6,0.505,0.3068,124,0.025,0.35,-0.74,0.0630,0.1469,0.070
661,44.6099,224,4.5,0.500,0.3087,127,0.025,0.34,-0.75,0.0662,0.1447,0.070
662,34.2436,235,4.6,0.450,0.3131,119,0.026,0.36,-0.83,0.0661,0.1445,0.075
663,43.2979,275,4.8,0.515,0.3160,125,0.025,0.42,-0.73,0.0654,0.1443,0.085
664,45.2213,227,4.8,0.455,0.3091,121,0.026,0.35,-0.82,0.0658,0.1389,0.076
665,36.9188,237,4.6,0.520,0.3118,124,0.025,0.36,-0.72,0.0666,0.1489,0.051
666,36.1106,225,4.6,0.485,0.3152,121,0.026,0.35,-0.77,0.0704,0.1511,0.051
667,42.3864,224,4.5,0.510,0.3108,124,0.025,0.34,-0.73,0.0633,0.1515,0.064
668,39.8241,215,4.6,0.470,0.3129,124,0.025,0.33,-0.80,0.0655,0.1497,0.066
669,39.0880,223,4.7,0.515,0.3098,123,0.025,0.34,-0.73,0.0669,0.1514,0.079
670,35.7662,209,4.7,0.420,0.3104,118,0.026,0.32,-0.87,0.0648,0.1537,0.092
671,23.5505,227,4.7,0.540,0.3099,124,0.025,0.35,-0.69,0.0670,0.1553,0.099
672,31.7561,227,4.6,0.425,0.3113,119,0.026,0.35,-0.86,0.0644,0.1633,0.098
673,26.2784,209,4.6,0.565,0.3079,123,0.025,0.32,-0.65,0.0698,0.1550,0.107
674,25.2284,192,4.6,0.425,0.3091,126,0.025,0.30,-0.86,0.0681,0.1526,0.107
675,32.4071,213,4.6,0.540,0.3125,123,0.025,0.33,-0.69,0.0671,0.1505,0.089
676,35.1186,214,4.6,0.520,0.3133,124,0.025,0.33,-0.72,0.0650,0.1529,0.076
677,29.6588,211,4.6,0.485,0.3095,115,0.027,0.32,-0.77,0.0631,0.1404,0.070
678,22.6270,235,4.7,0.510,0.3122,119,0.026,0.36,-0.73,0.0674,0.1350,0.062
679,21.5781,209,4.7,0.475,0.3076,116,0.027,0.32,-0.79,0.0657,0.1414,0.056
680,31.9141,220,4.7,0.520,0.3073,122,0.026,0.34,-0.72,0.0647,0.1322,0.049
681,36.7781,207,4.6,0.455,0.3103,124,0.025,0.32,-0.82,0.0668,0.1290,0.063
682,30.5066,234,4.5,0.515,0.3128,124,0.025,0.36,-0.73,0.0659,0.1333,0.068
683,21.4959,225,4.5,0.445,0.3151,124,0.025,0.35,-0.83,0.0653,0.1327,0.068
684,27.0439,241,4.5,0.545,0.3115,114,0.027,0.37,-0.68,0.0659,0.1429,0.074
685,50.9817,205,4.7,0.460,0.3108,126,0.025,0.32,-0.81,0.0632,0.1385,0.093
686,44.2652,213,4.5,0.550,0.3109,122,0.026,0.33,-0.67,0.0648,0.1390,0.087
687,38.6920,206,4.6,0.465,0.3125,120,0.026,0.32,-0.80,0.0640,0.1462,0.046
688,36.5268,257,4.6,0.500,0.3084,125,0.025,0.40,-0.75,0.0666,0.1436,0.046
689,32.6623,241,4.7,0.465,0.3059,126,0.025,0.37,-0.80,0.0640,0.1368,0.052
690,22.3313,221,4.4,0.525,0.3105,116,0.027,0.34,-0.71,0.0675,0.1426,0.058
691,50.2312,225,4.5,0.430,0.3125,125,0.025,0.35,-0.86,0.0674,0.1408,0.051
692,29.0216,242,4.7,0.570,0.3096,119,0.026,0.37,-0.65,0.0676,0.1396,0.053
693,27.6278,189,4.7,0.415,0.3091,110,0.028,0.29,-0.88,0.0654,0.1440,0.059
694,21.2392,226,4.5,0.580,0.3089,121,0.026,0.35,-0.63,0.0660,0.1444,0.045
695,36.5359,250,4.6,0.420,0.3128,128,0.024,0.38,-0.87,0.0644,0.1554,0.038
696,35.8686,218,4.5,0.575,0.3103,121,0.026,0.33,-0.64,0.0684,0.1558,0.051
697,41.8874,277,4.5,0.395,0.3079,124,0.025,0.43,-0.91,0.0650,0.1508,0.050
698,28.6312,231,4.6,0.570,0.3104,123,0.025,0.36,-0.65,0.0677,0.1518,0.068
699,42.6251,217,4.6,0.390,0.3144,117,0.027,0.33,-0.92,0.0690,0.1457,0.063
700,30.0729,229,4.7,0.580,0.3156,119,0.026,0.35,-0.63,0.0662,0.1500,0.056
701,27.4713,253,4.6,0.395,0.3099,113,0.028,0.39,-0.91,0.0673,0.1466,0.056
702,6.0173,210,4.7,0.585,0.3112,123,0.025,0.32,-0.62,0.0655,0.1391,0.058
703,42.6591,209,4.6,0.445,0.3089,122,0.026,0.32,-0.83,0.0655,0.1443,0.061
704,56.1390,225,4.6,0.515,0.3099,117,0.027,0.35,-0.73,0.0628,0.1451,0.069
705,21.4812,229,4.7,0.455,0.3094,120,0.026,0.35,-0.82,0.0638,0.1442,0.083
706,41.4979,205,4.6,0.505,0.3004,122,0.026,0.32,-0.74,0.0633,0.1458,0.081
707,35.4365,267,4.7,0.465,0.3015,114,0.027,0.41,-0.80,0.0665,0.1524,0.088
708,17.4195,174,4.7,0.485,0.3055,121,0.026,0.27,-0.77,0.0674,0.1475,0.106
709,45.5713,219,4.7,0.470,0.3050,118,0.026,0.34,-0.80,0.0668,0.1468,0.084
710,34.1989,272,4.7,0.510,0.3093,120,0.026,0.42,-0.73,0.0679,0.1442,0.096
711,34.9097,195,4.7,0.510,0.3071,128,0.024,0.30,-0.73,0.0665,0.1402,0.091
712,35.2181,279,4.7,0.465,0.3064,114,0.027,0.43,-0.80,0.0656,0.1396,0.085
713,38.0539,202,4.5,0.505,0.3092,111,0.028,0.31,-0.74,0.0645,0.1340,0.078
714,47.5290,259,4.5,0.495,0.3063,108,0.029,0.40,-0.76,0.0661,0.1280,0.087
715,38.6674,224,4.6,0.470,0.3043,118,0.026,0.34,-0.80,0.0690,0.1419,0.053
716,42.2724,244,4.7,0.470,0.3057,123,0.025,0.37,-0.80,0.0691,0.1360,0.046
717,22.8157,228,4.7,0.530,0.3088,133,0.023,0.35,-0.70,0.0680,0.1396,0.048
718,40.0295,270,4.6,0.465,0.3082,126,0.025,0.41,-0.80,0.0690,0.1526,0.056
719,33.2508,219,4.6,0.510,0.3090,121,0.026,0.34,-0.73,0.0691,0.1513,0.071
720,48.2303,244,4.7,0.485,0.3060,119,0.026,0.38,-0.77,0.0650,0.1508,0.071
721,34.4862,225,4.8,0.505,0.2996,119,0.026,0.35,-0.74,0.0663,0.1424,0.074
722,27.8546,280,4.5,0.465,0.3042,117,0.027,0.43,-0.80,0.0630,0.1502,0.062
723,30.3587,194,4.5,0.505,0.3039,121,0.026,0.30,-0.74,0.0661,0.1518,0.074
724,36.2351,224,4.6,0.510,0.3075,117,0.027,0.34,-0.73,0.0644,0.1417,0.081
725,30.5952,218,4.6,0.485,0.3102,123,0.025,0.33,-0.77,0.0677,0.1418,0.065
726,48.3947,276,4.5,0.480,0.3100,124,0.025,0.42,-0.78,0.0662,0.1387,0.076
727,32.5505,233,4.6,0.505,0.3069,119,0.026,0.36,-0.74,0.0658,0.1386,0.075
728,32.1790,192,4.7,0.490,0.3069,119,0.026,0.29,-0.77,0.0689,0.1387,0.070
729,26.3946,203,4.7,0.500,0.3100,121,0.026,0.31,-0.75,0.0674,0.1441,0.061
730,23.5657,213,4.7,0.480,0.3109,122,0.026,0.33,-0.78,0.0664,0.1464,0.080
731,31.4430,212,4.7,0.495,0.3113,121,0.026,0.33,-0.76,0.0657,0.1437,0.091
732,44.0256,226,4.7,0.480,0.3089,121,0.026,0.35,-0.78,0.0660,0.1363,0.097
733,23.9922,213,4.6,0.515,0.3123,125,0.025,0.33,-0.73,0.0635,0.1372,0.098
734,26.8751,208,4.5,0.480,0.3185,123,0.025,0.32,-0.78,0.0668,0.1472,0.075
735,33.9253,237,4.5,0.475,0.3167,124,0.025,0.36,-0.79,0.0681,0.1540,0.058
736,46.2072,251,4.6,0.465,0.3166,118,0.026,0.39,-0.80,0.0641,0.1427,0.070
737,25.4460,228,4.7,0.480,0.3170,118,0.026,0.35,-0.78,0.0664,0.1403,0.073
738,29.4195,220,4.6,0.510,0.3168,122,0.026,0.34,-0.73,0.0663,0.1386,0.083
739,40.1521,226,4.5,0.460,0.3158,125,0.025,0.35,-0.81,0.0671,0.1395,0.075
740,35.2952,229,4.4,0.510,0.3164,114,0.027,0.35,-0.73,0.0660,0.1404,0.081
741,49.1574,219,4.5,0.465,0.3182,118,0.026,0.34,-0.80,0.0705,0.1430,0.074
742,41.7645,260,4.5,0.510,0.3143,118,0.026,0.40,-0.73,0.0641,0.1449,0.071
743,26.0194,222,4.7,0.450,0.3148,122,0.026,0.34,-0.83,0.0650,0.1408,0.089
744,37.2520,202,4.7,0.505,0.3204,120,0.026,0.31,-0.74,0.0664,0.1434,0.088
745,35.6878,231,4.7,0.475,0.3184,122,0.026,0.35,-0.79,0.0662,0.1400,0.070
746,25.4939,228,4.6,0.540,0.3180,122,0.026,0.35,-0.69,0.0629,0.1346,0.087
747,40.3477,228,4.6,0.470,0.3156,125,0.025,0.35,-0.80,0.0651,0.1397,0.076
748,24.2318,216,4.7,0.475,0.3138,125,0.025,0.33,-0.79,0.0674,0.1328,0.073
749,41.8299,213,4.7,0.500,0.3199,123,0.025,0.33,-0.75,0.0670,0.1456,0.065
750,57.0540,260,4.7,0.440,0.3228,121,0.026,0.40,-0.84,0.0663,0.1456,0.052
751,26.0930,214,4.7,0.525,0.3211,124,0.025,0.33,-0.71,0.0651,0.1459,0.058
752,41.6717,217,4.7,0.450,0.3223,121,0.026,0.33,-0.83,0.0646,0.1428,0.063
753,31.6458,207,4.6,0.510,0.3222,119,0.026,0.32,-0.73,0.0672,0.1342,0.054
754,29.8005,237,4.6,0.460,0.3209,117,0.027,0.36,-0.81,0.0697,0.1404,0.054
755,37.9055,195,4.7,0.500,0.3169,121,0.026,0.30,-0.75,0.0651,0.1379,0.061
756,40.2791,214,4.7,0.465,0.3187,116,0.027,0.33,-0.80,0.0655,0.1351,0.075
757,30.9545,204,4.5,0.515,0.3224,124,0.025,0.31,-0.73,0.0663,0.1385,0.076
758,29.6668,221,4.6,0.485,0.3205,127,0.025,0.34,-0.77,0.0653,0.1372,0.077
759,38.8181,204,4.6,0.495,0.3209,123,0.025,0.31,-0.76,0.0678,0.1419,0.075
760,24.0805,200,4.7,0.445,0.3181,120,0.026,0.31,-0.83,0.0665,0.1353,0.077
761,24.1977,186,4.5,0.520,0.3203,115,0.027,0.29,-0.72,0.0667,0.1279,0.065
762,29.3549,204,4.6,0.460,0.3216,109,0.029,0.31,-0.81,0.0641,0.1279,0.079
763,31.7126,201,4.6,0.520,0.3204,122,0.026,0.31,-0.72,0.0672,0.1339,0.071
764,35.3253,244,4.7,0.450,0.3187,119,0.026,0.37,-0.83,0.0686,0.1405,0.078
765,28.8012,220,4.6,0.540,0.3150,123,0.025,0.34,-0.69,0.0647,0.1332,0.061
766,43.3324,238,4.5,0.445,0.3158,114,0.027,0.37,-0.83,0.0642,0.1373,0.067
767,34.3498,192,4.6,0.500,0.3135,118,0.026,0.29,-0.75,0.0685,0.1391,0.056
768,47.3130,221,4.6,0.480,0.3151,122,0.026,0.34,-0.78,0.0664,0.1386,0.077
769,19.3581,205,4.7,0.510,0.3159,120,0.026,0.32,-0.73,0.0681,0.1397,0.081
770,24.6657,181,4.6,0.450,0.3190,120,0.026,0.28,-0.83,0.0636,0.1467,0.079
771,30.8940,226,4.7,0.520,0.3179,114,0.027,0.35,-0.72,0.0626,0.1547,0.070
772,39.1674,227,4.7,0.440,0.3175,117,0.027,0.35,-0.84,0.0677,0.1484,0.058
773,27.7201,242,4.7,0.510,0.3162,122,0.026,0.37,-0.73,0.0697,0.1415,0.057
774,44.5739,224,4.6,0.470,0.3099,116,0.027,0.34,-0.80,0.0683,0.1311,0.075
775,30.4779,224,4.6,0.495,0.3121,120,0.026,0.34,-0.76,0.0668,0.1346,0.083
776,44.0787,228,4.6,0.475,0.3087,119,0.026,0.35,-0.79,0.0656,0.1354,0.074
777,37.1692,230,4.6,0.475,0.3136,118,0.026,0.35,-0.79,0.0662,0.1317,0.076
778,27.7067,196,4.6,0.475,0.3170,118,0.026,0.30,-0.79,0.0667,0.1384,0.081
779,37.6266,208,4.6,0.520,0.3189,123,0.025,0.32,-0.72,0.0654,0.1381,0.088
780,32.2989,261,4.7,0.480,0.3155,123,0.025,0.40,-0.78,0.0669,0.1354,0.068
781,35.5668,240,4.7,0.510,0.3130,126,0.025,0.37,-0.73,0.0650,0.1316,0.063
782,40.7310,253,4.6,0.465,0.3154,115,0.027,0.39,-0.80,0.0633,0.1325,0.062
783,39.1108,251,4.5,0.515,0.3140,120,0.026,0.39,-0.73,0.0634,0.1337,0.062
784,34.2475,228,4.5,0.475,0.3162,120,0.026,0.35,-0.79,0.0645,0.1375,0.068
785,31.2478,204,4.7,0.490,0.3190,117,0.027,0.31,-0.77,0.0662,0.1321,0.071
786,31.8422,233,4.7,0.470,0.3145,121,0.026,0.36,-0.80,0.0654,0.1312,0.059
787,42.6168,228,4.7,0.490,0.3123,117,0.027,0.35,-0.77,0.0684,0.1409,0.050
788,38.1360,233,4.6,0.500,0.3143,114,0.027,0.36,-0.75,0.0663,0.1482,0.049
789,37.7763,191,4.7,0.480,0.3142,111,0.028,0.29,-0.78,0.0666,0.1516,0.021
790,29.3719,226,4.7,0.510,0.3156,118,0.026,0.35,-0.73,0.0642,0.1436,0.014
791,43.0334,227,4.5,0.480,0.3143,115,0.027,0.35,-0.78,0.0685,0.1498,0.020
792,32.3118,249,4.6,0.485,0.3161,116,0.027,0.38,-0.77,0.0658,0.1535,0.032
793,33.0048,233,4.6,0.515,0.3215,123,0.025,0.36,-0.73,0.0662,0.1551,0.032
794,28.9593,205,4.6,0.480,0.3221,123,0.025,0.31,-0.78,0.0664,0.1543,0.037
795,32.5432,215,4.5,0.485,0.3229,120,0.026,0.33,-0.77,0.0643,0.1562,0.045
796,46.1310,260,4.6,0.465,0.3239,119,0.026,0.40,-0.80,0.0679,0.1628,0.052
797,36.6408,206,4.8,0.530,0.3229,120,0.026,0.32,-0.70,0.0637,0.1576,0.057
798,28.7700,259,4.6,0.465,0.3162,124,0.025,0.40,-0.80,0.0674,0.1579,0.050
799,27.6625,200,4.7,0.500,0.3148,122,0.026,0.31,-0.75,0.0692,0.1454,0.046
800,41.2429,209,4.7,0.450,0.3134,119,0.026,0.32,-0.83,0.0654,0.1483,0.027
801,40.6692,213,4.6,0.525,0.3148,116,0.027,0.33,-0.71,0.0679,0.1472,0.026
802,32.3022,235,4.4,0.415,0.3167,124,0.025,0.36,-0.88,0.0617,0.1417,0.033
803,38.1315,198,4.6,0.565,0.3153,124,0.025,0.30,-0.65,0.0618,0.1504,0.039
804,45.0134,238,4.7,0.405,0.3178,119,0.026,0.37,-0.89,0.0645,0.1492,0.033
805,21.7079,206,4.7,0.570,0.3192,118,0.026,0.32,-0.65,0.0634,0.1489,0.027
806,46.8192,237,4.7,0.390,0.3201,122,0.026,0.36,-0.92,0.0666,0.1519,0.055
807,15.8250,235,4.5,0.560,0.3121,123,0.025,0.36,-0.66,0.0655,0.1486,0.041
808,31.4559,189,4.6,0.415,0.3082,118,0.026,0.29,-0.88,0.0681,0.1390,0.035
809,39.5499,207,4.6,0.545,0.3128,127,0.025,0.32,-0.68,0.0652,0.1403,0.035
810,24.9211,205,4.6,0.405,0.3207,123,0.025,0.31,-0.89,0.0697,0.1431,0.026
811,38.2818,222,4.5,0.570,0.3225,123,0.025,0.34,-0.65,0.0652,0.1438,0.039
812,37.2268,219,4.6,0.395,0.3244,124,0.025,0.34,-0.91,0.0665,0.1467,0.038
813,42.4838,215,4.7,0.545,0.3212,125,0.025,0.33,-0.68,0.0673,0.1541,0.025
814,18.6258,222,4.7,0.450,0.3198,120,0.026,0.34,-0.83,0.0660,0.1530,0.025
815,21.4315,196,4.5,0.520,0.3167,119,0.026,0.30,-0.72,0.0690,0.1541,0.032
816,35.1859,251,4.5,0.510,0.3106,125,0.025,0.39,-0.73,0.0691,0.1580,0.062
817,36.6087,209,4.6,0.485,0.3114,119,0.026,0.32,-0.77,0.0663,0.1547,0.070
818,22.0712,227,4.5,0.515,0.3159,121,0.026,0.35,-0.73,0.0688,0.1469,0.074
819,58.8038,239,4.5,0.460,0.3161,120,0.026,0.37,-0.81,0.0708,0.1500,0.069
820,27.4986,242,4.6,0.535,0.3154,123,0.025,0.37,-0.70,0.0644,0.1547,0.043
821,23.1232,176,4.6,0.465,0.3137,122,0.026,0.27,-0.80,0.0712,0.1474,0.043
822,25.2916,229,4.5,0.530,0.3134,118,0.026,0.35,-0.70,0.0630,0.1506,0.048
823,30.5684,220,4.6,0.445,0.3157,118,0.026,0.34,-0.83,0.0660,0.1488,0.037
824,24.3250,209,4.6,0.525,0.3160,121,0.026,0.32,-0.71,0.0635,0.1496,0.031
825,42.9017,224,4.5,0.440,0.3148,124,0.025,0.34,-0.84,0.0633,0.1538,0.019
826,35.3070,217,4.5,0.545,0.3164,119,0.026,0.33,-0.68,0.0660,0.1548,0.025
827,48.0036,231,4.5,0.440,0.3207,122,0.026,0.35,-0.84,0.0638,0.1512,0.019
828,22.5934,219,4.6,0.525,0.3256,126,0.025,0.34,-0.71,0.0678,0.1455,0.007
829,41.1666,194,4.6,0.445,0.3226,118,0.026,0.30,-0.83,0.0675,0.1426,0.013
830,29.8843,222,4.5,0.540,0.3212,117,0.027,0.34,-0.69,0.0686,0.1364,0.026
831,34.4708,190,4.6,0.440,0.3185,124,0.025,0.29,-0.84,0.0651,0.1418,0.020
832,39.1992,245,4.7,0.550,0.3131,124,0.025,0.38,-0.67,0.0679,0.1374,0.032
833,25.2357,193,4.7,0.465,0.3150,119,0.026,0.30,-0.80,0.0646,0.1402,0.045
834,46.0816,242,4.7,0.525,0.3152,119,0.026,0.37,-0.71,0.0660,0.1424,0.058
835,46.1458,267,4.6,0.410,0.3180,124,0.025,0.41,-0.89,0.0676,0.1425,0.060
836,30.0841,191,4.8,0.525,0.3231,121,0.026,0.29,-0.71,0.0725,0.1436,0.049
837,35.6754,219,4.7,0.440,0.3212,116,0.027,0.34,-0.84,0.0683,0.1379,0.050
838,29.7615,206,4.6,0.535,0.3167,117,0.027,0.32,-0.70,0.0641,0.1314,0.054
839,49.6913,250,4.7,0.420,0.3154,123,0.025,0.38,-0.87,0.0701,0.1418,0.055
840,47.0931,266,4.7,0.510,0.3209,115,0.027,0.41,-0.73,0.0694,0.1456,0.064
841,50.7033,242,4.7,0.470,0.3245,118,0.026,0.37,-0.80,0.0656,0.1459,0.062
842,35.8080,222,4.6,0.530,0.3229,127,0.025,0.34,-0.70,0.0663,0.1371,0.046
843,36.3071,209,4.7,0.425,0.3195,118,0.026,0.32,-0.86,0.0631,0.1330,0.060
844,42.8431,229,4.7,0.540,0.3183,122,0.026,0.35,-0.69,0.0639,0.1437,0.066
845,34.3647,258,4.5,0.440,0.3184,113,0.028,0.40,-0.84,0.0653,0.1436,0.065
846,25.4831,190,4.5,0.540,0.3176,123,0.025,0.29,-0.69,0.0662,0.1446,0.060
847,34.3579,209,4.6,0.460,0.3160,122,0.026,0.32,-0.81,0.0671,0.1401,0.069
848,37.9088,232,4.7,0.510,0.3128,127,0.025,0.36,-0.73,0.0648,0.1506,0.062
849,47.4652,249,4.5,0.445,0.3128,122,0.026,0.38,-0.83,0.0697,0.1495,0.053
850,41.7019,235,4.6,0.505,0.3081,113,0.028,0.36,-0.74,0.0681,0.1358,0.066
851,23.8876,213,4.8,0.445,0.3084,124,0.025,0.33,-0.83,0.0640,0.1385,0.060
852,40.6366,227,4.6,0.535,0.3158,123,0.025,0.35,-0.70,0.0698,0.1552,0.065
853,27.9872,197,4.6,0.445,0.3144,116,0.027,0.30,-0.83,0.0658,0.1476,0.080
854,23.9650,202,4.6,0.530,0.3140,111,0.028,0.31,-0.70,0.0659,0.1364,0.078
855,27.6562,214,4.6,0.455,0.3136,119,0.026,0.33,-0.82,0.0666,0.1360,0.073
856,27.1572,225,4.6,0.500,0.3083,116,0.027,0.35,-0.75,0.0689,0.1295,0.088
857,35.3137,212,4.6,0.470,0.3091,116,0.027,0.33,-0.80,0.0688,0.1390,0.071
858,32.9282,242,4.7,0.510,0.3067,122,0.026,0.37,-0.73,0.0647,0.1374,0.067
859,32.1763,203,4.6,0.495,0.3064,112,0.028,0.31,-0.76,0.0665,0.1452,0.047
860,37.2078,254,4.5,0.480,0.3042,113,0.028,0.39,-0.78,0.0665,0.1578,0.038
861,24.8978,227,4.5,0.485,0.3066,115,0.027,0.35,-0.77,0.0703,0.1511,0.039
862,37.8421,260,4.7,0.525,0.3113,120,0.026,0.40,-0.71,0.0648,0.1452,0.038
863,34.1311,217,4.7,0.465,0.3143,120,0.026,0.33,-0.80,0.0657,0.1467,0.043
864,30.2538,214,4.7,0.470,0.3093,116,0.027,0.33,-0.80,0.0615,0.1411,0.052
865,33.6127,232,4.6,0.505,0.3054,118,0.026,0.36,-0.74,0.0636,0.1328,0.065
866,58.7241,298,4.7,0.465,0.3018,120,0.026,0.46,-0.80,0.0656,0.1230,0.059
867,31.9386,216,4.7,0.490,0.3099,128,0.024,0.33,-0.77,0.0681,0.1281,0.081
868,19.0731,191,4.7,0.500,0.3046,124,0.025,0.29,-0.75,0.0639,0.1193,0.105
869,31.2774,219,4.6,0.480,0.3069,115,0.027,0.34,-0.78,0.0682,0.1167,0.097
870,37.1288,226,4.6,0.505,0.3149,127,0.025,0.35,-0.74,0.0650,0.1196,0.094
871,42.4806,220,4.7,0.455,0.3162,118,0.026,0.34,-0.82,0.0642,0.1208,0.098
872,42.4085,243,4.5,0.500,0.3123,115,0.027,0.37,-0.75,0.0693,0.1216,0.081
873,52.7799,236,4.5,0.500,0.3115,118,0.026,0.36,-0.75,0.0713,0.1224,0.073
874,26.2247,222,4.6,0.505,0.3145,119,0.026,0.34,-0.74,0.0671,0.1220,0.077
875,17.4895,208,4.7,0.515,0.3175,124,0.025,0.32,-0.73,0.0652,0.1251,0.082
876,50.0173,243,4.6,0.470,0.3176,126,0.025,0.37,-0.80,0.0656,0.1350,0.086
877,31.8707,206,4.7,0.515,0.3173,122,0.026,0.32,-0.73,0.0670,0.1340,0.091
878,36.0157,249,4.7,0.440,0.3173,128,0.024,0.38,-0.84,0.0686,0.1278,0.089
879,50.0617,221,4.5,0.545,0.3165,123,0.025,0.34,-0.68,0.0678,0.1227,0.095
880,55.4547,259,4.5,0.420,0.3090,127,0.025,0.40,-0.87,0.0674,0.1245,0.093
881,41.2135,236,4.5,0.520,0.3073,120,0.026,0.36,-0.72,0.0687,0.1235,0.069
882,38.8801,255,4.5,0.465,0.3080,117,0.027,0.39,-0.80,0.0658,0.1128,0.075
883,27.6438,211,4.6,0.460,0.3090,115,0.027,0.32,-0.81,0.0633,0.1147,0.099
884,36.5318,243,4.6,0.500,0.3115,117,0.027,0.37,-0.75,0.0655,0.1103,0.098
885,55.6023,250,4.6,0.485,0.3125,127,0.025,0.38,-0.77,0.0664,0.1202,0.110
886,48.4454,267,4.5,0.500,0.3152,120,0.026,0.41,-0.75,0.0647,0.1259,0.119
887,34.6373,223,4.5,0.455,0.3148,119,0.026,0.34,-0.82,0.0646,0.1368,0.098
888,38.5617,207,4.7,0.505,0.3112,120,0.026,0.32,-0.74,0.0666,0.1367,0.099
889,47.1864,228,4.7,0.460,0.3118,125,0.025,0.35,-0.81,0.0690,0.1382,0.098
890,26.4442,232,4.7,0.510,0.3112,127,0.025,0.36,-0.73,0.0687,0.1421,0.060
891,46.6237,252,4.7,0.465,0.3127,128,0.024,0.39,-0.80,0.0656,0.1412,0.054
892,54.6493,249,4.5,0.475,0.3129,128,0.024,0.38,-0.79,0.0698,0.1393,0.048
893,35.5169,227,4.6,0.460,0.3081,117,0.027,0.35,-0.81,0.0661,0.1284,0.092
894,16.6533,245,4.6,0.490,0.3124,123,0.025,0.38,-0.77,0.0645,0.1316,0.099
895,36.1297,215,4.5,0.445,0.3099,130,0.024,0.33,-0.83,0.0684,0.1371,0.095
896,41.5365,200,4.6,0.505,0.3067,121,0.026,0.31,-0.74,0.0671,0.1333,0.102
897,33.6322,198,4.6,0.465,0.3073,119,0.026,0.30,-0.80,0.0707,0.1344,0.079
898,14.2800,228,4.7,0.525,0.3046,130,0.024,0.35,-0.71,0.0684,0.1327,0.070
899,24.9930,218,4.7,0.450,0.3108,128,0.024,0.33,-0.83,0.0684,0.1407,0.065
900,65.7709,255,4.7,0.485,0.3057,117,0.027,0.39,-0.77,0.0658,0.1407,0.062
901,51.4874,251,4.7,0.460,0.3051,121,0.026,0.39,-0.81,0.0684,0.1373,0.056
902,34.9295,249,4.5,0.485,0.3143,122,0.026,0.38,-0.77,0.0668,0.1490,0.063
903,40.2451,231,4.4,0.480,0.3212,117,0.027,0.36,-0.78,0.0657,0.1528,0.049
904,31.7754,235,4.4,0.500,0.3168,124,0.025,0.36,-0.75,0.0660,0.1411,0.036
905,38.8223,238,4.5,0.480,0.3126,128,0.024,0.37,-0.78,0.0697,0.1485,0.037
906,44.1961,231,4.7,0.490,0.3147,118,0.026,0.36,-0.77,0.0672,0.1479,0.044
907,38.1128,264,4.6,0.505,0.3144,121,0.026,0.41,-0.74,0.0641,0.1430,0.055
908,56.6321,249,4.6,0.515,0.3177,120,0.026,0.38,-0.73,0.0678,0.1407,0.048
909,43.9633,259,4.6,0.450,0.3186,115,0.027,0.40,-0.83,0.0683,0.1382,0.042
910,34.7292,225,4.6,0.445,0.3178,120,0.026,0.35,-0.83,0.0689,0.1392,0.051
911,32.1109,210,4.7,0.510,0.3227,123,0.025,0.32,-0.73,0.0688,0.1357,0.043
912,56.9682,251,4.6,0.485,0.3205,121,0.026,0.39,-0.77,0.0677,0.1320,0.050
913,30.0770,258,4.6,0.470,0.3182,129,0.024,0.40,-0.80,0.0665,0.1293,0.055
914,29.2640,212,4.6,0.470,0.3168,127,0.025,0.33,-0.80,0.0667,0.1349,0.060
915,29.7919,255,4.6,0.480,0.3192,119,0.026,0.39,-0.78,0.0676,0.1327,0.072
916,41.3339,241,4.7,0.480,0.3177,123,0.025,0.37,-0.78,0.0662,0.1249,0.058
917,54.6861,258,4.6,0.480,0.3141,125,0.025,0.40,-0.78,0.0698,0.1272,0.065
918,28.1081,247,4.5,0.475,0.3100,120,0.026,0.38,-0.79,0.0659,0.1264,0.046
919,36.9423,240,4.5,0.510,0.3067,124,0.025,0.37,-0.73,0.0711,0.1234,0.062
920,43.6464,269,4.7,0.420,0.3058,118,0.026,0.41,-0.87,0.0692,0.1292,0.066
921,36.5832,210,4.6,0.545,0.3069,125,0.025,0.32,-0.68,0.0705,0.1323,0.052
922,37.1741,249,4.6,0.450,0.3135,122,0.026,0.38,-0.83,0.0650,0.1359,0.065
923,19.9189,174,4.6,0.525,0.3121,115,0.027,0.27,-0.71,0.0663,0.1280,0.069
924,46.8887,265,4.6,0.460,0.3171,116,0.027,0.41,-0.81,0.0652,0.1269,0.063
925,33.9818,232,4.6,0.480,0.3219,120,0.026,0.36,-0.78,0.0635,0.1318,0.059
926,31.9684,186,4.6,0.460,0.3259,125,0.025,0.29,-0.81,0.0645,0.1311,0.061
927,20.9081,226,4.6,0.505,0.3214,122,0.026,0.35,-0.74,0.0661,0.1363,0.060
928,37.9048,218,4.5,0.480,0.3212,116,0.027,0.34,-0.78,0.0636,0.1393,0.054
929,37.4412,235,4.6,0.500,0.3190,120,0.026,0.36,-0.75,0.0658,0.1400,0.040
930,38.6846,233,4.6,0.490,0.3095,123,0.025,0.36,-0.77,0.0677,0.1283,0.041
931,48.7602,214,4.5,0.450,0.3154,120,0.026,0.33,-0.83,0.0693,0.1303,0.042
932,46.3461,271,4.6,0.515,0.3145,123,0.025,0.42,-0.73,0.0664,0.1223,0.061
933,31.2105,236,4.6,0.445,0.3120,114,0.027,0.36,-0.83,0.0693,0.1165,0.077
934,30.9414,245,4.5,0.520,0.3135,113,0.028,0.38,-0.72,0.0693,0.1218,0.078
935,44.3280,212,4.5,0.435,0.3123,120,0.026,0.33,-0.85,0.0679,0.1163,0.101
936,39.6270,247,4.7,0.510,0.3108,125,0.025,0.38,-0.73,0.0711,0.1178,0.084
937,33.2316,248,4.5,0.435,0.3156,115,0.027,0.38,-0.85,0.0696,0.1194,0.076
938,42.7894,241,4.6,0.505,0.3228,114,0.027,0.37,-0.74,0.0710,0.1151,0.084
939,46.3485,250,4.6,0.440,0.3228,117,0.027,0.38,-0.84,0.0668,0.1239,0.068
940,29.3311,205,4.6,0.515,0.3255,123,0.025,0.31,-0.73,0.0678,0.1238,0.074
941,35.0522,222,4.6,0.480,0.3281,123,0.025,0.34,-0.78,0.0689,0.1201,0.108
942,30.5424,259,4.5,0.490,0.3311,124,0.025,0.40,-0.77,0.0682,0.1169,0.105
943,32.5663,216,4.6,0.485,0.3247,121,0.026,0.33,-0.77,0.0687,0.1234,0.107
944,38.9147,242,4.6,0.480,0.3210,118,0.026,0.37,-0.78,0.0703,0.1386,0.093
945,39.2749,238,4.6,0.500,0.3204,119,0.026,0.37,-0.75,0.0692,0.1394,0.092
946,26.1542,254,4.6,0.475,0.3186,119,0.026,0.39,-0.79,0.0677,0.1489,0.081
947,45.6291,217,4.5,0.505,0.3181,120,0.026,0.33,-0.74,0.0678,0.1461,0.092
948,40.8896,251,4.6,0.470,0.3135,126,0.025,0.39,-0.80,0.0690,0.1330,0.106
949,34.1319,251,4.5,0.485,0.3148,122,0.026,0.39,-0.77,0.0700,0.1313,0.090
950,27.5882,226,4.5,0.480,0.3121,116,0.027,0.35,-0.78,0.0681,0.1386,0.065
951,41.4693,209,4.5,0.525,0.3092,116,0.027,0.32,-0.71,0.0643,0.1411,0.084
952,45.0368,227,4.5,0.420,0.3084,116,0.027,0.35,-0.87,0.0719,0.1360,0.100
953,46.7641,225,4.5,0.470,0.3187,125,0.025,0.35,-0.80,0.0696,0.1349,0.116
954,64.7124,271,4.6,0.420,0.3176,124,0.025,0.42,-0.87,0.0683,0.1279,0.096
955,28.5078,242,4.7,0.540,0.3176,122,0.026,0.37,-0.69,0.0693,0.1311,0.087
956,27.5212,193,4.7,0.430,0.3231,124,0.025,0.30,-0.86,0.0710,0.1414,0.076
957,42.4999,221,4.7,0.530,0.3264,121,0.026,0.34,-0.70,0.0654,0.1362,0.075
958,37.7868,255,4.6,0.430,0.3203,118,0.026,0.39,-0.86,0.0669,0.1365,0.074
959,27.6690,193,4.7,0.505,0.3132,123,0.025,0.30,-0.74,0.0678,0.1436,0.054
960,49.5906,254,4.7,0.440,0.3100,120,0.026,0.39,-0.84,0.0684,0.1348,0.053
961,20.5159,242,4.6,0.520,0.3122,116,0.027,0.37,-0.72,0.0675,0.1317,0.053
962,57.3850,243,4.6,0.430,0.3182,114,0.027,0.37,-0.86,0.0653,0.1321,0.054
963,35.2519,237,4.7,0.530,0.3214,125,0.025,0.36,-0.70,0.0679,0.1385,0.040
964,28.9835,252,4.6,0.450,0.3174,123,0.025,0.39,-0.83,0.0653,0.1381,0.033
965,28.0079,196,4.6,0.510,0.3127,123,0.025,0.30,-0.73,0.0675,0.1278,0.061
966,38.6355,241,4.5,0.490,0.3085,118,0.026,0.37,-0.77,0.0645,0.1369,0.059
967,48.6629,245,4.5,0.475,0.3069,122,0.026,0.38,-0.79,0.0661,0.1368,0.059
968,24.5217,233,4.7,0.470,0.3094,117,0.027,0.36,-0.80,0.0664,0.1297,0.068
969,30.5902,227,4.7,0.480,0.3114,116,0.027,0.35,-0.78,0.0709,0.1235,0.095
970,35.8792,258,4.7,0.485,0.3161,118,0.026,0.40,-0.77,0.0654,0.1309,0.088
971,48.9338,237,4.6,0.460,0.3196,121,0.026,0.36,-0.81,0.0662,0.1371,0.096
972,40.8270,229,4.5,0.480,0.3182,121,0.026,0.35,-0.78,0.0656,0.1301,0.116
973,31.4115,187,4.5,0.485,0.3191,119,0.026,0.29,-0.77,0.0697,0.1315,0.088
974,38.7845,218,4.5,0.500,0.3167,121,0.026,0.33,-0.75,0.0689,0.1338,0.065
975,40.9365,245,4.6,0.440,0.3204,121,0.026,0.38,-0.84,0.0649,0.1333,0.053
976,47.0825,243,4.6,0.505,0.3147,118,0.026,0.37,-0.74,0.0686,0.1373,0.087
977,41.8616,255,4.6,0.485,0.3186,122,0.026,0.39,-0.77,0.0708,0.1499,0.088
978,37.4326,237,4.5,0.430,0.3275,116,0.027,0.36,-0.86,0.0655,0.1435,0.061
979,34.0260,205,4.5,0.540,0.3206,120,0.026,0.31,-0.69,0.0631,0.1326,0.061
980,32.2356,264,4.6,0.425,0.3244,132,0.024,0.41,-0.86,0.0655,0.1289,0.060
981,23.8159,205,4.6,0.540,0.3219,118,0.026,0.32,-0.69,0.0686,0.1423,0.079
982,44.1311,199,4.5,0.410,0.3165,115,0.027,0.31,-0.89,0.0657,0.1385,0.092
983,48.8154,235,4.6,0.505,0.3149,118,0.026,0.36,-0.74,0.0623,0.1343,0.099
984,25.1750,221,4.7,0.515,0.3120,119,0.026,0.34,-0.73,0.0643,0.1293,0.087
985,31.1775,185,4.6,0.450,0.3134,116,0.027,0.29,-0.83,0.0704,0.1270,0.068
986,47.9521,255,4.6,0.510,0.3197,117,0.027,0.39,-0.73,0.0625,0.1444,0.046
987,35.7394,260,4.6,0.440,0.3169,125,0.025,0.40,-0.84,0.0675,0.1381,0.065
988,27.9674,197,4.5,0.485,0.3091,119,0.026,0.30,-0.77,0.0684,0.1248,0.073
989,37.5592,195,4.6,0.490,0.3072,118,0.026,0.30,-0.77,0.0677,0.1325,0.053
990,34.1144,231,4.6,0.460,0.3067,117,0.027,0.36,-0.81,0.0668,0.1281,0.071
991,22.0653,203,4.7,0.520,0.3091,124,0.025,0.31,-0.72,0.0641,0.1312,0.089
992,39.9123,240,4.8,0.470,0.3081,119,0.026,0.37,-0.80,0.0687,0.1378,0.081
993,39.8401,247,4.7,0.530,0.3091,119,0.026,0.38,-0.70,0.0675,0.1416,0.075
994,42.8795,246,4.7,0.465,0.3138,127,0.025,0.38,-0.80,0.0661,0.1435,0.082
995,46.4081,261,4.6,0.455,0.3115,125,0.025,0.40,-0.82,0.0657,0.1400,0.078
996,29.4977,256,4.5,0.490,0.3095,126,0.025,0.39,-0.77,0.0678,0.1311,0.081
997,30.7187,221,4.4,0.420,0.3143,117,0.027,0.34,-0.87,0.0693,0.1325,0.069
998,33.6645,234,4.5,0.520,0.3127,113,0.028,0.36,-0.72,0.0629,0.1393,0.048
999,35.6530,187,4.5,0.390,0.3155,116,0.027,0.29,-0.92,0.0656,0.1353,0.048
1000,36.3532,224,4.5,0.545,0.3209,121,0.026,0.34,-0.68,0.0684,0.1383,0.042
1001,44.5775,285,4.5,0.420,0.3196,117,0.027,0.44,-0.87,0.0673,0.1323,0.049
1002,34.2706,239,4.6,0.555,0.3206,118,0.026,0.37,-0.67,0.0650,0.1271,0.070
1003,56.4967,228,4.5,0.455,0.3183,125,0.025,0.35,-0.82,0.0667,0.1349,0.067
1004,30.1516,241,4.5,0.500,0.3109,123,0.025,0.37,-0.75,0.0688,0.1301,0.094
1005,48.8953,230,4.5,0.450,0.3163,118,0.026,0.35,-0.83,0.0689,0.1267,0.078
1006,29.9443,239,4.6,0.470,0.3186,114,0.027,0.37,-0.80,0.0636,0.1228,0.064
1007,36.7781,206,4.6,0.480,0.3154,116,0.027,0.32,-0.78,0.0682,0.1253,0.070
1008,41.1458,235,4.6,0.465,0.3161,123,0.025,0.36,-0.80,0.0714,0.1331,0.079
1009,41.2306,231,4.5,0.485,0.3138,124,0.025,0.35,-0.77,0.0691,0.1291,0.081
1010,32.9659,252,4.7,0.485,0.3149,120,0.026,0.39,-0.77,0.0685,0.1198,0.088
1011,31.3408,193,4.6,0.465,0.3182,120,0.026,0.30,-0.80,0.0647,0.1247,0.083
1012,21.8371,189,4.6,0.550,0.3183,131,0.024,0.29,-0.67,0.0687,0.1301,0.075
1013,44.8241,265,4.5,0.445,0.3200,130,0.024,0.41,-0.83,0.0691,0.1344,0.075
1014,35.8963,246,4.6,0.530,0.3223,129,0.024,0.38,-0.70,0.0679,0.1334,0.083
1015,45.5353,220,4.7,0.430,0.3229,136,0.023,0.34,-0.86,0.0684,0.1278,0.068
1016,38.7461,235,4.8,0.525,0.3186,126,0.025,0.36,-0.71,0.0682,0.1190,0.068
1017,40.6428,253,4.8,0.425,0.3167,121,0.026,0.39,-0.86,0.0656,0.1216,0.060
1018,27.4294,272,4.6,0.500,0.3162,121,0.026,0.42,-0.75,0.0691,0.1267,0.068
1019,43.4866,216,4.5,0.455,0.3195,118,0.026,0.33,-0.82,0.0686,0.1280,0.074
1020,44.6993,212,4.7,0.495,0.3180,126,0.025,0.33,-0.76,0.0686,0.1360,0.047
1021,24.7434,234,4.5,0.445,0.3203,122,0.026,0.36,-0.83,0.0688,0.1400,0.068
1022,46.2451,227,4.4,0.540,0.3223,119,0.026,0.35,-0.69,0.0655,0.1340,0.085
1023,43.1986,238,4.4,0.415,0.3148,120,0.026,0.37,-0.88,0.0655,0.1375,0.079
1024,43.7768,236,4.6,0.510,0.3160,124,0.025,0.36,-0.73,0.0658,0.1247,0.085
1025,45.9565,245,4.6,0.475,0.3155,120,0.026,0.38,-0.79,0.0640,0.1220,0.098
1026,31.8979,237,4.7,0.500,0.3154,114,0.027,0.36,-0.75,0.0668,0.1185,0.142
1027,31.9975,241,4.6,0.420,0.3108,114,0.027,0.37,-0.87,0.0661,0.1149,0.118
1028,31.7245,204,4.5,0.550,0.3137,126,0.025,0.31,-0.67,0.0679,0.1334,0.095
1029,39.8178,225,4.5,0.460,0.3140,117,0.027,0.35,-0.81,0.0686,0.1317,0.100
1030,42.3045,242,4.6,0.500,0.3109,125,0.025,0.37,-0.75,0.0685,0.1269,0.113
1031,37.2983,208,4.7,0.480,0.3099,113,0.028,0.32,-0.78,0.0685,0.1266,0.137
1032,41.2740,261,4.8,0.445,0.3160,120,0.026,0.40,-0.83,0.0678,0.1490,0.101
1033,27.5997,259,4.7,0.500,0.3166,121,0.026,0.40,-0.75,0.0660,0.1510,0.089
1034,34.2416,230,4.6,0.460,0.3183,114,0.027,0.35,-0.81,0.0666,0.1422,0.084
1035,40.2808,228,4.6,0.455,0.3193,112,0.028,0.35,-0.82,0.0697,0.1362,0.074
1036,39.4819,235,4.7,0.470,0.3196,114,0.027,0.36,-0.80,0.0684,0.1255,0.092
1037,31.6898,223,4.6,0.450,0.3131,124,0.025,0.34,-0.83,0.0693,0.1244,0.110
1038,63.5551,260,4.6,0.455,0.3133,124,0.025,0.40,-0.82,0.0672,0.1166,0.101
1039,26.1734,312,4.5,0.505,0.3063,122,0.026,0.48,-0.74,0.0692,0.1114,0.107
1040,38.0349,230,4.3,0.440,0.3122,116,0.027,0.35,-0.84,0.0693,0.1174,0.107
1041,48.9541,236,4.4,0.480,0.3234,120,0.026,0.36,-0.78,0.0654,0.1271,0.084
1042,55.6821,280,4.6,0.460,0.3216,118,0.026,0.43,-0.81,0.0651,0.1301,0.103
1043,27.4565,240,4.7,0.445,0.3208,117,0.027,0.37,-0.83,0.0658,0.1259,0.113
1044,48.1030,271,4.5,0.500,0.3220,120,0.026,0.42,-0.75,0.0686,0.1287,0.076
1045,33.0083,247,4.4,0.495,0.3173,126,0.025,0.38,-0.76,0.0671,0.1252,0.069
1046,29.0172,223,4.6,0.480,0.3166,122,0.026,0.34,-0.78,0.0657,0.1266,0.071
1047,62.3105,227,4.5,0.450,0.3119,121,0.026,0.35,-0.83,0.0687,0.1226,0.093
1048,49.8166,278,4.5,0.490,0.3138,124,0.025,0.43,-0.77,0.0685,0.1345,0.076
1049,45.8496,256,4.5,0.440,0.3134,115,0.027,0.39,-0.84,0.0686,0.1310,0.096
1050,33.8937,211,4.6,0.510,0.3191,123,0.025,0.32,-0.73,0.0677,0.1385,0.087
1051,50.9128,252,4.5,0.445,0.3223,119,0.026,0.39,-0.83,0.0656,0.1468,0.078
1052,33.1899,243,4.6,0.545,0.3252,125,0.025,0.37,-0.68,0.0684,0.1473,0.071
1053,37.7397,219,4.6,0.420,0.3203,124,0.025,0.34,-0.87,0.0638,0.1356,0.103
1054,29.9938,224,4.6,0.530,0.3208,119,0.026,0.34,-0.70,0.0665,0.1302,0.101
1055,42.5132,241,4.6,0.395,0.3188,118,0.026,0.37,-0.91,0.0699,0.1206,0.105
1056,30.1262,229,4.5,0.555,0.3197,125,0.025,0.35,-0.67,0.0704,0.1309,0.103
1057,37.3913,214,4.6,0.420,0.3218,125,0.025,0.33,-0.87,0.0684,0.1315,0.123
1058,38.0490,250,4.7,0.480,0.3227,123,0.025,0.38,-0.78,0.0696,0.1187,0.110
1059,43.7225,238,4.6,0.495,0.3227,112,0.028,0.37,-0.76,0.0678,0.1279,0.078
1060,47.7956,243,4.6,0.445,0.3232,123,0.025,0.37,-0.83,0.0668,0.1210,0.079
1061,34.8051,208,4.5,0.545,0.3163,122,0.026,0.32,-0.68,0.0694,0.1238,0.082
1062,49.1014,236,4.5,0.430,0.3133,120,0.026,0.36,-0.86,0.0644,0.1341,0.088
1063,40.8014,265,4.7,0.495,0.3120,120,0.026,0.41,-0.76,0.0647,0.1285,0.071
1064,35.5217,241,4.6,0.485,0.3126,122,0.026,0.37,-0.77,0.0659,0.1276,0.061
1065,28.9077,205,4.6,0.490,0.3106,119,0.026,0.32,-0.77,0.0667,0.1244,0.080
1066,41.7128,265,4.6,0.470,0.3065,115,0.027,0.41,-0.80,0.0645,0.1268,0.074
1067,27.2984,206,4.5,0.475,0.3078,121,0.026,0.32,-0.79,0.0663,0.1247,0.069
1068,46.5514,272,4.4,0.495,0.3064,121,0.026,0.42,-0.76,0.0666,0.1258,0.068
1069,31.3709,267,4.5,0.465,0.3090,124,0.025,0.41,-0.80,0.0679,0.1234,0.061
1070,50.6756,221,4.6,0.430,0.3166,123,0.025,0.34,-0.86,0.0698,0.1265,0.078
1071,35.4570,233,4.6,0.495,0.3157,123,0.025,0.36,-0.76,0.0666,0.1295,0.092
1072,31.6439,194,4.7,0.430,0.3100,116,0.027,0.30,-0.86,0.0679,0.1265,0.101
1073,60.5137,299,4.5,0.520,0.3107,125,0.025,0.46,-0.72,0.0645,0.1279,0.097
1074,36.1786,243,4.5,0.425,0.3100,115,0.027,0.37,-0.86,0.0659,0.1305,0.091
1075,26.6870,220,4.4,0.540,0.3105,112,0.028,0.34,-0.69,0.0687,0.1318,0.096
1076,20.6573,219,4.5,0.420,0.3093,116,0.027,0.34,-0.87,0.0678,0.1340,0.095
1077,33.9938,266,4.5,0.530,0.3127,123,0.025,0.41,-0.70,0.0673,0.1299,0.118
1078,34.9971,215,4.6,0.445,0.3110,125,0.025,0.33,-0.83,0.0666,0.1318,0.106
1079,57.2699,269,4.6,0.505,0.3168,126,0.025,0.41,-0.74,0.0651,0.1320,0.094
1080,38.5123,228,4.5,0.460,0.3160,121,0.026,0.35,-0.81,0.0662,0.1238,0.068
1081,52.0038,225,4.6,0.495,0.3195,121,0.026,0.35,-0.76,0.0677,0.1279,0.056
1082,40.8922,241,4.5,0.420,0.3203,126,0.025,0.37,-0.87,0.0652,0.1239,0.058
1083,23.2989,210,4.5,0.510,0.3204,121,0.026,0.32,-0.73,0.0649,0.1218,0.074
1084,46.3855,216,4.5,0.460,0.3164,116,0.027,0.33,-0.81,0.0628,0.1219,0.085
1085,62.0251,280,4.5,0.525,0.3101,114,0.027,0.43,-0.71,0.0671,0.1284,0.058
1086,42.8515,290,4.6,0.465,0.3144,112,0.028,0.45,-0.80,0.0646,0.1389,0.028
1087,27.5305,212,4.7,0.455,0.3143,111,0.028,0.33,-0.82,0.0702,0.1310,0.055
1088,52.0526,222,4.6,0.490,0.3200,121,0.026,0.34,-0.77,0.0668,0.1263,0.066
1089,44.7579,246,4.5,0.445,0.3169,127,0.025,0.38,-0.83,0.0701,0.1254,0.060
1090,25.1150,282,4.5,0.515,0.3082,131,0.024,0.43,-0.73,0.0693,0.1192,0.064
1091,49.1570,230,4.5,0.470,0.3096,123,0.025,0.35,-0.80,0.0647,0.1227,0.081
1092,52.8521,276,4.4,0.455,0.3068,124,0.025,0.42,-0.82,0.0682,0.1269,0.075
1093,46.0511,234,4.6,0.490,0.3148,123,0.025,0.36,-0.77,0.0719,0.1203,0.078
1094,43.8634,278,4.6,0.470,0.3139,129,0.024,0.43,-0.80,0.0672,0.1196,0.078
1095,30.4006,227,4.6,0.440,0.3174,123,0.025,0.35,-0.84,0.0666,0.1204,0.076
1096,38.2211,251,4.5,0.505,0.3194,124,0.025,0.39,-0.74,0.0695,0.1210,0.064
1097,49.2902,248,4.5,0.430,0.3209,115,0.027,0.38,-0.86,0.0676,0.1152,0.083
1098,37.6758,255,4.4,0.500,0.3191,126,0.025,0.39,-0.75,0.0663,0.1138,0.083
1099,26.5625,216,4.5,0.480,0.3150,120,0.026,0.33,-0.78,0.0662,0.1199,0.084
1100,50.5811,228,4.5,0.495,0.3073,123,0.025,0.35,-0.76,0.0683,0.1196,0.064
1101,39.5861,257,4.4,0.455,0.3090,128,0.024,0.39,-0.82,0.0681,0.1259,0.067
1102,32.7307,249,4.6,0.490,0.3099,122,0.026,0.38,-0.77,0.0644,0.1237,0.068
1103,50.1554,231,4.6,0.410,0.3148,122,0.026,0.35,-0.89,0.0670,0.1175,0.089
1104,28.9207,203,4.7,0.545,0.3178,115,0.027,0.31,-0.68,0.0669,0.1159,0.094
1105,39.3658,266,4.6,0.440,0.3168,121,0.026,0.41,-0.84,0.0668,0.1238,0.080
1106,51.1135,274,4.5,0.500,0.3220,117,0.027,0.42,-0.75,0.0658,0.1389,0.093
1107,31.5395,256,4.6,0.480,0.3242,114,0.027,0.39,-0.78,0.0674,0.1226,0.085
1108,49.5506,233,4.6,0.450,0.3208,123,0.025,0.36,-0.83,0.0656,0.1160,0.096
1109,37.9922,237,4.5,0.465,0.3205,122,0.026,0.36,-0.80,0.0660,0.1230,0.096
1110,31.3034,207,4.5,0.470,0.3246,125,0.025,0.32,-0.80,0.0677,0.1288,0.096
1111,53.7807,280,4.6,0.465,0.3260,122,0.026,0.43,-0.80,0.0684,0.1262,0.106
1112,42.9070,238,4.6,0.490,0.3199,121,0.026,0.37,-0.77,0.0643,0.1199,0.089
1113,41.4165,228,4.7,0.480,0.3169,123,0.025,0.35,-0.78,0.0644,0.1203,0.099
1114,38.4959,230,4.7,0.460,0.3138,122,0.026,0.35,-0.81,0.0696,0.1251,0.101
1115,40.5039,236,4.5,0.480,0.3184,122,0.026,0.36,-0.78,0.0701,0.1268,0.111
1116,37.2608,258,4.5,0.455,0.3274,117,0.027,0.40,-0.82,0.0659,0.1261,0.119
1117,41.0985,239,4.6,0.495,0.3258,126,0.025,0.37,-0.76,0.0671,0.1229,0.099
1118,32.0516,241,4.7,0.440,0.3161,123,0.025,0.37,-0.84,0.0673,0.1169,0.099
1119,47.5128,238,4.5,0.500,0.3179,116,0.027,0.37,-0.75,0.0678,0.1157,0.083
1120,32.5494,265,4.5,0.490,0.3204,118,0.026,0.41,-0.77,0.0690,0.1170,0.097
1121,15.9386,194,4.6,0.485,0.3245,127,0.025,0.30,-0.77,0.0671,0.1286,0.062
1122,42.3448,234,4.5,0.490,0.3251,127,0.025,0.36,-0.77,0.0668,0.1391,0.075
1123,45.0902,265,4.6,0.475,0.3280,120,0.026,0.41,-0.79,0.0655,0.1303,0.078
1124,46.9169,251,4.6,0.460,0.3129,126,0.025,0.39,-0.81,0.0686,0.1123,0.065
1125,57.2315,245,4.5,0.465,0.3173,120,0.026,0.38,-0.80,0.0667,0.1137,0.077
1126,46.8516,266,4.6,0.490,0.3154,120,0.026,0.41,-0.77,0.0625,0.1251,0.069
1127,33.1235,240,4.6,0.470,0.3074,120,0.026,0.37,-0.80,0.0704,0.1277,0.053
1128,39.0978,303,4.5,0.470,0.3085,120,0.026,0.47,-0.80,0.0674,0.1233,0.066
1129,32.8513,213,4.5,0.525,0.3113,124,0.025,0.33,-0.71,0.0681,0.1199,0.081
1130,63.7929,246,4.6,0.435,0.3122,129,0.024,0.38,-0.85,0.0678,0.1152,0.091
1131,39.2910,294,4.6,0.460,0.3138,120,0.026,0.45,-0.81,0.0690,0.1214,0.089
1132,42.4087,222,4.6,0.480,0.3149,124,0.025,0.34,-0.78,0.0695,0.1277,0.089
1133,42.5011,251,4.5,0.450,0.3154,117,0.027,0.39,-0.83,0.0673,0.1229,0.085
1134,25.9006,235,4.5,0.505,0.3262,118,0.026,0.36,-0.74,0.0706,0.1242,0.085
1135,67.8544,267,4.5,0.455,0.3174,118,0.026,0.41,-0.82,0.0685,0.1202,0.092
1136,38.0717,250,4.6,0.460,0.3093,124,0.025,0.38,-0.81,0.0696,0.1227,0.080
1137,45.4615,252,4.7,0.500,0.3105,116,0.027,0.39,-0.75,0.0662,0.1397,0.066
1138,38.0658,239,4.5,0.450,0.3190,121,0.026,0.37,-0.83,0.0701,0.1554,0.077
1139,30.6629,222,4.6,0.480,0.3137,124,0.025,0.34,-0.78,0.0687,0.1406,0.076
1140,52.3475,231,4.7,0.445,0.3159,119,0.026,0.35,-0.83,0.0671,0.1320,0.079
1141,35.7328,272,4.6,0.480,0.3193,115,0.027,0.42,-0.78,0.0671,0.1345,0.087
1142,25.5163,197,4.6,0.455,0.3225,118,0.026,0.30,-0.82,0.0662,0.1347,0.087
1143,30.5767,243,4.6,0.495,0.3231,113,0.028,0.37,-0.76,0.0668,0.1348,0.083
1144,34.7643,219,4.5,0.475,0.3231,117,0.027,0.34,-0.79,0.0664,0.1345,0.078
1145,33.5046,235,4.6,0.465,0.3267,121,0.026,0.36,-0.80,0.0688,0.1343,0.085
1146,34.0170,248,4.6,0.495,0.3256,121,0.026,0.38,-0.76,0.0703,0.1279,0.095
1147,33.4100,246,4.6,0.485,0.3249,127,0.025,0.38,-0.77,0.0665,0.1241,0.100
1148,35.2716,236,4.5,0.455,0.3234,120,0.026,0.36,-0.82,0.0678,0.1210,0.088
1149,50.6079,273,4.5,0.490,0.3218,124,0.025,0.42,-0.77,0.0708,0.1128,0.087
1150,52.1831,287,4.5,0.475,0.3171,124,0.025,0.44,-0.79,0.0692,0.1119,0.121
1151,41.2891,265,4.5,0.485,0.3167,122,0.026,0.41,-0.77,0.0673,0.1158,0.118
1152,31.1178,222,4.6,0.475,0.3175,120,0.026,0.34,-0.79,0.0680,0.1216,0.095
1153,29.9080,237,4.6,0.470,0.3110,124,0.025,0.36,-0.80,0.0671,0.1190,0.092
1154,43.6493,245,4.6,0.475,0.3076,117,0.027,0.38,-0.79,0.0666,0.1237,0.095
1155,40.6319,217,4.5,0.490,0.3027,119,0.026,0.33,-0.77,0.0660,0.1273,0.092
1156,55.8379,249,4.4,0.470,0.3088,119,0.026,0.38,-0.80,0.0680,0.1202,0.082
1157,52.9919,258,4.5,0.470,0.3181,118,0.026,0.40,-0.80,0.0663,0.1311,0.062
1158,60.0370,275,4.5,0.475,0.3188,126,0.025,0.42,-0.79,0.0685,0.1345,0.071
1159,36.1846,237,4.5,0.465,0.3194,116,0.027,0.36,-0.80,0.0665,0.1285,0.074
1160,53.9544,251,4.5,0.500,0.3221,120,0.026,0.39,-0.75,0.0694,0.1331,0.049
1161,27.8675,223,4.5,0.465,0.3160,117,0.027,0.34,-0.80,0.0667,0.1319,0.064
1162,44.5100,228,4.6,0.465,0.3130,121,0.026,0.35,-0.80,0.0665,0.1379,0.071
1163,24.0377,223,4.5,0.470,0.3169,118,0.026,0.34,-0.80,0.0685,0.1410,0.072
1164,38.3854,207,4.6,0.450,0.3221,117,0.027,0.32,-0.83,0.0677,0.1295,0.095
1165,57.0653,239,4.6,0.500,0.3265,123,0.025,0.37,-0.75,0.0649,0.1259,0.090
1166,33.3158,258,4.4,0.495,0.3231,123,0.025,0.40,-0.76,0.0677,0.1223,0.089
1167,53.4184,263,4.4,0.475,0.3260,119,0.026,0.40,-0.79,0.0675,0.1293,0.077
1168,32.9672,250,4.5,0.510,0.3228,113,0.028,0.38,-0.73,0.0646,0.1362,0.057
1169,48.1527,250,4.4,0.420,0.3176,116,0.027,0.38,-0.87,0.0678,0.1282,0.067
1170,42.7715,275,4.5,0.505,0.3194,126,0.025,0.42,-0.74,0.0657,0.1262,0.081
1171,40.6103,258,4.7,0.445,0.3246,121,0.026,0.40,-0.83,0.0682,0.1211,0.092
1172,30.0139,246,4.6,0.475,0.3207,116,0.027,0.38,-0.79,0.0681,0.1200,0.105
1173,49.6033,222,4.5,0.480,0.3264,115,0.027,0.34,-0.78,0.0656,0.1241,0.099
1174,69.2817,304,4.5,0.445,0.3191,120,0.026,0.47,-0.83,0.0686,0.1226,0.080
1175,53.3098,260,4.5,0.455,0.3262,122,0.026,0.40,-0.82,0.0712,0.1345,0.065
1176,32.2245,253,4.6,0.500,0.3203,118,0.026,0.39,-0.75,0.0706,0.1285,0.069
1177,42.4611,227,4.5,0.470,0.3123,117,0.027,0.35,-0.80,0.0683,0.1237,0.064
1178,49.9589,249,4.5,0.510,0.3122,122,0.026,0.38,-0.73,0.0647,0.1279,0.059
1179,38.8636,249,4.6,0.420,0.3112,125,0.025,0.38,-0.87,0.0686,0.1325,0.064
1180,65.1014,239,4.6,0.500,0.3072,122,0.026,0.37,-0.75,0.0674,0.1337,0.094
1181,39.0311,231,4.6,0.450,0.3169,122,0.026,0.36,-0.83,0.0713,0.1266,0.078
1182,50.5139,288,4.6,0.495,0.3200,119,0.026,0.44,-0.76,0.0652,0.1407,0.082
1183,54.5532,287,4.4,0.425,0.3166,121,0.026,0.44,-0.86,0.0630,0.1303,0.073
1184,41.2836,237,4.5,0.560,0.3094,119,0.026,0.36,-0.66,0.0684,0.1088,0.114
1185,32.0531,233,4.5,0.430,0.3111,117,0.027,0.36,-0.86,0.0663,0.1139,0.129
1186,58.0931,263,4.5,0.515,0.3120,124,0.025,0.40,-0.73,0.0658,0.1186,0.121
1187,57.0032,290,4.4,0.425,0.3096,113,0.028,0.45,-0.86,0.0668,0.1233,0.092
1188,36.0307,262,4.6,0.480,0.3184,122,0.026,0.40,-0.78,0.0688,0.1217,0.071
1189,46.2558,241,4.7,0.440,0.3252,118,0.026,0.37,-0.84,0.0694,0.1235,0.060
1190,38.0344,230,4.4,0.485,0.3217,117,0.027,0.35,-0.77,0.0669,0.1266,0.083
1191,54.8295,261,4.3,0.450,0.3241,122,0.026,0.40,-0.83,0.0669,0.1328,0.109
1192,39.5639,272,4.5,0.465,0.3252,127,0.025,0.42,-0.80,0.0695,0.1339,0.119
1193,42.4689,227,4.6,0.485,0.3203,118,0.026,0.35,-0.77,0.0722,0.1214,0.122
1194,56.6327,271,4.5,0.475,0.3148,124,0.025,0.42,-0.79,0.0666,0.1275,0.103
1195,31.3269,271,4.5,0.450,0.3163,127,0.025,0.42,-0.83,0.0691,0.1275,0.093
1196,41.3952,270,4.4,0.525,0.3127,125,0.025,0.41,-0.71,0.0690,0.1190,0.090
1197,51.0930,253,4.4,0.405,0.3124,119,0.026,0.39,-0.89,0.0662,0.1210,0.083
1198,39.8838,254,4.5,0.480,0.3176,119,0.026,0.39,-0.78,0.0700,0.1162,0.074
1199,43.4001,260,4.5,0.445,0.3276,123,0.025,0.40,-0.83,0.0636,0.1224,0.084
1200,47.1104,283,4.5,0.450,0.3261,124,0.025,0.44,-0.83,0.0704,0.1266,0.104
1201,49.8195,240,4.4,0.505,0.3242,121,0.026,0.37,-0.74,0.0704,0.1377,0.089
1202,45.1497,240,4.5,0.450,0.3253,118,0.026,0.37,-0.83,0.0627,0.1346,0.086
1203,46.7668,251,4.6,0.490,0.3302,123,0.025,0.39,-0.77,0.0654,0.1251,0.076
1204,54.2771,289,4.7,0.485,0.3283,121,0.026,0.44,-0.77,0.0669,0.1229,0.074
1205,49.2332,281,4.6,0.425,0.3253,116,0.027,0.43,-0.86,0.0697,0.1190,0.076
1206,45.0094,272,4.4,0.500,0.3245,132,0.024,0.42,-0.75,0.0685,0.1121,0.095
1207,58.7587,281,4.5,0.410,0.3179,124,0.025,0.43,-0.89,0.0681,0.1261,0.068
1208,23.4625,242,4.7,0.510,0.3195,123,0.025,0.37,-0.73,0.0676,0.1283,0.035
1209,47.1151,214,4.6,0.430,0.3225,118,0.026,0.33,-0.86,0.0685,0.1197,0.049
1210,54.3057,292,4.5,0.485,0.3201,111,0.028,0.45,-0.77,0.0690,0.1236,0.048
1211,39.3349,248,4.5,0.425,0.3182,114,0.027,0.38,-0.86,0.0676,0.1257,0.048
1212,40.5421,246,4.5,0.510,0.3224,114,0.027,0.38,-0.73,0.0698,0.1283,0.055
1213,34.2445,256,4.6,0.450,0.3272,123,0.025,0.39,-0.83,0.0689,0.1231,0.068
1214,48.6129,224,4.5,0.495,0.3343,123,0.025,0.34,-0.76,0.0719,0.1315,0.097
1215,44.7743,262,4.5,0.440,0.3311,123,0.025,0.40,-0.84,0.0658,0.1344,0.086
1216,24.0161,233,4.5,0.500,0.3300,126,0.025,0.36,-0.75,0.0670,0.1290,0.101
1217,47.5222,237,4.5,0.445,0.3288,120,0.026,0.36,-0.83,0.0696,0.1260,0.113
1218,36.9725,252,4.6,0.520,0.3206,122,0.026,0.39,-0.72,0.0677,0.1232,0.093
1219,51.4203,266,4.4,0.440,0.3206,119,0.026,0.41,-0.84,0.0667,0.1209,0.083
1220,51.6239,280,4.5,0.500,0.3198,120,0.026,0.43,-0.75,0.0651,0.1230,0.077
1221,33.2012,286,4.6,0.450,0.3184,118,0.026,0.44,-0.83,0.0685,0.1149,0.111
1222,34.9571,221,4.6,0.495,0.3190,123,0.025,0.34,-0.76,0.0668,0.1248,0.087
1223,37.3278,272,4.6,0.455,0.3240,122,0.026,0.42,-0.82,0.0664,0.1330,0.060
1224,64.1429,256,4.5,0.445,0.3275,120,0.026,0.39,-0.83,0.0665,0.1330,0.096
1225,53.3127,279,4.5,0.465,0.3229,121,0.026,0.43,-0.80,0.0671,0.1324,0.106
1226,43.3521,234,4.5,0.495,0.3265,124,0.025,0.36,-0.76,0.0680,0.1338,0.062
1227,48.1244,227,4.5,0.480,0.3279,116,0.027,0.35,-0.78,0.0685,0.1319,0.041
1228,46.8070,227,4.6,0.435,0.3270,118,0.026,0.35,-0.85,0.0676,0.1328,0.035
1229,41.1107,243,4.5,0.485,0.3298,120,0.026,0.37,-0.77,0.0680,0.1306,0.062
1230,42.6562,247,4.6,0.470,0.3275,122,0.026,0.38,-0.80,0.0736,0.1234,0.065
1231,36.4187,263,4.6,0.450,0.3244,118,0.026,0.40,-0.83,0.0656,0.1255,0.067
1232,45.7077,229,4.6,0.475,0.3306,123,0.025,0.35,-0.79,0.0674,0.1233,0.080
1233,47.5373,257,4.6,0.440,0.3259,118,0.026,0.39,-0.84,0.0692,0.1253,0.095
1234,36.1077,265,4.5,0.515,0.3233,122,0.026,0.41,-0.73,0.0647,0.1355,0.059
1235,57.0110,233,4.5,0.450,0.3233,115,0.027,0.36,-0.83,0.0650,0.1347,0.053
1236,51.0710,288,4.5,0.480,0.3298,110,0.028,0.44,-0.78,0.0704,0.1337,0.062
1237,50.3105,261,4.6,0.425,0.3277,114,0.027,0.40,-0.86,0.0683,0.1359,0.056
1238,40.1097,264,4.6,0.470,0.3257,126,0.025,0.41,-0.80,0.0656,0.1325,0.073
1239,41.3170,255,4.5,0.480,0.3232,122,0.026,0.39,-0.78,0.0706,0.1340,0.069
1240,43.9090,252,4.5,0.470,0.3273,124,0.025,0.39,-0.80,0.0667,0.1343,0.068
1241,56.9931,272,4.6,0.465,0.3275,120,0.026,0.42,-0.80,0.0693,0.1292,0.052
1242,47.3348,263,4.5,0.450,0.3273,117,0.027,0.40,-0.83,0.0655,0.1306,0.054
1243,47.9192,257,4.4,0.510,0.3324,123,0.025,0.40,-0.73,0.0678,0.1309,0.083
1244,51.8665,288,4.6,0.425,0.3292,118,0.026,0.44,-0.86,0.0656,0.1205,0.083
1245,48.3784,239,4.4,0.465,0.3285,120,0.026,0.37,-0.80,0.0665,0.1143,0.085
1246,48.9456,273,4.5,0.485,0.3256,116,0.027,0.42,-0.77,0.0672,0.1095,0.109
1247,38.6232,256,4.3,0.465,0.3224,115,0.027,0.39,-0.80,0.0689,0.1196,0.122
1248,43.8337,223,4.5,0.410,0.3272,119,0.026,0.34,-0.89,0.0680,0.1288,0.110
1249,47.0742,241,4.6,0.530,0.3323,121,0.026,0.37,-0.70,0.0691,0.1212,0.117
1250,50.7789,249,4.6,0.390,0.3370,118,0.026,0.38,-0.92,0.0681,0.1242,0.103
1251,34.1076,234,4.5,0.540,0.3359,121,0.026,0.36,-0.69,0.0662,0.1332,0.110
1252,74.5868,276,4.6,0.425,0.3361,127,0.025,0.42,-0.86,0.0678,0.1301,0.122
1253,39.3217,279,4.5,0.525,0.3275,128,0.024,0.43,-0.71,0.0680,0.1331,0.082
1254,50.3382,251,4.6,0.425,0.3263,118,0.026,0.39,-0.86,0.0679,0.1258,0.075
1255,27.0676,226,4.6,0.505,0.3296,113,0.028,0.35,-0.74,0.0687,0.1125,0.047
1256,49.5756,253,4.6,0.445,0.3326,114,0.027,0.39,-0.83,0.0679,0.1207,0.054
1257,44.7258,236,4.5,0.530,0.3280,115,0.027,0.36,-0.70,0.0681,0.1172,0.067
1258,35.9558,218,4.5,0.435,0.3280,121,0.026,0.33,-0.85,0.0674,0.1187,0.079
1259,50.0006,273,4.5,0.500,0.3282,124,0.025,0.42,-0.75,0.0664,0.1285,0.055
1260,41.5797,284,4.6,0.440,0.3241,126,0.025,0.44,-0.84,0.0679,0.1325,0.060
1261,53.8981,251,4.5,0.460,0.3275,123,0.025,0.39,-0.81,0.0713,0.1444,0.059
1262,29.9783,242,4.5,0.470,0.3160,125,0.025,0.37,-0.80,0.0668,0.1304,0.058
1263,45.1217,257,4.6,0.425,0.3197,126,0.025,0.40,-0.86,0.0656,0.1243,0.068
1264,39.4396,247,4.5,0.515,0.3198,127,0.025,0.38,-0.73,0.0705,0.1191,0.067
1265,34.3836,211,4.5,0.450,0.3182,123,0.025,0.32,-0.83,0.0682,0.1201,0.066
1266,46.3255,240,4.5,0.465,0.3250,126,0.025,0.37,-0.80,0.0668,0.1246,0.086
1267,68.1419,275,4.4,0.495,0.3271,119,0.026,0.42,-0.76,0.0655,0.1231,0.105
1268,36.8843,262,4.6,0.435,0.3272,121,0.026,0.40,-0.85,0.0675,0.1206,0.099
1269,48.8512,222,4.6,0.530,0.3300,117,0.027,0.34,-0.70,0.0653,0.1257,0.107
1270,54.4706,257,4.6,0.425,0.3302,115,0.027,0.39,-0.86,0.0658,0.1239,0.070
1271,35.4136,256,4.5,0.490,0.3315,119,0.026,0.39,-0.77,0.0682,0.1257,0.070
1272,65.4186,293,4.5,0.455,0.3261,126,0.025,0.45,-0.82,0.0665,0.1199,0.122
1273,37.6154,279,4.5,0.475,0.3252,122,0.026,0.43,-0.79,0.0665,0.1120,0.145
1274,60.9189,242,4.4,0.475,0.3219,126,0.025,0.37,-0.79,0.0706,0.1105,0.122
1275,45.3362,264,4.4,0.440,0.3281,128,0.024,0.41,-0.84,0.0714,0.1072,0.095
1276,29.8305,256,4.5,0.485,0.3325,126,0.025,0.39,-0.77,0.0676,0.1164,0.076
1277,53.8945,252,4.5,0.430,0.3324,120,0.026,0.39,-0.86,0.0696,0.1189,0.082
1278,38.0734,250,4.5,0.510,0.3311,124,0.025,0.38,-0.73,0.0686,0.1146,0.084
1279,37.0288,238,4.5,0.430,0.3314,124,0.025,0.37,-0.86,0.0695,0.1213,0.086
1280,34.5922,245,4.5,0.495,0.3355,114,0.027,0.38,-0.76,0.0675,0.1193,0.088
1281,54.7147,252,4.5,0.430,0.3349,119,0.026,0.39,-0.86,0.0696,0.1178,0.098
1282,66.1484,269,4.5,0.495,0.3327,114,0.027,0.41,-0.76,0.0642,0.1203,0.104
1283,48.1188,259,4.5,0.410,0.3395,122,0.026,0.40,-0.89,0.0639,0.1216,0.085
1284,63.8863,274,4.5,0.485,0.3370,126,0.025,0.42,-0.77,0.0687,0.1236,0.072
1285,54.0652,271,4.4,0.425,0.3281,118,0.026,0.42,-0.86,0.0678,0.1135,0.070
1286,36.6885,212,4.4,0.475,0.3269,119,0.026,0.33,-0.79,0.0668,0.1049,0.086
1287,43.1462,234,4.6,0.455,0.3289,114,0.027,0.36,-0.82,0.0701,0.1127,0.097
1288,33.6562,215,4.6,0.490,0.3322,119,0.026,0.33,-0.77,0.0677,0.1209,0.083
1289,49.2412,271,4.4,0.480,0.3287,116,0.027,0.42,-0.78,0.0673,0.1147,0.078
1290,43.6518,230,4.6,0.460,0.3220,121,0.026,0.35,-0.81,0.0688,0.1117,0.079
1291,40.8304,230,4.7,0.450,0.3273,120,0.026,0.35,-0.83,0.0718,0.1203,0.083
1292,41.1736,234,4.6,0.435,0.3214,118,0.026,0.36,-0.85,0.0724,0.1182,0.056
1293,53.1632,293,4.5,0.525,0.3194,125,0.025,0.45,-0.71,0.0712,0.1216,0.055
1294,38.3209,234,4.5,0.420,0.3179,117,0.027,0.36,-0.87,0.0688,0.1148,0.081
1295,38.0085,232,4.4,0.545,0.3165,118,0.026,0.36,-0.68,0.0650,0.1167,0.086
1296,50.4168,256,4.5,0.420,0.3182,117,0.027,0.39,-0.87,0.0710,0.1241,0.078
1297,52.7839,280,4.5,0.505,0.3155,116,0.027,0.43,-0.74,0.0694,0.1227,0.063
1298,58.6390,257,4.4,0.420,0.3182,120,0.026,0.40,-0.87,0.0693,0.1085,0.092
1299,48.5063,235,4.5,0.500,0.3233,113,0.028,0.36,-0.75,0.0712,0.1175,0.113
1300,42.7465,215,4.5,0.430,0.3363,114,0.027,0.33,-0.86,0.0667,0.1202,0.110
1301,40.9001,266,4.4,0.505,0.3307,124,0.025,0.41,-0.74,0.0693,0.1271,0.110
1302,33.9621,229,4.4,0.455,0.3296,118,0.026,0.35,-0.82,0.0674,0.1324,0.099
1303,55.0467,254,4.4,0.485,0.3243,117,0.027,0.39,-0.77,0.0692,0.1267,0.090
1304,41.5333,227,4.5,0.445,0.3185,119,0.026,0.35,-0.83,0.0671,0.1209,0.092
1305,40.3835,229,4.5,0.495,0.3178,121,0.026,0.35,-0.76,0.0649,0.1111,0.097
1306,39.3858,244,4.5,0.475,0.3269,118,0.026,0.37,-0.79,0.0680,0.1131,0.127
1307,43.7388,231,4.5,0.460,0.3338,123,0.025,0.35,-0.81,0.0678,0.1261,0.133
1308,59.1942,244,4.5,0.470,0.3357,125,0.025,0.38,-0.80,0.0664,0.1247,0.136
1309,40.3896,249,4.5,0.495,0.3390,124,0.025,0.38,-0.76,0.0677,0.1317,0.096
1310,50.6223,298,4.5,0.385,0.3364,125,0.025,0.46,-0.92,0.0694,0.1370,0.064
1311,24.1407,216,4.5,0.525,0.3345,125,0.025,0.33,-0.71,0.0678,0.1320,0.060
1312,52.4301,250,4.6,0.435,0.3286,120,0.026,0.38,-0.85,0.0653,0.1249,0.061
1313,54.3236,264,4.6,0.510,0.3222,114,0.027,0.41,-0.73,0.0684,0.1216,0.046
1314,48.6757,249,4.5,0.460,0.3287,117,0.027,0.38,-0.81,0.0649,0.1236,0.052
1315,42.8619,247,4.5,0.475,0.3252,128,0.024,0.38,-0.79,0.0689,0.1154,0.050
1316,54.5073,235,4.5,0.465,0.3255,125,0.025,0.36,-0.80,0.0671,0.1156,0.068
1317,47.0189,285,4.5,0.470,0.3273,124,0.025,0.44,-0.80,0.0669,0.1185,0.086
1318,35.6867,219,4.5,0.440,0.3237,126,0.025,0.34,-0.84,0.0702,0.1167,0.068
1319,73.3898,258,4.5,0.495,0.3217,127,0.025,0.40,-0.76,0.0654,0.1189,0.050
1320,62.4529,266,4.6,0.465,0.3165,124,0.025,0.41,-0.80,0.0700,0.1148,0.062
1321,46.9249,275,4.7,0.465,0.3152,129,0.024,0.42,-0.80,0.0687,0.1064,0.078
1322,45.4612,275,4.5,0.460,0.3192,124,0.025,0.42,-0.81,0.0669,0.1128,0.117
1323,37.5674,262,4.5,0.445,0.3234,119,0.026,0.40,-0.83,0.0676,0.1163,0.123
1324,49.5639,244,4.5,0.480,0.3263,118,0.026,0.37,-0.78,0.0659,0.1138,0.115
1325,40.0602,265,4.5,0.455,0.3317,121,0.026,0.41,-0.82,0.0680,0.1154,0.132
1326,42.6285,229,4.4,0.465,0.3422,124,0.025,0.35,-0.80,0.0706,0.1241,0.099
1327,59.5318,253,4.5,0.505,0.3391,121,0.026,0.39,-0.74,0.0683,0.1199,0.105
1328,52.9029,258,4.6,0.420,0.3372,115,0.027,0.40,-0.87,0.0661,0.1180,0.108
1329,37.6547,251,4.5,0.530,0.3282,114,0.027,0.39,-0.70,0.0666,0.1285,0.099
1330,49.4666,260,4.5,0.420,0.3350,122,0.026,0.40,-0.87,0.0676,0.1305,0.118
1331,47.6814,247,4.5,0.495,0.3375,121,0.026,0.38,-0.76,0.0681,0.1230,0.122
1332,59.6507,282,4.6,0.430,0.3333,119,0.026,0.43,-0.86,0.0693,0.1141,0.113
1333,29.0938,274,4.5,0.515,0.3268,123,0.025,0.42,-0.73,0.0722,0.1076,0.132
1334,43.4626,273,4.4,0.425,0.3258,121,0.026,0.42,-0.86,0.0678,0.1035,0.114
1335,31.3386,256,4.3,0.510,0.3303,123,0.025,0.39,-0.73,0.0700,0.1068,0.122
1336,57.1299,240,4.4,0.450,0.3340,114,0.027,0.37,-0.83,0.0676,0.1183,0.125
1337,44.9503,278,4.5,0.505,0.3323,119,0.026,0.43,-0.74,0.0699,0.1192,0.095
1338,27.5948,214,4.6,0.445,0.3383,123,0.025,0.33,-0.83,0.0706,0.1131,0.077
1339,48.0642,273,4.6,0.445,0.3350,117,0.027,0.42,-0.83,0.0688,0.1155,0.093
1340,55.0807,254,4.6,0.480,0.3342,124,0.025,0.39,-0.78,0.0651,0.1150,0.109
1341,48.0113,245,4.5,0.440,0.3306,122,0.026,0.38,-0.84,0.0717,0.1224,0.078
1342,53.2236,277,4.4,0.465,0.3292,123,0.025,0.43,-0.80,0.0679,0.1448,0.053
1343,37.1556,254,4.5,0.445,0.3302,121,0.026,0.39,-0.83,0.0662,0.1313,0.067
1344,44.6369,269,4.5,0.460,0.3260,123,0.025,0.41,-0.81,0.0683,0.1191,0.086
1345,46.5391,270,4.5,0.435,0.3248,123,0.025,0.41,-0.85,0.0687,0.1219,0.101
1346,74.7456,300,4.4,0.465,0.3225,114,0.027,0.46,-0.80,0.0653,0.1109,0.097
1347,48.9094,289,4.4,0.470,0.3208,114,0.027,0.44,-0.80,0.0675,0.1069,0.091
1348,43.5066,284,4.5,0.480,0.3166,127,0.025,0.44,-0.78,0.0669,0.1128,0.086
1349,41.2308,242,4.5,0.450,0.3191,119,0.026,0.37,-0.83,0.0689,0.1180,0.067
1350,64.8132,275,4.4,0.480,0.3237,118,0.026,0.42,-0.78,0.0681,0.1075,0.081
1351,41.7661,271,4.4,0.480,0.3242,120,0.026,0.42,-0.78,0.0703,0.1171,0.099
1352,41.7969,258,4.5,0.440,0.3277,123,0.025,0.40,-0.84,0.0667,0.1256,0.107
1353,61.5093,266,4.5,0.485,0.3325,121,0.026,0.41,-0.77,0.0739,0.1223,0.077
1354,57.8771,276,4.5,0.435,0.3330,120,0.026,0.42,-0.85,0.0665,0.1232,0.079
1355,47.3754,258,4.5,0.465,0.3377,118,0.026,0.40,-0.80,0.0691,0.1216,0.071
1356,39.1705,251,4.6,0.460,0.3348,118,0.026,0.39,-0.81,0.0694,0.1267,0.049
1357,64.5416,326,4.5,0.455,0.3230,126,0.025,0.50,-0.82,0.0709,0.1168,0.051
1358,50.7770,268,4.5,0.480,0.3215,115,0.027,0.41,-0.78,0.0679,0.1040,0.076
1359,53.0956,255,4.5,0.510,0.3271,117,0.027,0.39,-0.73,0.0711,0.1167,0.081
1360,26.9254,222,4.5,0.425,0.3361,119,0.026,0.34,-0.86,0.0713,0.1220,0.092
1361,31.8682,233,4.4,0.535,0.3414,118,0.026,0.36,-0.70,0.0683,0.1267,0.071
1362,40.9088,257,4.5,0.425,0.3391,118,0.026,0.40,-0.86,0.0667,0.1243,0.064
1363,37.3986,278,4.6,0.445,0.3390,120,0.026,0.43,-0.83,0.0675,0.1293,0.060
1364,35.3652,229,4.6,0.500,0.3418,118,0.026,0.35,-0.75,0.0714,0.1337,0.068
1365,56.5534,304,4.4,0.410,0.3286,117,0.027,0.47,-0.89,0.0692,0.1308,0.050
1366,35.4868,243,4.4,0.530,0.3286,120,0.026,0.37,-0.70,0.0647,0.1287,0.040
1367,42.7313,253,4.5,0.445,0.3312,125,0.025,0.39,-0.83,0.0689,0.1226,0.071
1368,38.1512,244,4.4,0.465,0.3325,128,0.024,0.37,-0.80,0.0677,0.1320,0.083
1369,35.7523,263,4.5,0.490,0.3339,123,0.025,0.40,-0.77,0.0704,0.1380,0.079
1370,61.1370,256,4.5,0.415,0.3358,121,0.026,0.39,-0.88,0.0702,0.1410,0.062
1371,43.5958,250,4.5,0.495,0.3247,128,0.024,0.38,-0.76,0.0704,0.1284,0.083
1372,38.3182,264,4.5,0.475,0.3194,123,0.025,0.41,-0.79,0.0703,0.1200,0.076
1373,26.5647,255,4.4,0.445,0.3238,123,0.025,0.39,-0.83,0.0708,0.1276,0.063
1374,40.5739,204,4.4,0.510,0.3280,125,0.025,0.31,-0.73,0.0729,0.1323,0.071
1375,59.1382,274,4.5,0.460,0.3304,122,0.026,0.42,-0.81,0.0697,0.1320,0.079
1376,56.6613,282,4.4,0.485,0.3346,130,0.024,0.43,-0.77,0.0722,0.1376,0.066
1377,37.5488,247,4.3,0.460,0.3330,124,0.025,0.38,-0.81,0.0705,0.1280,0.065
1378,44.7131,253,4.5,0.475,0.3321,124,0.025,0.39,-0.79,0.0667,0.1277,0.059
1379,56.5286,240,4.6,0.455,0.3407,118,0.026,0.37,-0.82,0.0699,0.1237,0.103
1380,51.6602,237,4.5,0.450,0.3413,117,0.027,0.36,-0.83,0.0673,0.1171,0.120
1381,52.3778,290,4.5,0.455,0.3390,116,0.027,0.45,-0.82,0.0711,0.1135,0.102
1382,58.1191,321,4.5,0.470,0.3295,117,0.027,0.49,-0.80,0.0665,0.1058,0.085
1383,38.8472,233,4.4,0.460,0.3243,121,0.026,0.36,-0.81,0.0647,0.1213,0.106
1384,57.4933,223,4.4,0.485,0.3313,123,0.025,0.34,-0.77,0.0687,0.1328,0.074
1385,36.5730,261,4.6,0.460,0.3326,116,0.027,0.40,-0.81,0.0651,0.1202,0.067
1386,32.8802,267,4.5,0.505,0.3378,122,0.026,0.41,-0.74,0.0682,0.1189,0.065
1387,31.2679,212,4.5,0.420,0.3409,124,0.025,0.33,-0.87,0.0690,0.1306,0.077
1388,57.2249,226,4.3,0.520,0.3388,126,0.025,0.35,-0.72,0.0733,0.1260,0.059
1389,47.9611,296,4.4,0.440,0.3346,117,0.027,0.45,-0.84,0.0697,0.1164,0.051
1390,35.6013,245,4.5,0.485,0.3265,117,0.027,0.38,-0.77,0.0692,0.1119,0.070
1391,50.2851,258,4.4,0.440,0.3319,122,0.026,0.40,-0.84,0.0682,0.1144,0.066
1392,53.5652,243,4.5,0.465,0.3308,121,0.026,0.37,-0.80,0.0724,0.1183,0.071
1393,46.5888,271,4.5,0.450,0.3323,125,0.025,0.42,-0.83,0.0715,0.1166,0.065
1394,33.3675,254,4.5,0.475,0.3372,119,0.026,0.39,-0.79,0.0707,0.1180,0.078
1395,43.1581,292,4.5,0.460,0.3272,122,0.026,0.45,-0.81,0.0652,0.1202,0.089
1396,39.2669,269,4.4,0.485,0.3312,129,0.024,0.41,-0.77,0.0690,0.1224,0.083
1397,31.4981,244,4.4,0.460,0.3270,120,0.026,0.37,-0.81,0.0698,0.1224,0.086
1398,34.1408,233,4.3,0.460,0.3213,123,0.025,0.36,-0.81,0.0685,0.1248,0.093
1399,50.1255,282,4.4,0.470,0.3220,125,0.025,0.43,-0.80,0.0690,0.1285,0.099
1400,45.4960,230,4.4,0.445,0.3358,120,0.026,0.35,-0.83,0.0700,0.1231,0.094
1401,46.2342,271,4.4,0.440,0.3420,126,0.025,0.42,-0.84,0.0711,0.1217,0.106
1402,43.6690,263,4.4,0.455,0.3394,124,0.025,0.40,-0.82,0.0669,0.1226,0.099
1403,49.8372,269,4.6,0.525,0.3344,118,0.026,0.41,-0.71,0.0646,0.1143,0.102
1404,42.0326,232,4.7,0.435,0.3356,115,0.027,0.36,-0.85,0.0711,0.1131,0.113
1405,43.4247,270,4.4,0.530,0.3342,121,0.026,0.41,-0.70,0.0692,0.1143,0.101
1406,57.5587,281,4.4,0.390,0.3267,117,0.027,0.43,-0.92,0.0670,0.1152,0.115
1407,47.6668,255,4.5,0.510,0.3317,120,0.026,0.39,-0.73,0.0680,0.1178,0.137
1408,60.5248,245,4.6,0.430,0.3404,120,0.026,0.38,-0.86,0.0698,0.1217,0.151
1409,50.1324,244,4.6,0.490,0.3374,130,0.024,0.38,-0.77,0.0672,0.1174,0.144
1410,51.8266,240,4.4,0.440,0.3407,131,0.024,0.37,-0.84,0.0680,0.1178,0.116
1411,32.1320,232,4.5,0.520,0.3405,117,0.027,0.36,-0.72,0.0715,0.1130,0.103
1412,37.6814,217,4.6,0.445,0.3420,123,0.025,0.33,-0.83,0.0719,0.1072,0.076
1413,39.4236,269,4.4,0.515,0.3271,119,0.026,0.41,-0.73,0.0662,0.1209,0.075
1414,46.8326,231,4.4,0.425,0.3257,112,0.028,0.35,-0.86,0.0714,0.1192,0.109
1415,29.5234,239,4.6,0.550,0.3322,117,0.027,0.37,-0.67,0.0663,0.1214,0.100
1416,41.9672,254,4.7,0.385,0.3374,132,0.024,0.39,-0.92,0.0685,0.1329,0.086
1417,44.9156,243,4.6,0.530,0.3317,120,0.026,0.37,-0.70,0.0705,0.1394,0.063
1418,46.8568,229,4.4,0.430,0.3333,114,0.027,0.35,-0.86,0.0681,0.1315,0.056
1419,41.1504,263,4.5,0.480,0.3362,119,0.026,0.40,-0.78,0.0675,0.1284,0.059
1420,34.3799,241,4.5,0.455,0.3280,116,0.027,0.37,-0.82,0.0714,0.1213,0.047
1421,32.3360,216,4.6,0.495,0.3250,127,0.025,0.33,-0.76,0.0659,0.1148,0.093
1422,54.0596,234,4.5,0.455,0.3230,124,0.025,0.36,-0.82,0.0679,0.1185,0.105
1423,51.0818,295,4.5,0.480,0.3276,120,0.026,0.45,-0.78,0.0691,0.1180,0.085
1424,51.0533,263,4.6,0.435,0.3263,121,0.026,0.40,-0.85,0.0664,0.1195,0.075
1425,43.1648,244,4.5,0.440,0.3208,129,0.024,0.38,-0.84,0.0681,0.1220,0.070
1426,47.3319,232,4.5,0.480,0.3228,134,0.023,0.36,-0.78,0.0714,0.1336,0.062
1427,49.0145,260,4.5,0.475,0.3387,125,0.025,0.40,-0.79,0.0677,0.1394,0.074
1428,43.8194,272,4.4,0.440,0.3425,132,0.024,0.42,-0.84,0.0702,0.1379,0.077
1429,44.2526,228,4.5,0.475,0.3273,124,0.025,0.35,-0.79,0.0692,0.1315,0.088
1430,42.1013,241,4.5,0.460,0.3305,120,0.026,0.37,-0.81,0.0688,0.1229,0.083
1431,44.3102,240,4.5,0.490,0.3332,122,0.026,0.37,-0.77,0.0680,0.1153,0.087
1432,34.4147,207,4.5,0.405,0.3373,127,0.025,0.32,-0.89,0.0698,0.1249,0.090
1433,38.9137,296,4.4,0.520,0.3406,117,0.027,0.46,-0.72,0.0699,0.1200,0.112
1434,45.5098,245,4.4,0.425,0.3316,122,0.026,0.38,-0.86,0.0718,0.1131,0.132
1435,52.8356,273,4.3,0.495,0.3360,121,0.026,0.42,-0.76,0.0710,0.1074,0.135
1436,36.9849,247,4.5,0.430,0.3411,124,0.025,0.38,-0.86,0.0696,0.1087,0.129
1437,28.4317,209,4.6,0.485,0.3301,114,0.027,0.32,-0.77,0.0672,0.1099,0.087
1438,42.9126,204,4.6,0.420,0.3269,122,0.026,0.31,-0.87,0.0722,0.1137,0.079
1439,31.7427,215,4.5,0.515,0.3292,121,0.026,0.33,-0.73,0.0691,0.1252,0.076
1440,50.1527,243,4.4,0.400,0.3298,121,0.026,0.37,-0.90,0.0719,0.1255,0.083
1441,29.4236,243,4.6,0.540,0.3352,122,0.026,0.37,-0.69,0.0663,0.1253,0.065
1442,44.7109,255,4.6,0.395,0.3354,123,0.025,0.39,-0.91,0.0660,0.1322,0.075
1443,27.4766,223,4.5,0.555,0.3361,119,0.026,0.34,-0.67,0.0653,0.1287,0.093
1444,52.9143,270,4.4,0.390,0.3357,125,0.025,0.42,-0.92,0.0688,0.1162,0.106
1445,32.1947,255,4.4,0.540,0.3356,127,0.025,0.39,-0.69,0.0675,0.1260,0.111
1446,43.2860,214,4.4,0.375,0.3339,131,0.024,0.33,-0.94,0.0674,0.1284,0.106
1447,47.7182,228,4.5,0.500,0.3383,117,0.027,0.35,-0.75,0.0666,0.1291,0.100
1448,44.4281,267,4.5,0.455,0.3350,125,0.025,0.41,-0.82,0.0686,0.1290,0.082
1449,29.3785,250,4.5,0.475,0.3328,128,0.024,0.38,-0.79,0.0688,0.1054,0.075
1450,47.3379,220,4.4,0.485,0.3352,120,0.026,0.34,-0.77,0.0703,0.1103,0.083
1451,69.9442,268,4.4,0.420,0.3355,119,0.026,0.41,-0.87,0.0709,0.1178,0.064
1452,37.4280,240,4.5,0.465,0.3353,120,0.026,0.37,-0.80,0.0706,0.1274,0.060
1453,40.5854,236,4.5,0.450,0.3384,111,0.028,0.36,-0.83,0.0694,0.1319,0.047
1454,37.0979,254,4.5,0.485,0.3372,127,0.025,0.39,-0.77,0.0710,0.1317,0.026
1455,51.1895,262,4.5,0.395,0.3373,127,0.025,0.40,-0.91,0.0723,0.1280,0.056
1456,72.1624,254,4.4,0.480,0.3345,125,0.025,0.39,-0.78,0.0708,0.1200,0.105
1457,42.7925,267,4.6,0.485,0.3420,123,0.025,0.41,-0.77,0.0668,0.1264,0.133
1458,47.7181,268,4.5,0.440,0.3365,106,0.029,0.41,-0.84,0.0690,0.1258,0.120
1459,42.6526,257,4.5,0.500,0.3375,112,0.028,0.40,-0.75,0.0705,0.1315,0.097
1460,51.5912,241,4.6,0.430,0.3391,120,0.026,0.37,-0.86,0.0716,0.1339,0.057
1461,37.0128,241,4.5,0.495,0.3301,121,0.026,0.37,-0.76,0.0724,0.1138,0.079
1462,52.8586,277,4.4,0.410,0.3316,125,0.025,0.43,-0.89,0.0667,0.1153,0.067
1463,57.8836,268,4.5,0.540,0.3336,127,0.025,0.41,-0.69,0.0680,0.1210,0.042
1464,53.5544,266,4.5,0.385,0.3309,124,0.025,0.41,-0.92,0.0665,0.1229,0.057
1465,49.0816,246,4.5,0.520,0.3320,125,0.025,0.38,-0.72,0.0677,0.1302,0.045
1466,53.1656,274,4.5,0.450,0.3342,122,0.026,0.42,-0.83,0.0723,0.1245,0.062
1467,50.4052,306,4.5,0.505,0.3376,119,0.026,0.47,-0.74,0.0698,0.1313,0.065
1468,47.2239,245,4.5,0.425,0.3351,118,0.026,0.38,-0.86,0.0667,0.1378,0.039
1469,68.0056,281,4.6,0.465,0.3374,115,0.027,0.43,-0.80,0.0688,0.1131,0.068
1470,53.6375,275,4.5,0.445,0.3442,121,0.026,0.42,-0.83,0.0686,0.1208,0.083
1471,45.9882,256,4.3,0.450,0.3397,120,0.026,0.39,-0.83,0.0675,0.1241,0.075
1472,49.9205,248,4.5,0.455,0.3411,119,0.026,0.38,-0.82,0.0715,0.1186,0.054
1473,45.4002,239,4.6,0.455,0.3484,119,0.026,0.37,-0.82,0.0709,0.1270,0.041
1474,58.8013,275,4.5,0.455,0.3476,119,0.026,0.42,-0.82,0.0702,0.1286,0.060
1475,45.8156,285,4.6,0.475,0.3378,120,0.026,0.44,-0.79,0.0719,0.1209,0.052
1476,54.3857,220,4.5,0.430,0.3410,115,0.027,0.34,-0.86,0.0684,0.1291,0.066
1477,45.4095,252,4.4,0.490,0.3396,120,0.026,0.39,-0.77,0.0700,0.1311,0.085
1478,19.9392,217,4.5,0.485,0.3407,126,0.025,0.33,-0.77,0.0712,0.1206,0.083
1479,55.5445,246,4.6,0.410,0.3448,126,0.025,0.38,-0.89,0.0717,0.1172,0.096
1480,50.3624,272,4.6,0.510,0.3391,123,0.025,0.42,-0.73,0.0728,0.1249,0.114
1481,39.4483,240,4.5,0.460,0.3419,120,0.026,0.37,-0.81,0.0703,0.1181,0.109
1482,42.4512,256,4.4,0.445,0.3388,123,0.025,0.39,-0.83,0.0639,0.1238,0.097
1483,52.9908,262,4.6,0.465,0.3311,119,0.026,0.40,-0.80,0.0655,0.1182,0.084
1484,47.1776,254,4.5,0.445,0.3397,122,0.026,0.39,-0.83,0.0687,0.1158,0.054
1485,47.6016,275,4.5,0.470,0.3463,125,0.025,0.42,-0.80,0.0681,0.1100,0.054
1486,40.7679,250,4.4,0.430,0.3447,128,0.024,0.38,-0.86,0.0667,0.1065,0.099
1487,45.9789,282,4.5,0.450,0.3417,119,0.026,0.43,-0.83,0.0700,0.1085,0.107
1488,40.4644,242,4.6,0.460,0.3472,124,0.025,0.37,-0.81,0.0677,0.1070,0.116
1489,53.5311,240,4.6,0.440,0.3457,119,0.026,0.37,-0.84,0.0701,0.1123,0.113
1490,52.4357,294,4.4,0.440,0.3335,119,0.026,0.45,-0.84,0.0674,0.1299,0.054
1491,57.2737,271,4.5,0.415,0.3397,114,0.027,0.42,-0.88,0.0681,0.1328,0.035
1492,50.1070,254,4.5,0.490,0.3439,120,0.026,0.39,-0.77,0.0733,0.1274,0.046
1493,43.6136,271,4.4,0.420,0.3459,121,0.026,0.42,-0.87,0.0705,0.1199,0.071
1494,48.7713,240,4.4,0.460,0.3453,121,0.026,0.37,-0.81,0.0725,0.1160,0.076
1495,50.9022,264,4.5,0.465,0.3484,122,0.026,0.41,-0.80,0.0676,0.1213,0.067
1496,46.9918,275,4.5,0.425,0.3431,124,0.025,0.42,-0.86,0.0700,0.1245,0.058
1497,51.2958,288,4.5,0.455,0.3434,125,0.025,0.44,-0.82,0.0726,0.1152,0.057
1498,39.1582,246,4.5,0.435,0.3336,117,0.027,0.38,-0.85,0.0698,0.1274,0.051
1499,39.9730,261,4.5,0.485,0.3354,114,0.027,0.40,-0.77,0.0715,0.1337,0.045
1500,43.0328,254,4.6,0.440,0.3389,118,0.026,0.39,-0.84,0.0685,0.1345,0.065
1501,44.6809,280,4.5,0.465,0.3319,121,0.026,0.43,-0.80,0.0708,0.1312,0.077
1502,48.8800,251,4.5,0.410,0.3436,119,0.026,0.39,-0.89,0.0657,0.1264,0.068
1503,56.0783,262,4.5,0.485,0.3496,123,0.025,0.40,-0.77,0.0651,0.1285,0.078
1504,45.9108,266,4.5,0.410,0.3479,115,0.027,0.41,-0.89,0.0686,0.1294,0.078
1505,42.8036,262,4.5,0.460,0.3395,120,0.026,0.40,-0.81,0.0675,0.1289,0.086
1506,46.9422,251,4.6,0.465,0.3472,122,0.026,0.39,-0.80,0.0674,0.1308,0.086
1507,64.0899,321,4.5,0.480,0.3345,122,0.026,0.49,-0.78,0.0677,0.1217,0.086
1508,41.4770,235,4.4,0.435,0.3369,117,0.027,0.36,-0.85,0.0699,0.1239,0.103
1509,45.3225,236,4.5,0.495,0.3545,115,0.027,0.36,-0.76,0.0679,0.1230,0.081
1510,51.6199,263,4.5,0.430,0.3525,121,0.026,0.40,-0.86,0.0728,0.1191,0.083
1511,53.2658,245,4.5,0.485,0.3509,116,0.027,0.38,-0.77,0.0674,0.1226,0.073
1512,40.8435,260,4.4,0.415,0.3470,118,0.026,0.40,-0.88,0.0691,0.1253,0.055
1513,54.8263,272,4.4,0.480,0.3497,119,0.026,0.42,-0.78,0.0712,0.1337,0.074
1514,50.9451,242,4.4,0.440,0.3475,124,0.025,0.37,-0.84,0.0694,0.1330,0.115
1515,41.8228,279,4.5,0.460,0.3454,116,0.027,0.43,-0.81,0.0725,0.1341,0.112
1516,31.0422,218,4.6,0.475,0.3408,126,0.025,0.34,-0.79,0.0695,0.1279,0.085
1517,41.2936,266,4.7,0.410,0.3398,126,0.025,0.41,-0.89,0.0680,0.1177,0.107
1518,38.9679,229,4.5,0.535,0.3532,118,0.026,0.35,-0.70,0.0704,0.1263,0.070
1519,60.6952,259,4.4,0.400,0.3514,118,0.026,0.40,-0.90,0.0693,0.1290,0.070
1520,25.6983,261,4.5,0.510,0.3454,118,0.026,0.40,-0.73,0.0703,0.1324,0.090
1521,41.0783,275,4.5,0.400,0.3454,126,0.025,0.42,-0.90,0.0691,0.1299,0.113
1522,43.3630,229,4.4,0.510,0.3447,125,0.025,0.35,-0.73,0.0693,0.1199,0.103
1523,60.8483,274,4.5,0.400,0.3421,119,0.026,0.42,-0.90,0.0699,0.1161,0.073
1524,30.6363,220,4.6,0.495,0.3334,124,0.025,0.34,-0.76,0.0679,0.1232,0.097
1525,42.3370,259,4.6,0.440,0.3322,127,0.025,0.40,-0.84,0.0663,0.1289,0.108
1526,37.2421,224,4.5,0.470,0.3380,128,0.024,0.34,-0.80,0.0697,0.1337,0.093
1527,35.9988,233,4.5,0.450,0.3407,119,0.026,0.36,-0.83,0.0698,0.1286,0.084
1528,55.6177,248,4.6,0.430,0.3469,115,0.027,0.38,-0.86,0.0662,0.1327,0.073
1529,53.0995,270,4.6,0.495,0.3431,123,0.025,0.42,-0.76,0.0700,0.1263,0.065
1530,43.9487,273,4.5,0.445,0.3371,123,0.025,0.42,-0.83,0.0691,0.1118,0.059
1531,41.2941,262,4.5,0.440,0.3267,132,0.024,0.40,-0.84,0.0707,0.1094,0.065
1532,39.0281,235,4.5,0.460,0.3336,126,0.025,0.36,-0.81,0.0689,0.1133,0.058
1533,48.6664,247,4.5,0.475,0.3330,121,0.026,0.38,-0.79,0.0713,0.1293,0.072
1534,43.8164,257,4.5,0.455,0.3461,118,0.026,0.40,-0.82,0.0699,0.1359,0.083
1535,50.8609,265,4.4,0.465,0.3479,119,0.026,0.41,-0.80,0.0689,0.1241,0.106
1536,40.9606,221,4.5,0.445,0.3423,121,0.026,0.34,-0.83,0.0694,0.1203,0.087
1537,44.3450,278,4.6,0.495,0.3480,126,0.025,0.43,-0.76,0.0728,0.1206,0.064
1538,51.6527,281,4.5,0.410,0.3422,126,0.025,0.43,-0.89,0.0706,0.1239,0.060
1539,49.6036,253,4.5,0.460,0.3355,126,0.025,0.39,-0.81,0.0709,0.1253,0.062
1540,56.3348,223,4.5,0.435,0.3432,125,0.025,0.34,-0.85,0.0733,0.1237,0.034
1541,49.8750,264,4.4,0.410,0.3429,122,0.026,0.41,-0.89,0.0713,0.1133,0.057
1542,29.3623,202,4.4,0.495,0.3451,120,0.026,0.31,-0.76,0.0666,0.1198,0.101
1543,59.6034,285,4.5,0.380,0.3431,117,0.027,0.44,-0.93,0.0659,0.1210,0.112
1544,61.3780,273,4.5,0.475,0.3467,123,0.025,0.42,-0.79,0.0658,0.1211,0.095
1545,55.3023,303,4.5,0.420,0.3468,129,0.024,0.47,-0.87,0.0686,0.1239,0.068
1546,51.5938,242,4.4,0.470,0.3493,120,0.026,0.37,-0.80,0.0673,0.1294,0.076
1547,44.7810,271,4.4,0.475,0.3446,125,0.025,0.42,-0.79,0.0725,0.1220,0.083
1548,51.8890,250,4.5,0.440,0.3392,126,0.025,0.38,-0.84,0.0678,0.1171,0.084
1549,63.2179,243,4.5,0.515,0.3396,120,0.026,0.37,-0.73,0.0704,0.1212,0.080
1550,53.8279,280,4.5,0.420,0.3406,118,0.026,0.43,-0.87,0.0718,0.1217,0.050
1551,49.9664,271,4.5,0.480,0.3451,125,0.025,0.42,-0.78,0.0701,0.1167,0.068
1552,44.4422,238,4.5,0.460,0.3413,118,0.026,0.37,-0.81,0.0723,0.1224,0.086
1553,61.2913,264,4.5,0.405,0.3440,125,0.025,0.41,-0.89,0.0694,0.1280,0.078
1554,51.9901,256,4.5,0.470,0.3388,117,0.027,0.39,-0.80,0.0653,0.1152,0.087
1555,43.9863,251,4.4,0.480,0.3413,120,0.026,0.39,-0.78,0.0702,0.1190,0.094
1556,44.6489,299,4.3,0.475,0.3405,133,0.023,0.46,-0.79,0.0690,0.1226,0.081
1557,46.5721,258,4.4,0.440,0.3418,124,0.025,0.40,-0.84,0.0706,0.1150,0.070
1558,72.4136,258,4.4,0.430,0.3455,122,0.026,0.40,-0.86,0.0672,0.1112,0.083
1559,57.5992,270,4.5,0.470,0.3414,120,0.026,0.41,-0.80,0.0727,0.1076,0.075
1560,50.7610,272,4.6,0.450,0.3289,116,0.027,0.42,-0.83,0.0719,0.0981,0.096
1561,62.1777,247,4.5,0.500,0.3295,116,0.027,0.38,-0.75,0.0678,0.1115,0.095
1562,31.6540,264,4.5,0.485,0.3415,122,0.026,0.40,-0.77,0.0690,0.1180,0.069
1563,56.4615,236,4.5,0.445,0.3390,126,0.025,0.36,-0.83,0.0636,0.1171,0.059
1564,45.9551,260,4.6,0.480,0.3401,122,0.026,0.40,-0.78,0.0708,0.1282,0.063
1565,30.0999,236,4.6,0.465,0.3422,123,0.025,0.36,-0.80,0.0706,0.1293,0.055
1566,60.2135,255,4.6,0.415,0.3408,123,0.025,0.39,-0.88,0.0677,0.1317,0.058
1567,40.5738,223,4.4,0.505,0.3372,126,0.025,0.34,-0.74,0.0690,0.1204,0.063
1568,44.6597,263,4.5,0.420,0.3412,132,0.024,0.40,-0.87,0.0662,0.1245,0.075
1569,34.9512,238,4.5,0.495,0.3467,124,0.025,0.37,-0.76,0.0706,0.1156,0.083
1570,37.5130,208,4.4,0.400,0.3474,123,0.025,0.32,-0.90,0.0730,0.1015,0.099
1571,44.5554,234,4.4,0.520,0.3462,122,0.026,0.36,-0.72,0.0680,0.1046,0.097
1572,52.8667,265,4.5,0.395,0.3475,114,0.027,0.41,-0.91,0.0684,0.1087,0.110
1573,39.3409,245,4.6,0.505,0.3447,118,0.026,0.38,-0.74,0.0702,0.1179,0.076
1574,54.4247,253,4.5,0.385,0.3434,122,0.026,0.39,-0.92,0.0695,0.1153,0.059
1575,54.7394,266,4.4,0.510,0.3473,117,0.027,0.41,-0.73,0.0726,0.1132,0.088
1576,61.2981,269,4.5,0.375,0.3401,116,0.027,0.41,-0.94,0.0702,0.1106,0.094
1577,46.8907,258,4.3,0.515,0.3333,120,0.026,0.40,-0.73,0.0700,0.1025,0.133
1578,55.8722,236,4.5,0.400,0.3338,122,0.026,0.36,-0.90,0.0663,0.1010,0.132
1579,40.2383,252,4.6,0.505,0.3302,121,0.026,0.39,-0.74,0.0688,0.0951,0.093
1580,47.2300,276,4.5,0.395,0.3404,126,0.025,0.42,-0.91,0.0707,0.1000,0.087
1581,51.1980,263,4.5,0.515,0.3471,123,0.025,0.40,-0.73,0.0708,0.1180,0.065
1582,52.3459,257,4.5,0.380,0.3502,121,0.026,0.40,-0.93,0.0685,0.1147,0.060
1583,32.8390,233,4.5,0.525,0.3514,121,0.026,0.36,-0.71,0.0683,0.1174,0.051
1584,48.4313,235,4.5,0.350,0.3530,125,0.025,0.36,-0.98,0.0668,0.1167,0.047
1585,35.3946,243,4.6,0.535,0.3470,114,0.027,0.37,-0.70,0.0732,0.1176,0.054
1586,45.2830,259,4.6,0.380,0.3459,126,0.025,0.40,-0.93,0.0677,0.1192,0.052
1587,54.3794,212,4.5,0.520,0.3405,119,0.026,0.33,-0.72,0.0690,0.1178,0.058
1588,44.6958,250,4.5,0.450,0.3405,119,0.026,0.38,-0.83,0.0721,0.1230,0.075
1589,51.5153,265,4.6,0.450,0.3509,121,0.026,0.41,-0.83,0.0692,0.1321,0.073
1590,35.4281,237,4.6,0.450,0.3478,123,0.025,0.36,-0.83,0.0695,0.1359,0.040
1591,38.0588,236,4.4,0.510,0.3514,119,0.026,0.36,-0.73,0.0685,0.1324,0.039
1592,41.7342,223,4.5,0.430,0.3444,119,0.026,0.34,-0.86,0.0719,0.1311,0.066
1593,45.8969,243,4.6,0.490,0.3371,114,0.027,0.37,-0.77,0.0711,0.1323,0.083
1594,54.7101,254,4.6,0.440,0.3410,118,0.026,0.39,-0.84,0.0702,0.1307,0.096
1595,41.8583,255,4.5,0.515,0.3387,124,0.025,0.39,-0.73,0.0719,0.1211,0.111
1596,45.5088,239,4.4,0.400,0.3403,122,0.026,0.37,-0.90,0.0695,0.1176,0.110
1597,49.7084,262,4.5,0.480,0.3528,122,0.026,0.40,-0.78,0.0675,0.1230,0.089
1598,56.4344,256,4.5,0.390,0.3402,116,0.027,0.39,-0.92,0.0748,0.1082,0.073
1599,53.8469,235,4.5,0.510,0.3484,116,0.027,0.36,-0.73,0.0743,0.1197,0.071
1600,55.2719,282,4.5,0.435,0.3423,115,0.027,0.43,-0.85,0.0719,0.1240,0.080
1601,41.7561,257,4.6,0.510,0.3354,115,0.027,0.39,-0.73,0.0674,0.1283,0.082
1602,50.8433,250,4.6,0.435,0.3361,121,0.026,0.38,-0.85,0.0674,0.1338,0.057
1603,44.5740,245,4.5,0.465,0.3463,126,0.025,0.38,-0.80,0.0662,0.1271,0.045
1604,52.8201,243,4.6,0.400,0.3487,129,0.024,0.37,-0.90,0.0695,0.1183,0.054
1605,45.6064,280,4.6,0.475,0.3476,124,0.025,0.43,-0.79,0.0694,0.1292,0.047
1606,44.6898,224,4.6,0.435,0.3463,122,0.026,0.34,-0.85,0.0675,0.1316,0.039
1607,45.1866,256,4.5,0.455,0.3475,123,0.025,0.39,-0.82,0.0700,0.1147,0.060
1608,48.7261,271,4.3,0.455,0.3474,125,0.025,0.42,-0.82,0.0716,0.1140,0.068
1609,48.8451,258,4.4,0.455,0.3417,122,0.026,0.40,-0.82,0.0720,0.1168,0.063
1610,52.1120,262,4.5,0.485,0.3470,119,0.026,0.40,-0.77,0.0666,0.1106,0.091
1611,37.0655,266,4.5,0.425,0.3451,113,0.028,0.41,-0.86,0.0707,0.1137,0.075
1612,47.0658,233,4.5,0.465,0.3517,113,0.028,0.36,-0.80,0.0698,0.1238,0.037
1613,49.1853,270,4.4,0.425,0.3562,119,0.026,0.42,-0.86,0.0675,0.1152,0.042
1614,35.0279,259,4.4,0.420,0.3463,121,0.026,0.40,-0.87,0.0699,0.1125,0.071
1615,52.8859,235,4.4,0.425,0.3440,129,0.024,0.36,-0.86,0.0695,0.1225,0.083
1616,53.2595,268,4.4,0.440,0.3462,127,0.025,0.41,-0.84,0.0699,0.1278,0.052
1617,43.6432,230,4.5,0.495,0.3390,122,0.026,0.35,-0.76,0.0689,0.1133,0.092
1618,66.0350,274,4.5,0.465,0.3332,116,0.027,0.42,-0.80,0.0681,0.1054,0.114
1619,46.0176,324,4.5,0.465,0.3411,116,0.027,0.50,-0.80,0.0712,0.1089,0.101
1620,48.5329,244,4.5,0.410,0.3479,124,0.025,0.38,-0.89,0.0686,0.1107,0.116
1621,32.6732,242,4.5,0.475,0.3459,120,0.026,0.37,-0.79,0.0685,0.1170,0.084
1622,43.3079,239,4.4,0.435,0.3425,123,0.025,0.37,-0.85,0.0681,0.1296,0.065
1623,43.4580,277,4.4,0.445,0.3359,127,0.025,0.43,-0.83,0.0662,0.1231,0.054
1624,44.6198,251,4.4,0.450,0.3340,117,0.027,0.39,-0.83,0.0661,0.1136,0.053
1625,39.9045,257,4.4,0.450,0.3314,116,0.027,0.39,-0.83,0.0685,0.1164,0.078
1626,40.0884,236,4.4,0.470,0.3330,114,0.027,0.36,-0.80,0.0713,0.1151,0.079
1627,41.5017,239,4.4,0.435,0.3478,116,0.027,0.37,-0.85,0.0658,0.1159,0.055
1628,52.4614,245,4.5,0.470,0.3504,126,0.025,0.38,-0.80,0.0701,0.1170,0.056
1629,45.1003,231,4.4,0.430,0.3548,118,0.026,0.35,-0.86,0.0705,0.1154,0.078
1630,55.8510,297,4.5,0.450,0.3510,123,0.025,0.46,-0.83,0.0706,0.1177,0.077
1631,32.8924,238,4.5,0.415,0.3396,128,0.024,0.37,-0.88,0.0692,0.1275,0.062
1632,41.7858,273,4.5,0.520,0.3337,127,0.025,0.42,-0.72,0.0665,0.1240,0.069
1633,50.2983,250,4.5,0.400,0.3370,130,0.024,0.38,-0.90,0.0692,0.1133,0.071
1634,32.4259,261,4.4,0.495,0.3324,129,0.024,0.40,-0.76,0.0689,0.1067,0.077
1635,46.7403,284,4.5,0.400,0.3411,119,0.026,0.44,-0.90,0.0683,0.1146,0.071
1636,56.0319,238,4.5,0.505,0.3488,114,0.027,0.37,-0.74,0.0674,0.1158,0.070
1637,60.0263,246,4.5,0.395,0.3431,124,0.025,0.38,-0.91,0.0704,0.1160,0.057
1638,51.8651,265,4.4,0.490,0.3337,121,0.026,0.41,-0.77,0.0683,0.1226,0.053
1639,59.9155,267,4.4,0.360,0.3363,121,0.026,0.41,-0.96,0.0713,0.1194,0.062
1640,40.2233,256,4.4,0.505,0.3341,122,0.026,0.39,-0.74,0.0694,0.1168,0.068
1641,66.6952,273,4.4,0.390,0.3299,119,0.026,0.42,-0.92,0.0730,0.1114,0.060
1642,39.0880,279,4.3,0.505,0.3342,117,0.027,0.43,-0.74,0.0687,0.1125,0.065
1643,51.3743,236,4.5,0.435,0.3319,122,0.026,0.36,-0.85,0.0672,0.1076,0.083
1644,45.2873,263,4.5,0.480,0.3463,115,0.027,0.40,-0.78,0.0624,0.1199,0.082
1645,64.4496,282,4.4,0.420,0.3462,112,0.028,0.43,-0.87,0.0681,0.1232,0.082
1646,48.2107,262,4.5,0.460,0.3382,121,0.026,0.40,-0.81,0.0686,0.1167,0.086
1647,46.9566,295,4.6,0.435,0.3452,127,0.025,0.45,-0.85,0.0680,0.1139,0.099
1648,47.2419,284,4.5,0.460,0.3335,119,0.026,0.44,-0.81,0.0719,0.0990,0.092
1649,53.4506,261,4.5,0.430,0.3363,126,0.025,0.40,-0.86,0.0672,0.0984,0.097
1650,50.6225,220,4.4,0.505,0.3411,119,0.026,0.34,-0.74,0.0715,0.1161,0.085
1651,50.6356,245,4.5,0.410,0.3351,119,0.026,0.38,-0.89,0.0673,0.1166,0.087
1652,47.0374,294,4.3,0.495,0.3410,118,0.026,0.45,-0.76,0.0707,0.1155,0.072
1653,44.6371,263,4.4,0.435,0.3401,116,0.027,0.40,-0.85,0.0684,0.1151,0.031
1654,62.3403,262,4.4,0.440,0.3317,117,0.027,0.40,-0.84,0.0711,0.1116,0.041
1655,48.4136,292,4.4,0.455,0.3363,123,0.025,0.45,-0.82,0.0692,0.1190,0.041
1656,44.2975,259,4.5,0.470,0.3448,128,0.024,0.40,-0.80,0.0684,0.1242,0.060
1657,37.6247,271,4.6,0.430,0.3384,129,0.024,0.42,-0.86,0.0722,0.1170,0.092
1658,49.1790,204,4.6,0.450,0.3324,122,0.026,0.31,-0.83,0.0688,0.1211,0.099
1659,56.6274,243,4.5,0.475,0.3311,123,0.025,0.37,-0.79,0.0671,0.1318,0.091
1660,33.0303,257,4.4,0.450,0.3322,127,0.025,0.39,-0.83,0.0695,0.1228,0.079
1661,41.3822,258,4.4,0.495,0.3406,118,0.026,0.40,-0.76,0.0712,0.1117,0.063
1662,50.4687,239,4.5,0.385,0.3446,116,0.027,0.37,-0.92,0.0674,0.1154,0.052
1663,50.0062,248,4.5,0.560,0.3387,123,0.025,0.38,-0.66,0.0704,0.1159,0.050
1664,50.1763,274,4.5,0.355,0.3393,126,0.025,0.42,-0.97,0.0660,0.1188,0.046
1665,43.1466,261,4.5,0.515,0.3411,128,0.024,0.40,-0.73,0.0660,0.1212,0.060
1666,45.7445,233,4.5,0.390,0.3422,122,0.026,0.36,-0.92,0.0700,0.1201,0.068
1667,55.4546,278,4.4,0.485,0.3403,118,0.026,0.43,-0.77,0.0688,0.1112,0.086
1668,43.0208,237,4.4,0.375,0.3448,125,0.025,0.36,-0.94,0.0668,0.1023,0.088
1669,53.0303,253,4.3,0.550,0.3400,120,0.026,0.39,-0.67,0.0691,0.1058,0.053
1670,41.5495,245,4.4,0.380,0.3354,122,0.026,0.38,-0.93,0.0711,0.1097,0.060
1671,41.5436,246,4.4,0.530,0.3467,119,0.026,0.38,-0.70,0.0710,0.1169,0.067
1672,55.5289,256,4.5,0.380,0.3437,121,0.026,0.39,-0.93,0.0716,0.1210,0.059
1673,30.3256,254,4.5,0.540,0.3399,127,0.025,0.39,-0.69,0.0695,0.1147,0.096
1674,53.6269,234,4.4,0.400,0.3446,125,0.025,0.36,-0.90,0.0691,0.1142,0.108
1675,35.8140,253,4.5,0.505,0.3471,125,0.025,0.39,-0.74,0.0682,0.1231,0.114
1676,46.0169,241,4.6,0.400,0.3519,118,0.026,0.37,-0.90,0.0684,0.1201,0.103
1677,59.9613,252,4.6,0.465,0.3461,125,0.025,0.39,-0.80,0.0699,0.1157,0.079
1678,44.6020,273,4.5,0.445,0.3374,121,0.026,0.42,-0.83,0.0717,0.1177,0.109
1679,61.6601,286,4.5,0.400,0.3374,123,0.025,0.44,-0.90,0.0709,0.1205,0.109
1680,31.7530,235,4.5,0.440,0.3388,114,0.027,0.36,-0.84,0.0718,0.1140,0.110
1681,43.6260,223,4.5,0.455,0.3485,119,0.026,0.34,-0.82,0.0658,0.1146,0.104
1682,67.9500,278,4.4,0.420,0.3469,115,0.027,0.43,-0.87,0.0660,0.1104,0.046
1683,41.0404,283,4.5,0.465,0.3426,128,0.024,0.44,-0.80,0.0667,0.1116,0.039
1684,44.8606,237,4.5,0.425,0.3432,129,0.024,0.36,-0.86,0.0696,0.1168,0.072
1685,37.5761,243,4.5,0.520,0.3455,126,0.025,0.37,-0.72,0.0678,0.1148,0.056
1686,54.0324,276,4.5,0.415,0.3469,114,0.027,0.42,-0.88,0.0688,0.1175,0.051
1687,43.7102,274,4.6,0.465,0.3413,122,0.026,0.42,-0.80,0.0706,0.1074,0.061
1688,44.5985,230,4.5,0.425,0.3371,118,0.026,0.35,-0.86,0.0737,0.1115,0.068
1689,51.4338,231,4.5,0.480,0.3358,119,0.026,0.36,-0.78,0.0665,0.1197,0.065
1690,51.4959,262,4.5,0.440,0.3502,127,0.025,0.40,-0.84,0.0711,0.1210,0.090
1691,46.7533,266,4.5,0.450,0.3535,119,0.026,0.41,-0.83,0.0700,0.1214,0.116
1692,54.3244,272,4.3,0.450,0.3548,118,0.026,0.42,-0.83,0.0687,0.1207,0.089
1693,53.8340,271,4.3,0.455,0.3576,117,0.027,0.42,-0.82,0.0665,0.1190,0.057
1694,50.5307,267,4.5,0.410,0.3465,123,0.025,0.41,-0.89,0.0699,0.1102,0.078
1695,30.1191,225,4.5,0.510,0.3456,119,0.026,0.35,-0.73,0.0698,0.1087,0.105
1696,58.0978,253,4.6,0.400,0.3402,122,0.026,0.39,-0.90,0.0724,0.1163,0.096
1697,35.2503,225,4.5,0.480,0.3413,115,0.027,0.35,-0.78,0.0707,0.1198,0.056
1698,36.1320,238,4.4,0.395,0.3446,115,0.027,0.37,-0.91,0.0701,0.1228,0.057
1699,43.9672,265,4.4,0.510,0.3479,123,0.025,0.41,-0.73,0.0668,0.1254,0.068
1700,47.8362,257,4.5,0.385,0.3511,122,0.026,0.40,-0.92,0.0706,0.1232,0.050
1701,56.3574,256,4.3,0.480,0.3466,117,0.027,0.39,-0.78,0.0657,0.1122,0.054
1702,62.8716,313,4.4,0.415,0.3357,124,0.025,0.48,-0.88,0.0671,0.1138,0.053
1703,41.5241,275,4.7,0.510,0.3340,122,0.026,0.42,-0.73,0.0659,0.1176,0.066
1704,50.5590,248,4.6,0.400,0.3414,120,0.026,0.38,-0.90,0.0678,0.1134,0.058
1705,46.1406,263,4.5,0.505,0.3407,116,0.027,0.40,-0.74,0.0698,0.1253,0.052
1706,76.8391,278,4.4,0.395,0.3494,115,0.027,0.43,-0.91,0.0702,0.1391,0.058
1707,65.7362,291,4.4,0.490,0.3562,122,0.026,0.45,-0.77,0.0682,0.1272,0.064
1708,49.6941,258,4.4,0.455,0.3556,122,0.026,0.40,-0.82,0.0710,0.1267,0.056
1709,59.5644,269,4.5,0.455,0.3533,120,0.026,0.41,-0.82,0.0702,0.1142,0.057
1710,36.4953,268,4.5,0.450,0.3493,123,0.025,0.41,-0.83,0.0727,0.1136,0.058
1711,57.3692,256,4.6,0.450,0.3418,113,0.028,0.39,-0.83,0.0721,0.1194,0.071
1712,50.5596,261,4.5,0.425,0.3536,112,0.028,0.40,-0.86,0.0696,0.1242,0.066
1713,42.3091,232,4.5,0.460,0.3509,118,0.026,0.36,-0.81,0.0696,0.1244,0.077
1714,37.2377,260,4.5,0.455,0.3442,127,0.025,0.40,-0.82,0.0708,0.1175,0.110
1715,40.3697,252,4.4,0.425,0.3450,125,0.025,0.39,-0.86,0.0708,0.1100,0.111
1716,42.7915,243,4.5,0.465,0.3545,122,0.026,0.37,-0.80,0.0707,0.1129,0.081
1717,70.1124,262,4.6,0.420,0.3524,124,0.025,0.40,-0.87,0.0709,0.1152,0.058
1718,58.6001,286,4.4,0.435,0.3411,122,0.026,0.44,-0.85,0.0720,0.1128,0.033
1719,59.7390,287,4.5,0.445,0.3403,120,0.026,0.44,-0.83,0.0675,0.1210,0.070
1720,36.0838,305,4.5,0.445,0.3488,125,0.025,0.47,-0.83,0.0719,0.1054,0.101
1721,50.9809,218,4.5,0.400,0.3539,125,0.025,0.34,-0.90,0.0703,0.1121,0.079
1722,55.6262,245,4.5,0.450,0.3557,119,0.026,0.38,-0.83,0.0693,0.1220,0.065
1723,48.9994,246,4.4,0.425,0.3613,124,0.025,0.38,-0.86,0.0686,0.1207,0.063
1724,32.5564,303,4.4,0.495,0.3606,122,0.026,0.47,-0.76,0.0677,0.1188,0.068
1725,47.8758,227,4.5,0.410,0.3618,117,0.027,0.35,-0.89,0.0695,0.1160,0.077
1726,57.8589,260,4.4,0.490,0.3559,119,0.026,0.40,-0.77,0.0703,0.1143,0.058
1727,56.3197,284,4.5,0.420,0.3442,117,0.027,0.44,-0.87,0.0727,0.1075,0.058
1728,45.1791,254,4.5,0.465,0.3428,111,0.028,0.39,-0.80,0.0686,0.1038,0.079
1729,44.0891,252,4.5,0.425,0.3496,112,0.028,0.39,-0.86,0.0678,0.1060,0.075
1730,44.5341,249,4.4,0.445,0.3617,120,0.026,0.38,-0.83,0.0697,0.1157,0.051
1731,62.9050,258,4.4,0.425,0.3540,116,0.027,0.40,-0.86,0.0748,0.1180,0.076
1732,60.2816,297,4.4,0.385,0.3538,116,0.027,0.46,-0.92,0.0700,0.1141,0.100
1733,54.2769,269,4.4,0.470,0.3530,122,0.026,0.41,-0.80,0.0721,0.1171,0.084
1734,59.4271,251,4.5,0.425,0.3489,124,0.025,0.39,-0.86,0.0721,0.1081,0.077
1735,51.7146,266,4.4,0.475,0.3459,118,0.026,0.41,-0.79,0.0706,0.1024,0.076
1736,42.5957,272,4.4,0.460,0.3451,111,0.028,0.42,-0.81,0.0695,0.1069,0.089
1737,36.4697,251,4.6,0.440,0.3556,115,0.027,0.39,-0.84,0.0697,0.1072,0.122
1738,51.4338,270,4.5,0.415,0.3584,113,0.028,0.42,-0.88,0.0687,0.1210,0.103
1739,50.6856,225,4.4,0.490,0.3553,123,0.025,0.35,-0.77,0.0697,0.1082,0.111
1740,61.7900,268,4.3,0.435,0.3567,130,0.024,0.41,-0.85,0.0707,0.1025,0.110
1741,60.7044,312,4.3,0.445,0.3470,112,0.028,0.48,-0.83,0.0720,0.1115,0.077
1742,55.8011,269,4.3,0.410,0.3545,116,0.027,0.41,-0.89,0.0702,0.1139,0.068
1743,50.6327,264,4.5,0.455,0.3541,120,0.026,0.41,-0.82,0.0700,0.1144,0.061
1744,52.6571,259,4.4,0.460,0.3546,113,0.028,0.40,-0.81,0.0682,0.1212,0.075
1745,50.9177,260,4.5,0.430,0.3540,110,0.028,0.40,-0.86,0.0702,0.1320,0.072
1746,53.9815,312,4.4,0.415,0.3518,118,0.026,0.48,-0.88,0.0677,0.1195,0.054
1747,51.4869,285,4.4,0.440,0.3575,123,0.025,0.44,-0.84,0.0689,0.1075,0.059
1748,61.5097,274,4.5,0.390,0.3569,117,0.027,0.42,-0.92,0.0712,0.1073,0.062
1749,60.9887,277,4.5,0.440,0.3542,117,0.027,0.43,-0.84,0.0638,0.1197,0.095
1750,51.2206,252,4.5,0.420,0.3589,126,0.025,0.39,-0.87,0.0709,0.1233,0.105
1751,55.1313,281,4.4,0.450,0.3545,131,0.024,0.43,-0.83,0.0691,0.1236,0.091
1752,63.4365,295,4.4,0.425,0.3540,121,0.026,0.45,-0.86,0.0689,0.1318,0.071
1753,42.0835,264,4.4,0.450,0.3560,119,0.026,0.41,-0.83,0.0677,0.1213,0.093
1754,62.1981,291,4.4,0.405,0.3596,120,0.026,0.45,-0.89,0.0732,0.1144,0.094
1755,36.0039,259,4.5,0.460,0.3561,121,0.026,0.40,-0.81,0.0677,0.1108,0.076
1756,55.0127,256,4.5,0.400,0.3552,122,0.026,0.39,-0.90,0.0739,0.1157,0.097
1757,64.7048,296,4.4,0.400,0.3570,120,0.026,0.45,-0.90,0.0677,0.1311,0.108
1758,68.1778,323,4.3,0.420,0.3505,119,0.026,0.50,-0.87,0.0684,0.1220,0.062
1759,55.8423,305,4.4,0.430,0.3475,121,0.026,0.47,-0.86,0.0681,0.1032,0.073
1760,50.5294,258,4.5,0.420,0.3479,120,0.026,0.40,-0.87,0.0712,0.1088,0.073
1761,40.5536,216,4.4,0.445,0.3549,123,0.025,0.33,-0.83,0.0685,0.1083,0.079
1762,62.2608,300,4.4,0.410,0.3484,115,0.027,0.46,-0.89,0.0682,0.0996,0.095
1763,57.1336,283,4.4,0.445,0.3452,121,0.026,0.43,-0.83,0.0678,0.1030,0.076
1764,50.0679,289,4.5,0.435,0.3518,120,0.026,0.44,-0.85,0.0708,0.1101,0.077
1765,47.6207,268,4.5,0.470,0.3567,116,0.027,0.41,-0.80,0.0660,0.1075,0.078
1766,70.7159,290,4.5,0.395,0.3496,115,0.027,0.45,-0.91,0.0687,0.1102,0.088
1767,43.4458,299,4.5,0.470,0.3407,111,0.028,0.46,-0.80,0.0723,0.1156,0.074
1768,49.0151,244,4.5,0.435,0.3464,116,0.027,0.38,-0.85,0.0727,0.1070,0.076
1769,51.4801,283,4.5,0.455,0.3475,120,0.026,0.43,-0.82,0.0702,0.1100,0.074
1770,44.2825,256,4.5,0.455,0.3505,115,0.027,0.39,-0.82,0.0688,0.1207,0.063
1771,51.1109,282,4.5,0.470,0.3579,116,0.027,0.43,-0.80,0.0726,0.1157,0.058
1772,44.5718,237,4.5,0.435,0.3577,120,0.026,0.36,-0.85,0.0737,0.1254,0.044
1773,61.2340,270,4.4,0.410,0.3593,125,0.025,0.41,-0.89,0.0700,0.1290,0.073
1774,50.7017,272,4.5,0.430,0.3560,118,0.026,0.42,-0.86,0.0685,0.1255,0.086
1775,57.1409,293,4.5,0.440,0.3488,122,0.026,0.45,-0.84,0.0687,0.1262,0.082
1776,56.3682,278,4.4,0.450,0.3492,119,0.026,0.43,-0.83,0.0695,0.1226,0.101
1777,53.4941,264,4.3,0.400,0.3536,113,0.028,0.41,-0.90,0.0728,0.1135,0.074
1778,49.9675,271,4.5,0.435,0.3635,127,0.025,0.42,-0.85,0.0711,0.1052,0.076
1779,69.5760,289,4.5,0.420,0.3587,129,0.024,0.44,-0.87,0.0697,0.1084,0.062
1780,55.5284,286,4.5,0.450,0.3547,124,0.025,0.44,-0.83,0.0725,0.1097,0.088
1781,53.6307,257,4.3,0.410,0.3474,121,0.026,0.39,-0.89,0.0703,0.1112,0.106
1782,65.1834,297,4.3,0.440,0.3508,120,0.026,0.46,-0.84,0.0687,0.1198,0.066
1783,44.9546,244,4.4,0.510,0.3600,121,0.026,0.37,-0.73,0.0700,0.1156,0.073
1784,55.7338,274,4.5,0.375,0.3633,121,0.026,0.42,-0.94,0.0672,0.1170,0.104
1785,60.5084,287,4.5,0.450,0.3562,117,0.027,0.44,-0.83,0.0699,0.1092,0.102
1786,39.8325,243,4.4,0.455,0.3620,123,0.025,0.37,-0.82,0.0679,0.1160,0.084
1787,51.3041,265,4.5,0.405,0.3701,125,0.025,0.41,-0.89,0.0672,0.1268,0.081
1788,58.9825,276,4.5,0.475,0.3555,120,0.026,0.42,-0.79,0.0733,0.1126,0.053
1789,49.8011,259,4.5,0.385,0.3511,120,0.026,0.40,-0.92,0.0697,0.1115,0.075
1790,50.2954,271,4.4,0.475,0.3472,120,0.026,0.42,-0.79,0.0693,0.1122,0.082
1791,50.4803,251,4.5,0.405,0.3500,120,0.026,0.39,-0.89,0.0739,0.1122,0.064
1792,45.9347,284,4.5,0.490,0.3602,124,0.025,0.44,-0.77,0.0674,0.1151,0.056
1793,45.9070,263,4.5,0.380,0.3625,126,0.025,0.40,-0.93,0.0732,0.1179,0.056
1794,46.8307,275,4.6,0.460,0.3632,122,0.026,0.42,-0.81,0.0705,0.1288,0.066
1795,55.7893,241,4.5,0.385,0.3663,124,0.025,0.37,-0.92,0.0692,0.1270,0.041
1796,53.3205,293,4.4,0.535,0.3571,119,0.026,0.45,-0.70,0.0716,0.1266,0.072
1797,61.4947,263,4.4,0.350,0.3591,120,0.026,0.40,-0.98,0.0716,0.1185,0.101
1798,62.4943,305,4.5,0.485,0.3484,117,0.027,0.47,-0.77,0.0697,0.1074,0.088
1799,67.6301,281,4.5,0.395,0.3537,118,0.026,0.43,-0.91,0.0713,0.1083,0.052
1800,52.0693,313,4.4,0.445,0.3514,120,0.026,0.48,-0.83,0.0705,0.1076,0.047
1801,48.4304,248,4.4,0.385,0.3574,121,0.026,0.38,-0.92,0.0713,0.1101,0.082
1802,69.8928,286,4.4,0.440,0.3533,129,0.024,0.44,-0.84,0.0699,0.1158,0.081
1803,64.2159,276,4.5,0.465,0.3636,127,0.025,0.42,-0.80,0.0679,0.1180,0.071
1804,67.0552,308,4.5,0.435,0.3503,127,0.025,0.47,-0.85,0.0694,0.1069,0.086
1805,49.8012,292,4.6,0.410,0.3477,130,0.024,0.45,-0.89,0.0718,0.1052,0.095
1806,48.8375,271,4.5,0.475,0.3621,123,0.025,0.42,-0.79,0.0709,0.1134,0.090
1807,61.5998,262,4.5,0.400,0.3621,121,0.026,0.40,-0.90,0.0720,0.1123,0.102
1808,61.2083,293,4.5,0.445,0.3671,122,0.026,0.45,-0.83,0.0727,0.1132,0.100
1809,44.9417,289,4.5,0.430,0.3593,123,0.025,0.44,-0.86,0.0673,0.1105,0.077
1810,43.9549,247,4.5,0.400,0.3567,117,0.027,0.38,-0.90,0.0704,0.1179,0.060
1811,33.8205,256,4.5,0.480,0.3589,130,0.024,0.39,-0.78,0.0723,0.1163,0.076
1812,70.2036,260,4.5,0.435,0.3534,118,0.026,0.40,-0.85,0.0738,0.1137,0.091
1813,51.8025,281,4.5,0.425,0.3583,122,0.026,0.43,-0.86,0.0693,0.1155,0.079
1814,39.3108,220,4.5,0.485,0.3581,122,0.026,0.34,-0.77,0.0692,0.1053,0.066
1815,72.7835,297,4.6,0.375,0.3527,121,0.026,0.46,-0.94,0.0693,0.1082,0.086
1816,49.5106,279,4.5,0.485,0.3642,124,0.025,0.43,-0.77,0.0709,0.1055,0.113
1817,72.1928,308,4.4,0.430,0.3639,129,0.024,0.47,-0.86,0.0676,0.1142,0.097
1818,59.1539,269,4.4,0.355,0.3657,120,0.026,0.41,-0.97,0.0732,0.1218,0.075
1819,59.4495,306,4.6,0.470,0.3574,118,0.026,0.47,-0.80,0.0704,0.1032,0.107
1820,73.0957,299,4.6,0.400,0.3515,121,0.026,0.46,-0.90,0.0712,0.1050,0.101
1821,43.4189,279,4.5,0.460,0.3588,121,0.026,0.43,-0.81,0.0720,0.1098,0.071
1822,51.5393,237,4.5,0.420,0.3574,118,0.026,0.36,-0.87,0.0691,0.1133,0.089
1823,51.3349,290,4.5,0.400,0.3663,125,0.025,0.45,-0.90,0.0675,0.1145,0.078
1824,38.7651,241,4.5,0.480,0.3644,125,0.025,0.37,-0.78,0.0693,0.1134,0.076
1825,61.6653,301,4.4,0.350,0.3678,125,0.025,0.46,-0.98,0.0710,0.1207,0.085
1826,45.1558,268,4.4,0.470,0.3637,119,0.026,0.41,-0.80,0.0707,0.1204,0.061
1827,59.9563,267,4.4,0.400,0.3561,124,0.025,0.41,-0.90,0.0720,0.1155,0.073
1828,54.6346,286,4.3,0.505,0.3420,122,0.026,0.44,-0.74,0.0645,0.1174,0.073
1829,50.5377,287,4.5,0.375,0.3455,125,0.025,0.44,-0.94,0.0727,0.1214,0.053
1830,51.5977,291,4.6,0.475,0.3550,122,0.026,0.45,-0.79,0.0684,0.1116,0.056
1831,51.7586,263,4.6,0.400,0.3570,115,0.027,0.40,-0.90,0.0717,0.1117,0.060
1832,52.9009,279,4.5,0.495,0.3629,125,0.025,0.43,-0.76,0.0688,0.1126,0.094
1833,56.9837,258,4.4,0.425,0.3573,120,0.026,0.40,-0.86,0.0728,0.1110,0.103
1834,57.7838,298,4.3,0.475,0.3546,119,0.026,0.46,-0.79,0.0683,0.1144,0.080
1835,58.5715,272,4.3,0.405,0.3544,115,0.027,0.42,-0.89,0.0691,0.1133,0.092
1836,57.8919,292,4.3,0.465,0.3466,119,0.026,0.45,-0.80,0.0713,0.1226,0.070
1837,61.3357,286,4.4,0.400,0.3441,119,0.026,0.44,-0.90,0.0669,0.1206,0.052
1838,54.6552,268,4.4,0.500,0.3486,117,0.027,0.41,-0.75,0.0680,0.1236,0.045
1839,69.6313,287,4.5,0.405,0.3459,116,0.027,0.44,-0.89,0.0715,0.1220,0.046
1840,47.2470,273,4.5,0.490,0.3447,119,0.026,0.42,-0.77,0.0711,0.1140,0.066
1841,63.4257,268,4.5,0.400,0.3605,129,0.024,0.41,-0.90,0.0725,0.1105,0.058
1842,47.5964,287,4.3,0.460,0.3609,125,0.025,0.44,-0.81,0.0674,0.1106,0.060
1843,48.9752,275,4.3,0.410,0.3579,120,0.026,0.42,-0.89,0.0725,0.1066,0.078
1844,45.2879,273,4.5,0.495,0.3388,122,0.026,0.42,-0.76,0.0687,0.1035,0.075
1845,43.1915,248,4.5,0.380,0.3480,117,0.027,0.38,-0.93,0.0694,0.1072,0.065
1846,65.5182,271,4.4,0.485,0.3517,123,0.025,0.42,-0.77,0.0678,0.1112,0.053
1847,47.6270,279,4.5,0.430,0.3497,110,0.028,0.43,-0.86,0.0675,0.1099,0.084
1848,52.7639,274,4.4,0.415,0.3605,113,0.028,0.42,-0.88,0.0672,0.1113,0.089
1849,47.6909,266,4.4,0.435,0.3617,123,0.025,0.41,-0.85,0.0739,0.1132,0.052
1850,47.4533,257,4.5,0.415,0.3589,121,0.026,0.40,-0.88,0.0726,0.1164,0.052
1851,49.6933,273,4.4,0.460,0.3513,123,0.025,0.42,-0.81,0.0700,0.1114,0.038
1852,55.0095,264,4.5,0.435,0.3510,124,0.025,0.41,-0.85,0.0717,0.1094,0.045
1853,63.2933,276,4.5,0.445,0.3517,119,0.026,0.42,-0.83,0.0744,0.1225,0.079
1854,36.3832,243,4.5,0.440,0.3520,120,0.026,0.37,-0.84,0.0692,0.1239,0.084
1855,60.7181,285,4.4,0.400,0.3549,110,0.028,0.44,-0.90,0.0701,0.1265,0.082
1856,51.3942,297,4.4,0.415,0.3577,113,0.028,0.46,-0.88,0.0696,0.1201,0.074
1857,52.2532,265,4.4,0.445,0.3489,119,0.026,0.41,-0.83,0.0668,0.1184,0.079
1858,67.3455,277,4.5,0.440,0.3530,127,0.025,0.43,-0.84,0.0705,0.1118,0.096
1859,55.4842,258,4.5,0.455,0.3520,119,0.026,0.40,-0.82,0.0733,0.1152,0.082
1860,56.0576,276,4.4,0.370,0.3435,122,0.026,0.42,-0.95,0.0703,0.1201,0.079
1861,64.4292,275,4.5,0.500,0.3430,119,0.026,0.42,-0.75,0.0686,0.1062,0.095
1862,47.3057,291,4.5,0.430,0.3565,123,0.025,0.45,-0.86,0.0677,0.1051,0.079
1863,51.5164,235,4.5,0.435,0.3515,119,0.026,0.36,-0.85,0.0688,0.1048,0.073
1864,45.7725,262,4.5,0.470,0.3545,117,0.027,0.40,-0.80,0.0689,0.1144,0.064
1865,56.7387,261,4.4,0.455,0.3542,122,0.026,0.40,-0.82,0.0712,0.1089,0.073
1866,56.9405,274,4.4,0.415,0.3562,123,0.025,0.42,-0.88,0.0701,0.0993,0.097
1867,47.4786,281,4.5,0.460,0.3607,113,0.028,0.43,-0.81,0.0691,0.1050,0.089
1868,51.4269,276,4.5,0.395,0.3616,122,0.026,0.42,-0.91,0.0723,0.1078,0.099
1869,61.0934,250,4.5,0.530,0.3575,126,0.025,0.38,-0.70,0.0723,0.1137,0.114
1870,48.9613,292,4.5,0.360,0.3547,126,0.025,0.45,-0.96,0.0696,0.1156,0.110
1871,53.6174,256,4.5,0.445,0.3557,119,0.026,0.39,-0.83,0.0735,0.1035,0.128
1872,64.3746,305,4.4,0.405,0.3535,118,0.026,0.47,-0.89,0.0690,0.0994,0.139
1873,51.9396,276,4.5,0.420,0.3595,122,0.026,0.42,-0.87,0.0701,0.1105,0.122
1874,48.8871,278,4.4,0.460,0.3576,117,0.027,0.43,-0.81,0.0710,0.1067,0.116
1875,41.8075,274,4.4,0.395,0.3528,121,0.026,0.42,-0.91,0.0719,0.1025,0.106
1876,84.9322,317,4.4,0.390,0.3542,120,0.026,0.49,-0.92,0.0682,0.1081,0.064
1877,52.0591,302,4.5,0.475,0.3514,121,0.026,0.46,-0.79,0.0704,0.1010,0.096
1878,58.7953,272,4.5,0.370,0.3508,122,0.026,0.42,-0.95,0.0699,0.1045,0.103
1879,67.7530,278,4.5,0.460,0.3614,125,0.025,0.43,-0.81,0.0722,0.1115,0.075
1880,46.0050,255,4.5,0.435,0.3499,124,0.025,0.39,-0.85,0.0700,0.1049,0.110
1881,50.1173,281,4.5,0.370,0.3487,124,0.025,0.43,-0.95,0.0685,0.1001,0.127
1882,50.0232,284,4.5,0.475,0.3545,123,0.025,0.44,-0.79,0.0715,0.1045,0.112
1883,72.2433,288,4.4,0.380,0.3608,127,0.025,0.44,-0.93,0.0694,0.0988,0.098
1884,61.1671,280,4.5,0.480,0.3554,129,0.024,0.43,-0.78,0.0670,0.0994,0.110
1885,58.4181,282,4.4,0.450,0.3522,124,0.025,0.43,-0.83,0.0728,0.1090,0.137
1886,57.6778,317,4.3,0.420,0.3651,125,0.025,0.49,-0.87,0.0700,0.1136,0.090
1887,54.8806,260,4.4,0.425,0.3593,121,0.026,0.40,-0.86,0.0691,0.1107,0.092
1888,67.1144,288,4.5,0.465,0.3535,119,0.026,0.44,-0.80,0.0718,0.1116,0.070
1889,62.4116,278,4.5,0.430,0.3535,114,0.027,0.43,-0.86,0.0687,0.1097,0.075
1890,51.0800,271,4.5,0.470,0.3543,120,0.026,0.42,-0.80,0.0745,0.1102,0.080
1891,70.2219,311,4.4,0.355,0.3650,121,0.026,0.48,-0.97,0.0696,0.1103,0.079
1892,51.7563,288,4.4,0.495,0.3619,123,0.025,0.44,-0.76,0.0699,0.1121,0.092
1893,47.4340,237,4.3,0.425,0.3611,120,0.026,0.36,-0.86,0.0681,0.1069,0.062
1894,59.8247,299,4.3,0.405,0.3518,122,0.026,0.46,-0.89,0.0697,0.1050,0.047
1895,47.6934,276,4.5,0.460,0.3532,124,0.025,0.42,-0.81,0.0739,0.1101,0.101
1896,47.3092,304,4.6,0.450,0.3532,120,0.026,0.47,-0.83,0.0712,0.1086,0.108
1897,46.6171,254,4.5,0.440,0.3559,122,0.026,0.39,-0.84,0.0703,0.1156,0.084
1898,52.3588,274,4.3,0.480,0.3566,118,0.026,0.42,-0.78,0.0724,0.1082,0.097
1899,53.7101,283,4.4,0.395,0.3458,119,0.026,0.44,-0.91,0.0701,0.1013,0.065
1900,39.7991,265,4.4,0.465,0.3606,113,0.028,0.41,-0.80,0.0713,0.1082,0.069
1901,50.0551,262,4.5,0.390,0.3590,120,0.026,0.40,-0.92,0.0698,0.1083,0.089
1902,61.1264,300,4.5,0.425,0.3561,121,0.026,0.46,-0.86,0.0698,0.1060,0.068
1903,58.6380,290,4.5,0.435,0.3630,116,0.027,0.45,-0.85,0.0658,0.1198,0.079
1904,67.2015,282,4.5,0.415,0.3587,126,0.025,0.43,-0.88,0.0674,0.1191,0.073
1905,51.9694,252,4.4,0.435,0.3561,126,0.025,0.39,-0.85,0.0689,0.1096,0.078
1906,69.1159,329,4.4,0.415,0.3577,118,0.026,0.51,-0.88,0.0700,0.1173,0.094
1907,47.3146,270,4.4,0.470,0.3582,125,0.025,0.42,-0.80,0.0705,0.1165,0.079
1908,34.8349,268,4.5,0.380,0.3480,119,0.026,0.41,-0.93,0.0709,0.1115,0.079
1909,38.1755,216,4.6,0.515,0.3551,117,0.027,0.33,-0.73,0.0708,0.1036,0.089
1910,63.3160,320,4.5,0.390,0.3565,125,0.025,0.49,-0.92,0.0689,0.1006,0.105
1911,54.1831,271,4.4,0.420,0.3524,124,0.025,0.42,-0.87,0.0696,0.0998,0.095
1912,54.6125,284,4.5,0.450,0.3600,121,0.026,0.44,-0.83,0.0728,0.1062,0.089
1913,59.1558,261,4.5,0.400,0.3662,122,0.026,0.40,-0.90,0.0689,0.1144,0.091
1914,75.2223,309,4.5,0.460,0.3566,127,0.025,0.48,-0.81,0.0702,0.1149,0.062
1915,58.7978,256,4.5,0.430,0.3510,114,0.027,0.39,-0.86,0.0724,0.1103,0.067
1916,53.1470,269,4.5,0.465,0.3526,109,0.029,0.41,-0.80,0.0713,0.1036,0.093
1917,56.8075,287,4.5,0.370,0.3612,113,0.028,0.44,-0.95,0.0699,0.1113,0.092
1918,53.6767,258,4.5,0.490,0.3628,118,0.026,0.40,-0.77,0.0728,0.1116,0.064
1919,59.9943,276,4.5,0.370,0.3617,113,0.028,0.42,-0.95,0.0690,0.1149,0.031
1920,33.7646,268,4.5,0.460,0.3607,120,0.026,0.41,-0.81,0.0668,0.1242,0.058
1921,52.9021,244,4.4,0.410,0.3591,120,0.026,0.37,-0.89,0.0644,0.1181,0.078
1922,52.9223,251,4.5,0.425,0.3594,121,0.026,0.39,-0.86,0.0670,0.1004,0.071
1923,74.6457,298,4.5,0.425,0.3505,121,0.026,0.46,-0.86,0.0697,0.1066,0.065
1924,45.5452,256,4.5,0.465,0.3546,119,0.026,0.39,-0.80,0.0706,0.1118,0.073
1925,65.0425,293,4.4,0.390,0.3533,126,0.025,0.45,-0.92,0.0700,0.1090,0.110
1926,47.3869,267,4.4,0.480,0.3582,122,0.026,0.41,-0.78,0.0742,0.1074,0.134
1927,64.7262,271,4.5,0.405,0.3451,125,0.025,0.42,-0.89,0.0712,0.1017,0.117
1928,55.0940,270,4.5,0.400,0.3612,122,0.026,0.41,-0.90,0.0711,0.1170,0.095
1929,60.9076,289,4.4,0.495,0.3678,122,0.026,0.44,-0.76,0.0692,0.1149,0.091
1930,58.5772,285,4.3,0.395,0.3457,123,0.025,0.44,-0.91,0.0716,0.0986,0.068
1931,45.6288,253,4.4,0.480,0.3574,119,0.026,0.39,-0.78,0.0700,0.1152,0.068
1932,55.5723,271,4.6,0.475,0.3624,117,0.027,0.42,-0.79,0.0730,0.1133,0.103
1933,46.0741,276,4.6,0.385,0.3514,122,0.026,0.42,-0.92,0.0732,0.1122,0.076
1934,52.0827,246,4.5,0.510,0.3617,124,0.025,0.38,-0.73,0.0737,0.1112,0.072
1935,54.3180,266,4.4,0.415,0.3674,123,0.025,0.41,-0.88,0.0720,0.0974,0.095
1936,51.7060,276,4.3,0.425,0.3674,116,0.027,0.42,-0.86,0.0685,0.0978,0.104
1937,62.9694,292,4.4,0.420,0.3675,119,0.026,0.45,-0.87,0.0737,0.1060,0.117
1938,33.7649,252,4.6,0.455,0.3591,121,0.026,0.39,-0.82,0.0700,0.1077,0.111
1939,48.4942,247,4.6,0.445,0.3524,119,0.026,0.38,-0.83,0.0712,0.1054,0.094
1940,70.4221,278,4.5,0.445,0.3546,113,0.028,0.43,-0.83,0.0701,0.1038,0.096
1941,47.5319,264,4.6,0.385,0.3556,118,0.026,0.41,-0.92,0.0724,0.0934,0.074
1942,46.1297,271,4.5,0.440,0.3531,118,0.026,0.42,-0.84,0.0684,0.1058,0.059
1943,55.9253,289,4.4,0.400,0.3656,125,0.025,0.44,-0.90,0.0688,0.1092,0.081
1944,60.4658,293,4.4,0.415,0.3620,122,0.026,0.45,-0.88,0.0698,0.1045,0.082
1945,48.8294,256,4.4,0.430,0.3647,122,0.026,0.39,-0.86,0.0693,0.1148,0.088
1946,48.9888,301,4.4,0.400,0.3511,123,0.025,0.46,-0.90,0.0708,0.1079,0.060
1947,59.2427,251,4.4,0.465,0.3436,124,0.025,0.39,-0.80,0.0695,0.1038,0.070
1948,76.7690,293,4.5,0.380,0.3515,113,0.028,0.45,-0.93,0.0730,0.1113,0.091
1949,44.3487,252,4.4,0.440,0.3583,112,0.028,0.39,-0.84,0.0718,0.1017,0.093
1950,70.3354,270,4.4,0.405,0.3708,113,0.028,0.42,-0.89,0.0702,0.1037,0.091
1951,53.4082,296,4.4,0.440,0.3758,113,0.028,0.46,-0.84,0.0723,0.1094,0.075
1952,61.9131,314,4.4,0.375,0.3627,125,0.025,0.48,-0.94,0.0703,0.1048,0.077
1953,46.5889,285,4.4,0.400,0.3595,116,0.027,0.44,-0.90,0.0714,0.1059,0.072
1954,47.1384,242,4.5,0.455,0.3535,118,0.026,0.37,-0.82,0.0710,0.0979,0.071
1955,59.9252,267,4.5,0.405,0.3510,119,0.026,0.41,-0.89,0.0723,0.0945,0.073
1956,45.4950,270,4.4,0.470,0.3537,124,0.025,0.42,-0.80,0.0720,0.1071,0.108
1957,42.4535,274,4.5,0.385,0.3674,116,0.027,0.42,-0.92,0.0683,0.1080,0.129
1958,46.2516,261,4.5,0.445,0.3597,123,0.025,0.40,-0.83,0.0708,0.1183,0.102
1959,48.2128,242,4.4,0.455,0.3675,124,0.025,0.37,-0.82,0.0714,0.1253,0.106
1960,51.3304,299,4.4,0.390,0.3688,121,0.026,0.46,-0.92,0.0689,0.1158,0.122
1961,40.1804,267,4.4,0.445,0.3607,119,0.026,0.41,-0.83,0.0719,0.1019,0.102
1962,41.2314,244,4.5,0.470,0.3603,124,0.025,0.38,-0.80,0.0674,0.1010,0.073
1963,48.7068,257,4.5,0.390,0.3605,126,0.025,0.40,-0.92,0.0685,0.1062,0.065
1964,69.5287,309,4.5,0.470,0.3563,124,0.025,0.48,-0.80,0.0668,0.1196,0.057
1965,44.9612,274,4.3,0.415,0.3609,120,0.026,0.42,-0.88,0.0728,0.1169,0.075
1966,36.5033,232,4.4,0.475,0.3586,114,0.027,0.36,-0.79,0.0716,0.1121,0.065
1967,54.9844,271,4.4,0.420,0.3645,119,0.026,0.42,-0.87,0.0719,0.1213,0.038
1968,43.0824,265,4.5,0.455,0.3676,120,0.026,0.41,-0.82,0.0712,0.1180,0.037
1969,50.7570,275,4.4,0.360,0.3684,120,0.026,0.42,-0.96,0.0683,0.1209,0.073
1970,52.2676,267,4.4,0.480,0.3540,122,0.026,0.41,-0.78,0.0711,0.1209,0.090
1971,57.3651,261,4.4,0.355,0.3519,126,0.025,0.40,-0.97,0.0706,0.1093,0.086
1972,73.1610,322,4.5,0.450,0.3506,125,0.025,0.49,-0.83,0.0727,0.1099,0.080
1973,51.5944,279,4.5,0.370,0.3656,119,0.026,0.43,-0.95,0.0689,0.1168,0.069
1974,58.9605,280,4.3,0.435,0.3741,113,0.028,0.43,-0.85,0.0720,0.1157,0.055
1975,48.8976,235,4.3,0.425,0.3626,116,0.027,0.36,-0.86,0.0675,0.1157,0.064
1976,61.8779,286,4.3,0.430,0.3678,117,0.027,0.44,-0.86,0.0697,0.1061,0.072
1977,56.8523,287,4.4,0.385,0.3677,119,0.026,0.44,-0.92,0.0718,0.0951,0.061
1978,43.3563,295,4.5,0.435,0.3663,124,0.025,0.45,-0.85,0.0694,0.1041,0.054
1979,58.7938,249,4.4,0.405,0.3631,113,0.028,0.38,-0.89,0.0681,0.1095,0.053
1980,66.6300,267,4.4,0.415,0.3639,111,0.028,0.41,-0.88,0.0715,0.1090,0.090
1981,60.5433,321,4.4,0.370,0.3712,119,0.026,0.49,-0.95,0.0737,0.1229,0.070
1982,46.4595,316,4.4,0.455,0.3718,125,0.025,0.49,-0.82,0.0678,0.1168,0.053
1983,46.1391,225,4.5,0.425,0.3587,121,0.026,0.35,-0.86,0.0677,0.1050,0.079
1984,63.4415,283,4.4,0.450,0.3663,120,0.026,0.44,-0.83,0.0689,0.1029,0.068
1985,51.5603,269,4.3,0.425,0.3742,120,0.026,0.41,-0.86,0.0680,0.1084,0.056
1986,58.3752,303,4.4,0.385,0.3612,120,0.026,0.47,-0.92,0.0729,0.1083,0.065
1987,46.2589,264,4.5,0.465,0.3552,124,0.025,0.41,-0.80,0.0692,0.0998,0.077
1988,64.6524,272,4.5,0.370,0.3575,120,0.026,0.42,-0.95,0.0748,0.1012,0.102
1989,61.0406,294,4.4,0.455,0.3616,119,0.026,0.45,-0.82,0.0710,0.1128,0.079
1990,44.3353,248,4.4,0.375,0.3646,125,0.025,0.38,-0.94,0.0700,0.1053,0.113
1991,45.3007,262,4.4,0.490,0.3533,122,0.026,0.40,-0.77,0.0700,0.1011,0.112
1992,61.8507,301,4.4,0.370,0.3574,117,0.027,0.46,-0.95,0.0702,0.1022,0.075
1993,62.8472,278,4.4,0.455,0.3617,121,0.026,0.43,-0.82,0.0710,0.1068,0.097
1994,46.5526,285,4.4,0.430,0.3585,120,0.026,0.44,-0.86,0.0704,0.1102,0.085
1995,51.4254,287,4.5,0.420,0.3507,124,0.025,0.44,-0.87,0.0673,0.1019,0.096
1996,47.5668,263,4.5,0.410,0.3555,121,0.026,0.40,-0.89,0.0687,0.0949,0.118
1997,51.8816,269,4.4,0.430,0.3559,123,0.025,0.41,-0.86,0.0714,0.1094,0.082
1998,64.8438,299,4.4,0.390,0.3615,129,0.024,0.46,-0.92,0.0659,0.1164,0.078
1999,66.2505,288,4.4,0.440,0.3538,119,0.026,0.44,-0.84,0.0673,0.1002,0.097
2000,45.2517,281,4.5,0.415,0.3514,124,0.025,0.43,-0.88,0.0662,0.1031,0.083
2001,47.4422,263,4.5,0.435,0.3580,121,0.026,0.40,-0.85,0.0689,0.1099,0.112
