episode,reward,rate_avg,hops_avg,ho_avg,q_spread,uniq_sat,beam_avg,rew_rate,rew_ho,loss,q_gap_avg,q_gap_noise,n_valid
1,34.6125,260,3.3,1.000,0.0000,94,0.033,0.40,-0.00,0.0000,0.0000,0.000
2,37.3826,127,3.3,0.055,0.0000,96,0.033,0.20,-1.42,0.0000,0.0000,0.000
3,-4.5431,221,3.3,0.845,0.0000,92,0.034,0.34,-0.23,0.0000,0.0000,0.000
4,38.1897,189,3.4,0.205,0.0000,93,0.034,0.29,-1.19,0.0000,0.0000,0.000
5,15.4256,194,3.4,0.735,0.0000,89,0.035,0.30,-0.40,0.0000,0.0000,0.000
6,62.2445,255,3.4,0.295,0.0000,92,0.034,0.39,-1.06,0.0000,0.0000,0.000
7,14.5043,209,3.4,0.615,0.0000,95,0.033,0.32,-0.58,0.0000,0.0000,0.000
8,32.1774,206,3.4,0.385,0.0000,98,0.032,0.32,-0.92,0.0000,0.0000,0.000
9,53.6533,248,3.4,0.565,0.0000,91,0.034,0.38,-0.65,0.0000,0.0000,0.000
10,51.1416,227,3.4,0.395,0.0000,88,0.036,0.35,-0.91,0.0000,0.0000,0.000
11,37.0619,217,3.3,0.530,0.0000,91,0.034,0.33,-0.70,0.0000,0.0000,0.000
12,25.9111,194,3.4,0.455,0.0000,90,0.035,0.30,-0.82,0.0000,0.0000,0.000
13,30.0894,216,3.4,0.510,0.0000,90,0.035,0.33,-0.73,0.0000,0.0000,0.000
14,20.8133,225,3.4,0.465,0.0000,91,0.034,0.35,-0.80,0.0000,0.0000,0.000
15,30.0033,221,3.4,0.485,0.0000,90,0.035,0.34,-0.77,0.0000,0.0000,0.000
16,29.3215,241,3.3,0.515,0.0000,90,0.035,0.37,-0.73,0.0000,0.0000,0.000
17,42.7434,193,3.3,0.480,0.0000,88,0.036,0.30,-0.78,0.0000,0.0000,0.000
18,35.7799,235,3.3,0.475,0.0000,89,0.035,0.36,-0.79,0.0000,0.0000,0.000
19,24.7436,180,3.3,0.500,0.0000,95,0.033,0.28,-0.75,0.0000,0.0000,0.000
20,52.2893,230,3.3,0.470,0.0000,93,0.034,0.35,-0.80,0.0000,0.0000,0.000
21,39.7790,237,3.3,0.490,0.0003,89,0.035,0.36,-0.77,0.1294,0.0487,0.000
22,30.0033,188,3.4,0.475,0.0003,91,0.034,0.29,-0.79,0.1192,0.0487,0.000
23,26.4470,223,3.4,0.515,0.0004,92,0.034,0.34,-0.73,0.1183,0.0302,0.000
24,31.5415,220,3.4,0.470,0.0006,86,0.036,0.34,-0.80,0.1261,0.0251,0.000
25,44.4941,268,3.3,0.500,0.0006,88,0.036,0.41,-0.75,0.1125,0.0189,0.250
26,31.0977,223,3.4,0.470,0.0010,93,0.034,0.34,-0.80,0.1136,0.0162,0.333
27,23.6873,228,3.4,0.485,0.0010,95,0.033,0.35,-0.77,0.1146,0.0162,0.333
28,28.3100,213,3.4,0.490,0.0015,94,0.033,0.33,-0.77,0.1106,0.0151,0.333
29,44.9567,237,3.4,0.490,0.0020,92,0.034,0.36,-0.77,0.1046,0.0187,0.300
30,39.2760,241,3.3,0.480,0.0020,86,0.036,0.37,-0.78,0.0960,0.0187,0.300
31,24.8640,210,3.4,0.505,0.0026,89,0.035,0.32,-0.74,0.0943,0.0182,0.333
32,35.5183,230,3.3,0.480,0.0030,86,0.036,0.35,-0.78,0.0954,0.0182,0.357
33,33.1947,216,3.4,0.475,0.0030,89,0.035,0.33,-0.79,0.0912,0.0182,0.357
34,39.7164,218,3.4,0.510,0.0030,90,0.035,0.34,-0.73,0.0836,0.0182,0.357
35,50.3974,242,3.3,0.475,0.0042,90,0.035,0.37,-0.79,0.0788,0.0208,0.294
36,21.8180,219,3.3,0.490,0.0046,93,0.034,0.34,-0.77,0.0779,0.0214,0.316
37,27.0848,184,3.3,0.445,0.0046,95,0.033,0.28,-0.83,0.0730,0.0214,0.316
38,24.0528,192,3.4,0.500,0.0052,93,0.034,0.30,-0.75,0.0822,0.0197,0.381
39,38.1090,221,3.4,0.425,0.0054,82,0.038,0.34,-0.86,0.0749,0.0183,0.429
40,34.8458,224,3.4,0.490,0.0058,81,0.039,0.34,-0.77,0.0754,0.0186,0.435
41,30.3036,238,3.4,0.460,0.0064,91,0.034,0.37,-0.81,0.0716,0.0187,0.417
42,68.9735,272,3.3,0.500,0.0067,90,0.035,0.42,-0.75,0.1130,0.0187,0.417
43,39.6074,222,3.4,0.475,0.0067,90,0.035,0.34,-0.79,0.1104,0.0181,0.458
44,25.9938,205,3.3,0.515,0.0068,91,0.034,0.31,-0.73,0.0980,0.0190,0.417
45,26.8082,224,3.3,0.475,0.0076,91,0.034,0.34,-0.79,0.0933,0.0180,0.440
46,53.1128,226,3.3,0.490,0.0085,97,0.032,0.35,-0.77,0.0837,0.0195,0.414
47,21.7708,247,3.4,0.500,0.0085,95,0.033,0.38,-0.75,0.0798,0.0195,0.414
48,31.2637,201,3.4,0.455,0.0089,91,0.034,0.31,-0.82,0.0734,0.0195,0.387
49,35.9114,239,3.3,0.500,0.0090,89,0.035,0.37,-0.75,0.0768,0.0198,0.375
50,33.4827,210,3.2,0.430,0.0090,89,0.035,0.32,-0.86,0.0696,0.0198,0.375
51,22.2223,195,3.3,0.545,0.0090,90,0.035,0.30,-0.68,0.0813,0.0198,0.375
52,47.5030,238,3.4,0.415,0.0095,94,0.033,0.37,-0.88,0.0792,0.0221,0.364
53,46.7359,241,3.4,0.530,0.0099,93,0.034,0.37,-0.70,0.0829,0.0228,0.333
54,41.0622,249,3.4,0.445,0.0115,94,0.033,0.38,-0.83,0.0763,0.0247,0.324
55,32.0040,225,3.4,0.495,0.0117,91,0.034,0.35,-0.76,0.0708,0.0242,0.306
56,41.2845,250,3.4,0.445,0.0124,89,0.035,0.38,-0.83,0.0754,0.0238,0.324
57,16.1233,194,3.4,0.510,0.0122,88,0.036,0.30,-0.73,0.0723,0.0220,0.333
58,37.0649,208,3.4,0.480,0.0125,89,0.035,0.32,-0.78,0.0681,0.0232,0.324
59,24.5309,198,3.4,0.480,0.0128,89,0.035,0.30,-0.78,0.0678,0.0257,0.316
60,32.7191,214,3.3,0.485,0.0136,96,0.033,0.33,-0.77,0.0663,0.0238,0.381
61,56.9049,244,3.3,0.435,0.0136,92,0.034,0.37,-0.85,0.0675,0.0239,0.366
62,29.2983,258,3.4,0.540,0.0151,95,0.033,0.40,-0.69,0.1027,0.0262,0.333
63,32.9495,186,3.4,0.420,0.0156,86,0.036,0.29,-0.87,0.1105,0.0261,0.326
64,44.0555,224,3.4,0.545,0.0185,92,0.034,0.34,-0.68,0.1023,0.0302,0.300
65,17.7191,195,3.4,0.425,0.0192,93,0.034,0.30,-0.86,0.0982,0.0322,0.275
66,18.9011,214,3.4,0.550,0.0198,93,0.034,0.33,-0.67,0.0962,0.0331,0.250
67,28.4555,192,3.5,0.455,0.0223,90,0.035,0.30,-0.82,0.0827,0.0343,0.245
68,40.5308,224,3.3,0.515,0.0245,96,0.033,0.34,-0.73,0.0783,0.0332,0.259
69,29.1481,223,3.3,0.480,0.0248,96,0.033,0.34,-0.78,0.0732,0.0333,0.255
70,14.2073,197,3.4,0.480,0.0264,89,0.035,0.30,-0.78,0.0699,0.0347,0.241
71,59.3579,235,3.4,0.455,0.0269,88,0.036,0.36,-0.82,0.0678,0.0343,0.254
72,23.1228,230,3.4,0.535,0.0272,87,0.036,0.35,-0.70,0.0704,0.0341,0.250
73,34.0613,195,3.4,0.470,0.0286,92,0.034,0.30,-0.80,0.0723,0.0378,0.210
74,28.4325,221,3.3,0.515,0.0299,91,0.034,0.34,-0.73,0.0736,0.0384,0.209
75,51.9861,233,3.4,0.475,0.0300,87,0.036,0.36,-0.79,0.0690,0.0387,0.206
76,20.6318,239,3.4,0.500,0.0300,87,0.036,0.37,-0.75,0.0734,0.0388,0.206
77,27.8573,204,3.4,0.495,0.0305,91,0.034,0.31,-0.76,0.0730,0.0397,0.203
78,42.2569,213,3.5,0.450,0.0316,93,0.034,0.33,-0.83,0.0682,0.0393,0.211
79,30.8936,250,3.4,0.510,0.0316,88,0.036,0.38,-0.73,0.0703,0.0393,0.211
80,42.9647,228,3.3,0.420,0.0332,87,0.036,0.35,-0.87,0.0710,0.0403,0.205
81,27.8991,221,3.3,0.480,0.0345,91,0.034,0.34,-0.78,0.0688,0.0417,0.195
82,30.9567,200,3.3,0.465,0.0374,93,0.034,0.31,-0.80,0.1002,0.0429,0.192
83,49.1705,230,3.3,0.505,0.0377,90,0.035,0.35,-0.74,0.1020,0.0418,0.200
84,24.6246,241,3.4,0.445,0.0385,91,0.034,0.37,-0.83,0.0921,0.0416,0.193
85,38.4382,192,3.4,0.535,0.0406,92,0.034,0.29,-0.70,0.0852,0.0424,0.186
86,50.6427,219,3.3,0.420,0.0428,92,0.034,0.34,-0.87,0.0863,0.0424,0.182
87,28.6839,222,3.3,0.540,0.0435,93,0.034,0.34,-0.69,0.0780,0.0433,0.180
88,47.8796,225,3.3,0.405,0.0445,86,0.036,0.35,-0.89,0.0791,0.0436,0.178
89,21.0125,230,3.2,0.565,0.0459,93,0.034,0.35,-0.65,0.0706,0.0447,0.172
90,30.5081,196,3.3,0.400,0.0492,92,0.034,0.30,-0.90,0.0702,0.0473,0.170
91,28.0589,204,3.2,0.550,0.0510,88,0.036,0.31,-0.67,0.0711,0.0473,0.177
92,44.0730,231,3.3,0.440,0.0513,96,0.033,0.36,-0.84,0.0700,0.0455,0.165
93,30.7190,214,3.3,0.485,0.0532,87,0.036,0.33,-0.77,0.0724,0.0455,0.150
94,45.4699,243,3.2,0.445,0.0549,87,0.036,0.37,-0.83,0.0725,0.0465,0.149
95,41.2189,229,3.3,0.515,0.0572,88,0.036,0.35,-0.73,0.0742,0.0469,0.146
96,20.8041,215,3.4,0.485,0.0577,91,0.034,0.33,-0.77,0.0734,0.0515,0.133
97,39.3796,221,3.4,0.505,0.0582,94,0.033,0.34,-0.74,0.0734,0.0509,0.135
98,39.0007,217,3.4,0.470,0.0598,94,0.033,0.33,-0.80,0.0753,0.0513,0.133
99,49.3902,214,3.4,0.500,0.0601,91,0.034,0.33,-0.75,0.0701,0.0522,0.124
100,47.7695,239,3.3,0.480,0.0627,94,0.033,0.37,-0.78,0.0687,0.0525,0.123
101,52.4278,258,3.3,0.480,0.0641,95,0.033,0.40,-0.78,0.0677,0.0534,0.121
102,38.3052,246,3.4,0.495,0.0666,94,0.033,0.38,-0.76,0.0907,0.0552,0.119
103,49.9620,253,3.3,0.455,0.0699,95,0.033,0.39,-0.82,0.0908,0.0574,0.117
104,23.9700,224,3.3,0.520,0.0727,90,0.035,0.34,-0.72,0.0902,0.0606,0.114
105,20.8535,210,3.2,0.450,0.0746,93,0.034,0.32,-0.83,0.0864,0.0604,0.112
106,37.2283,234,3.3,0.495,0.0758,91,0.034,0.36,-0.76,0.0838,0.0590,0.118
107,34.4430,220,3.4,0.480,0.0774,91,0.034,0.34,-0.78,0.0781,0.0585,0.108
108,30.5707,211,3.4,0.515,0.0778,89,0.035,0.32,-0.73,0.0716,0.0584,0.108
109,31.6828,242,3.3,0.480,0.0806,88,0.036,0.37,-0.78,0.0730,0.0606,0.106
110,47.5046,212,3.4,0.440,0.0832,91,0.034,0.33,-0.84,0.0696,0.0624,0.111
111,18.2990,204,3.4,0.485,0.0837,92,0.034,0.31,-0.77,0.0688,0.0632,0.110
112,28.5098,204,3.3,0.520,0.0840,89,0.035,0.31,-0.72,0.0679,0.0632,0.110
113,44.8238,243,3.3,0.455,0.0868,89,0.035,0.37,-0.82,0.0711,0.0657,0.109
114,41.4542,249,3.3,0.510,0.0893,94,0.033,0.38,-0.73,0.0700,0.0668,0.102
115,41.1459,224,3.4,0.435,0.0903,88,0.036,0.34,-0.85,0.0704,0.0642,0.107
116,32.3166,213,3.3,0.510,0.0911,91,0.034,0.33,-0.73,0.0679,0.0663,0.106
117,41.4362,228,3.3,0.480,0.0918,90,0.035,0.35,-0.78,0.0699,0.0672,0.106
118,33.6228,230,3.3,0.485,0.0964,91,0.034,0.35,-0.77,0.0715,0.0652,0.112
119,34.4544,231,3.3,0.470,0.0975,89,0.035,0.36,-0.80,0.0736,0.0647,0.121
120,44.6357,237,3.3,0.480,0.0991,92,0.034,0.36,-0.78,0.0664,0.0648,0.126
121,39.8243,232,3.4,0.465,0.0986,94,0.033,0.36,-0.80,0.0699,0.0632,0.133
122,16.8703,237,3.3,0.490,0.1018,93,0.034,0.36,-0.77,0.0847,0.0646,0.122
123,36.3409,223,3.3,0.500,0.1057,92,0.034,0.34,-0.75,0.0852,0.0697,0.129
124,31.8240,250,3.2,0.465,0.1068,86,0.036,0.38,-0.80,0.0840,0.0692,0.129
125,31.5476,185,3.3,0.490,0.1089,93,0.034,0.28,-0.77,0.0807,0.0687,0.135
126,54.7751,256,3.2,0.495,0.1104,92,0.034,0.39,-0.76,0.0766,0.0689,0.134
127,37.6068,206,3.4,0.420,0.1117,90,0.035,0.32,-0.87,0.0766,0.0702,0.127
128,20.0051,204,3.5,0.555,0.1161,90,0.035,0.31,-0.67,0.0728,0.0734,0.111
129,31.8394,215,3.4,0.435,0.1164,90,0.035,0.33,-0.85,0.0694,0.0745,0.110
130,44.3358,233,3.4,0.505,0.1210,94,0.033,0.36,-0.74,0.0672,0.0776,0.102
131,41.5968,249,3.4,0.490,0.1239,93,0.034,0.38,-0.77,0.0665,0.0777,0.111
132,32.2613,213,3.4,0.475,0.1220,93,0.034,0.33,-0.79,0.0669,0.0739,0.125
133,31.0511,211,3.4,0.490,0.1222,94,0.033,0.32,-0.77,0.0700,0.0736,0.126
134,31.3442,211,3.3,0.465,0.1227,89,0.035,0.32,-0.80,0.0649,0.0734,0.120
135,40.9582,251,3.2,0.475,0.1260,91,0.034,0.39,-0.79,0.0714,0.0742,0.118
136,27.5527,213,3.4,0.490,0.1274,91,0.034,0.33,-0.77,0.0692,0.0769,0.106
137,34.1959,248,3.4,0.500,0.1287,89,0.035,0.38,-0.75,0.0709,0.0760,0.119
138,28.2628,205,3.4,0.470,0.1292,90,0.035,0.31,-0.80,0.0680,0.0749,0.119
139,36.3011,205,3.3,0.520,0.1288,95,0.033,0.32,-0.72,0.0662,0.0743,0.108
140,18.9334,208,3.4,0.455,0.1300,90,0.035,0.32,-0.82,0.0646,0.0733,0.116
141,30.3817,175,3.3,0.485,0.1330,90,0.035,0.27,-0.77,0.0640,0.0732,0.109
142,38.5466,254,3.4,0.430,0.1345,93,0.034,0.39,-0.86,0.0871,0.0752,0.097
143,25.9329,259,3.4,0.515,0.1393,92,0.034,0.40,-0.73,0.0809,0.0771,0.105
144,31.3214,216,3.4,0.445,0.1413,91,0.034,0.33,-0.83,0.0772,0.0796,0.099
145,51.5079,242,3.3,0.470,0.1425,94,0.033,0.37,-0.80,0.0741,0.0788,0.100
146,23.2150,202,3.5,0.490,0.1428,98,0.032,0.31,-0.77,0.0783,0.0809,0.101
147,45.3690,208,3.4,0.480,0.1459,99,0.032,0.32,-0.78,0.0705,0.0813,0.099
148,41.8021,248,3.3,0.450,0.1480,87,0.036,0.38,-0.83,0.0672,0.0836,0.106
149,32.6947,178,3.3,0.510,0.1487,92,0.034,0.27,-0.73,0.0671,0.0835,0.107
150,38.8198,232,3.2,0.445,0.1502,93,0.034,0.36,-0.83,0.0645,0.0840,0.113
151,19.7434,218,3.3,0.545,0.1514,96,0.033,0.34,-0.68,0.0708,0.0864,0.092
152,30.8954,218,3.3,0.420,0.1520,90,0.035,0.33,-0.87,0.0684,0.0852,0.093
153,35.8913,249,3.3,0.510,0.1545,91,0.034,0.38,-0.73,0.0688,0.0853,0.092
154,31.2477,225,3.2,0.480,0.1546,88,0.036,0.35,-0.78,0.0656,0.0895,0.092
155,36.5962,237,3.3,0.470,0.1537,91,0.034,0.36,-0.80,0.0691,0.0891,0.092
156,42.2895,242,3.4,0.495,0.1551,89,0.035,0.37,-0.76,0.0675,0.0888,0.099
157,42.1619,254,3.3,0.450,0.1575,92,0.034,0.39,-0.83,0.0673,0.0916,0.098
158,7.0050,177,3.3,0.510,0.1580,86,0.036,0.27,-0.73,0.0686,0.0917,0.098
159,26.7156,178,3.4,0.490,0.1589,92,0.034,0.27,-0.77,0.0677,0.0917,0.099
160,49.8009,201,3.3,0.460,0.1588,95,0.033,0.31,-0.81,0.0633,0.0912,0.099
161,49.4907,263,3.3,0.545,0.1611,94,0.033,0.40,-0.68,0.0694,0.0911,0.106
162,46.7952,253,3.4,0.435,0.1636,92,0.034,0.39,-0.85,0.0766,0.0902,0.106
163,26.8508,203,3.4,0.470,0.1644,93,0.034,0.31,-0.80,0.0778,0.0877,0.099
164,33.7366,232,3.3,0.485,0.1677,97,0.032,0.36,-0.77,0.0800,0.0908,0.105
165,36.4318,213,3.3,0.440,0.1690,92,0.034,0.33,-0.84,0.0780,0.0941,0.105
166,49.0571,218,3.2,0.510,0.1693,90,0.035,0.34,-0.73,0.0754,0.0956,0.099
167,44.2481,248,3.3,0.450,0.1689,86,0.036,0.38,-0.83,0.0719,0.0951,0.100
168,37.8366,224,3.4,0.510,0.1717,88,0.036,0.34,-0.73,0.0675,0.0960,0.094
169,33.3267,223,3.3,0.485,0.1729,97,0.032,0.34,-0.77,0.0691,0.0966,0.085
170,27.2143,241,3.3,0.490,0.1740,89,0.035,0.37,-0.77,0.0669,0.0953,0.085
171,33.5842,201,3.3,0.460,0.1756,93,0.034,0.31,-0.81,0.0695,0.0966,0.086
172,10.2305,181,3.3,0.540,0.1771,95,0.033,0.28,-0.69,0.0677,0.0980,0.091
173,33.3086,202,3.4,0.435,0.1770,93,0.034,0.31,-0.85,0.0686,0.0973,0.097
174,49.4994,203,3.4,0.535,0.1772,93,0.034,0.31,-0.70,0.0697,0.0975,0.095
175,35.1671,238,3.3,0.440,0.1777,96,0.033,0.37,-0.84,0.0686,0.0963,0.095
176,30.8416,232,3.3,0.550,0.1777,95,0.033,0.36,-0.67,0.0712,0.0987,0.089
177,35.9332,222,3.3,0.420,0.1791,87,0.036,0.34,-0.87,0.0653,0.1030,0.082
178,27.8106,221,3.3,0.515,0.1796,87,0.036,0.34,-0.73,0.0683,0.1025,0.082
179,45.9014,228,3.3,0.460,0.1805,89,0.035,0.35,-0.81,0.0655,0.1035,0.074
180,19.1739,180,3.3,0.530,0.1801,92,0.034,0.28,-0.70,0.0666,0.1023,0.068
181,35.7322,205,3.3,0.445,0.1783,95,0.033,0.31,-0.83,0.0644,0.1009,0.068
182,27.9182,215,3.4,0.535,0.1824,90,0.035,0.33,-0.70,0.0770,0.1057,0.069
183,41.3757,232,3.4,0.420,0.1863,90,0.035,0.36,-0.87,0.0753,0.1090,0.063
184,48.0359,249,3.4,0.535,0.1870,88,0.036,0.38,-0.70,0.0724,0.1073,0.070
185,59.5866,272,3.3,0.425,0.1875,88,0.036,0.42,-0.86,0.0739,0.1105,0.069
186,41.6143,243,3.4,0.485,0.1891,91,0.034,0.37,-0.77,0.0717,0.1146,0.068
187,27.6383,196,3.4,0.505,0.1903,91,0.034,0.30,-0.74,0.0733,0.1157,0.067
188,33.9690,220,3.3,0.425,0.1921,90,0.035,0.34,-0.86,0.0678,0.1170,0.060
189,46.4870,260,3.3,0.490,0.1927,94,0.033,0.40,-0.77,0.0670,0.1169,0.067
190,37.1390,210,3.2,0.485,0.1949,94,0.033,0.32,-0.77,0.0671,0.1172,0.068
191,25.7313,219,3.4,0.450,0.1973,89,0.035,0.34,-0.83,0.0677,0.1187,0.068
192,15.1692,225,3.4,0.530,0.2012,90,0.035,0.35,-0.70,0.0705,0.1177,0.068
193,40.1896,233,3.4,0.485,0.2030,93,0.034,0.36,-0.77,0.0655,0.1227,0.054
194,51.0482,203,3.3,0.505,0.2036,95,0.033,0.31,-0.74,0.0706,0.1222,0.054
195,29.5073,249,3.2,0.420,0.2048,93,0.034,0.38,-0.87,0.0692,0.1232,0.055
196,41.7309,221,3.2,0.500,0.2049,90,0.035,0.34,-0.75,0.0664,0.1235,0.055
197,33.5661,231,3.3,0.460,0.2038,87,0.036,0.35,-0.81,0.0711,0.1235,0.054
198,30.4051,215,3.4,0.510,0.2046,93,0.034,0.33,-0.73,0.0713,0.1235,0.055
199,22.4818,202,3.3,0.425,0.2086,90,0.035,0.31,-0.86,0.0649,0.1263,0.041
200,35.0936,194,3.3,0.495,0.2101,96,0.033,0.30,-0.76,0.0651,0.1304,0.027
201,34.9235,223,3.2,0.450,0.2107,95,0.033,0.34,-0.83,0.0691,0.1308,0.034
202,27.8325,251,3.3,0.495,0.2123,87,0.036,0.39,-0.76,0.0706,0.1297,0.041
203,47.4041,228,3.4,0.455,0.2130,88,0.036,0.35,-0.82,0.0726,0.1314,0.041
204,38.7030,217,3.3,0.480,0.2134,90,0.035,0.33,-0.78,0.0739,0.1339,0.034
205,30.0862,225,3.3,0.445,0.2138,93,0.034,0.35,-0.83,0.0786,0.1322,0.034
206,20.5530,203,3.2,0.550,0.2152,93,0.034,0.31,-0.67,0.0710,0.1309,0.033
207,46.4628,225,3.3,0.410,0.2164,93,0.034,0.35,-0.89,0.0661,0.1275,0.039
208,31.4297,235,3.3,0.505,0.2193,94,0.033,0.36,-0.74,0.0683,0.1286,0.052
209,62.7962,248,3.3,0.450,0.2220,91,0.034,0.38,-0.83,0.0712,0.1265,0.045
210,32.1355,215,3.3,0.520,0.2229,98,0.032,0.33,-0.72,0.0681,0.1273,0.045
211,30.1637,212,3.4,0.450,0.2227,92,0.034,0.33,-0.83,0.0642,0.1279,0.045
212,33.6524,201,3.4,0.490,0.2286,95,0.033,0.31,-0.77,0.0663,0.1275,0.045
213,29.1986,228,3.3,0.435,0.2308,91,0.034,0.35,-0.85,0.0686,0.1289,0.045
214,25.9289,193,3.3,0.505,0.2300,90,0.035,0.30,-0.74,0.0705,0.1290,0.040
215,33.3511,241,3.3,0.455,0.2324,87,0.036,0.37,-0.82,0.0661,0.1257,0.046
216,26.4118,212,3.4,0.505,0.2332,91,0.034,0.33,-0.74,0.0702,0.1220,0.055
217,35.3441,215,3.4,0.465,0.2316,93,0.034,0.33,-0.80,0.0693,0.1224,0.054
218,12.6212,206,3.3,0.510,0.2316,90,0.035,0.32,-0.73,0.0699,0.1234,0.054
219,33.5019,181,3.4,0.445,0.2329,90,0.035,0.28,-0.83,0.0694,0.1284,0.055
220,39.0357,241,3.4,0.480,0.2328,96,0.033,0.37,-0.78,0.0663,0.1299,0.054
221,41.5643,218,3.4,0.500,0.2345,92,0.034,0.34,-0.75,0.0631,0.1297,0.067
222,24.4832,223,3.4,0.470,0.2367,94,0.033,0.34,-0.80,0.0718,0.1326,0.067
223,47.3324,213,3.4,0.450,0.2389,93,0.034,0.33,-0.83,0.0711,0.1342,0.073
224,39.8797,246,3.4,0.485,0.2432,93,0.034,0.38,-0.77,0.0729,0.1374,0.077
225,51.3865,235,3.4,0.450,0.2422,90,0.035,0.36,-0.83,0.0749,0.1396,0.071
226,29.6305,227,3.4,0.500,0.2415,98,0.032,0.35,-0.75,0.0694,0.1384,0.077
227,46.1716,208,3.4,0.480,0.2419,96,0.033,0.32,-0.78,0.0674,0.1392,0.071
228,23.9240,219,3.3,0.515,0.2393,91,0.034,0.34,-0.73,0.0665,0.1350,0.071
229,35.1890,223,3.4,0.425,0.2388,91,0.034,0.34,-0.86,0.0689,0.1379,0.071
230,14.8911,207,3.3,0.515,0.2403,89,0.035,0.32,-0.73,0.0664,0.1435,0.065
231,13.6269,188,3.3,0.465,0.2404,88,0.036,0.29,-0.80,0.0663,0.1425,0.065
232,24.0524,221,3.4,0.480,0.2383,89,0.035,0.34,-0.78,0.0710,0.1442,0.058
233,21.6292,183,3.3,0.450,0.2385,94,0.033,0.28,-0.83,0.0707,0.1439,0.051
234,30.5014,239,3.3,0.520,0.2388,93,0.034,0.37,-0.72,0.0689,0.1397,0.058
235,33.5219,250,3.3,0.460,0.2439,91,0.034,0.38,-0.81,0.0693,0.1414,0.065
236,38.0480,238,3.3,0.475,0.2439,95,0.033,0.37,-0.79,0.0676,0.1437,0.059
237,22.1241,236,3.4,0.485,0.2456,87,0.036,0.36,-0.77,0.0694,0.1417,0.065
238,23.2945,177,3.3,0.480,0.2467,86,0.036,0.27,-0.78,0.0691,0.1374,0.086
239,26.6290,189,3.2,0.510,0.2469,86,0.036,0.29,-0.73,0.0655,0.1354,0.077
240,49.0572,206,3.3,0.450,0.2479,89,0.035,0.32,-0.83,0.0667,0.1401,0.065
241,40.2580,268,3.4,0.475,0.2489,93,0.034,0.41,-0.79,0.0681,0.1385,0.067
242,60.7360,191,3.3,0.480,0.2498,92,0.034,0.29,-0.78,0.0685,0.1379,0.060
243,27.4734,257,3.2,0.495,0.2517,83,0.038,0.39,-0.76,0.0702,0.1400,0.068
244,35.8245,215,3.4,0.450,0.2532,90,0.035,0.33,-0.83,0.0720,0.1402,0.068
245,36.4868,220,3.4,0.485,0.2580,91,0.034,0.34,-0.77,0.0668,0.1414,0.060
246,51.3208,234,3.4,0.485,0.2596,90,0.035,0.36,-0.77,0.0659,0.1422,0.074
247,37.2248,196,3.4,0.450,0.2610,85,0.037,0.30,-0.83,0.0695,0.1440,0.079
248,75.9521,252,3.2,0.525,0.2595,89,0.035,0.39,-0.71,0.0684,0.1423,0.078
249,33.9126,254,3.3,0.425,0.2613,89,0.035,0.39,-0.86,0.0692,0.1422,0.064
250,26.0577,179,3.4,0.545,0.2663,97,0.032,0.28,-0.68,0.0705,0.1447,0.060
251,34.9071,214,3.4,0.455,0.2674,95,0.033,0.33,-0.82,0.0685,0.1480,0.061
252,27.8937,203,3.3,0.475,0.2697,91,0.034,0.31,-0.79,0.0696,0.1488,0.060
253,45.4037,216,3.3,0.490,0.2705,93,0.034,0.33,-0.77,0.0677,0.1512,0.053
254,26.5520,235,3.3,0.490,0.2673,96,0.033,0.36,-0.77,0.0711,0.1471,0.053
255,39.1958,228,3.3,0.455,0.2669,90,0.035,0.35,-0.82,0.0704,0.1438,0.067
256,41.7970,255,3.3,0.510,0.2635,95,0.033,0.39,-0.73,0.0705,0.1364,0.066
257,35.6133,251,3.3,0.460,0.2664,94,0.033,0.39,-0.81,0.0652,0.1371,0.060
258,20.6760,186,3.3,0.500,0.2636,92,0.034,0.29,-0.75,0.0662,0.1400,0.053
259,50.0050,233,3.2,0.460,0.2643,92,0.034,0.36,-0.81,0.0678,0.1420,0.046
260,37.9623,218,3.3,0.520,0.2629,90,0.035,0.34,-0.72,0.0684,0.1364,0.054
261,37.1315,232,3.3,0.460,0.2622,89,0.035,0.36,-0.81,0.0692,0.1345,0.052
262,21.8018,216,3.4,0.500,0.2622,88,0.036,0.33,-0.75,0.0704,0.1345,0.053
263,45.8938,202,3.4,0.445,0.2613,90,0.035,0.31,-0.83,0.0720,0.1353,0.052
264,32.5785,217,3.4,0.555,0.2626,88,0.036,0.33,-0.67,0.0719,0.1387,0.045
265,37.8426,210,3.4,0.415,0.2633,94,0.033,0.32,-0.88,0.0696,0.1408,0.046
266,34.6352,193,3.3,0.535,0.2655,91,0.034,0.30,-0.70,0.0674,0.1416,0.039
267,44.0843,252,3.3,0.445,0.2631,95,0.033,0.39,-0.83,0.0676,0.1383,0.053
268,43.3122,239,3.3,0.525,0.2613,94,0.033,0.37,-0.71,0.0682,0.1403,0.054
269,40.3748,252,3.3,0.470,0.2658,92,0.034,0.39,-0.80,0.0703,0.1433,0.047
270,38.2669,249,3.3,0.485,0.2705,95,0.033,0.38,-0.77,0.0655,0.1426,0.058
271,27.6229,207,3.3,0.455,0.2695,87,0.036,0.32,-0.82,0.0691,0.1393,0.065
272,38.4067,229,3.3,0.485,0.2709,87,0.036,0.35,-0.77,0.0676,0.1404,0.070
273,30.9557,211,3.3,0.505,0.2693,92,0.034,0.32,-0.74,0.0680,0.1432,0.077
274,48.0752,240,3.3,0.450,0.2696,93,0.034,0.37,-0.83,0.0696,0.1435,0.072
275,23.4052,189,3.3,0.480,0.2723,90,0.035,0.29,-0.78,0.0668,0.1465,0.065
276,32.5141,242,3.4,0.435,0.2714,94,0.033,0.37,-0.85,0.0678,0.1498,0.074
277,24.2542,207,3.3,0.480,0.2728,94,0.033,0.32,-0.78,0.0670,0.1526,0.079
278,38.9660,217,3.3,0.480,0.2731,92,0.034,0.33,-0.78,0.0667,0.1461,0.074
279,20.8868,234,3.3,0.510,0.2755,92,0.034,0.36,-0.73,0.0681,0.1483,0.074
280,42.6127,235,3.3,0.430,0.2774,91,0.034,0.36,-0.86,0.0631,0.1537,0.068
281,36.2684,234,3.4,0.500,0.2796,92,0.034,0.36,-0.75,0.0666,0.1579,0.060
282,25.4588,219,3.4,0.450,0.2789,92,0.034,0.34,-0.83,0.0676,0.1519,0.054
283,26.7554,199,3.3,0.520,0.2772,92,0.034,0.31,-0.72,0.0703,0.1551,0.047
284,24.4754,224,3.2,0.435,0.2774,93,0.034,0.34,-0.85,0.0673,0.1506,0.048
285,28.9026,220,3.3,0.525,0.2779,94,0.033,0.34,-0.71,0.0685,0.1577,0.042
286,40.6691,233,3.3,0.455,0.2750,87,0.036,0.36,-0.82,0.0679,0.1558,0.048
287,27.9605,208,3.3,0.485,0.2738,91,0.034,0.32,-0.77,0.0658,0.1512,0.061
288,33.0488,210,3.3,0.480,0.2751,91,0.034,0.32,-0.78,0.0684,0.1493,0.068
289,46.2650,213,3.3,0.475,0.2720,89,0.035,0.33,-0.79,0.0693,0.1451,0.079
290,56.2628,226,3.4,0.435,0.2716,87,0.036,0.35,-0.85,0.0669,0.1456,0.074
291,48.6601,244,3.3,0.510,0.2722,94,0.033,0.38,-0.73,0.0658,0.1492,0.068
292,21.1653,249,3.3,0.480,0.2750,92,0.034,0.38,-0.78,0.0673,0.1446,0.068
293,23.0271,195,3.3,0.445,0.2755,90,0.035,0.30,-0.83,0.0673,0.1453,0.076
294,40.9686,252,3.3,0.515,0.2748,89,0.035,0.39,-0.73,0.0685,0.1471,0.076
295,35.6846,231,3.4,0.445,0.2762,93,0.034,0.35,-0.83,0.0713,0.1495,0.083
296,30.1223,231,3.4,0.495,0.2740,95,0.033,0.36,-0.76,0.0698,0.1442,0.090
297,26.0406,200,3.4,0.430,0.2763,93,0.034,0.31,-0.86,0.0682,0.1463,0.104
298,20.9184,203,3.4,0.515,0.2716,90,0.035,0.31,-0.73,0.0695,0.1452,0.094
299,39.7422,202,3.4,0.420,0.2753,90,0.035,0.31,-0.87,0.0711,0.1500,0.086
300,42.3349,246,3.4,0.515,0.2774,92,0.034,0.38,-0.73,0.0656,0.1508,0.073
301,47.3774,236,3.3,0.425,0.2756,89,0.035,0.36,-0.86,0.0681,0.1502,0.067
302,41.4573,242,3.3,0.535,0.2778,89,0.035,0.37,-0.70,0.0693,0.1597,0.061
303,40.8863,269,3.4,0.405,0.2775,93,0.034,0.41,-0.89,0.0710,0.1568,0.060
304,46.1906,240,3.4,0.530,0.2786,96,0.033,0.37,-0.70,0.0745,0.1590,0.060
305,34.5546,262,3.4,0.415,0.2890,89,0.035,0.40,-0.88,0.0671,0.1671,0.060
306,32.3046,207,3.4,0.545,0.2893,98,0.032,0.32,-0.68,0.0702,0.1682,0.046
307,55.2381,275,3.3,0.445,0.2883,96,0.033,0.42,-0.83,0.0682,0.1739,0.047
308,17.5422,206,3.3,0.510,0.2903,86,0.036,0.32,-0.73,0.0702,0.1750,0.046
309,35.8677,234,3.3,0.410,0.2912,91,0.034,0.36,-0.89,0.0675,0.1728,0.045
310,39.7764,211,3.4,0.545,0.2960,88,0.036,0.32,-0.68,0.0668,0.1751,0.044
311,54.9868,252,3.4,0.375,0.2976,93,0.034,0.39,-0.94,0.0704,0.1734,0.044
312,20.7943,219,3.4,0.550,0.2945,88,0.036,0.34,-0.67,0.0690,0.1622,0.051
313,37.3652,218,3.3,0.440,0.2946,87,0.036,0.34,-0.84,0.0686,0.1637,0.051
314,39.2647,235,3.3,0.495,0.2945,90,0.035,0.36,-0.76,0.0677,0.1594,0.051
315,50.9909,212,3.4,0.460,0.2921,90,0.035,0.33,-0.81,0.0696,0.1646,0.039
316,43.1549,232,3.4,0.505,0.2922,94,0.033,0.36,-0.74,0.0684,0.1637,0.046
317,45.5343,210,3.2,0.460,0.2945,96,0.033,0.32,-0.81,0.0665,0.1639,0.039
318,25.2361,224,3.2,0.505,0.2942,85,0.037,0.34,-0.74,0.0685,0.1648,0.058
319,43.0635,234,3.3,0.445,0.2975,94,0.033,0.36,-0.83,0.0711,0.1614,0.058
320,42.1051,254,3.3,0.470,0.2954,95,0.033,0.39,-0.80,0.0702,0.1580,0.053
321,36.4832,247,3.3,0.455,0.2968,92,0.034,0.38,-0.82,0.0680,0.1557,0.053
322,35.0897,204,3.4,0.515,0.3002,87,0.036,0.31,-0.73,0.0700,0.1612,0.053
323,34.9513,185,3.4,0.460,0.3002,90,0.035,0.28,-0.81,0.0664,0.1639,0.060
324,45.5348,231,3.3,0.470,0.2995,87,0.036,0.35,-0.80,0.0676,0.1617,0.054
325,28.9554,226,3.3,0.475,0.2969,89,0.035,0.35,-0.79,0.0672,0.1577,0.053
326,41.0953,239,3.4,0.445,0.3025,96,0.033,0.37,-0.83,0.0698,0.1602,0.046
327,23.6458,214,3.4,0.505,0.3044,90,0.035,0.33,-0.74,0.0688,0.1594,0.047
328,31.3767,189,3.4,0.470,0.3058,93,0.034,0.29,-0.80,0.0730,0.1605,0.046
329,59.6781,250,3.3,0.475,0.3079,92,0.034,0.38,-0.79,0.0698,0.1642,0.047
330,49.9904,272,3.3,0.490,0.3032,91,0.034,0.42,-0.77,0.0681,0.1675,0.046
331,42.2430,232,3.3,0.485,0.3027,87,0.036,0.36,-0.77,0.0701,0.1669,0.040
332,44.3510,240,3.3,0.470,0.2988,90,0.035,0.37,-0.80,0.0680,0.1676,0.047
333,41.3226,238,3.4,0.485,0.2978,91,0.034,0.37,-0.77,0.0700,0.1683,0.033
334,50.1246,243,3.4,0.435,0.2979,93,0.034,0.37,-0.85,0.0713,0.1676,0.038
335,34.2449,214,3.4,0.510,0.2992,97,0.032,0.33,-0.73,0.0727,0.1686,0.045
336,42.3721,226,3.3,0.435,0.2996,94,0.033,0.35,-0.85,0.0712,0.1714,0.053
337,37.7234,209,3.3,0.515,0.2974,89,0.035,0.32,-0.73,0.0686,0.1661,0.059
338,27.9233,239,3.3,0.480,0.2965,95,0.033,0.37,-0.78,0.0685,0.1662,0.058
339,22.5187,187,3.4,0.475,0.2993,90,0.035,0.29,-0.79,0.0690,0.1659,0.052
340,54.1586,255,3.4,0.485,0.2983,95,0.033,0.39,-0.77,0.0706,0.1710,0.051
341,30.2561,197,3.3,0.470,0.2988,90,0.035,0.30,-0.80,0.0665,0.1670,0.053
342,17.0337,206,3.3,0.470,0.3012,87,0.036,0.32,-0.80,0.0654,0.1718,0.052
343,37.9377,214,3.4,0.465,0.3024,93,0.034,0.33,-0.80,0.0675,0.1660,0.059
344,41.5521,216,3.4,0.495,0.3029,86,0.036,0.33,-0.76,0.0653,0.1658,0.046
345,32.6369,232,3.4,0.485,0.3034,91,0.034,0.36,-0.77,0.0686,0.1661,0.045
346,27.9752,195,3.4,0.495,0.3033,95,0.033,0.30,-0.76,0.0661,0.1595,0.052
347,34.1793,232,3.4,0.475,0.2981,92,0.034,0.36,-0.79,0.0674,0.1567,0.052
348,29.9177,232,3.4,0.450,0.2968,86,0.036,0.36,-0.83,0.0698,0.1512,0.065
349,40.3091,246,3.4,0.515,0.3000,91,0.034,0.38,-0.73,0.0673,0.1482,0.084
350,23.5386,232,3.3,0.455,0.3033,91,0.034,0.36,-0.82,0.0692,0.1491,0.082
351,32.8799,202,3.3,0.495,0.3013,93,0.034,0.31,-0.76,0.0669,0.1505,0.077
352,30.5518,232,3.4,0.440,0.3044,90,0.035,0.36,-0.84,0.0672,0.1521,0.077
353,33.5903,207,3.3,0.500,0.3043,97,0.032,0.32,-0.75,0.0712,0.1477,0.070
354,42.1477,233,3.3,0.445,0.3041,92,0.034,0.36,-0.83,0.0656,0.1477,0.053
355,53.8223,226,3.4,0.495,0.3047,87,0.036,0.35,-0.76,0.0698,0.1416,0.054
356,40.3462,258,3.3,0.445,0.3056,89,0.035,0.40,-0.83,0.0652,0.1418,0.055
357,14.4075,252,3.4,0.505,0.3018,89,0.035,0.39,-0.74,0.0705,0.1505,0.041
358,33.2341,209,3.3,0.470,0.3013,91,0.034,0.32,-0.80,0.0682,0.1551,0.042
359,50.1767,245,3.3,0.500,0.3001,93,0.034,0.38,-0.75,0.0693,0.1538,0.042
360,35.7802,213,3.2,0.470,0.2981,94,0.033,0.33,-0.80,0.0652,0.1482,0.048
361,31.7853,246,3.3,0.480,0.2939,99,0.032,0.38,-0.78,0.0696,0.1401,0.050
362,36.4486,234,3.3,0.455,0.2926,96,0.033,0.36,-0.82,0.0707,0.1392,0.058
363,38.0575,238,3.2,0.485,0.2962,93,0.034,0.37,-0.77,0.0653,0.1444,0.050
364,27.4089,211,3.3,0.465,0.2932,94,0.033,0.32,-0.80,0.0705,0.1381,0.063
365,34.2043,211,3.3,0.515,0.2924,90,0.035,0.32,-0.73,0.0691,0.1459,0.077
366,40.8900,281,3.3,0.425,0.2903,94,0.033,0.43,-0.86,0.0673,0.1414,0.075
367,32.0814,196,3.4,0.520,0.2916,92,0.034,0.30,-0.72,0.0655,0.1388,0.060
368,43.1563,232,3.4,0.495,0.2884,89,0.035,0.36,-0.76,0.0694,0.1418,0.041
369,41.1699,207,3.3,0.435,0.2872,93,0.034,0.32,-0.85,0.0684,0.1423,0.042
370,34.2989,196,3.3,0.510,0.2909,90,0.035,0.30,-0.73,0.0681,0.1467,0.035
371,31.1346,243,3.3,0.445,0.2948,89,0.035,0.37,-0.83,0.0701,0.1481,0.035
372,31.7905,245,3.3,0.475,0.2962,95,0.033,0.38,-0.79,0.0707,0.1542,0.033
373,21.9473,211,3.4,0.495,0.2965,92,0.034,0.32,-0.76,0.0673,0.1530,0.033
374,45.5831,220,3.3,0.445,0.2953,96,0.033,0.34,-0.83,0.0689,0.1527,0.027
375,20.0582,224,3.2,0.535,0.2911,89,0.035,0.34,-0.70,0.0679,0.1539,0.026
376,28.1564,214,3.3,0.470,0.2898,87,0.036,0.33,-0.80,0.0670,0.1522,0.020
377,34.3340,219,3.4,0.495,0.2883,93,0.034,0.34,-0.76,0.0661,0.1501,0.034
378,43.0430,265,3.4,0.415,0.2889,89,0.035,0.41,-0.88,0.0690,0.1508,0.027
379,26.2958,202,3.5,0.520,0.2862,88,0.036,0.31,-0.72,0.0678,0.1523,0.027
380,56.7296,211,3.4,0.435,0.2885,82,0.038,0.32,-0.85,0.0660,0.1505,0.020
381,35.2337,250,3.3,0.510,0.2934,88,0.036,0.38,-0.73,0.0681,0.1551,0.014
382,32.6753,224,3.3,0.440,0.2946,93,0.034,0.34,-0.84,0.0669,0.1584,0.021
383,27.0809,200,3.3,0.495,0.2923,85,0.037,0.31,-0.76,0.0693,0.1516,0.029
384,32.3351,225,3.3,0.520,0.2916,93,0.034,0.35,-0.72,0.0666,0.1575,0.028
385,45.9405,212,3.3,0.470,0.2888,88,0.036,0.33,-0.80,0.0663,0.1530,0.022
386,40.9727,231,3.3,0.485,0.2866,93,0.034,0.36,-0.77,0.0710,0.1551,0.029
387,33.9048,238,3.3,0.450,0.2877,92,0.034,0.37,-0.83,0.0705,0.1587,0.029
388,46.4013,232,3.3,0.485,0.2869,90,0.035,0.36,-0.77,0.0684,0.1535,0.028
389,36.5932,253,3.2,0.465,0.2902,91,0.034,0.39,-0.80,0.0691,0.1498,0.029
390,16.6254,190,3.3,0.485,0.2916,94,0.033,0.29,-0.77,0.0689,0.1504,0.036
391,46.1017,193,3.5,0.480,0.2861,94,0.033,0.30,-0.78,0.0700,0.1555,0.035
392,42.1489,262,3.4,0.445,0.2859,91,0.034,0.40,-0.83,0.0686,0.1527,0.035
393,23.1890,264,3.2,0.505,0.2870,95,0.033,0.40,-0.74,0.0685,0.1489,0.050
394,34.2158,238,3.3,0.460,0.2862,92,0.034,0.37,-0.81,0.0690,0.1493,0.051
395,24.5469,218,3.3,0.495,0.2840,91,0.034,0.33,-0.76,0.0686,0.1498,0.047
396,44.3561,228,3.3,0.465,0.2792,87,0.036,0.35,-0.80,0.0650,0.1584,0.054
397,45.7579,240,3.3,0.475,0.2813,91,0.034,0.37,-0.79,0.0687,0.1582,0.056
398,39.2491,218,3.3,0.465,0.2838,95,0.033,0.33,-0.80,0.0683,0.1567,0.055
399,39.3578,222,3.4,0.500,0.2858,95,0.033,0.34,-0.75,0.0657,0.1505,0.060
400,31.5819,226,3.4,0.485,0.2875,94,0.033,0.35,-0.77,0.0693,0.1480,0.053
401,37.6379,221,3.3,0.505,0.2841,89,0.035,0.34,-0.74,0.0725,0.1479,0.053
402,34.4643,207,3.3,0.465,0.2818,90,0.035,0.32,-0.80,0.0670,0.1469,0.040
403,42.3188,230,3.3,0.500,0.2825,85,0.037,0.35,-0.75,0.0685,0.1465,0.039
404,41.1420,251,3.2,0.465,0.2860,88,0.036,0.39,-0.80,0.0655,0.1463,0.040
405,35.0464,237,3.2,0.510,0.2912,92,0.034,0.36,-0.73,0.0689,0.1466,0.047
406,23.3209,217,3.3,0.480,0.2919,93,0.034,0.33,-0.78,0.0642,0.1438,0.047
407,36.8714,244,3.4,0.480,0.2911,89,0.035,0.37,-0.78,0.0709,0.1401,0.041
408,43.1258,229,3.4,0.490,0.2931,87,0.036,0.35,-0.77,0.0691,0.1378,0.046
409,33.8930,260,3.4,0.460,0.2905,95,0.033,0.40,-0.81,0.0696,0.1360,0.045
410,36.0026,227,3.4,0.470,0.2915,87,0.036,0.35,-0.80,0.0674,0.1426,0.045
411,23.3052,198,3.5,0.530,0.2918,83,0.038,0.30,-0.70,0.0717,0.1383,0.057
412,47.3162,231,3.4,0.395,0.2983,90,0.035,0.36,-0.91,0.0677,0.1440,0.057
413,39.5472,250,3.3,0.540,0.2949,90,0.035,0.38,-0.69,0.0698,0.1479,0.065
414,53.8767,246,3.3,0.405,0.2955,92,0.034,0.38,-0.89,0.0674,0.1467,0.058
415,54.2222,262,3.3,0.500,0.2965,93,0.034,0.40,-0.75,0.0694,0.1451,0.070
416,48.8477,237,3.3,0.450,0.2934,92,0.034,0.36,-0.83,0.0681,0.1457,0.061
417,26.2756,210,3.4,0.525,0.2955,96,0.033,0.32,-0.71,0.0658,0.1504,0.055
418,40.6822,236,3.3,0.440,0.2986,91,0.034,0.36,-0.84,0.0640,0.1470,0.060
419,37.6225,228,3.2,0.445,0.2973,92,0.034,0.35,-0.83,0.0671,0.1463,0.048
420,33.9681,236,3.2,0.485,0.2970,89,0.035,0.36,-0.77,0.0705,0.1486,0.055
421,29.2474,214,3.3,0.485,0.3005,93,0.034,0.33,-0.77,0.0711,0.1473,0.048
422,48.9805,228,3.4,0.510,0.3019,94,0.033,0.35,-0.73,0.0658,0.1488,0.055
423,24.9663,247,3.4,0.440,0.2992,92,0.034,0.38,-0.84,0.0678,0.1497,0.060
424,34.1741,228,3.3,0.485,0.3035,90,0.035,0.35,-0.77,0.0692,0.1560,0.066
425,40.7082,225,3.4,0.480,0.3022,91,0.034,0.35,-0.78,0.0684,0.1576,0.054
426,29.9758,221,3.4,0.470,0.3031,90,0.035,0.34,-0.80,0.0678,0.1572,0.055
427,30.5915,197,3.4,0.510,0.3075,84,0.037,0.30,-0.73,0.0698,0.1616,0.048
428,38.4002,256,3.4,0.415,0.3099,91,0.034,0.39,-0.88,0.0698,0.1625,0.048
429,37.8229,242,3.3,0.505,0.3101,93,0.034,0.37,-0.74,0.0694,0.1617,0.069
430,38.1498,244,3.4,0.425,0.3057,92,0.034,0.38,-0.86,0.0673,0.1619,0.069
431,20.8577,220,3.4,0.525,0.3054,95,0.033,0.34,-0.71,0.0703,0.1613,0.077
432,21.6678,209,3.4,0.465,0.3059,91,0.034,0.32,-0.80,0.0668,0.1616,0.090
433,35.2611,212,3.4,0.470,0.3043,92,0.034,0.33,-0.80,0.0672,0.1623,0.092
434,18.0072,162,3.4,0.490,0.3060,87,0.036,0.25,-0.77,0.0696,0.1591,0.080
435,33.6204,214,3.4,0.435,0.3065,94,0.033,0.33,-0.85,0.0678,0.1616,0.072
436,18.7546,221,3.5,0.515,0.3034,91,0.034,0.34,-0.73,0.0673,0.1587,0.057
437,24.6327,198,3.5,0.420,0.3020,92,0.034,0.30,-0.87,0.0736,0.1607,0.062
438,51.8857,230,3.3,0.495,0.3019,91,0.034,0.35,-0.76,0.0691,0.1510,0.070
439,31.4972,241,3.3,0.460,0.3020,89,0.035,0.37,-0.81,0.0674,0.1469,0.078
440,24.3199,180,3.4,0.470,0.3039,89,0.035,0.28,-0.80,0.0670,0.1485,0.074
441,39.5118,237,3.5,0.515,0.3016,89,0.035,0.36,-0.73,0.0681,0.1472,0.062
442,20.1968,207,3.4,0.460,0.3039,93,0.034,0.32,-0.81,0.0703,0.1572,0.056
443,35.4679,203,3.3,0.520,0.3000,95,0.033,0.31,-0.72,0.0678,0.1596,0.056
444,35.9421,229,3.2,0.470,0.3011,92,0.034,0.35,-0.80,0.0650,0.1594,0.061
445,29.3992,215,3.3,0.480,0.3048,94,0.033,0.33,-0.78,0.0672,0.1626,0.062
446,34.2649,245,3.4,0.475,0.3052,93,0.034,0.38,-0.79,0.0710,0.1627,0.041
447,53.3084,231,3.4,0.485,0.3049,92,0.034,0.36,-0.77,0.0663,0.1674,0.033
448,32.2809,201,3.4,0.475,0.3042,89,0.035,0.31,-0.79,0.0677,0.1661,0.033
449,34.6731,225,3.3,0.470,0.3043,90,0.035,0.35,-0.80,0.0656,0.1693,0.034
450,30.1482,271,3.2,0.485,0.3042,92,0.034,0.42,-0.77,0.0642,0.1642,0.034
451,28.8404,205,3.2,0.465,0.3078,93,0.034,0.32,-0.80,0.0695,0.1614,0.034
452,40.9413,189,3.3,0.470,0.3151,91,0.034,0.29,-0.80,0.0673,0.1697,0.041
453,28.8199,238,3.4,0.485,0.3115,96,0.033,0.37,-0.77,0.0671,0.1773,0.027
454,42.9115,241,3.3,0.450,0.3067,92,0.034,0.37,-0.83,0.0713,0.1761,0.035
455,36.3767,227,3.3,0.495,0.3019,91,0.034,0.35,-0.76,0.0694,0.1692,0.042
456,44.7426,210,3.4,0.450,0.3020,92,0.034,0.32,-0.83,0.0706,0.1690,0.035
457,43.4494,196,3.4,0.505,0.2997,86,0.036,0.30,-0.74,0.0704,0.1720,0.029
458,52.5922,215,3.3,0.440,0.2992,90,0.035,0.33,-0.84,0.0717,0.1696,0.029
459,33.4531,252,3.3,0.530,0.3038,97,0.032,0.39,-0.70,0.0667,0.1774,0.029
460,44.4135,222,3.4,0.440,0.2974,91,0.034,0.34,-0.84,0.0686,0.1762,0.029
461,27.9791,250,3.4,0.520,0.2965,93,0.034,0.38,-0.72,0.0692,0.1748,0.022
462,48.7162,224,3.4,0.420,0.2949,90,0.035,0.34,-0.87,0.0676,0.1697,0.029
463,39.3671,233,3.2,0.560,0.2968,92,0.034,0.36,-0.66,0.0649,0.1673,0.030
464,31.4586,216,3.3,0.400,0.3000,93,0.034,0.33,-0.90,0.0648,0.1625,0.037
465,40.9222,216,3.2,0.570,0.2910,93,0.034,0.33,-0.65,0.0667,0.1530,0.042
466,43.0247,261,3.2,0.425,0.2939,93,0.034,0.40,-0.86,0.0704,0.1583,0.021
467,35.4086,194,3.4,0.555,0.2972,95,0.033,0.30,-0.67,0.0704,0.1543,0.028
468,38.8045,225,3.3,0.410,0.2988,94,0.033,0.35,-0.89,0.0692,0.1517,0.035
469,39.1486,233,3.4,0.520,0.2982,92,0.034,0.36,-0.72,0.0677,0.1505,0.043
470,17.1511,203,3.3,0.470,0.2950,91,0.034,0.31,-0.80,0.0684,0.1527,0.043
471,14.9158,218,3.4,0.480,0.2934,91,0.034,0.33,-0.78,0.0703,0.1522,0.037
472,41.9916,212,3.4,0.455,0.2938,93,0.034,0.33,-0.82,0.0691,0.1620,0.031
473,43.2443,227,3.3,0.530,0.2933,97,0.032,0.35,-0.70,0.0706,0.1600,0.029
474,54.6098,230,3.2,0.410,0.2954,88,0.036,0.35,-0.89,0.0736,0.1576,0.037
475,38.0129,242,3.2,0.500,0.2928,91,0.034,0.37,-0.75,0.0675,0.1696,0.022
476,28.9556,187,3.3,0.425,0.2869,95,0.033,0.29,-0.86,0.0722,0.1657,0.029
477,37.6198,241,3.3,0.535,0.2910,92,0.034,0.37,-0.70,0.0687,0.1642,0.022
478,23.4878,199,3.3,0.435,0.2918,92,0.034,0.31,-0.85,0.0666,0.1610,0.034
479,26.4142,221,3.3,0.515,0.2886,83,0.038,0.34,-0.73,0.0692,0.1525,0.048
480,40.7974,211,3.3,0.445,0.2943,91,0.034,0.32,-0.83,0.0693,0.1594,0.040
481,45.3705,228,3.3,0.505,0.2895,94,0.033,0.35,-0.74,0.0646,0.1605,0.026
482,52.9843,261,3.3,0.405,0.2886,94,0.033,0.40,-0.89,0.0673,0.1557,0.020
483,45.4916,252,3.3,0.535,0.2882,93,0.034,0.39,-0.70,0.0665,0.1521,0.013
484,25.0243,240,3.3,0.405,0.2898,88,0.036,0.37,-0.89,0.0685,0.1517,0.013
485,32.3494,197,3.3,0.530,0.2915,89,0.035,0.30,-0.70,0.0708,0.1522,0.007
486,39.6189,225,3.4,0.450,0.2898,87,0.036,0.35,-0.83,0.0667,0.1500,0.007
487,54.3406,246,3.3,0.465,0.2906,92,0.034,0.38,-0.80,0.0685,0.1479,0.027
488,38.2153,240,3.3,0.465,0.2933,95,0.033,0.37,-0.80,0.0659,0.1517,0.028
489,38.2877,241,3.3,0.465,0.2903,87,0.036,0.37,-0.80,0.0700,0.1500,0.021
490,43.6285,224,3.4,0.465,0.2889,89,0.035,0.34,-0.80,0.0690,0.1417,0.021
491,20.7958,208,3.4,0.520,0.2909,91,0.034,0.32,-0.72,0.0710,0.1438,0.028
492,37.4829,243,3.3,0.445,0.2915,93,0.034,0.37,-0.83,0.0695,0.1477,0.028
493,26.9951,206,3.4,0.515,0.2936,91,0.034,0.32,-0.73,0.0696,0.1471,0.027
494,53.6186,247,3.3,0.430,0.2909,89,0.035,0.38,-0.86,0.0683,0.1489,0.027
495,51.9594,258,3.3,0.475,0.2912,95,0.033,0.40,-0.79,0.0675,0.1455,0.021
496,42.1398,270,3.3,0.465,0.2863,95,0.033,0.41,-0.80,0.0682,0.1416,0.028
497,37.6667,208,3.3,0.485,0.2880,91,0.034,0.32,-0.77,0.0703,0.1449,0.034
498,39.3325,238,3.2,0.465,0.2934,91,0.034,0.37,-0.80,0.0700,0.1474,0.034
499,44.9321,228,3.3,0.465,0.2965,92,0.034,0.35,-0.80,0.0648,0.1491,0.040
500,30.9980,251,3.3,0.460,0.2967,89,0.035,0.39,-0.81,0.0696,0.1479,0.061
501,37.0886,239,3.4,0.510,0.2998,84,0.037,0.37,-0.73,0.0698,0.1466,0.065
502,48.0782,227,3.4,0.430,0.3003,87,0.036,0.35,-0.86,0.0710,0.1457,0.054
503,27.0171,202,3.4,0.525,0.2942,88,0.036,0.31,-0.71,0.0662,0.1431,0.055
504,29.6352,223,3.4,0.420,0.2958,85,0.037,0.34,-0.87,0.0662,0.1433,0.060
505,27.1632,242,3.4,0.530,0.2934,93,0.034,0.37,-0.70,0.0697,0.1473,0.065
506,47.1492,250,3.4,0.415,0.2959,91,0.034,0.38,-0.88,0.0679,0.1525,0.060
507,42.0508,219,3.3,0.500,0.2939,91,0.034,0.34,-0.75,0.0682,0.1520,0.056
508,50.3224,226,3.3,0.445,0.2991,96,0.033,0.35,-0.83,0.0664,0.1521,0.056
509,43.7552,234,3.2,0.490,0.3014,95,0.033,0.36,-0.77,0.0677,0.1515,0.056
510,33.4128,217,3.3,0.470,0.3011,93,0.034,0.33,-0.80,0.0699,0.1553,0.050
511,36.1042,219,3.4,0.480,0.3025,92,0.034,0.34,-0.78,0.0675,0.1591,0.050
512,54.4031,233,3.4,0.460,0.3037,92,0.034,0.36,-0.81,0.0678,0.1586,0.036
513,50.9961,274,3.2,0.485,0.3041,93,0.034,0.42,-0.77,0.0641,0.1570,0.030
514,53.4176,247,3.2,0.470,0.3067,91,0.034,0.38,-0.80,0.0685,0.1578,0.037
515,49.2673,223,3.3,0.475,0.3078,88,0.036,0.34,-0.79,0.0683,0.1609,0.037
516,55.6883,230,3.3,0.490,0.3070,86,0.036,0.35,-0.77,0.0674,0.1541,0.036
517,49.1256,278,3.3,0.425,0.3086,88,0.036,0.43,-0.86,0.0704,0.1462,0.029
518,37.9726,241,3.4,0.495,0.3048,87,0.036,0.37,-0.76,0.0680,0.1418,0.029
519,42.8730,212,3.3,0.460,0.3072,93,0.034,0.33,-0.81,0.0683,0.1453,0.022
520,41.7771,232,3.4,0.465,0.3086,88,0.036,0.36,-0.80,0.0685,0.1474,0.042
521,41.6202,230,3.5,0.460,0.3060,95,0.033,0.35,-0.81,0.0682,0.1378,0.057
522,26.8749,211,3.4,0.460,0.3007,86,0.036,0.32,-0.81,0.0665,0.1307,0.059
523,12.5178,205,3.4,0.510,0.2972,91,0.034,0.32,-0.73,0.0692,0.1258,0.074
524,38.8054,196,3.4,0.425,0.2978,92,0.034,0.30,-0.86,0.0661,0.1210,0.083
525,49.8683,249,3.3,0.460,0.2963,89,0.035,0.38,-0.81,0.0689,0.1268,0.082
526,15.5520,189,3.3,0.490,0.2930,89,0.035,0.29,-0.77,0.0675,0.1313,0.068
527,57.3761,217,3.3,0.465,0.2864,88,0.036,0.33,-0.80,0.0654,0.1373,0.062
528,48.8282,273,3.2,0.490,0.2839,94,0.033,0.42,-0.77,0.0660,0.1352,0.067
529,20.1265,211,3.4,0.485,0.2866,94,0.033,0.32,-0.77,0.0694,0.1392,0.059
530,44.3626,226,3.3,0.445,0.2935,90,0.035,0.35,-0.83,0.0693,0.1411,0.053
531,31.6731,229,3.3,0.495,0.2947,92,0.034,0.35,-0.76,0.0727,0.1417,0.052
532,46.7129,213,3.3,0.415,0.2934,88,0.036,0.33,-0.88,0.0678,0.1468,0.035
533,22.4156,201,3.4,0.535,0.2952,93,0.034,0.31,-0.70,0.0684,0.1465,0.033
534,37.8283,249,3.4,0.435,0.2961,95,0.033,0.38,-0.85,0.0695,0.1492,0.033
535,39.5648,255,3.3,0.430,0.2966,93,0.034,0.39,-0.86,0.0684,0.1522,0.041
536,32.7402,183,3.3,0.515,0.2953,92,0.034,0.28,-0.73,0.0692,0.1534,0.047
537,30.0217,235,3.4,0.480,0.2976,86,0.036,0.36,-0.78,0.0666,0.1533,0.059
538,38.1721,226,3.5,0.480,0.2970,90,0.035,0.35,-0.78,0.0670,0.1601,0.065
539,40.5990,222,3.2,0.445,0.2955,91,0.034,0.34,-0.83,0.0699,0.1667,0.053
540,38.9646,248,3.2,0.490,0.2988,85,0.037,0.38,-0.77,0.0691,0.1724,0.048
541,43.7394,242,3.3,0.445,0.2967,90,0.035,0.37,-0.83,0.0687,0.1717,0.062
542,30.1230,195,3.4,0.490,0.3003,93,0.034,0.30,-0.77,0.0657,0.1707,0.058
543,51.5505,253,3.4,0.460,0.3033,89,0.035,0.39,-0.81,0.0649,0.1668,0.051
544,22.7770,206,3.4,0.445,0.2989,93,0.034,0.32,-0.83,0.0656,0.1567,0.074
545,35.1012,205,3.3,0.480,0.2962,96,0.033,0.31,-0.78,0.0663,0.1611,0.073
546,35.0311,257,3.4,0.505,0.2992,92,0.034,0.39,-0.74,0.0675,0.1532,0.063
547,38.1040,233,3.3,0.415,0.2946,93,0.034,0.36,-0.88,0.0667,0.1468,0.083
548,43.4073,199,3.3,0.510,0.2913,92,0.034,0.31,-0.73,0.0702,0.1398,0.093
549,45.6884,236,3.3,0.435,0.2918,85,0.037,0.36,-0.85,0.0698,0.1416,0.086
550,34.6045,226,3.3,0.535,0.2927,91,0.034,0.35,-0.70,0.0708,0.1321,0.087
551,39.3973,254,3.3,0.395,0.2910,91,0.034,0.39,-0.91,0.0658,0.1275,0.115
552,36.9175,245,3.2,0.545,0.2909,88,0.036,0.38,-0.68,0.0663,0.1284,0.085
553,43.6555,249,3.3,0.445,0.2936,94,0.033,0.38,-0.83,0.0693,0.1275,0.078
554,29.8073,207,3.3,0.490,0.2940,93,0.034,0.32,-0.77,0.0647,0.1321,0.079
555,52.6510,224,3.3,0.455,0.2936,90,0.035,0.34,-0.82,0.0645,0.1420,0.080
556,26.6891,238,3.4,0.485,0.2885,90,0.035,0.37,-0.77,0.0685,0.1398,0.066
557,33.6620,190,3.4,0.465,0.2909,95,0.033,0.29,-0.80,0.0679,0.1423,0.066
558,29.4618,220,3.4,0.475,0.2895,98,0.032,0.34,-0.79,0.0698,0.1441,0.071
559,46.6292,246,3.3,0.425,0.2917,95,0.033,0.38,-0.86,0.0668,0.1447,0.077
560,44.3726,226,3.3,0.515,0.2963,91,0.034,0.35,-0.73,0.0697,0.1551,0.087
561,52.2941,272,3.2,0.405,0.2952,89,0.035,0.42,-0.89,0.0719,0.1565,0.074
562,40.9941,210,3.4,0.515,0.2986,95,0.033,0.32,-0.73,0.0672,0.1631,0.074
563,43.3769,248,3.4,0.415,0.2999,84,0.037,0.38,-0.88,0.0671,0.1629,0.073
564,28.9538,219,3.4,0.510,0.2982,84,0.037,0.34,-0.73,0.0668,0.1580,0.074
565,44.0410,190,3.5,0.445,0.2973,91,0.034,0.29,-0.83,0.0655,0.1538,0.083
566,34.0787,238,3.5,0.490,0.2989,89,0.035,0.37,-0.77,0.0666,0.1543,0.069
567,45.4631,200,3.3,0.465,0.2951,92,0.034,0.31,-0.80,0.0693,0.1560,0.062
568,53.6561,229,3.3,0.425,0.2974,91,0.034,0.35,-0.86,0.0656,0.1632,0.062
569,24.3759,232,3.4,0.495,0.2999,95,0.033,0.36,-0.76,0.0686,0.1654,0.057
570,58.5275,260,3.3,0.385,0.2992,95,0.033,0.40,-0.92,0.0668,0.1627,0.051
571,48.6762,249,3.3,0.525,0.2978,85,0.037,0.38,-0.71,0.0644,0.1574,0.063
572,38.7154,261,3.4,0.420,0.3023,84,0.037,0.40,-0.87,0.0691,0.1531,0.075
573,39.9727,228,3.4,0.500,0.3010,88,0.036,0.35,-0.75,0.0668,0.1511,0.075
574,51.7865,238,3.3,0.440,0.3009,86,0.036,0.37,-0.84,0.0675,0.1399,0.094
575,28.8314,226,3.4,0.530,0.2999,90,0.035,0.35,-0.70,0.0675,0.1443,0.089
576,54.9055,255,3.4,0.385,0.3057,91,0.034,0.39,-0.92,0.0696,0.1480,0.086
577,18.7911,250,3.4,0.525,0.3097,89,0.035,0.38,-0.71,0.0678,0.1500,0.084
578,32.0868,192,3.3,0.445,0.3061,95,0.033,0.29,-0.83,0.0669,0.1397,0.077
579,54.6575,237,3.3,0.480,0.3033,94,0.033,0.36,-0.78,0.0680,0.1428,0.077
580,45.0417,236,3.3,0.490,0.2995,89,0.035,0.36,-0.77,0.0680,0.1415,0.062
581,41.4723,241,3.3,0.410,0.3012,85,0.037,0.37,-0.89,0.0715,0.1454,0.049
582,28.6054,216,3.4,0.520,0.2996,92,0.034,0.33,-0.72,0.0677,0.1528,0.042
583,35.3195,252,3.3,0.430,0.3006,92,0.034,0.39,-0.86,0.0670,0.1443,0.049
584,43.3422,228,3.3,0.480,0.3031,88,0.036,0.35,-0.78,0.0654,0.1546,0.043
585,59.7078,263,3.3,0.445,0.3044,87,0.036,0.40,-0.83,0.0691,0.1518,0.035
586,42.4771,240,3.2,0.475,0.3062,90,0.035,0.37,-0.79,0.0678,0.1553,0.042
587,60.9918,281,3.3,0.455,0.3083,95,0.033,0.43,-0.82,0.0665,0.1619,0.051
588,41.8554,239,3.4,0.505,0.3090,93,0.034,0.37,-0.74,0.0707,0.1518,0.058
589,33.5313,226,3.4,0.430,0.3073,94,0.033,0.35,-0.86,0.0649,0.1546,0.065
590,32.1065,231,3.3,0.500,0.3034,90,0.035,0.36,-0.75,0.0668,0.1499,0.052
591,42.1834,221,3.3,0.400,0.3024,92,0.034,0.34,-0.90,0.0673,0.1492,0.059
592,35.6403,243,3.3,0.510,0.3029,85,0.037,0.37,-0.73,0.0709,0.1455,0.059
593,45.8793,227,3.2,0.450,0.3012,93,0.034,0.35,-0.83,0.0657,0.1429,0.069
594,50.0261,234,3.3,0.505,0.2965,93,0.034,0.36,-0.74,0.0685,0.1437,0.065
595,42.9357,238,3.4,0.445,0.2943,90,0.035,0.37,-0.83,0.0681,0.1430,0.050
596,57.0076,256,3.3,0.530,0.2912,92,0.034,0.39,-0.70,0.0665,0.1470,0.049
597,42.3338,237,3.3,0.435,0.2912,91,0.034,0.36,-0.85,0.0676,0.1494,0.056
598,52.3485,273,3.3,0.475,0.2912,92,0.034,0.42,-0.79,0.0700,0.1555,0.056
599,46.1523,244,3.3,0.420,0.2911,92,0.034,0.37,-0.87,0.0701,0.1535,0.062
600,38.6870,221,3.4,0.535,0.2924,92,0.034,0.34,-0.70,0.0690,0.1480,0.068
601,45.7301,255,3.4,0.420,0.2942,86,0.036,0.39,-0.87,0.0676,0.1520,0.067
602,44.2871,224,3.3,0.500,0.2984,93,0.034,0.34,-0.75,0.0717,0.1589,0.076
603,40.1719,228,3.3,0.435,0.2983,88,0.036,0.35,-0.85,0.0676,0.1517,0.062
604,27.5218,222,3.4,0.505,0.3031,90,0.035,0.34,-0.74,0.0626,0.1525,0.062
605,38.4541,235,3.3,0.455,0.3017,95,0.033,0.36,-0.82,0.0644,0.1505,0.061
606,39.5528,219,3.3,0.495,0.2990,94,0.033,0.34,-0.76,0.0686,0.1417,0.048
607,40.1412,218,3.3,0.500,0.2989,93,0.034,0.33,-0.75,0.0654,0.1413,0.039
608,44.3422,231,3.4,0.450,0.3050,87,0.036,0.35,-0.83,0.0683,0.1544,0.046
609,50.8603,249,3.4,0.510,0.3016,91,0.034,0.38,-0.73,0.0658,0.1599,0.046
610,44.1286,217,3.4,0.450,0.2961,90,0.035,0.33,-0.83,0.0684,0.1587,0.061
611,37.5350,215,3.3,0.490,0.2982,94,0.033,0.33,-0.77,0.0666,0.1556,0.073
612,26.3749,206,3.3,0.480,0.3011,90,0.035,0.32,-0.78,0.0689,0.1525,0.076
613,55.4013,232,3.4,0.460,0.3022,91,0.034,0.36,-0.81,0.0674,0.1552,0.061
614,37.4357,258,3.3,0.495,0.2977,92,0.034,0.40,-0.76,0.0653,0.1503,0.056
615,24.6919,202,3.4,0.445,0.2972,95,0.033,0.31,-0.83,0.0693,0.1463,0.058
616,46.1378,240,3.3,0.525,0.2969,93,0.034,0.37,-0.71,0.0666,0.1368,0.066
617,33.9491,225,3.4,0.420,0.2928,94,0.033,0.35,-0.87,0.0677,0.1405,0.074
618,54.4896,253,3.4,0.520,0.2908,95,0.033,0.39,-0.72,0.0692,0.1292,0.072
619,30.0492,255,3.4,0.455,0.2867,93,0.034,0.39,-0.82,0.0680,0.1269,0.065
620,43.9451,220,3.4,0.475,0.2878,89,0.035,0.34,-0.79,0.0709,0.1224,0.059
621,44.7749,260,3.2,0.460,0.2902,87,0.036,0.40,-0.81,0.0712,0.1231,0.057
622,34.4649,217,3.3,0.480,0.2900,88,0.036,0.33,-0.78,0.0674,0.1379,0.057
623,41.8429,222,3.2,0.485,0.2932,86,0.036,0.34,-0.77,0.0656,0.1414,0.062
624,44.6443,203,3.2,0.450,0.2984,87,0.036,0.31,-0.83,0.0669,0.1390,0.054
625,31.4002,232,3.3,0.505,0.2975,83,0.038,0.36,-0.74,0.0663,0.1363,0.070
626,32.8183,193,3.4,0.395,0.2985,87,0.036,0.30,-0.91,0.0671,0.1363,0.078
627,27.6278,224,3.4,0.485,0.2993,94,0.033,0.34,-0.77,0.0654,0.1349,0.070
628,43.3414,228,3.4,0.465,0.3001,86,0.036,0.35,-0.80,0.0668,0.1322,0.065
629,50.7398,227,3.3,0.480,0.2991,87,0.036,0.35,-0.78,0.0714,0.1359,0.064
630,33.8901,224,3.3,0.485,0.2961,88,0.036,0.34,-0.77,0.0690,0.1322,0.078
631,43.9028,223,3.3,0.475,0.2936,91,0.034,0.34,-0.79,0.0650,0.1397,0.043
632,47.0880,223,3.2,0.425,0.2940,94,0.033,0.34,-0.86,0.0662,0.1343,0.050
633,48.7670,232,3.2,0.495,0.2951,86,0.036,0.36,-0.76,0.0656,0.1429,0.042
634,60.1030,262,3.3,0.435,0.2956,87,0.036,0.40,-0.85,0.0699,0.1490,0.049
635,40.0025,266,3.3,0.505,0.2988,91,0.034,0.41,-0.74,0.0664,0.1504,0.040
636,32.1367,225,3.4,0.455,0.2974,86,0.036,0.35,-0.82,0.0711,0.1544,0.040
637,41.1501,233,3.4,0.490,0.2924,95,0.033,0.36,-0.77,0.0661,0.1470,0.053
638,41.5931,245,3.4,0.455,0.2961,92,0.034,0.38,-0.82,0.0720,0.1442,0.065
639,26.7159,205,3.3,0.530,0.2934,90,0.035,0.31,-0.70,0.0689,0.1421,0.065
640,45.7017,239,3.3,0.435,0.2891,91,0.034,0.37,-0.85,0.0667,0.1493,0.065
641,37.9009,226,3.4,0.515,0.2903,94,0.033,0.35,-0.73,0.0674,0.1530,0.061
642,52.3940,283,3.3,0.390,0.2892,93,0.034,0.44,-0.92,0.0680,0.1528,0.055
643,41.2199,250,3.3,0.515,0.2893,90,0.035,0.38,-0.73,0.0677,0.1510,0.050
644,60.2500,271,3.3,0.435,0.2905,96,0.033,0.42,-0.85,0.0633,0.1479,0.057
645,38.1322,225,3.3,0.475,0.2946,90,0.035,0.35,-0.79,0.0691,0.1490,0.058
646,35.3898,217,3.3,0.480,0.2960,89,0.035,0.33,-0.78,0.0642,0.1646,0.043
647,52.8342,240,3.4,0.480,0.2967,91,0.034,0.37,-0.78,0.0660,0.1690,0.043
648,46.0652,291,3.4,0.500,0.2974,96,0.033,0.45,-0.75,0.0664,0.1715,0.034
649,31.5737,208,3.3,0.465,0.2938,91,0.034,0.32,-0.80,0.0690,0.1683,0.054
650,50.7104,242,3.3,0.470,0.2883,91,0.034,0.37,-0.80,0.0688,0.1577,0.055
651,42.0731,239,3.3,0.470,0.2866,92,0.034,0.37,-0.80,0.0693,0.1596,0.049
652,22.6414,247,3.3,0.475,0.2873,95,0.033,0.38,-0.79,0.0661,0.1579,0.047
653,41.2430,216,3.3,0.445,0.2851,93,0.034,0.33,-0.83,0.0674,0.1520,0.059
654,39.0255,263,3.3,0.525,0.2861,88,0.036,0.40,-0.71,0.0673,0.1430,0.058
655,36.1558,222,3.4,0.435,0.2863,92,0.034,0.34,-0.85,0.0666,0.1424,0.052
656,28.1034,215,3.4,0.500,0.2889,89,0.035,0.33,-0.75,0.0691,0.1412,0.053
657,37.7751,237,3.4,0.445,0.2903,92,0.034,0.36,-0.83,0.0681,0.1450,0.047
658,37.7659,222,3.4,0.455,0.2888,90,0.035,0.34,-0.82,0.0667,0.1371,0.069
659,37.6201,230,3.3,0.505,0.2923,90,0.035,0.35,-0.74,0.0682,0.1407,0.055
660,49.3935,237,3.4,0.455,0.2924,88,0.036,0.36,-0.82,0.0684,0.1369,0.052
661,47.5684,229,3.5,0.500,0.2908,90,0.035,0.35,-0.75,0.0664,0.1352,0.065
662,52.6174,249,3.3,0.490,0.2917,91,0.034,0.38,-0.77,0.0654,0.1423,0.072
663,41.5447,287,3.3,0.425,0.2904,89,0.035,0.44,-0.86,0.0671,0.1415,0.061
664,33.5208,219,3.3,0.520,0.2889,86,0.036,0.34,-0.72,0.0657,0.1424,0.061
665,41.6361,235,3.3,0.440,0.2949,90,0.035,0.36,-0.84,0.0649,0.1471,0.063
666,42.7431,263,3.2,0.480,0.2978,93,0.034,0.40,-0.78,0.0661,0.1506,0.069
667,27.4562,214,3.3,0.460,0.2985,94,0.033,0.33,-0.81,0.0654,0.1584,0.081
668,34.1213,195,3.4,0.475,0.2971,91,0.034,0.30,-0.79,0.0680,0.1495,0.085
669,38.1411,235,3.4,0.400,0.2948,93,0.034,0.36,-0.90,0.0671,0.1482,0.081
670,29.5610,228,3.3,0.510,0.2980,88,0.036,0.35,-0.73,0.0686,0.1512,0.072
671,51.1271,218,3.2,0.445,0.2955,92,0.034,0.34,-0.83,0.0667,0.1510,0.072
672,52.5317,281,3.3,0.480,0.2936,93,0.034,0.43,-0.78,0.0683,0.1476,0.064
673,46.6479,231,3.4,0.480,0.2917,93,0.034,0.35,-0.78,0.0660,0.1555,0.035
674,26.2597,219,3.4,0.460,0.2920,91,0.034,0.34,-0.81,0.0659,0.1576,0.042
675,51.5630,228,3.3,0.485,0.2916,90,0.035,0.35,-0.77,0.0724,0.1635,0.035
676,57.7092,276,3.3,0.475,0.2920,91,0.034,0.42,-0.79,0.0661,0.1514,0.049
677,45.2519,228,3.4,0.485,0.2980,90,0.035,0.35,-0.77,0.0706,0.1565,0.035
678,29.3471,230,3.3,0.470,0.2962,87,0.036,0.35,-0.80,0.0675,0.1576,0.041
679,39.7667,205,3.2,0.475,0.2996,91,0.034,0.32,-0.79,0.0668,0.1584,0.056
680,56.1845,256,3.3,0.435,0.3021,94,0.033,0.39,-0.85,0.0685,0.1572,0.041
681,31.8389,200,3.3,0.505,0.3004,88,0.036,0.31,-0.74,0.0629,0.1519,0.047
682,35.5408,243,3.3,0.465,0.2988,94,0.033,0.37,-0.80,0.0649,0.1625,0.055
683,39.0610,245,3.2,0.450,0.2964,92,0.034,0.38,-0.83,0.0647,0.1584,0.035
684,51.0362,229,3.2,0.490,0.3002,93,0.034,0.35,-0.77,0.0662,0.1565,0.054
685,43.7223,240,3.3,0.445,0.2984,90,0.035,0.37,-0.83,0.0659,0.1610,0.060
686,38.5037,196,3.4,0.495,0.3019,92,0.034,0.30,-0.76,0.0670,0.1484,0.074
687,62.9095,269,3.4,0.420,0.3054,91,0.034,0.41,-0.87,0.0699,0.1608,0.074
688,39.6629,265,3.4,0.460,0.3089,94,0.033,0.41,-0.81,0.0690,0.1560,0.075
689,47.1725,247,3.3,0.500,0.3066,87,0.036,0.38,-0.75,0.0684,0.1561,0.081
690,57.0160,269,3.3,0.420,0.3021,92,0.034,0.41,-0.87,0.0703,0.1606,0.074
691,46.3304,269,3.3,0.490,0.2971,95,0.033,0.41,-0.77,0.0669,0.1539,0.054
692,45.7445,230,3.3,0.435,0.2982,94,0.033,0.35,-0.85,0.0676,0.1580,0.054
693,25.1048,224,3.3,0.520,0.2946,96,0.033,0.34,-0.72,0.0661,0.1522,0.060
694,56.8165,256,3.3,0.395,0.2902,89,0.035,0.39,-0.91,0.0692,0.1489,0.053
695,18.0778,202,3.3,0.520,0.2940,93,0.034,0.31,-0.72,0.0668,0.1405,0.053
696,68.0717,248,3.2,0.385,0.2923,90,0.035,0.38,-0.92,0.0672,0.1446,0.069
697,45.4094,264,3.2,0.520,0.2894,93,0.034,0.41,-0.72,0.0668,0.1432,0.082
698,36.8291,237,3.2,0.445,0.2941,91,0.034,0.36,-0.83,0.0663,0.1372,0.068
699,37.6063,240,3.3,0.520,0.2960,93,0.034,0.37,-0.72,0.0668,0.1343,0.068
700,34.9879,220,3.3,0.440,0.2989,88,0.036,0.34,-0.84,0.0661,0.1439,0.041
701,45.9637,200,3.4,0.510,0.3017,88,0.036,0.31,-0.73,0.0662,0.1493,0.033
702,40.6091,238,3.4,0.455,0.3008,94,0.033,0.37,-0.82,0.0658,0.1406,0.041
703,53.1792,238,3.3,0.495,0.2990,92,0.034,0.37,-0.76,0.0670,0.1349,0.048
704,35.0472,234,3.3,0.455,0.2969,91,0.034,0.36,-0.82,0.0643,0.1427,0.052
705,30.1603,214,3.3,0.485,0.2945,89,0.035,0.33,-0.77,0.0663,0.1395,0.053
706,56.1779,234,3.3,0.460,0.2948,86,0.036,0.36,-0.81,0.0667,0.1439,0.041
707,45.8467,254,3.2,0.450,0.2952,92,0.034,0.39,-0.83,0.0688,0.1401,0.056
708,49.7592,248,3.1,0.490,0.2968,93,0.034,0.38,-0.77,0.0667,0.1467,0.070
709,46.1404,242,3.3,0.455,0.2955,89,0.035,0.37,-0.82,0.0698,0.1421,0.072
710,33.1130,209,3.4,0.485,0.2963,93,0.034,0.32,-0.77,0.0707,0.1356,0.087
711,53.5636,243,3.4,0.480,0.2948,86,0.036,0.37,-0.78,0.0634,0.1330,0.101
712,40.2859,242,3.5,0.435,0.2944,94,0.033,0.37,-0.85,0.0670,0.1352,0.095
713,20.8174,197,3.4,0.540,0.2948,89,0.035,0.30,-0.69,0.0706,0.1318,0.096
714,45.6821,243,3.3,0.405,0.2931,90,0.035,0.37,-0.89,0.0661,0.1385,0.084
715,47.3117,217,3.3,0.515,0.2940,93,0.034,0.33,-0.73,0.0682,0.1400,0.078
716,49.2397,226,3.3,0.435,0.2970,89,0.035,0.35,-0.85,0.0702,0.1349,0.085
717,38.5202,216,3.4,0.505,0.2962,92,0.034,0.33,-0.74,0.0696,0.1322,0.075
718,38.9313,241,3.3,0.460,0.2969,94,0.033,0.37,-0.81,0.0682,0.1389,0.060
719,38.1382,211,3.3,0.475,0.2964,89,0.035,0.32,-0.79,0.0700,0.1374,0.046
720,45.2886,247,3.4,0.445,0.2978,97,0.032,0.38,-0.83,0.0676,0.1423,0.034
721,46.7355,238,3.5,0.495,0.3000,94,0.033,0.37,-0.76,0.0705,0.1389,0.048
722,43.7168,261,3.4,0.445,0.3043,90,0.035,0.40,-0.83,0.0641,0.1458,0.064
723,27.9513,193,3.5,0.505,0.3042,92,0.034,0.30,-0.74,0.0636,0.1475,0.049
724,51.0670,221,3.4,0.480,0.3054,95,0.033,0.34,-0.78,0.0691,0.1469,0.054
725,37.4705,248,3.5,0.470,0.3033,90,0.035,0.38,-0.80,0.0642,0.1553,0.047
726,40.2492,240,3.5,0.410,0.3054,87,0.036,0.37,-0.89,0.0660,0.1586,0.049
727,41.4105,210,3.4,0.535,0.2993,88,0.036,0.32,-0.70,0.0665,0.1528,0.061
728,55.2160,254,3.3,0.370,0.2945,92,0.034,0.39,-0.95,0.0638,0.1480,0.056
729,37.9866,206,3.4,0.585,0.2948,96,0.033,0.32,-0.62,0.0693,0.1474,0.074
730,57.6291,217,3.4,0.385,0.2947,91,0.034,0.33,-0.92,0.0710,0.1438,0.054
731,49.9382,269,3.3,0.550,0.2913,96,0.033,0.41,-0.67,0.0672,0.1467,0.063
732,33.3849,237,3.3,0.410,0.2925,88,0.036,0.36,-0.89,0.0704,0.1479,0.058
733,34.5869,252,3.3,0.515,0.2868,86,0.036,0.39,-0.73,0.0665,0.1454,0.042
734,52.8661,257,3.3,0.415,0.2922,92,0.034,0.39,-0.88,0.0652,0.1520,0.068
735,33.3203,238,3.4,0.500,0.2894,95,0.033,0.37,-0.75,0.0689,0.1484,0.062
736,43.1588,237,3.4,0.415,0.2856,96,0.033,0.36,-0.88,0.0675,0.1421,0.056
737,29.4772,206,3.3,0.470,0.2838,90,0.035,0.32,-0.80,0.0710,0.1376,0.056
738,44.8373,244,3.3,0.470,0.2896,95,0.033,0.38,-0.80,0.0691,0.1366,0.029
739,31.4520,227,3.2,0.460,0.2937,88,0.036,0.35,-0.81,0.0676,0.1369,0.029
740,38.3156,226,3.2,0.485,0.2914,90,0.035,0.35,-0.77,0.0685,0.1338,0.063
741,34.5980,200,3.4,0.465,0.2931,91,0.034,0.31,-0.80,0.0653,0.1289,0.062
742,39.1439,247,3.3,0.475,0.2932,92,0.034,0.38,-0.79,0.0639,0.1298,0.048
743,49.5089,217,3.2,0.480,0.2887,93,0.034,0.33,-0.78,0.0653,0.1351,0.047
744,46.4379,241,3.3,0.480,0.2887,91,0.034,0.37,-0.78,0.0683,0.1372,0.061
745,69.7054,278,3.4,0.410,0.2955,87,0.036,0.43,-0.89,0.0668,0.1390,0.072
746,39.6853,252,3.3,0.495,0.2964,91,0.034,0.39,-0.76,0.0653,0.1473,0.078
747,47.2696,241,3.3,0.440,0.2965,89,0.035,0.37,-0.84,0.0699,0.1514,0.071
748,27.8237,222,3.3,0.490,0.2974,95,0.033,0.34,-0.77,0.0677,0.1512,0.065
749,43.7974,229,3.4,0.430,0.2945,86,0.036,0.35,-0.86,0.0673,0.1517,0.052
750,47.3503,265,3.3,0.505,0.2985,93,0.034,0.41,-0.74,0.0680,0.1528,0.058
751,45.1268,252,3.3,0.425,0.2988,92,0.034,0.39,-0.86,0.0687,0.1515,0.060
752,52.0370,214,3.3,0.500,0.2997,89,0.035,0.33,-0.75,0.0664,0.1484,0.061
753,51.9439,272,3.3,0.435,0.2989,92,0.034,0.42,-0.85,0.0677,0.1543,0.056
754,43.6608,223,3.4,0.505,0.2969,95,0.033,0.34,-0.74,0.0694,0.1549,0.071
755,48.3172,233,3.3,0.445,0.2962,90,0.035,0.36,-0.83,0.0670,0.1655,0.070
756,44.8373,231,3.3,0.465,0.2995,90,0.035,0.36,-0.80,0.0675,0.1691,0.063
757,32.4194,212,3.3,0.455,0.2966,93,0.034,0.33,-0.82,0.0636,0.1598,0.058
758,32.6505,178,3.4,0.460,0.2986,95,0.033,0.27,-0.81,0.0689,0.1562,0.046
759,51.6107,222,3.4,0.485,0.3009,99,0.032,0.34,-0.77,0.0714,0.1567,0.047
760,38.4410,255,3.3,0.485,0.2961,100,0.031,0.39,-0.77,0.0680,0.1618,0.067
761,44.4693,218,3.3,0.445,0.2924,100,0.031,0.34,-0.83,0.0691,0.1520,0.067
762,33.5532,226,3.4,0.485,0.2859,92,0.034,0.35,-0.77,0.0677,0.1452,0.054
763,47.9081,229,3.3,0.400,0.2889,86,0.036,0.35,-0.90,0.0656,0.1410,0.049
764,64.0656,269,3.3,0.500,0.2942,88,0.036,0.41,-0.75,0.0673,0.1285,0.054
765,43.9886,237,3.3,0.405,0.2898,83,0.038,0.36,-0.89,0.0659,0.1372,0.056
766,59.1064,270,3.4,0.525,0.2919,90,0.035,0.42,-0.71,0.0669,0.1402,0.062
767,30.9302,216,3.4,0.450,0.2892,93,0.034,0.33,-0.83,0.0698,0.1415,0.048
768,54.9609,234,3.2,0.490,0.2913,93,0.034,0.36,-0.77,0.0685,0.1399,0.054
769,46.3950,265,3.2,0.465,0.2917,93,0.034,0.41,-0.80,0.0694,0.1467,0.039
770,39.5543,186,3.3,0.460,0.2944,90,0.035,0.29,-0.81,0.0654,0.1478,0.026
771,45.2013,255,3.4,0.480,0.2962,85,0.037,0.39,-0.78,0.0689,0.1424,0.031
772,42.3505,241,3.3,0.445,0.2990,89,0.035,0.37,-0.83,0.0679,0.1432,0.026
773,16.4010,225,3.4,0.465,0.2972,92,0.034,0.35,-0.80,0.0670,0.1401,0.034
774,51.5625,195,3.4,0.490,0.2924,90,0.035,0.30,-0.77,0.0651,0.1405,0.054
775,49.8639,267,3.3,0.460,0.2883,90,0.035,0.41,-0.81,0.0694,0.1360,0.060
776,41.7223,260,3.2,0.475,0.2850,92,0.034,0.40,-0.79,0.0713,0.1416,0.050
777,48.8227,257,3.2,0.445,0.2864,93,0.034,0.40,-0.83,0.0677,0.1497,0.045
778,38.2365,225,3.2,0.495,0.2909,93,0.034,0.35,-0.76,0.0690,0.1483,0.065
779,39.4313,220,3.3,0.455,0.2958,92,0.034,0.34,-0.82,0.0684,0.1499,0.071
780,30.2883,232,3.3,0.490,0.2974,94,0.033,0.36,-0.77,0.0698,0.1493,0.039
781,41.2368,245,3.3,0.475,0.2971,92,0.034,0.38,-0.79,0.0679,0.1465,0.027
782,45.0053,237,3.4,0.475,0.2946,91,0.034,0.36,-0.79,0.0670,0.1496,0.013
783,52.1273,237,3.4,0.435,0.2974,88,0.036,0.36,-0.85,0.0680,0.1468,0.013
784,32.4740,234,3.4,0.520,0.2971,84,0.037,0.36,-0.72,0.0675,0.1409,0.012
785,46.7929,257,3.4,0.430,0.2985,92,0.034,0.40,-0.86,0.0674,0.1427,0.012
786,50.3649,260,3.3,0.490,0.2966,94,0.033,0.40,-0.77,0.0652,0.1441,0.019
787,37.5076,239,3.4,0.455,0.2966,91,0.034,0.37,-0.82,0.0651,0.1401,0.033
788,44.7092,254,3.3,0.480,0.2996,91,0.034,0.39,-0.78,0.0689,0.1507,0.039
789,26.3746,205,3.3,0.440,0.2973,94,0.033,0.31,-0.84,0.0693,0.1462,0.039
790,52.9154,234,3.4,0.465,0.2962,94,0.033,0.36,-0.80,0.0665,0.1460,0.033
791,42.5670,259,3.4,0.480,0.2971,92,0.034,0.40,-0.78,0.0660,0.1480,0.034
792,40.7277,239,3.3,0.460,0.2945,92,0.034,0.37,-0.81,0.0664,0.1473,0.041
793,43.9157,228,3.3,0.475,0.2959,88,0.036,0.35,-0.79,0.0698,0.1555,0.049
794,21.7097,210,3.4,0.420,0.2946,86,0.036,0.32,-0.87,0.0712,0.1526,0.044
795,27.5199,246,3.4,0.545,0.2962,86,0.036,0.38,-0.68,0.0696,0.1503,0.056
796,46.0597,227,3.3,0.390,0.2926,94,0.033,0.35,-0.92,0.0703,0.1354,0.069
797,51.5401,226,3.3,0.520,0.2888,89,0.035,0.35,-0.72,0.0680,0.1280,0.058
798,35.5757,300,3.2,0.410,0.2926,92,0.034,0.46,-0.89,0.0651,0.1368,0.043
799,48.1573,241,3.1,0.500,0.2896,94,0.033,0.37,-0.75,0.0693,0.1290,0.075
800,43.8537,284,3.2,0.445,0.2877,94,0.033,0.44,-0.83,0.0624,0.1303,0.077
801,47.0624,249,3.2,0.390,0.2893,93,0.034,0.38,-0.92,0.0680,0.1303,0.065
802,36.2680,242,3.2,0.515,0.2866,92,0.034,0.37,-0.73,0.0655,0.1225,0.082
803,32.8715,220,3.3,0.410,0.2816,88,0.036,0.34,-0.89,0.0655,0.1242,0.082
804,32.6239,183,3.2,0.505,0.2770,97,0.032,0.28,-0.74,0.0680,0.1322,0.068
805,39.8226,206,3.2,0.460,0.2782,91,0.034,0.32,-0.81,0.0675,0.1381,0.075
806,54.4637,259,3.2,0.470,0.2884,89,0.035,0.40,-0.80,0.0675,0.1463,0.096
807,47.0881,264,3.3,0.435,0.2938,88,0.036,0.41,-0.85,0.0683,0.1437,0.092
808,37.7501,217,3.4,0.505,0.2915,85,0.037,0.33,-0.74,0.0677,0.1317,0.086
809,45.3144,223,3.3,0.405,0.2986,87,0.036,0.34,-0.89,0.0678,0.1342,0.093
810,29.1191,220,3.3,0.520,0.2934,88,0.036,0.34,-0.72,0.0672,0.1448,0.086
811,52.7794,254,3.3,0.435,0.2928,83,0.038,0.39,-0.85,0.0670,0.1358,0.097
812,36.7886,233,3.2,0.460,0.3002,90,0.035,0.36,-0.81,0.0689,0.1390,0.093
813,38.7987,238,3.3,0.425,0.3044,93,0.034,0.37,-0.86,0.0705,0.1369,0.079
814,50.8180,232,3.4,0.505,0.3028,88,0.036,0.36,-0.74,0.0677,0.1248,0.104
815,46.1423,258,3.4,0.415,0.2958,91,0.034,0.40,-0.88,0.0702,0.1322,0.112
816,19.9247,205,3.3,0.485,0.2970,90,0.035,0.32,-0.77,0.0675,0.1348,0.082
817,49.9638,231,3.3,0.470,0.2883,88,0.036,0.36,-0.80,0.0686,0.1355,0.073
818,23.4646,222,3.3,0.485,0.2901,89,0.035,0.34,-0.77,0.0723,0.1294,0.074
819,48.7382,207,3.4,0.440,0.2941,95,0.033,0.32,-0.84,0.0667,0.1273,0.068
820,28.3115,228,3.5,0.520,0.2930,94,0.033,0.35,-0.72,0.0691,0.1254,0.067
821,40.6355,203,3.4,0.380,0.2980,88,0.036,0.31,-0.93,0.0697,0.1275,0.066
822,52.3764,229,3.1,0.530,0.3002,94,0.033,0.35,-0.70,0.0673,0.1347,0.053
823,27.2732,234,3.2,0.420,0.3034,93,0.034,0.36,-0.87,0.0640,0.1340,0.035
824,49.4366,235,3.4,0.510,0.2998,90,0.035,0.36,-0.73,0.0658,0.1345,0.047
825,45.3615,234,3.4,0.435,0.3037,84,0.037,0.36,-0.85,0.0659,0.1426,0.054
826,17.4030,210,3.4,0.465,0.3027,85,0.037,0.32,-0.80,0.0661,0.1393,0.054
827,39.6883,222,3.4,0.480,0.2905,89,0.035,0.34,-0.78,0.0694,0.1365,0.053
828,28.8795,259,3.4,0.460,0.2978,95,0.033,0.40,-0.81,0.0698,0.1427,0.044
829,42.4386,236,3.3,0.430,0.2980,92,0.034,0.36,-0.86,0.0663,0.1429,0.052
830,42.5727,247,3.3,0.475,0.2935,95,0.033,0.38,-0.79,0.0675,0.1451,0.052
831,48.7222,267,3.4,0.425,0.2932,91,0.034,0.41,-0.86,0.0663,0.1436,0.054
832,44.1611,224,3.4,0.505,0.2929,88,0.036,0.34,-0.74,0.0715,0.1391,0.039
833,43.2944,233,3.3,0.420,0.2987,89,0.035,0.36,-0.87,0.0680,0.1443,0.046
834,59.3983,240,3.4,0.505,0.3058,94,0.033,0.37,-0.74,0.0678,0.1424,0.064
835,39.4131,225,3.3,0.425,0.3016,96,0.033,0.35,-0.86,0.0680,0.1517,0.053
836,56.4876,237,3.4,0.485,0.3003,95,0.033,0.36,-0.77,0.0675,0.1649,0.042
837,38.9711,231,3.3,0.425,0.2987,94,0.033,0.36,-0.86,0.0696,0.1575,0.049
838,36.1591,205,3.3,0.500,0.2979,88,0.036,0.32,-0.75,0.0662,0.1548,0.054
839,45.0440,268,3.4,0.440,0.2972,90,0.035,0.41,-0.84,0.0687,0.1611,0.060
840,35.7296,227,3.3,0.490,0.2960,94,0.033,0.35,-0.77,0.0690,0.1500,0.068
841,47.3588,227,3.2,0.455,0.2901,91,0.034,0.35,-0.82,0.0705,0.1419,0.088
842,40.6563,227,3.3,0.480,0.2855,90,0.035,0.35,-0.78,0.0670,0.1437,0.122
843,36.9149,225,3.4,0.420,0.2857,95,0.033,0.35,-0.87,0.0654,0.1410,0.120
844,49.3994,220,3.3,0.490,0.2963,89,0.035,0.34,-0.77,0.0711,0.1547,0.064
845,62.7592,273,3.3,0.415,0.2960,89,0.035,0.42,-0.88,0.0679,0.1595,0.056
846,43.4569,250,3.3,0.540,0.2933,91,0.034,0.38,-0.69,0.0686,0.1632,0.034
847,42.8862,255,3.3,0.385,0.2958,93,0.034,0.39,-0.92,0.0692,0.1681,0.014
848,44.2282,255,3.3,0.510,0.2955,93,0.034,0.39,-0.73,0.0677,0.1672,0.021
849,48.5975,242,3.4,0.395,0.2908,92,0.034,0.37,-0.91,0.0661,0.1552,0.035
850,28.2246,223,3.4,0.500,0.2932,92,0.034,0.34,-0.75,0.0682,0.1453,0.042
851,33.4070,183,3.3,0.430,0.2924,87,0.036,0.28,-0.86,0.0649,0.1491,0.041
852,45.3013,244,3.3,0.545,0.2950,89,0.035,0.37,-0.68,0.0680,0.1564,0.041
853,43.5895,251,3.3,0.395,0.2918,89,0.035,0.39,-0.91,0.0671,0.1625,0.028
854,24.5721,182,3.3,0.510,0.2899,93,0.034,0.28,-0.73,0.0659,0.1598,0.027
855,43.2206,209,3.4,0.425,0.2878,90,0.035,0.32,-0.86,0.0627,0.1503,0.041
856,22.6240,249,3.4,0.495,0.2917,93,0.034,0.38,-0.76,0.0673,0.1481,0.039
857,45.6875,221,3.4,0.435,0.3010,93,0.034,0.34,-0.85,0.0638,0.1454,0.046
858,42.9264,234,3.4,0.535,0.3044,93,0.034,0.36,-0.70,0.0712,0.1504,0.052
859,50.6920,259,3.4,0.430,0.3073,91,0.034,0.40,-0.86,0.0669,0.1531,0.051
860,48.9166,234,3.4,0.505,0.3069,91,0.034,0.36,-0.74,0.0691,0.1526,0.065
861,31.4962,225,3.5,0.465,0.3071,93,0.034,0.35,-0.80,0.0684,0.1487,0.071
862,29.5128,232,3.4,0.450,0.3020,96,0.033,0.36,-0.83,0.0628,0.1418,0.094
863,23.6074,229,3.4,0.500,0.3006,95,0.033,0.35,-0.75,0.0654,0.1522,0.092
864,47.0694,218,3.4,0.420,0.2969,92,0.034,0.33,-0.87,0.0671,0.1512,0.068
865,41.8833,245,3.4,0.505,0.2992,85,0.037,0.38,-0.74,0.0644,0.1442,0.074
866,54.2707,296,3.3,0.420,0.3040,93,0.034,0.45,-0.87,0.0684,0.1406,0.075
867,44.8513,229,3.2,0.490,0.3014,93,0.034,0.35,-0.77,0.0696,0.1441,0.028
868,43.7916,243,3.3,0.415,0.3030,97,0.032,0.37,-0.88,0.0690,0.1371,0.035
869,34.7975,247,3.3,0.495,0.3021,95,0.033,0.38,-0.76,0.0669,0.1366,0.034
870,60.0808,241,3.3,0.470,0.2992,88,0.036,0.37,-0.80,0.0667,0.1422,0.046
871,50.3180,261,3.3,0.420,0.2973,93,0.034,0.40,-0.87,0.0699,0.1441,0.054
872,61.3376,241,3.3,0.490,0.2949,96,0.033,0.37,-0.77,0.0673,0.1451,0.075
873,27.6689,245,3.3,0.450,0.2979,89,0.035,0.38,-0.83,0.0647,0.1406,0.081
874,53.1508,225,3.4,0.455,0.2997,93,0.034,0.35,-0.82,0.0696,0.1331,0.048
875,41.7960,275,3.4,0.430,0.2927,92,0.034,0.42,-0.86,0.0663,0.1290,0.048
876,67.4370,283,3.3,0.485,0.2891,98,0.032,0.43,-0.77,0.0752,0.1311,0.047
877,31.9004,236,3.3,0.470,0.2822,94,0.033,0.36,-0.80,0.0692,0.1313,0.068
878,57.3931,250,3.3,0.465,0.2886,96,0.033,0.38,-0.80,0.0676,0.1293,0.074
879,24.5779,222,3.3,0.500,0.2904,97,0.032,0.34,-0.75,0.0663,0.1260,0.071
880,38.9004,180,3.3,0.480,0.2932,91,0.034,0.28,-0.78,0.0692,0.1237,0.081
881,43.1501,262,3.3,0.450,0.2918,89,0.035,0.40,-0.83,0.0691,0.1204,0.083
882,56.9661,256,3.4,0.460,0.2966,93,0.034,0.39,-0.81,0.0669,0.1376,0.072
883,47.1366,242,3.4,0.460,0.3022,92,0.034,0.37,-0.81,0.0665,0.1395,0.087
884,45.6361,225,3.3,0.480,0.3060,93,0.034,0.35,-0.78,0.0678,0.1470,0.092
885,35.7556,240,3.3,0.450,0.3036,85,0.037,0.37,-0.83,0.0687,0.1446,0.094
886,43.4532,217,3.4,0.470,0.3028,92,0.034,0.33,-0.80,0.0668,0.1438,0.092
887,51.9465,244,3.3,0.440,0.2997,93,0.034,0.38,-0.84,0.0659,0.1441,0.087
888,28.7047,211,3.3,0.535,0.2981,97,0.032,0.32,-0.70,0.0641,0.1361,0.114
889,40.4437,234,3.4,0.415,0.3009,90,0.035,0.36,-0.88,0.0697,0.1353,0.115
890,57.0869,257,3.4,0.495,0.3057,94,0.033,0.40,-0.76,0.0679,0.1389,0.086
891,54.3419,302,3.3,0.400,0.3043,91,0.034,0.46,-0.90,0.0720,0.1405,0.048
892,34.5126,242,3.4,0.535,0.2995,90,0.035,0.37,-0.70,0.0680,0.1367,0.057
893,45.7594,249,3.4,0.395,0.2942,90,0.035,0.38,-0.91,0.0706,0.1304,0.051
894,38.8965,252,3.4,0.490,0.2927,87,0.036,0.39,-0.77,0.0684,0.1401,0.057
895,49.5756,230,3.4,0.420,0.2977,93,0.034,0.35,-0.87,0.0684,0.1498,0.064
896,49.3723,225,3.4,0.505,0.2960,91,0.034,0.35,-0.74,0.0662,0.1520,0.070
897,44.8907,239,3.3,0.420,0.3005,92,0.034,0.37,-0.87,0.0673,0.1568,0.068
898,45.8172,260,3.3,0.510,0.3041,92,0.034,0.40,-0.73,0.0692,0.1541,0.054
899,36.2796,211,3.3,0.445,0.3057,92,0.034,0.32,-0.83,0.0676,0.1491,0.060
900,48.9284,245,3.3,0.450,0.3030,93,0.034,0.38,-0.83,0.0684,0.1476,0.047
901,36.4373,247,3.3,0.485,0.3004,95,0.033,0.38,-0.77,0.0707,0.1421,0.075
902,60.5388,233,3.3,0.410,0.3002,94,0.033,0.36,-0.89,0.0671,0.1377,0.081
903,39.9123,234,3.3,0.505,0.3008,88,0.036,0.36,-0.74,0.0659,0.1364,0.068
904,56.8421,248,3.3,0.415,0.3009,88,0.036,0.38,-0.88,0.0679,0.1404,0.061
905,41.8254,223,3.4,0.450,0.3033,89,0.035,0.34,-0.83,0.0670,0.1354,0.056
906,48.4741,257,3.3,0.495,0.3036,88,0.036,0.40,-0.76,0.0696,0.1370,0.043
907,57.5609,286,3.3,0.390,0.3018,89,0.035,0.44,-0.92,0.0692,0.1422,0.044
908,35.4993,231,3.3,0.515,0.3016,88,0.036,0.36,-0.73,0.0653,0.1419,0.050
909,41.8886,218,3.3,0.420,0.3018,87,0.036,0.34,-0.87,0.0665,0.1401,0.041
910,50.4666,249,3.3,0.520,0.3030,94,0.033,0.38,-0.72,0.0658,0.1413,0.034
911,34.3017,238,3.3,0.420,0.3062,95,0.033,0.37,-0.87,0.0691,0.1501,0.048
912,34.5657,227,3.4,0.490,0.3022,97,0.032,0.35,-0.77,0.0672,0.1492,0.053
913,53.3038,249,3.3,0.445,0.2946,95,0.033,0.38,-0.83,0.0674,0.1320,0.053
914,49.5881,257,3.2,0.460,0.2941,94,0.033,0.39,-0.81,0.0669,0.1354,0.045
915,36.2677,244,3.3,0.440,0.2934,95,0.033,0.38,-0.84,0.0699,0.1417,0.046
916,30.6160,239,3.4,0.500,0.2886,95,0.033,0.37,-0.75,0.0672,0.1374,0.049
917,48.4894,224,3.4,0.455,0.2934,94,0.033,0.34,-0.82,0.0669,0.1420,0.055
918,47.5142,230,3.3,0.435,0.2931,95,0.033,0.35,-0.85,0.0663,0.1453,0.051
919,40.0229,223,3.3,0.470,0.2928,92,0.034,0.34,-0.80,0.0681,0.1411,0.056
920,40.8050,246,3.4,0.415,0.2976,91,0.034,0.38,-0.88,0.0671,0.1372,0.042
921,46.8381,244,3.4,0.485,0.2979,97,0.032,0.38,-0.77,0.0674,0.1250,0.058
922,42.2718,235,3.3,0.415,0.2918,93,0.034,0.36,-0.88,0.0632,0.1276,0.052
923,44.1472,256,3.3,0.445,0.2930,95,0.033,0.39,-0.83,0.0675,0.1348,0.044
924,37.6817,240,3.2,0.500,0.2974,94,0.033,0.37,-0.75,0.0680,0.1481,0.044
925,44.8674,254,3.3,0.435,0.2987,93,0.034,0.39,-0.85,0.0688,0.1442,0.029
926,30.6267,238,3.2,0.520,0.3037,90,0.035,0.37,-0.72,0.0639,0.1374,0.041
927,54.7141,268,3.2,0.430,0.3039,86,0.036,0.41,-0.86,0.0665,0.1399,0.053
928,37.2149,241,3.3,0.525,0.2995,92,0.034,0.37,-0.71,0.0680,0.1437,0.046
929,67.5495,257,3.3,0.360,0.2983,87,0.036,0.40,-0.96,0.0686,0.1517,0.042
930,28.1644,240,3.4,0.545,0.2977,93,0.034,0.37,-0.68,0.0668,0.1555,0.028
931,48.9360,178,3.4,0.410,0.3046,90,0.035,0.27,-0.89,0.0678,0.1546,0.027
932,50.9593,239,3.3,0.505,0.3054,95,0.033,0.37,-0.74,0.0676,0.1513,0.033
933,49.6735,286,3.3,0.455,0.2931,89,0.035,0.44,-0.82,0.0723,0.1448,0.055
934,58.9319,256,3.3,0.465,0.2881,87,0.036,0.39,-0.80,0.0683,0.1347,0.067
935,34.7044,259,3.3,0.465,0.2893,90,0.035,0.40,-0.80,0.0696,0.1327,0.060
936,44.6973,221,3.2,0.470,0.2930,93,0.034,0.34,-0.80,0.0650,0.1349,0.068
937,34.3860,228,3.3,0.460,0.2916,94,0.033,0.35,-0.81,0.0677,0.1341,0.076
938,28.9065,207,3.3,0.460,0.2925,88,0.036,0.32,-0.81,0.0665,0.1335,0.055
939,51.4258,254,3.3,0.455,0.2901,87,0.036,0.39,-0.82,0.0698,0.1428,0.028
940,44.0494,259,3.4,0.425,0.2932,99,0.032,0.40,-0.86,0.0645,0.1383,0.035
941,36.2631,242,3.4,0.500,0.2907,97,0.032,0.37,-0.75,0.0691,0.1232,0.057
942,30.7232,249,3.3,0.430,0.2896,93,0.034,0.38,-0.86,0.0660,0.1297,0.048
943,47.2069,240,3.4,0.505,0.2943,93,0.034,0.37,-0.74,0.0663,0.1383,0.040
944,47.2111,240,3.3,0.400,0.2886,90,0.035,0.37,-0.90,0.0639,0.1337,0.041
945,40.8248,232,3.2,0.455,0.2873,90,0.035,0.36,-0.82,0.0647,0.1340,0.057
946,48.6311,268,3.3,0.480,0.2887,95,0.033,0.41,-0.78,0.0647,0.1313,0.056
947,36.7305,263,3.4,0.460,0.2851,97,0.032,0.40,-0.81,0.0648,0.1295,0.066
948,59.6957,248,3.3,0.450,0.2870,94,0.033,0.38,-0.83,0.0690,0.1364,0.074
949,55.8736,283,3.3,0.445,0.2921,93,0.034,0.43,-0.83,0.0686,0.1442,0.087
950,42.0652,258,3.3,0.450,0.2947,88,0.036,0.40,-0.83,0.0666,0.1349,0.102
951,45.4488,225,3.4,0.455,0.2946,92,0.034,0.35,-0.82,0.0650,0.1338,0.122
952,53.2988,252,3.3,0.415,0.2919,93,0.034,0.39,-0.88,0.0711,0.1420,0.101
953,44.7705,237,3.3,0.495,0.2932,86,0.036,0.36,-0.76,0.0688,0.1491,0.066
954,70.2745,244,3.3,0.445,0.2990,86,0.036,0.38,-0.83,0.0671,0.1482,0.092
955,45.8942,252,3.2,0.485,0.2929,89,0.035,0.39,-0.77,0.0695,0.1411,0.060
956,48.7765,266,3.2,0.425,0.2982,95,0.033,0.41,-0.86,0.0708,0.1411,0.060
957,36.4611,228,3.2,0.485,0.3061,92,0.034,0.35,-0.77,0.0716,0.1372,0.068
958,53.8854,249,3.2,0.440,0.3055,97,0.032,0.38,-0.84,0.0703,0.1383,0.061
959,44.4914,202,3.3,0.460,0.3110,92,0.034,0.31,-0.81,0.0704,0.1411,0.049
960,56.1439,257,3.2,0.410,0.3076,89,0.035,0.39,-0.89,0.0669,0.1356,0.050
961,42.3996,262,3.2,0.435,0.3007,93,0.034,0.40,-0.85,0.0679,0.1337,0.043
962,22.8559,216,3.3,0.520,0.3006,92,0.034,0.33,-0.72,0.0646,0.1382,0.061
963,30.5148,217,3.4,0.420,0.2945,89,0.035,0.33,-0.87,0.0629,0.1435,0.048
964,48.2700,212,3.3,0.480,0.2899,92,0.034,0.33,-0.78,0.0609,0.1369,0.046
965,44.4410,259,3.3,0.415,0.2908,93,0.034,0.40,-0.88,0.0664,0.1467,0.034
966,31.8304,225,3.3,0.455,0.2825,88,0.036,0.35,-0.82,0.0658,0.1453,0.028
967,50.2130,242,3.4,0.495,0.2833,92,0.034,0.37,-0.76,0.0660,0.1368,0.033
968,41.3260,219,3.3,0.435,0.2873,92,0.034,0.34,-0.85,0.0677,0.1300,0.028
969,45.4909,279,3.2,0.480,0.2923,90,0.035,0.43,-0.78,0.0698,0.1346,0.028
970,47.5466,221,3.3,0.460,0.2972,86,0.036,0.34,-0.81,0.0649,0.1358,0.041
971,42.8576,263,3.4,0.445,0.2988,87,0.036,0.40,-0.83,0.0689,0.1293,0.051
972,48.5473,227,3.4,0.520,0.2980,92,0.034,0.35,-0.72,0.0681,0.1304,0.054
973,57.0297,264,3.4,0.385,0.2975,95,0.033,0.41,-0.92,0.0682,0.1331,0.057
974,40.7334,238,3.4,0.515,0.2882,96,0.033,0.37,-0.73,0.0659,0.1222,0.063
975,56.6233,255,3.3,0.385,0.2831,92,0.034,0.39,-0.92,0.0677,0.1227,0.080
976,42.4756,250,3.2,0.475,0.2877,90,0.035,0.38,-0.79,0.0693,0.1272,0.087
977,46.8761,229,3.2,0.465,0.2842,91,0.034,0.35,-0.80,0.0707,0.1189,0.097
978,54.2909,254,3.3,0.490,0.2824,90,0.035,0.39,-0.77,0.0679,0.1212,0.101
979,59.7969,268,3.3,0.445,0.2846,91,0.034,0.41,-0.83,0.0673,0.1307,0.068
980,51.1349,225,3.3,0.470,0.2915,88,0.036,0.35,-0.80,0.0663,0.1298,0.082
981,43.6608,258,3.4,0.420,0.2948,86,0.036,0.40,-0.87,0.0679,0.1256,0.086
982,51.6840,279,3.3,0.510,0.3016,94,0.033,0.43,-0.73,0.0676,0.1361,0.035
983,41.2927,250,3.3,0.415,0.3010,91,0.034,0.38,-0.88,0.0650,0.1289,0.034
984,59.7468,277,3.3,0.500,0.3056,94,0.033,0.43,-0.75,0.0642,0.1369,0.040
985,51.1821,251,3.3,0.400,0.2940,90,0.035,0.39,-0.90,0.0659,0.1276,0.060
986,51.7769,232,3.3,0.510,0.2914,88,0.036,0.36,-0.73,0.0655,0.1269,0.096
987,69.1811,284,3.3,0.405,0.2913,87,0.036,0.44,-0.89,0.0689,0.1297,0.108
988,52.6049,285,3.3,0.470,0.2915,91,0.034,0.44,-0.80,0.0689,0.1268,0.105
989,35.4302,241,3.3,0.440,0.2897,92,0.034,0.37,-0.84,0.0667,0.1163,0.097
990,51.5984,266,3.2,0.435,0.2896,94,0.033,0.41,-0.85,0.0675,0.1156,0.083
991,38.7414,240,3.3,0.455,0.2942,97,0.032,0.37,-0.82,0.0686,0.1215,0.105
992,58.7514,217,3.2,0.405,0.3011,96,0.033,0.33,-0.89,0.0667,0.1154,0.101
993,40.6477,265,3.3,0.490,0.3121,96,0.033,0.41,-0.77,0.0692,0.1208,0.090
994,42.6152,229,3.4,0.420,0.3049,86,0.036,0.35,-0.87,0.0660,0.1207,0.083
995,48.6610,231,3.3,0.515,0.2967,91,0.034,0.35,-0.73,0.0724,0.1130,0.094
996,39.6792,224,3.4,0.450,0.2992,92,0.034,0.34,-0.83,0.0681,0.1072,0.101
997,52.3227,239,3.3,0.475,0.2986,95,0.033,0.37,-0.79,0.0674,0.1191,0.084
998,60.2119,316,3.2,0.450,0.2952,89,0.035,0.49,-0.83,0.0664,0.1424,0.076
999,47.4145,255,3.3,0.435,0.2919,89,0.035,0.39,-0.85,0.0689,0.1304,0.079
1000,56.4478,241,3.3,0.450,0.2940,89,0.035,0.37,-0.83,0.0645,0.1413,0.071
1001,41.4355,239,3.3,0.450,0.2940,89,0.035,0.37,-0.83,0.0681,0.1449,0.068
1002,46.4040,257,3.3,0.460,0.2967,92,0.034,0.39,-0.81,0.0656,0.1308,0.074
1003,41.1177,259,3.4,0.415,0.3087,89,0.035,0.40,-0.88,0.0695,0.1398,0.051
1004,47.5970,232,3.4,0.495,0.3098,91,0.034,0.36,-0.76,0.0658,0.1227,0.076
1005,42.6335,244,3.4,0.400,0.2980,91,0.034,0.37,-0.90,0.0671,0.1141,0.064
1006,33.5123,223,3.3,0.505,0.3073,91,0.034,0.34,-0.74,0.0676,0.1249,0.064
1007,35.0545,241,3.4,0.430,0.3070,91,0.034,0.37,-0.86,0.0694,0.1207,0.078
1008,36.1000,250,3.4,0.445,0.3051,92,0.034,0.38,-0.83,0.0663,0.1172,0.058
1009,40.2410,223,3.3,0.455,0.3025,88,0.036,0.34,-0.82,0.0677,0.1248,0.055
1010,43.7056,223,3.3,0.450,0.2994,96,0.033,0.34,-0.83,0.0675,0.1331,0.047
1011,59.4964,250,3.4,0.515,0.3031,91,0.034,0.38,-0.73,0.0646,0.1330,0.065
1012,60.6417,270,3.4,0.420,0.3061,88,0.036,0.41,-0.87,0.0720,0.1272,0.090
1013,32.8263,223,3.3,0.500,0.3052,92,0.034,0.34,-0.75,0.0686,0.1276,0.101
1014,49.6169,227,3.3,0.420,0.3074,90,0.035,0.35,-0.87,0.0671,0.1328,0.082
1015,53.4606,254,3.2,0.495,0.3073,91,0.034,0.39,-0.76,0.0677,0.1347,0.076
1016,29.1499,246,3.3,0.385,0.3062,94,0.033,0.38,-0.92,0.0693,0.1327,0.091
1017,53.4007,260,3.2,0.495,0.3137,89,0.035,0.40,-0.76,0.0687,0.1350,0.085
1018,45.4157,262,3.2,0.395,0.3155,88,0.036,0.40,-0.91,0.0674,0.1343,0.086
1019,43.9052,221,3.4,0.500,0.3113,88,0.036,0.34,-0.75,0.0664,0.1400,0.088
1020,39.2074,201,3.4,0.440,0.3030,90,0.035,0.31,-0.84,0.0679,0.1426,0.065
1021,47.9693,232,3.3,0.470,0.3053,95,0.033,0.36,-0.80,0.0679,0.1463,0.054
1022,40.5103,235,3.4,0.465,0.3007,95,0.033,0.36,-0.80,0.0685,0.1429,0.052
1023,56.2496,254,3.4,0.475,0.3040,89,0.035,0.39,-0.79,0.0640,0.1388,0.033
1024,54.8947,235,3.3,0.450,0.2957,92,0.034,0.36,-0.83,0.0666,0.1400,0.040
1025,51.3657,260,3.4,0.440,0.2926,89,0.035,0.40,-0.84,0.0660,0.1383,0.050
1026,52.6750,260,3.3,0.470,0.3003,91,0.034,0.40,-0.80,0.0690,0.1350,0.035
1027,46.8397,254,3.3,0.445,0.3026,96,0.033,0.39,-0.83,0.0662,0.1355,0.036
1028,48.9256,262,3.3,0.440,0.2951,96,0.033,0.40,-0.84,0.0632,0.1289,0.050
1029,35.4721,238,3.3,0.445,0.2934,84,0.037,0.37,-0.83,0.0661,0.1343,0.043
1030,38.6947,233,3.3,0.440,0.2942,87,0.036,0.36,-0.84,0.0697,0.1331,0.035
1031,34.4707,231,3.3,0.445,0.2952,87,0.036,0.35,-0.83,0.0673,0.1383,0.036
1032,44.3943,250,3.2,0.425,0.2931,90,0.035,0.38,-0.86,0.0667,0.1482,0.029
1033,49.2435,275,3.2,0.495,0.2976,92,0.034,0.42,-0.76,0.0687,0.1412,0.053
1034,46.1396,245,3.3,0.440,0.3064,91,0.034,0.38,-0.84,0.0670,0.1440,0.057
1035,56.6481,222,3.3,0.490,0.3045,94,0.033,0.34,-0.77,0.0662,0.1440,0.062
1036,44.2482,255,3.3,0.445,0.2992,90,0.035,0.39,-0.83,0.0661,0.1437,0.061
1037,48.0819,273,3.3,0.460,0.3024,90,0.035,0.42,-0.81,0.0693,0.1462,0.061
1038,46.8354,247,3.2,0.460,0.3015,90,0.035,0.38,-0.81,0.0714,0.1560,0.056
1039,55.3566,236,3.2,0.445,0.2958,90,0.035,0.36,-0.83,0.0684,0.1514,0.069
1040,53.6184,255,3.2,0.445,0.2996,89,0.035,0.39,-0.83,0.0689,0.1449,0.075
1041,49.8940,273,3.2,0.435,0.3008,92,0.034,0.42,-0.85,0.0687,0.1368,0.071
1042,32.7714,243,3.3,0.445,0.3060,90,0.035,0.37,-0.83,0.0630,0.1370,0.070
1043,38.8904,201,3.3,0.475,0.3058,90,0.035,0.31,-0.79,0.0641,0.1443,0.077
1044,56.1136,245,3.2,0.420,0.3075,89,0.035,0.38,-0.87,0.0646,0.1312,0.076
1045,43.0033,282,3.2,0.460,0.3058,92,0.034,0.43,-0.81,0.0654,0.1384,0.054
1046,35.4033,231,3.3,0.465,0.3022,95,0.033,0.36,-0.80,0.0662,0.1349,0.051
1047,56.8626,257,3.2,0.455,0.3057,93,0.034,0.39,-0.82,0.0695,0.1507,0.051
1048,65.4653,259,3.3,0.445,0.3075,93,0.034,0.40,-0.83,0.0721,0.1482,0.078
1049,41.8632,264,3.4,0.435,0.3014,90,0.035,0.41,-0.85,0.0694,0.1373,0.068
1050,54.2394,247,3.4,0.415,0.3021,86,0.036,0.38,-0.88,0.0710,0.1344,0.058
1051,36.6556,275,3.3,0.475,0.2993,91,0.034,0.42,-0.79,0.0653,0.1282,0.060
1052,47.6685,242,3.3,0.380,0.3001,90,0.035,0.37,-0.93,0.0720,0.1255,0.061
1053,58.7788,257,3.3,0.505,0.3039,96,0.033,0.39,-0.74,0.0674,0.1326,0.074
1054,49.2018,228,3.3,0.405,0.3008,95,0.033,0.35,-0.89,0.0668,0.1357,0.074
1055,41.1550,235,3.3,0.500,0.3019,94,0.033,0.36,-0.75,0.0687,0.1356,0.052
1056,34.3954,227,3.3,0.440,0.3100,93,0.034,0.35,-0.84,0.0691,0.1327,0.064
1057,38.1261,243,3.3,0.480,0.3081,92,0.034,0.37,-0.78,0.0660,0.1356,0.057
1058,49.4947,244,3.3,0.445,0.3018,90,0.035,0.38,-0.83,0.0692,0.1407,0.047
1059,46.2359,244,3.3,0.475,0.2927,93,0.034,0.38,-0.79,0.0710,0.1413,0.065
1060,50.5380,261,3.3,0.470,0.2909,92,0.034,0.40,-0.80,0.0686,0.1440,0.065
1061,48.4858,249,3.3,0.435,0.2958,95,0.033,0.38,-0.85,0.0702,0.1403,0.059
1062,70.0670,281,3.3,0.435,0.2990,88,0.036,0.43,-0.85,0.0633,0.1495,0.048
1063,39.0903,236,3.3,0.465,0.2924,91,0.034,0.36,-0.80,0.0658,0.1453,0.042
1064,35.9748,224,3.3,0.420,0.2976,87,0.036,0.34,-0.87,0.0683,0.1381,0.042
1065,43.6424,242,3.2,0.455,0.3025,87,0.036,0.37,-0.82,0.0693,0.1320,0.060
1066,45.8483,256,3.2,0.420,0.2946,97,0.032,0.39,-0.87,0.0661,0.1275,0.064
1067,37.5806,249,3.2,0.440,0.2905,93,0.034,0.38,-0.84,0.0688,0.1314,0.065
1068,54.3590,253,3.2,0.490,0.2983,90,0.035,0.39,-0.77,0.0681,0.1451,0.054
1069,41.4444,228,3.2,0.440,0.2962,86,0.036,0.35,-0.84,0.0658,0.1517,0.053
1070,45.9058,268,3.4,0.445,0.2940,87,0.036,0.41,-0.83,0.0690,0.1568,0.059
1071,40.6223,248,3.4,0.485,0.2941,85,0.037,0.38,-0.77,0.0684,0.1456,0.069
1072,46.3641,265,3.4,0.460,0.2921,88,0.036,0.41,-0.81,0.0671,0.1428,0.069
1073,54.3883,240,3.3,0.450,0.2972,89,0.035,0.37,-0.83,0.0687,0.1363,0.091
1074,45.7797,260,3.2,0.470,0.2988,95,0.033,0.40,-0.80,0.0674,0.1281,0.117
1075,40.9975,234,3.2,0.440,0.2989,95,0.033,0.36,-0.84,0.0675,0.1350,0.100
1076,39.7614,219,3.3,0.455,0.2931,91,0.034,0.34,-0.82,0.0673,0.1254,0.104
1077,50.9514,219,3.3,0.445,0.2950,88,0.036,0.34,-0.83,0.0685,0.1162,0.113
1078,50.7911,295,3.3,0.445,0.2906,88,0.036,0.45,-0.83,0.0719,0.1167,0.103
1079,51.1314,271,3.3,0.405,0.2880,91,0.034,0.42,-0.89,0.0675,0.1232,0.082
1080,48.3351,235,3.3,0.500,0.2823,93,0.034,0.36,-0.75,0.0662,0.1263,0.090
1081,50.5611,297,3.3,0.410,0.2827,84,0.037,0.46,-0.89,0.0697,0.1154,0.092
1082,48.1252,253,3.2,0.485,0.2923,91,0.034,0.39,-0.77,0.0653,0.1218,0.080
1083,50.5641,266,3.2,0.440,0.3024,91,0.034,0.41,-0.84,0.0647,0.1287,0.056
1084,49.4976,255,3.2,0.490,0.3069,94,0.033,0.39,-0.77,0.0672,0.1241,0.066
1085,36.8508,246,3.2,0.445,0.3015,90,0.035,0.38,-0.83,0.0670,0.1203,0.060
1086,48.0032,250,3.2,0.480,0.3041,90,0.035,0.38,-0.78,0.0666,0.1235,0.046
1087,53.6281,261,3.3,0.425,0.3042,93,0.034,0.40,-0.86,0.0668,0.1334,0.047
1088,26.7689,221,3.3,0.475,0.2914,89,0.035,0.34,-0.79,0.0687,0.1262,0.048
1089,53.5445,240,3.3,0.455,0.2928,91,0.034,0.37,-0.82,0.0662,0.1386,0.039
1090,51.4201,267,3.2,0.495,0.2982,93,0.034,0.41,-0.76,0.0656,0.1458,0.046
1091,63.8905,261,3.2,0.425,0.2913,89,0.035,0.40,-0.86,0.0672,0.1327,0.062
1092,31.9583,202,3.3,0.495,0.2952,91,0.034,0.31,-0.76,0.0674,0.1372,0.054
1093,56.7880,253,3.2,0.435,0.2972,95,0.033,0.39,-0.85,0.0678,0.1375,0.040
1094,49.6018,290,3.2,0.515,0.3011,93,0.034,0.45,-0.73,0.0682,0.1455,0.048
1095,39.1567,220,3.2,0.445,0.3090,91,0.034,0.34,-0.83,0.0693,0.1568,0.035
1096,24.3382,257,3.3,0.475,0.3178,90,0.035,0.39,-0.79,0.0689,0.1590,0.048
1097,39.3774,213,3.3,0.440,0.3168,91,0.034,0.33,-0.84,0.0693,0.1515,0.047
1098,54.0369,256,3.2,0.455,0.3081,90,0.035,0.39,-0.82,0.0690,0.1548,0.027
1099,34.7955,248,3.3,0.445,0.3060,94,0.033,0.38,-0.83,0.0693,0.1358,0.028
1100,39.4261,216,3.3,0.475,0.3065,96,0.033,0.33,-0.79,0.0654,0.1452,0.034
1101,63.0346,233,3.3,0.420,0.3016,91,0.034,0.36,-0.87,0.0680,0.1480,0.058
1102,38.8360,258,3.3,0.440,0.2935,88,0.036,0.40,-0.84,0.0669,0.1391,0.069
1103,34.0099,230,3.2,0.495,0.2921,93,0.034,0.35,-0.76,0.0658,0.1360,0.079
1104,71.0873,263,3.3,0.425,0.2932,94,0.033,0.40,-0.86,0.0657,0.1196,0.080
1105,42.5742,230,3.3,0.465,0.2950,95,0.033,0.35,-0.80,0.0649,0.1259,0.081
1106,37.6847,226,3.3,0.445,0.2995,90,0.035,0.35,-0.83,0.0661,0.1287,0.094
1107,32.1181,217,3.3,0.485,0.2998,88,0.036,0.33,-0.77,0.0692,0.1346,0.063
1108,39.4613,238,3.4,0.435,0.2992,85,0.037,0.37,-0.85,0.0705,0.1269,0.068
1109,21.3983,241,3.3,0.485,0.2997,90,0.035,0.37,-0.77,0.0703,0.1227,0.075
1110,42.8863,227,3.3,0.455,0.2931,91,0.034,0.35,-0.82,0.0702,0.1361,0.048
1111,62.3649,253,3.3,0.435,0.2891,89,0.035,0.39,-0.85,0.0696,0.1338,0.062
1112,35.7068,229,3.3,0.460,0.2928,94,0.033,0.35,-0.81,0.0686,0.1351,0.095
1113,44.6027,219,3.3,0.410,0.2890,93,0.034,0.34,-0.89,0.0687,0.1432,0.083
1114,43.0207,254,3.3,0.520,0.2941,92,0.034,0.39,-0.72,0.0685,0.1347,0.080
1115,49.5984,271,3.2,0.420,0.3012,92,0.034,0.42,-0.87,0.0682,0.1400,0.088
1116,49.6522,246,3.2,0.500,0.3021,86,0.036,0.38,-0.75,0.0682,0.1420,0.076
1117,40.6187,250,3.3,0.410,0.3111,88,0.036,0.38,-0.89,0.0662,0.1436,0.097
1118,18.0700,216,3.2,0.515,0.3105,88,0.036,0.33,-0.73,0.0657,0.1475,0.115
1119,43.5227,202,3.2,0.410,0.3024,91,0.034,0.31,-0.89,0.0665,0.1443,0.096
1120,39.0680,228,3.3,0.530,0.2993,93,0.034,0.35,-0.70,0.0684,0.1508,0.090
1121,50.2535,262,3.3,0.420,0.2987,93,0.034,0.40,-0.87,0.0698,0.1517,0.093
1122,33.1690,194,3.3,0.460,0.3008,91,0.034,0.30,-0.81,0.0657,0.1628,0.087
1123,46.9653,257,3.2,0.475,0.3011,92,0.034,0.40,-0.79,0.0678,0.1486,0.085
1124,47.2347,254,3.2,0.430,0.3059,90,0.035,0.39,-0.86,0.0669,0.1416,0.091
1125,58.1648,263,3.2,0.435,0.3069,90,0.035,0.40,-0.85,0.0680,0.1453,0.062
1126,65.4824,267,3.2,0.415,0.3107,94,0.033,0.41,-0.88,0.0665,0.1522,0.047
1127,34.9294,248,3.3,0.480,0.3113,90,0.035,0.38,-0.78,0.0665,0.1448,0.053
1128,51.8379,238,3.3,0.380,0.3081,93,0.034,0.37,-0.93,0.0677,0.1385,0.071
1129,68.3407,260,3.3,0.505,0.3082,89,0.035,0.40,-0.74,0.0664,0.1417,0.069
1130,49.4038,264,3.4,0.375,0.3036,94,0.033,0.41,-0.94,0.0699,0.1302,0.074
1131,53.9610,239,3.3,0.495,0.3031,94,0.033,0.37,-0.76,0.0650,0.1348,0.071
1132,50.7496,257,3.3,0.370,0.3076,91,0.034,0.40,-0.95,0.0688,0.1362,0.085
1133,46.5253,251,3.3,0.525,0.3007,95,0.033,0.39,-0.71,0.0691,0.1272,0.088
1134,42.1012,276,3.2,0.385,0.2908,92,0.034,0.42,-0.92,0.0653,0.1167,0.090
1135,35.5099,223,3.2,0.510,0.2934,88,0.036,0.34,-0.73,0.0698,0.1146,0.102
1136,39.8537,239,3.3,0.410,0.2920,88,0.036,0.37,-0.89,0.0683,0.1221,0.094
1137,40.1092,256,3.3,0.470,0.3035,96,0.033,0.39,-0.80,0.0693,0.1271,0.095
1138,56.8429,216,3.2,0.420,0.2983,96,0.033,0.33,-0.87,0.0678,0.1265,0.097
1139,47.8650,257,3.2,0.455,0.2948,90,0.035,0.40,-0.82,0.0691,0.1358,0.092
1140,50.7158,238,3.3,0.410,0.3017,85,0.037,0.37,-0.89,0.0665,0.1345,0.091
1141,44.2900,261,3.3,0.455,0.2960,91,0.034,0.40,-0.82,0.0685,0.1237,0.100
1142,63.8826,262,3.2,0.435,0.2911,90,0.035,0.40,-0.85,0.0671,0.1208,0.089
1143,39.0862,241,3.2,0.470,0.2951,89,0.035,0.37,-0.80,0.0669,0.1157,0.082
1144,26.1789,207,3.3,0.460,0.2921,96,0.033,0.32,-0.81,0.0694,0.1166,0.069
1145,39.6173,218,3.2,0.495,0.2961,90,0.035,0.33,-0.76,0.0656,0.1206,0.066
1146,49.8805,224,3.2,0.425,0.3011,91,0.034,0.35,-0.86,0.0666,0.1247,0.053
1147,54.9303,305,3.2,0.460,0.3024,89,0.035,0.47,-0.81,0.0689,0.1263,0.036
1148,46.5985,271,3.3,0.445,0.3012,90,0.035,0.42,-0.83,0.0668,0.1302,0.028
1149,38.0563,209,3.3,0.485,0.3014,88,0.036,0.32,-0.77,0.0709,0.1303,0.054
1150,46.6207,194,3.3,0.425,0.3023,88,0.036,0.30,-0.86,0.0671,0.1331,0.063
1151,48.7723,222,3.3,0.495,0.3031,93,0.034,0.34,-0.76,0.0667,0.1245,0.062
1152,56.1779,252,3.3,0.405,0.3077,90,0.035,0.39,-0.89,0.0692,0.1231,0.068
1153,45.0957,245,3.2,0.485,0.3081,87,0.036,0.38,-0.77,0.0664,0.1323,0.046
1154,52.8665,275,3.3,0.405,0.3076,92,0.034,0.42,-0.89,0.0659,0.1313,0.071
1155,46.7232,256,3.2,0.460,0.3065,89,0.035,0.39,-0.81,0.0684,0.1297,0.097
1156,51.3942,200,3.2,0.455,0.3111,93,0.034,0.31,-0.82,0.0696,0.1354,0.095
1157,37.3816,254,3.2,0.435,0.3118,92,0.034,0.39,-0.85,0.0710,0.1386,0.099
1158,25.8083,222,3.2,0.480,0.2976,97,0.032,0.34,-0.78,0.0667,0.1365,0.081
1159,51.4365,267,3.3,0.395,0.2894,91,0.034,0.41,-0.91,0.0696,0.1348,0.080
1160,40.5699,238,3.3,0.495,0.2930,90,0.035,0.37,-0.76,0.0711,0.1344,0.061
1161,48.2368,226,3.3,0.425,0.2903,95,0.033,0.35,-0.86,0.0669,0.1256,0.054
1162,47.2611,242,3.3,0.480,0.2988,90,0.035,0.37,-0.78,0.0679,0.1268,0.063
1163,55.8399,259,3.3,0.445,0.2966,89,0.035,0.40,-0.83,0.0671,0.1250,0.083
1164,46.7019,257,3.2,0.485,0.2993,93,0.034,0.39,-0.77,0.0670,0.1266,0.086
1165,50.3250,260,3.2,0.420,0.3015,96,0.033,0.40,-0.87,0.0675,0.1348,0.048
1166,47.8428,253,3.4,0.465,0.3069,86,0.036,0.39,-0.80,0.0692,0.1299,0.035
1167,58.5377,280,3.4,0.460,0.3055,86,0.036,0.43,-0.81,0.0676,0.1377,0.041
1168,56.8130,242,3.3,0.390,0.3046,90,0.035,0.37,-0.92,0.0694,0.1386,0.056
1169,42.4682,238,3.3,0.490,0.2959,88,0.036,0.37,-0.77,0.0693,0.1294,0.048
1170,46.5976,252,3.2,0.425,0.3013,91,0.034,0.39,-0.86,0.0662,0.1346,0.083
1171,21.8566,240,3.2,0.475,0.2974,93,0.034,0.37,-0.79,0.0646,0.1252,0.081
1172,39.2628,230,3.3,0.430,0.2901,89,0.035,0.35,-0.86,0.0682,0.1244,0.042
1173,50.6171,242,3.3,0.445,0.2984,90,0.035,0.37,-0.83,0.0667,0.1308,0.036
1174,66.6767,311,3.3,0.475,0.2939,91,0.034,0.48,-0.79,0.0678,0.1407,0.043
1175,54.9352,279,3.2,0.400,0.2937,96,0.033,0.43,-0.90,0.0680,0.1441,0.066
1176,47.6876,267,3.3,0.460,0.2959,88,0.036,0.41,-0.81,0.0675,0.1380,0.073
1177,48.9402,266,3.3,0.450,0.2993,91,0.034,0.41,-0.83,0.0692,0.1241,0.069
1178,49.6684,226,3.3,0.450,0.3072,92,0.034,0.35,-0.83,0.0669,0.1395,0.073
1179,55.5658,234,3.2,0.450,0.3029,93,0.034,0.36,-0.83,0.0655,0.1467,0.054
1180,44.0861,259,3.2,0.460,0.3016,87,0.036,0.40,-0.81,0.0683,0.1427,0.084
1181,55.3553,236,3.3,0.485,0.3034,91,0.034,0.36,-0.77,0.0697,0.1523,0.121
1182,41.2127,265,3.3,0.445,0.3023,92,0.034,0.41,-0.83,0.0662,0.1453,0.081
1183,38.1173,258,3.3,0.465,0.3026,88,0.036,0.40,-0.80,0.0680,0.1423,0.068
1184,49.4964,246,3.2,0.445,0.3047,92,0.034,0.38,-0.83,0.0669,0.1335,0.067
1185,58.0889,267,3.2,0.470,0.3004,93,0.034,0.41,-0.80,0.0636,0.1236,0.087
1186,42.8339,266,3.3,0.385,0.3001,88,0.036,0.41,-0.92,0.0670,0.1319,0.103
1187,46.2706,239,3.3,0.520,0.3096,91,0.034,0.37,-0.72,0.0686,0.1385,0.081
1188,34.3523,223,3.4,0.415,0.3001,91,0.034,0.34,-0.88,0.0692,0.1265,0.072
1189,46.9621,230,3.3,0.455,0.2995,94,0.033,0.35,-0.82,0.0664,0.1204,0.060
1190,61.1496,285,3.2,0.445,0.3062,90,0.035,0.44,-0.83,0.0689,0.1289,0.076
1191,39.3755,227,3.2,0.470,0.3003,94,0.033,0.35,-0.80,0.0679,0.1207,0.073
1192,40.8055,224,3.2,0.465,0.3000,94,0.033,0.34,-0.80,0.0659,0.1259,0.080
1193,56.4619,241,3.3,0.430,0.3032,93,0.034,0.37,-0.86,0.0663,0.1329,0.080
1194,38.3285,285,3.3,0.490,0.3022,91,0.034,0.44,-0.77,0.0684,0.1288,0.071
1195,52.1718,230,3.3,0.415,0.3000,94,0.033,0.35,-0.88,0.0679,0.1199,0.072
1196,51.1418,257,3.2,0.475,0.3021,90,0.035,0.39,-0.79,0.0685,0.1184,0.095
1197,57.0438,279,3.3,0.400,0.2971,98,0.032,0.43,-0.90,0.0675,0.1203,0.100
1198,49.7736,239,3.2,0.485,0.3016,95,0.033,0.37,-0.77,0.0687,0.1324,0.072
1199,50.6238,234,3.3,0.450,0.3085,90,0.035,0.36,-0.83,0.0718,0.1360,0.089
1200,42.0032,226,3.3,0.470,0.3101,91,0.034,0.35,-0.80,0.0680,0.1430,0.083
1201,58.8901,263,3.2,0.385,0.3112,92,0.034,0.40,-0.92,0.0678,0.1389,0.053
1202,38.0873,258,3.3,0.515,0.3086,88,0.036,0.40,-0.73,0.0646,0.1355,0.062
1203,62.2987,264,3.2,0.385,0.3121,92,0.034,0.41,-0.92,0.0644,0.1420,0.050
1204,28.6173,239,3.2,0.510,0.3133,92,0.034,0.37,-0.73,0.0675,0.1361,0.064
1205,57.4229,237,3.2,0.370,0.3074,92,0.034,0.36,-0.95,0.0655,0.1186,0.050
1206,37.5623,272,3.4,0.505,0.3038,93,0.034,0.42,-0.74,0.0722,0.1244,0.043
1207,37.9396,224,3.3,0.375,0.3035,89,0.035,0.34,-0.94,0.0677,0.1395,0.034
1208,47.1040,244,3.2,0.490,0.3076,90,0.035,0.38,-0.77,0.0671,0.1558,0.048
1209,67.4082,279,3.2,0.415,0.3036,93,0.034,0.43,-0.88,0.0674,0.1378,0.074
1210,44.0149,268,3.3,0.435,0.2968,94,0.033,0.41,-0.85,0.0699,0.1264,0.062
1211,50.1904,269,3.2,0.370,0.2973,94,0.033,0.41,-0.95,0.0686,0.1203,0.056
1212,48.2040,241,3.2,0.535,0.2908,86,0.036,0.37,-0.70,0.0697,0.1161,0.055
1213,61.4269,264,3.3,0.325,0.2859,91,0.034,0.41,-1.01,0.0674,0.1084,0.076
1214,37.6301,240,3.3,0.535,0.2935,94,0.033,0.37,-0.70,0.0689,0.1228,0.094
1215,51.7860,249,3.2,0.405,0.2937,93,0.034,0.38,-0.89,0.0689,0.1462,0.080
1216,39.8404,237,3.1,0.490,0.2897,92,0.034,0.36,-0.77,0.0652,0.1420,0.077
1217,51.8714,256,3.2,0.370,0.2963,92,0.034,0.39,-0.95,0.0689,0.1381,0.048
1218,57.1378,239,3.2,0.510,0.2990,86,0.036,0.37,-0.73,0.0663,0.1475,0.040
1219,59.8205,302,3.2,0.375,0.3044,92,0.034,0.46,-0.94,0.0684,0.1384,0.048
1220,64.1594,293,3.2,0.510,0.3030,94,0.033,0.45,-0.73,0.0660,0.1406,0.063
1221,53.9510,265,3.2,0.410,0.3013,90,0.035,0.41,-0.89,0.0673,0.1393,0.068
1222,47.8447,286,3.3,0.470,0.3002,91,0.034,0.44,-0.80,0.0666,0.1374,0.076
1223,36.7636,235,3.3,0.430,0.2952,88,0.036,0.36,-0.86,0.0660,0.1292,0.078
1224,47.8130,283,3.3,0.480,0.2955,87,0.036,0.43,-0.78,0.0672,0.1347,0.064
1225,44.2914,228,3.3,0.425,0.2979,92,0.034,0.35,-0.86,0.0692,0.1390,0.079
1226,58.5712,278,3.3,0.470,0.3044,94,0.033,0.43,-0.80,0.0664,0.1407,0.072
1227,25.2412,231,3.2,0.425,0.3043,90,0.035,0.35,-0.86,0.0688,0.1433,0.046
1228,63.0794,245,3.2,0.435,0.3011,92,0.034,0.38,-0.85,0.0665,0.1358,0.072
1229,51.1744,286,3.3,0.445,0.3105,85,0.037,0.44,-0.83,0.0700,0.1384,0.093
1230,56.5242,275,3.3,0.415,0.3036,91,0.034,0.42,-0.88,0.0666,0.1399,0.100
1231,43.0765,268,3.3,0.490,0.3039,93,0.034,0.41,-0.77,0.0704,0.1363,0.092
1232,47.5954,228,3.3,0.385,0.3037,90,0.035,0.35,-0.92,0.0638,0.1362,0.086
1233,40.5583,211,3.3,0.530,0.3037,87,0.036,0.32,-0.70,0.0678,0.1284,0.099
1234,47.2129,244,3.3,0.395,0.3006,87,0.036,0.37,-0.91,0.0651,0.1280,0.101
1235,54.9228,262,3.3,0.510,0.2982,86,0.036,0.40,-0.73,0.0707,0.1269,0.072
1236,47.3345,294,3.3,0.390,0.3017,88,0.036,0.45,-0.92,0.0659,0.1266,0.068
1237,44.5249,235,3.3,0.440,0.3036,92,0.034,0.36,-0.84,0.0667,0.1280,0.060
1238,50.2713,233,3.2,0.480,0.2981,90,0.035,0.36,-0.78,0.0695,0.1297,0.056
1239,48.3686,255,3.2,0.420,0.2999,92,0.034,0.39,-0.87,0.0672,0.1241,0.056
1240,67.1006,309,3.1,0.460,0.3005,90,0.035,0.47,-0.81,0.0675,0.1290,0.050
1241,58.2137,295,3.2,0.405,0.2891,92,0.034,0.45,-0.89,0.0679,0.1357,0.056
1242,68.6537,273,3.3,0.450,0.3008,91,0.034,0.42,-0.83,0.0657,0.1304,0.069
1243,41.2176,277,3.2,0.435,0.2923,90,0.035,0.43,-0.85,0.0631,0.1207,0.103
1244,53.2912,246,3.3,0.435,0.2922,94,0.033,0.38,-0.85,0.0668,0.1260,0.106
1245,32.0992,246,3.3,0.435,0.2978,94,0.033,0.38,-0.85,0.0682,0.1310,0.087
1246,41.7833,207,3.4,0.480,0.3046,93,0.034,0.32,-0.78,0.0660,0.1317,0.069
1247,56.1385,248,3.3,0.455,0.3055,93,0.034,0.38,-0.82,0.0654,0.1227,0.063
1248,62.2552,283,3.2,0.430,0.2975,92,0.034,0.44,-0.86,0.0683,0.1120,0.056
1249,47.3170,250,3.2,0.460,0.3004,93,0.034,0.38,-0.81,0.0669,0.1335,0.085
1250,49.4288,257,3.3,0.460,0.3038,91,0.034,0.40,-0.81,0.0740,0.1321,0.094
1251,35.7838,206,3.3,0.445,0.3033,89,0.035,0.32,-0.83,0.0701,0.1288,0.076
1252,58.1296,252,3.4,0.490,0.3028,97,0.032,0.39,-0.77,0.0693,0.1390,0.096
1253,51.7451,257,3.4,0.435,0.3047,94,0.033,0.39,-0.85,0.0661,0.1247,0.099
1254,55.6013,285,3.2,0.460,0.3033,87,0.036,0.44,-0.81,0.0680,0.1174,0.065
1255,48.0397,290,3.3,0.445,0.2981,89,0.035,0.45,-0.83,0.0689,0.1274,0.053
1256,38.1882,217,3.3,0.440,0.3045,88,0.036,0.33,-0.84,0.0709,0.1217,0.054
1257,55.1318,256,3.2,0.425,0.3110,93,0.034,0.39,-0.86,0.0659,0.1288,0.049
1258,51.5853,242,3.3,0.440,0.3049,90,0.035,0.37,-0.84,0.0650,0.1211,0.050
1259,53.7614,299,3.2,0.430,0.2950,87,0.036,0.46,-0.86,0.0695,0.1122,0.078
1260,50.4773,282,3.2,0.455,0.3000,91,0.034,0.43,-0.82,0.0704,0.1215,0.094
1261,40.9177,244,3.3,0.470,0.3088,93,0.034,0.37,-0.80,0.0683,0.1294,0.077
1262,55.0977,249,3.3,0.440,0.3024,90,0.035,0.38,-0.84,0.0663,0.1367,0.072
1263,46.0217,278,3.2,0.455,0.2985,90,0.035,0.43,-0.82,0.0648,0.1364,0.059
1264,63.0268,278,3.2,0.425,0.3027,93,0.034,0.43,-0.86,0.0638,0.1223,0.088
1265,53.2387,245,3.2,0.430,0.3020,94,0.033,0.38,-0.86,0.0677,0.1230,0.106
1266,50.7568,245,3.3,0.465,0.2932,89,0.035,0.38,-0.80,0.0674,0.1278,0.079
1267,38.3704,229,3.3,0.430,0.2882,89,0.035,0.35,-0.86,0.0683,0.1300,0.055
1268,46.3821,255,3.3,0.470,0.2865,92,0.034,0.39,-0.80,0.0675,0.1315,0.053
1269,47.3430,253,3.2,0.480,0.2863,81,0.039,0.39,-0.78,0.0695,0.1272,0.045
1270,63.1451,259,3.2,0.430,0.2865,86,0.036,0.40,-0.86,0.0688,0.1169,0.053
1271,56.3163,263,3.2,0.460,0.2923,91,0.034,0.40,-0.81,0.0680,0.1179,0.052
1272,50.7373,270,3.2,0.405,0.3037,94,0.033,0.42,-0.89,0.0671,0.1245,0.053
1273,37.6841,259,3.2,0.425,0.3118,94,0.033,0.40,-0.86,0.0696,0.1305,0.055
1274,54.6912,265,3.2,0.440,0.3114,94,0.033,0.41,-0.84,0.0675,0.1361,0.062
1275,47.0230,266,3.3,0.440,0.3062,92,0.034,0.41,-0.84,0.0691,0.1274,0.083
1276,45.6414,232,3.3,0.420,0.3042,93,0.034,0.36,-0.87,0.0694,0.1183,0.075
1277,46.0685,247,3.3,0.440,0.3004,91,0.034,0.38,-0.84,0.0692,0.1283,0.061
1278,54.0521,260,3.2,0.455,0.2971,94,0.033,0.40,-0.82,0.0699,0.1238,0.064
1279,65.1018,275,3.3,0.415,0.2987,89,0.035,0.42,-0.88,0.0715,0.1228,0.054
1280,46.5545,276,3.4,0.445,0.2936,87,0.036,0.42,-0.83,0.0686,0.1259,0.065
1281,33.4754,244,3.2,0.460,0.2971,92,0.034,0.38,-0.81,0.0696,0.1224,0.091
1282,51.4448,272,3.1,0.420,0.2958,90,0.035,0.42,-0.87,0.0648,0.1268,0.105
1283,50.7267,255,3.1,0.440,0.3000,96,0.033,0.39,-0.84,0.0649,0.1368,0.086
1284,44.4904,249,3.2,0.430,0.3028,92,0.034,0.38,-0.86,0.0681,0.1417,0.065
1285,55.5254,246,3.3,0.450,0.3142,96,0.033,0.38,-0.83,0.0678,0.1475,0.042
1286,57.6158,272,3.3,0.430,0.3066,90,0.035,0.42,-0.86,0.0666,0.1364,0.063
1287,60.7620,241,3.2,0.455,0.3040,90,0.035,0.37,-0.82,0.0692,0.1273,0.081
1288,50.7623,243,3.3,0.450,0.3013,92,0.034,0.37,-0.83,0.0696,0.1324,0.065
1289,44.7737,235,3.3,0.405,0.2961,87,0.036,0.36,-0.89,0.0696,0.1242,0.056
1290,35.8290,231,3.3,0.475,0.2938,88,0.036,0.35,-0.79,0.0679,0.1227,0.057
1291,37.4211,207,3.3,0.430,0.3100,90,0.035,0.32,-0.86,0.0703,0.1230,0.069
1292,45.4238,229,3.2,0.455,0.3081,84,0.037,0.35,-0.82,0.0688,0.1211,0.045
1293,50.0447,223,3.2,0.415,0.3088,94,0.033,0.34,-0.88,0.0674,0.1230,0.048
1294,54.0196,256,3.3,0.460,0.3112,89,0.035,0.39,-0.81,0.0706,0.1265,0.066
1295,51.2685,258,3.3,0.390,0.3038,86,0.036,0.40,-0.92,0.0668,0.1253,0.058
1296,64.7219,280,3.4,0.445,0.3024,88,0.036,0.43,-0.83,0.0676,0.1227,0.064
1297,39.1561,240,3.3,0.430,0.3048,85,0.037,0.37,-0.86,0.0684,0.1172,0.085
1298,51.1244,249,3.3,0.480,0.2966,88,0.036,0.38,-0.78,0.0666,0.1131,0.093
1299,62.6090,285,3.3,0.410,0.2928,89,0.035,0.44,-0.89,0.0686,0.1103,0.095
1300,39.7888,240,3.2,0.440,0.2976,90,0.035,0.37,-0.84,0.0696,0.1201,0.070
1301,60.9842,275,3.3,0.415,0.2990,94,0.033,0.42,-0.88,0.0698,0.1209,0.042
1302,43.6854,297,3.2,0.460,0.2898,94,0.033,0.46,-0.81,0.0656,0.1197,0.050
1303,37.8627,209,3.2,0.420,0.2941,93,0.034,0.32,-0.87,0.0631,0.1268,0.049
1304,76.9466,297,3.2,0.420,0.3030,97,0.032,0.46,-0.87,0.0689,0.1234,0.052
1305,51.3765,265,3.2,0.435,0.3107,96,0.033,0.41,-0.85,0.0656,0.1204,0.045
1306,38.8763,232,3.4,0.435,0.3114,93,0.034,0.36,-0.85,0.0664,0.1165,0.043
1307,63.6432,287,3.3,0.405,0.3113,95,0.033,0.44,-0.89,0.0687,0.1191,0.053
1308,38.1142,254,3.3,0.495,0.3043,94,0.033,0.39,-0.76,0.0701,0.1218,0.041
1309,48.1879,243,3.1,0.380,0.3027,92,0.034,0.37,-0.93,0.0716,0.1230,0.049
1310,45.2683,257,3.2,0.470,0.3030,89,0.035,0.40,-0.80,0.0666,0.1257,0.050
1311,58.3170,275,3.2,0.420,0.3054,89,0.035,0.42,-0.87,0.0675,0.1253,0.068
1312,58.1123,269,3.2,0.485,0.3143,89,0.035,0.41,-0.77,0.0693,0.1200,0.082
1313,47.1703,256,3.2,0.400,0.3148,93,0.034,0.39,-0.90,0.0674,0.1240,0.086
1314,39.8764,204,3.2,0.475,0.3133,88,0.036,0.31,-0.79,0.0640,0.1319,0.056
1315,69.7549,278,3.3,0.435,0.3128,90,0.035,0.43,-0.85,0.0693,0.1273,0.054
1316,46.1480,251,3.3,0.450,0.3067,92,0.034,0.39,-0.83,0.0694,0.1238,0.082
1317,63.5783,259,3.2,0.415,0.3077,87,0.036,0.40,-0.88,0.0679,0.1259,0.097
1318,52.0353,266,3.2,0.465,0.3037,92,0.034,0.41,-0.80,0.0668,0.1216,0.134
1319,50.7651,269,3.2,0.430,0.3065,90,0.035,0.41,-0.86,0.0676,0.1321,0.118
1320,44.9610,239,3.2,0.435,0.3036,91,0.034,0.37,-0.85,0.0694,0.1322,0.139
1321,48.2181,251,3.3,0.475,0.2953,87,0.036,0.39,-0.79,0.0682,0.1188,0.106
1322,57.7280,259,3.4,0.400,0.2953,91,0.034,0.40,-0.90,0.0675,0.1170,0.050
1323,47.8261,244,3.3,0.495,0.3007,90,0.035,0.37,-0.76,0.0678,0.1188,0.043
1324,53.5486,246,3.3,0.405,0.2983,87,0.036,0.38,-0.89,0.0681,0.1179,0.068
1325,53.0858,229,3.4,0.465,0.2930,88,0.036,0.35,-0.80,0.0648,0.1213,0.068
1326,67.0494,274,3.3,0.395,0.2970,97,0.032,0.42,-0.91,0.0645,0.1156,0.035
1327,47.4120,289,3.3,0.480,0.3015,91,0.034,0.44,-0.78,0.0671,0.1184,0.048
1328,61.2640,289,3.3,0.425,0.2990,86,0.036,0.44,-0.86,0.0690,0.1236,0.052
1329,63.3613,268,3.3,0.455,0.2948,90,0.035,0.41,-0.82,0.0669,0.1232,0.074
1330,51.1252,261,3.3,0.410,0.3020,89,0.035,0.40,-0.89,0.0678,0.1207,0.055
1331,40.3490,254,3.4,0.420,0.3089,93,0.034,0.39,-0.87,0.0693,0.1266,0.068
1332,53.6676,262,3.3,0.435,0.3025,89,0.035,0.40,-0.85,0.0685,0.1243,0.102
1333,58.6396,258,3.3,0.390,0.3107,86,0.036,0.40,-0.92,0.0694,0.1179,0.069
1334,40.7687,287,3.2,0.455,0.3083,90,0.035,0.44,-0.82,0.0653,0.1070,0.085
1335,44.1734,260,3.2,0.420,0.3056,91,0.034,0.40,-0.87,0.0681,0.1064,0.113
1336,57.4439,246,3.3,0.465,0.3035,92,0.034,0.38,-0.80,0.0698,0.1046,0.140
1337,63.1339,251,3.3,0.435,0.2997,94,0.033,0.39,-0.85,0.0673,0.1157,0.128
1338,45.6737,278,3.3,0.420,0.2962,93,0.034,0.43,-0.87,0.0663,0.1219,0.098
1339,46.6475,241,3.2,0.450,0.2997,89,0.035,0.37,-0.83,0.0683,0.1171,0.072
1340,67.5253,294,3.2,0.425,0.3040,85,0.037,0.45,-0.86,0.0669,0.1188,0.111
1341,51.9095,249,3.3,0.445,0.3010,87,0.036,0.38,-0.83,0.0674,0.1230,0.119
1342,61.4413,285,3.3,0.440,0.3051,89,0.035,0.44,-0.84,0.0631,0.1204,0.089
1343,57.1142,283,3.2,0.450,0.3047,93,0.034,0.44,-0.83,0.0646,0.1134,0.083
1344,47.0065,263,3.2,0.435,0.3080,89,0.035,0.40,-0.85,0.0661,0.1142,0.123
1345,38.3688,246,3.3,0.435,0.3124,88,0.036,0.38,-0.85,0.0668,0.1199,0.110
1346,59.7029,227,3.3,0.440,0.3116,93,0.034,0.35,-0.84,0.0661,0.1256,0.093
1347,55.7035,269,3.3,0.440,0.3148,88,0.036,0.41,-0.84,0.0684,0.1267,0.120
1348,41.5023,234,3.4,0.460,0.3030,91,0.034,0.36,-0.81,0.0669,0.1346,0.090
1349,56.8882,268,3.3,0.420,0.2998,94,0.033,0.41,-0.87,0.0687,0.1373,0.097
1350,54.7746,238,3.3,0.465,0.3036,87,0.036,0.37,-0.80,0.0676,0.1360,0.075
1351,69.4374,295,3.3,0.355,0.3014,89,0.035,0.45,-0.97,0.0670,0.1355,0.044
1352,50.0418,270,3.3,0.490,0.3024,91,0.034,0.42,-0.77,0.0721,0.1377,0.065
1353,50.6855,264,3.2,0.385,0.3045,90,0.035,0.41,-0.92,0.0693,0.1268,0.063
1354,54.4126,272,3.2,0.430,0.2993,87,0.036,0.42,-0.86,0.0663,0.1235,0.068
1355,53.9531,281,3.2,0.400,0.3047,92,0.034,0.43,-0.90,0.0690,0.1384,0.061
1356,40.5291,229,3.3,0.445,0.3040,90,0.035,0.35,-0.83,0.0688,0.1238,0.105
1357,39.8563,249,3.3,0.455,0.2990,88,0.036,0.38,-0.82,0.0711,0.1240,0.110
1358,58.2095,283,3.3,0.415,0.2986,94,0.033,0.44,-0.88,0.0679,0.1251,0.100
1359,57.5806,243,3.3,0.450,0.2963,90,0.035,0.37,-0.83,0.0689,0.1249,0.093
1360,45.7541,259,3.3,0.450,0.2926,92,0.034,0.40,-0.83,0.0684,0.1244,0.089
1361,61.3554,271,3.2,0.405,0.3009,94,0.033,0.42,-0.89,0.0700,0.1356,0.099
1362,66.7036,284,3.2,0.425,0.3009,93,0.034,0.44,-0.86,0.0634,0.1368,0.093
1363,36.9778,244,3.3,0.475,0.3050,95,0.033,0.37,-0.79,0.0623,0.1209,0.090
1364,68.9836,290,3.2,0.425,0.3078,93,0.034,0.45,-0.86,0.0666,0.1281,0.078
1365,54.0937,300,3.1,0.425,0.3066,93,0.034,0.46,-0.86,0.0649,0.1350,0.067
1366,54.0016,282,3.2,0.430,0.3129,89,0.035,0.43,-0.86,0.0712,0.1369,0.087
1367,25.7420,217,3.3,0.500,0.3153,89,0.035,0.33,-0.75,0.0681,0.1304,0.096
1368,39.7672,264,3.3,0.395,0.3138,87,0.036,0.41,-0.91,0.0692,0.1202,0.076
1369,44.7155,278,3.3,0.435,0.3092,94,0.033,0.43,-0.85,0.0671,0.1369,0.043
1370,32.1416,248,3.3,0.430,0.3144,94,0.033,0.38,-0.86,0.0707,0.1391,0.043
1371,57.4262,252,3.3,0.420,0.3202,87,0.036,0.39,-0.87,0.0690,0.1287,0.055
1372,68.2153,267,3.2,0.415,0.3113,93,0.034,0.41,-0.88,0.0722,0.1401,0.048
1373,47.6767,255,3.2,0.415,0.3009,91,0.034,0.39,-0.88,0.0700,0.1413,0.049
1374,66.0281,293,3.2,0.465,0.3006,91,0.034,0.45,-0.80,0.0690,0.1305,0.056
1375,58.0259,288,3.2,0.375,0.3102,86,0.036,0.44,-0.94,0.0713,0.1242,0.066
1376,73.9880,306,3.2,0.400,0.3117,90,0.035,0.47,-0.90,0.0669,0.1302,0.069
1377,66.7404,257,3.3,0.465,0.3131,97,0.032,0.40,-0.80,0.0698,0.1308,0.058
1378,56.9381,304,3.3,0.410,0.3083,86,0.036,0.47,-0.89,0.0688,0.1234,0.071
1379,38.5129,248,3.4,0.460,0.3012,89,0.035,0.38,-0.81,0.0707,0.1145,0.083
1380,38.2372,200,3.3,0.415,0.2949,89,0.035,0.31,-0.88,0.0687,0.1122,0.098
1381,40.8094,220,3.3,0.430,0.2966,91,0.034,0.34,-0.86,0.0686,0.1164,0.088
1382,58.4894,289,3.2,0.450,0.3015,90,0.035,0.44,-0.83,0.0679,0.1239,0.049
1383,53.1157,285,3.2,0.395,0.2968,86,0.036,0.44,-0.91,0.0630,0.1228,0.051
1384,41.2471,268,3.2,0.470,0.2972,91,0.034,0.41,-0.80,0.0652,0.1216,0.079
1385,71.8602,263,3.3,0.385,0.3048,90,0.035,0.40,-0.92,0.0683,0.1290,0.081
1386,64.7250,308,3.2,0.480,0.3099,88,0.036,0.47,-0.78,0.0680,0.1265,0.065
1387,62.0477,314,3.2,0.405,0.3145,93,0.034,0.48,-0.89,0.0672,0.1233,0.063
1388,51.5977,287,3.2,0.465,0.3131,89,0.035,0.44,-0.80,0.0689,0.1231,0.078
1389,55.6690,274,3.2,0.395,0.3096,92,0.034,0.42,-0.91,0.0651,0.1252,0.063
1390,46.2244,234,3.2,0.455,0.3150,87,0.036,0.36,-0.82,0.0683,0.1269,0.055
1391,46.4650,226,3.3,0.380,0.3206,97,0.032,0.35,-0.93,0.0662,0.1331,0.056
1392,35.3868,233,3.3,0.465,0.3212,89,0.035,0.36,-0.80,0.0684,0.1417,0.034
1393,51.1240,276,3.3,0.415,0.3097,90,0.035,0.42,-0.88,0.0677,0.1275,0.039
1394,72.4873,274,3.2,0.440,0.3031,95,0.033,0.42,-0.84,0.0686,0.1224,0.074
1395,41.2203,285,3.3,0.435,0.2936,88,0.036,0.44,-0.85,0.0675,0.1141,0.091
1396,43.8896,215,3.3,0.445,0.3056,92,0.034,0.33,-0.83,0.0675,0.1193,0.059
1397,72.6756,281,3.3,0.420,0.3109,94,0.033,0.43,-0.87,0.0709,0.1240,0.052
1398,53.9274,302,3.2,0.440,0.3153,90,0.035,0.46,-0.84,0.0675,0.1289,0.081
1399,45.4820,228,3.2,0.475,0.3134,92,0.034,0.35,-0.79,0.0701,0.1350,0.065
1400,53.5016,271,3.3,0.410,0.3026,93,0.034,0.42,-0.89,0.0683,0.1302,0.067
1401,36.2836,233,3.3,0.465,0.3068,93,0.034,0.36,-0.80,0.0697,0.1416,0.067
1402,50.7080,244,3.4,0.395,0.3158,90,0.035,0.38,-0.91,0.0637,0.1436,0.056
1403,48.1171,237,3.3,0.435,0.3185,90,0.035,0.36,-0.85,0.0625,0.1324,0.068
1404,64.1615,272,3.3,0.435,0.3082,91,0.034,0.42,-0.85,0.0690,0.1349,0.060
1405,62.9217,299,3.3,0.410,0.3023,90,0.035,0.46,-0.89,0.0669,0.1374,0.079
1406,60.7978,246,3.3,0.445,0.2997,91,0.034,0.38,-0.83,0.0699,0.1287,0.065
1407,58.7730,259,3.2,0.435,0.2984,90,0.035,0.40,-0.85,0.0682,0.1213,0.067
1408,55.2077,282,3.2,0.400,0.3088,93,0.034,0.43,-0.90,0.0683,0.1283,0.106
1409,53.3612,258,3.3,0.465,0.3051,89,0.035,0.40,-0.80,0.0695,0.1360,0.094
1410,50.3392,276,3.3,0.405,0.3118,92,0.034,0.42,-0.89,0.0664,0.1341,0.088
1411,36.7190,222,3.2,0.445,0.3134,97,0.032,0.34,-0.83,0.0704,0.1311,0.087
1412,58.5034,256,3.3,0.425,0.3051,94,0.033,0.39,-0.86,0.0690,0.1255,0.061
1413,59.6994,269,3.3,0.415,0.3044,90,0.035,0.41,-0.88,0.0689,0.1224,0.042
1414,51.5897,290,3.2,0.390,0.2965,94,0.033,0.45,-0.92,0.0703,0.1221,0.060
1415,60.2617,275,3.2,0.450,0.2910,91,0.034,0.42,-0.83,0.0670,0.1173,0.109
1416,60.3726,240,3.3,0.420,0.2902,91,0.034,0.37,-0.87,0.0708,0.1221,0.094
1417,55.9725,282,3.3,0.460,0.3010,88,0.036,0.43,-0.81,0.0693,0.1244,0.093
1418,53.7969,255,3.2,0.440,0.3033,90,0.035,0.39,-0.84,0.0677,0.1269,0.083
1419,74.0728,277,3.2,0.460,0.3120,92,0.034,0.43,-0.81,0.0698,0.1321,0.071
1420,57.7948,299,3.2,0.375,0.3097,95,0.033,0.46,-0.94,0.0672,0.1189,0.100
1421,46.9782,257,3.2,0.480,0.3099,96,0.033,0.40,-0.78,0.0659,0.1233,0.124
1422,45.9211,267,3.3,0.410,0.3203,91,0.034,0.41,-0.89,0.0685,0.1388,0.089
1423,51.3279,259,3.2,0.425,0.3278,89,0.035,0.40,-0.86,0.0649,0.1267,0.108
1424,54.3709,275,3.2,0.435,0.3121,89,0.035,0.42,-0.85,0.0677,0.1226,0.090
1425,47.4009,228,3.3,0.430,0.3008,94,0.033,0.35,-0.86,0.0677,0.1214,0.057
1426,68.0202,265,3.2,0.455,0.3025,96,0.033,0.41,-0.82,0.0717,0.1298,0.071
1427,54.4139,268,3.2,0.435,0.3101,93,0.034,0.41,-0.85,0.0696,0.1304,0.062
1428,51.9778,281,3.1,0.425,0.3173,91,0.034,0.43,-0.86,0.0654,0.1368,0.043
1429,39.0740,266,3.2,0.445,0.3158,84,0.037,0.41,-0.83,0.0684,0.1379,0.050
1430,63.4953,288,3.3,0.425,0.3139,91,0.034,0.44,-0.86,0.0670,0.1420,0.050
1431,48.7391,231,3.3,0.480,0.3175,94,0.033,0.36,-0.78,0.0675,0.1375,0.048
1432,39.9763,240,3.3,0.400,0.3180,91,0.034,0.37,-0.90,0.0701,0.1318,0.029
1433,48.8709,243,3.3,0.470,0.3133,94,0.033,0.37,-0.80,0.0692,0.1190,0.034
1434,49.0662,240,3.3,0.380,0.3072,91,0.034,0.37,-0.93,0.0708,0.1133,0.062
1435,78.5925,269,3.3,0.465,0.2984,89,0.035,0.41,-0.80,0.0694,0.1192,0.071
1436,64.7671,281,3.3,0.375,0.3039,91,0.034,0.43,-0.94,0.0694,0.1248,0.064
1437,37.2014,251,3.3,0.440,0.3097,90,0.035,0.39,-0.84,0.0648,0.1153,0.065
1438,67.7516,277,3.2,0.390,0.3068,90,0.035,0.43,-0.92,0.0667,0.1123,0.074
1439,34.0468,246,3.3,0.455,0.3071,89,0.035,0.38,-0.82,0.0668,0.1229,0.071
1440,42.7558,235,3.4,0.415,0.3016,92,0.034,0.36,-0.88,0.0656,0.1189,0.067
1441,47.0750,232,3.2,0.465,0.3096,89,0.035,0.36,-0.80,0.0680,0.1115,0.059
1442,52.0229,265,3.3,0.430,0.3145,90,0.035,0.41,-0.86,0.0699,0.1085,0.084
1443,47.5087,269,3.3,0.405,0.3206,90,0.035,0.41,-0.89,0.0680,0.1204,0.108
1444,49.8493,259,3.3,0.385,0.3059,90,0.035,0.40,-0.92,0.0683,0.1222,0.088
1445,74.4821,297,3.3,0.420,0.2983,89,0.035,0.46,-0.87,0.0678,0.1194,0.102
1446,53.5829,275,3.3,0.425,0.2932,85,0.037,0.42,-0.86,0.0701,0.1185,0.101
1447,48.7081,272,3.3,0.470,0.2946,90,0.035,0.42,-0.80,0.0677,0.1220,0.071
1448,62.5925,258,3.3,0.410,0.2970,89,0.035,0.40,-0.89,0.0686,0.1179,0.065
1449,47.2625,264,3.3,0.455,0.3016,91,0.034,0.41,-0.82,0.0702,0.1159,0.059
1450,49.4472,241,3.2,0.390,0.3175,91,0.034,0.37,-0.92,0.0698,0.1298,0.056
1451,57.5941,234,3.3,0.470,0.3116,95,0.033,0.36,-0.80,0.0678,0.1347,0.056
1452,44.5206,274,3.4,0.425,0.3167,92,0.034,0.42,-0.86,0.0717,0.1320,0.054
1453,41.2542,256,3.3,0.445,0.3080,96,0.033,0.39,-0.83,0.0696,0.1253,0.055
1454,42.2599,227,3.3,0.445,0.3123,92,0.034,0.35,-0.83,0.0670,0.1283,0.061
1455,48.9486,258,3.3,0.415,0.3146,93,0.034,0.40,-0.88,0.0684,0.1361,0.048
1456,55.2836,235,3.3,0.460,0.3185,90,0.035,0.36,-0.81,0.0686,0.1373,0.033
1457,43.6192,244,3.3,0.415,0.3162,91,0.034,0.37,-0.88,0.0683,0.1391,0.052
1458,55.8733,259,3.3,0.430,0.3099,90,0.035,0.40,-0.86,0.0635,0.1252,0.060
1459,56.5009,240,3.3,0.390,0.3045,92,0.034,0.37,-0.92,0.0665,0.1075,0.080
1460,71.1798,258,3.2,0.435,0.3085,94,0.033,0.40,-0.85,0.0674,0.1130,0.081
1461,55.4853,267,3.2,0.440,0.3117,89,0.035,0.41,-0.84,0.0660,0.1174,0.056
1462,31.1202,237,3.2,0.415,0.3023,91,0.034,0.36,-0.88,0.0679,0.1104,0.067
1463,53.2656,276,3.2,0.440,0.3037,90,0.035,0.42,-0.84,0.0689,0.1264,0.058
1464,67.9753,305,3.2,0.405,0.3159,89,0.035,0.47,-0.89,0.0646,0.1248,0.034
1465,54.8211,290,3.2,0.450,0.3167,89,0.035,0.45,-0.83,0.0690,0.1101,0.062
1466,63.6720,262,3.2,0.390,0.3114,86,0.036,0.40,-0.92,0.0686,0.1110,0.084
1467,51.5936,261,3.3,0.430,0.3037,88,0.036,0.40,-0.86,0.0654,0.1158,0.066
1468,67.1330,278,3.3,0.380,0.3008,90,0.035,0.43,-0.93,0.0693,0.1207,0.036
1469,50.6249,276,3.2,0.455,0.3059,94,0.033,0.42,-0.82,0.0655,0.1306,0.034
1470,59.3496,283,3.2,0.360,0.3094,91,0.034,0.43,-0.96,0.0688,0.1357,0.051
1471,49.3542,272,3.2,0.465,0.3072,89,0.035,0.42,-0.80,0.0705,0.1230,0.099
1472,50.4722,238,3.2,0.400,0.3063,95,0.033,0.37,-0.90,0.0677,0.1220,0.106
1473,38.3582,263,3.2,0.445,0.3170,93,0.034,0.40,-0.83,0.0662,0.1252,0.087
1474,71.7043,240,3.2,0.390,0.3169,93,0.034,0.37,-0.92,0.0711,0.1186,0.063
1475,36.8574,258,3.3,0.460,0.3108,90,0.035,0.40,-0.81,0.0728,0.1245,0.048
1476,56.3049,270,3.3,0.420,0.3120,92,0.034,0.42,-0.87,0.0678,0.1243,0.053
1477,53.4886,292,3.2,0.420,0.3049,94,0.033,0.45,-0.87,0.0694,0.1297,0.064
1478,51.8768,274,3.2,0.440,0.3119,96,0.033,0.42,-0.84,0.0688,0.1344,0.078
1479,44.5408,221,3.3,0.410,0.3075,91,0.034,0.34,-0.89,0.0704,0.1218,0.064
1480,50.3971,230,3.3,0.450,0.3081,92,0.034,0.35,-0.83,0.0679,0.1275,0.049
1481,71.4730,292,3.3,0.430,0.3059,90,0.035,0.45,-0.86,0.0716,0.1249,0.074
1482,43.5301,248,3.3,0.395,0.3100,93,0.034,0.38,-0.91,0.0660,0.1211,0.106
1483,46.3771,249,3.2,0.475,0.3036,91,0.034,0.38,-0.79,0.0675,0.1120,0.124
1484,59.9115,291,3.2,0.355,0.3028,89,0.035,0.45,-0.97,0.0690,0.1189,0.102
1485,58.6298,286,3.3,0.430,0.3136,91,0.034,0.44,-0.86,0.0688,0.1247,0.088
1486,51.9866,265,3.4,0.425,0.3159,92,0.034,0.41,-0.86,0.0653,0.1224,0.060
1487,47.7287,240,3.3,0.420,0.3082,90,0.035,0.37,-0.87,0.0697,0.1104,0.059
1488,56.3905,275,3.2,0.455,0.3004,84,0.037,0.42,-0.82,0.0679,0.1144,0.064
1489,58.4421,274,3.2,0.405,0.3092,90,0.035,0.42,-0.89,0.0683,0.1198,0.062
1490,68.3245,280,3.2,0.415,0.3082,93,0.034,0.43,-0.88,0.0684,0.1238,0.075
1491,43.9120,274,3.3,0.410,0.3040,94,0.033,0.42,-0.89,0.0668,0.1153,0.108
1492,61.3927,269,3.2,0.455,0.3138,87,0.036,0.41,-0.82,0.0673,0.1203,0.110
1493,42.3782,280,3.2,0.405,0.3132,85,0.037,0.43,-0.89,0.0678,0.1259,0.110
1494,39.8292,240,3.3,0.455,0.3144,88,0.036,0.37,-0.82,0.0678,0.1261,0.082
1495,68.7137,270,3.3,0.405,0.3100,92,0.034,0.41,-0.89,0.0690,0.1340,0.069
1496,60.2776,274,3.2,0.460,0.3137,87,0.036,0.42,-0.81,0.0673,0.1428,0.062
1497,65.0699,285,3.2,0.390,0.3052,90,0.035,0.44,-0.92,0.0709,0.1449,0.062
1498,39.4515,222,3.3,0.445,0.3093,91,0.034,0.34,-0.83,0.0705,0.1328,0.077
1499,50.8502,280,3.3,0.350,0.3109,94,0.033,0.43,-0.98,0.0677,0.1363,0.053
1500,48.7963,259,3.2,0.445,0.3139,92,0.034,0.40,-0.83,0.0652,0.1349,0.065
1501,43.3306,257,3.1,0.415,0.3201,96,0.033,0.39,-0.88,0.0694,0.1216,0.071
1502,58.9420,295,3.2,0.440,0.3231,92,0.034,0.45,-0.84,0.0639,0.1243,0.046
1503,61.3711,246,3.3,0.395,0.3204,91,0.034,0.38,-0.91,0.0679,0.1269,0.047
1504,64.2599,252,3.2,0.410,0.3163,91,0.034,0.39,-0.89,0.0701,0.1355,0.071
1505,46.5748,253,3.2,0.400,0.3150,92,0.034,0.39,-0.90,0.0683,0.1371,0.080
1506,50.3232,242,3.3,0.465,0.3153,93,0.034,0.37,-0.80,0.0651,0.1329,0.060
1507,60.2908,250,3.3,0.405,0.3110,88,0.036,0.38,-0.89,0.0684,0.1260,0.047
1508,68.3331,256,3.3,0.430,0.3077,95,0.033,0.39,-0.86,0.0684,0.1357,0.062
1509,79.5993,281,3.4,0.390,0.3048,93,0.034,0.43,-0.92,0.0699,0.1434,0.071
1510,71.2632,300,3.3,0.450,0.3051,89,0.035,0.46,-0.83,0.0662,0.1177,0.075
1511,51.3817,284,3.2,0.410,0.3145,95,0.033,0.44,-0.89,0.0671,0.1218,0.097
1512,61.3088,268,3.2,0.400,0.3157,89,0.035,0.41,-0.90,0.0705,0.1325,0.100
1513,70.6198,285,3.2,0.445,0.3027,88,0.036,0.44,-0.83,0.0670,0.1301,0.069
1514,55.8450,296,3.3,0.380,0.2999,91,0.034,0.46,-0.93,0.0719,0.1173,0.070
1515,45.2155,247,3.3,0.410,0.3022,92,0.034,0.38,-0.89,0.0664,0.1206,0.056
1516,41.6277,269,3.4,0.390,0.2970,95,0.033,0.41,-0.92,0.0652,0.1168,0.056
1517,44.0049,245,3.4,0.500,0.3125,90,0.035,0.38,-0.75,0.0713,0.1237,0.076
1518,63.5809,284,3.4,0.365,0.3154,91,0.034,0.44,-0.95,0.0699,0.1345,0.100
1519,65.9857,277,3.3,0.445,0.3080,85,0.037,0.43,-0.83,0.0715,0.1326,0.110
1520,60.8218,271,3.2,0.420,0.3069,91,0.034,0.42,-0.87,0.0726,0.1168,0.099
1521,62.5804,275,3.2,0.435,0.3067,88,0.036,0.42,-0.85,0.0695,0.1296,0.067
1522,49.8149,276,3.2,0.430,0.3078,90,0.035,0.42,-0.86,0.0670,0.1339,0.070
1523,41.4351,231,3.3,0.445,0.3143,93,0.034,0.35,-0.83,0.0645,0.1327,0.101
1524,59.9038,246,3.3,0.430,0.3229,89,0.035,0.38,-0.86,0.0687,0.1402,0.081
1525,45.7725,244,3.3,0.400,0.3179,87,0.036,0.38,-0.90,0.0697,0.1274,0.088
1526,41.4057,268,3.3,0.450,0.3091,87,0.036,0.41,-0.83,0.0635,0.1227,0.079
1527,35.5986,231,3.3,0.410,0.3063,89,0.035,0.35,-0.89,0.0677,0.1251,0.063
1528,61.6654,254,3.3,0.440,0.3105,95,0.033,0.39,-0.84,0.0709,0.1339,0.063
1529,56.5620,272,3.3,0.450,0.3070,91,0.034,0.42,-0.83,0.0699,0.1469,0.074
1530,64.9078,313,3.2,0.370,0.3011,96,0.033,0.48,-0.95,0.0711,0.1342,0.097
1531,52.8993,251,3.2,0.465,0.2971,93,0.034,0.39,-0.80,0.0685,0.1184,0.095
1532,72.5312,299,3.3,0.380,0.3036,94,0.033,0.46,-0.93,0.0713,0.1066,0.101
1533,64.2236,301,3.2,0.485,0.3164,93,0.034,0.46,-0.77,0.0633,0.1124,0.120
1534,67.7953,273,3.2,0.365,0.3106,91,0.034,0.42,-0.95,0.0708,0.1212,0.114
1535,51.4671,265,3.2,0.485,0.2969,91,0.034,0.41,-0.77,0.0674,0.1202,0.116
1536,44.6257,226,3.4,0.375,0.2967,93,0.034,0.35,-0.94,0.0712,0.1172,0.105
1537,51.8729,251,3.3,0.460,0.3088,92,0.034,0.39,-0.81,0.0687,0.1269,0.067
1538,52.0100,266,3.3,0.385,0.3101,93,0.034,0.41,-0.92,0.0648,0.1385,0.064
1539,56.7471,282,3.3,0.425,0.3109,89,0.035,0.43,-0.86,0.0726,0.1267,0.057
1540,46.8769,241,3.2,0.415,0.3052,90,0.035,0.37,-0.88,0.0666,0.1275,0.060
1541,62.0115,281,3.2,0.380,0.2964,94,0.033,0.43,-0.93,0.0698,0.1255,0.074
1542,43.0959,272,3.3,0.450,0.3054,94,0.033,0.42,-0.83,0.0685,0.1262,0.082
1543,57.4767,284,3.2,0.435,0.3060,87,0.036,0.44,-0.85,0.0636,0.1296,0.082
1544,51.7890,277,3.2,0.400,0.3123,84,0.037,0.43,-0.90,0.0658,0.1333,0.088
1545,60.7588,262,3.1,0.415,0.3125,93,0.034,0.40,-0.88,0.0689,0.1183,0.080
1546,38.0096,276,3.3,0.445,0.3033,89,0.035,0.42,-0.83,0.0692,0.1185,0.068
1547,51.8034,246,3.3,0.405,0.3034,90,0.035,0.38,-0.89,0.0731,0.1163,0.087
1548,36.4108,216,3.3,0.460,0.3057,94,0.033,0.33,-0.81,0.0716,0.1123,0.085
1549,60.0629,285,3.3,0.415,0.3130,89,0.035,0.44,-0.88,0.0700,0.1080,0.092
1550,57.5039,281,3.3,0.420,0.3207,85,0.037,0.43,-0.87,0.0692,0.1184,0.119
1551,73.5800,270,3.4,0.410,0.3083,90,0.035,0.42,-0.89,0.0675,0.1208,0.099
1552,31.0254,252,3.3,0.520,0.3045,91,0.034,0.39,-0.72,0.0710,0.1077,0.093
1553,58.7352,275,3.2,0.365,0.3061,96,0.033,0.42,-0.95,0.0708,0.1269,0.087
1554,57.3585,271,3.2,0.505,0.3140,92,0.034,0.42,-0.74,0.0713,0.1394,0.064
1555,69.4612,277,3.2,0.385,0.3084,92,0.034,0.43,-0.92,0.0672,0.1301,0.064
1556,33.9947,277,3.2,0.470,0.3139,93,0.034,0.43,-0.80,0.0697,0.1302,0.059
1557,59.6388,245,3.2,0.395,0.3091,93,0.034,0.38,-0.91,0.0674,0.1241,0.067
1558,58.8043,267,3.2,0.460,0.3062,92,0.034,0.41,-0.81,0.0675,0.1205,0.055
1559,57.0874,255,3.2,0.385,0.3080,87,0.036,0.39,-0.92,0.0708,0.1255,0.077
1560,70.0048,298,3.2,0.450,0.3090,93,0.034,0.46,-0.83,0.0684,0.1308,0.088
1561,66.3351,298,3.2,0.440,0.3074,87,0.036,0.46,-0.84,0.0692,0.1279,0.066
1562,45.6807,295,3.2,0.430,0.3103,90,0.035,0.45,-0.86,0.0664,0.1195,0.121
1563,63.2757,275,3.2,0.440,0.3154,91,0.034,0.42,-0.84,0.0712,0.1180,0.103
1564,79.0522,304,3.2,0.430,0.3138,95,0.033,0.47,-0.86,0.0658,0.1162,0.087
1565,57.4798,278,3.2,0.400,0.3062,95,0.033,0.43,-0.90,0.0686,0.1124,0.125
1566,64.8937,272,3.1,0.425,0.3124,95,0.033,0.42,-0.86,0.0676,0.1200,0.101
1567,39.8988,257,3.3,0.435,0.3221,90,0.035,0.40,-0.85,0.0697,0.1248,0.076
1568,52.8113,263,3.3,0.445,0.3285,86,0.036,0.40,-0.83,0.0688,0.1212,0.070
1569,66.0433,270,3.3,0.410,0.3249,88,0.036,0.41,-0.89,0.0672,0.1266,0.069
1570,67.8393,302,3.3,0.395,0.3214,86,0.036,0.46,-0.91,0.0669,0.1338,0.071
1571,50.8358,293,3.2,0.420,0.3112,88,0.036,0.45,-0.87,0.0681,0.1290,0.043
1572,71.3587,266,3.2,0.465,0.3130,89,0.035,0.41,-0.80,0.0667,0.1136,0.047
1573,72.7892,310,3.2,0.370,0.3096,91,0.034,0.48,-0.95,0.0673,0.1156,0.069
1574,62.6028,262,3.2,0.485,0.3126,87,0.036,0.40,-0.77,0.0701,0.1133,0.083
1575,49.5891,261,3.2,0.390,0.3133,89,0.035,0.40,-0.92,0.0702,0.1217,0.079
1576,51.4033,250,3.2,0.465,0.3066,87,0.036,0.38,-0.80,0.0662,0.1191,0.077
1577,53.4304,252,3.2,0.360,0.3105,95,0.033,0.39,-0.96,0.0710,0.1153,0.061
1578,54.6350,267,3.2,0.455,0.3192,88,0.036,0.41,-0.82,0.0701,0.1202,0.056
1579,53.7396,273,3.2,0.385,0.3147,86,0.036,0.42,-0.92,0.0665,0.1160,0.048
1580,36.5179,244,3.3,0.455,0.3142,91,0.034,0.37,-0.82,0.0695,0.1237,0.027
1581,55.3573,262,3.2,0.410,0.3149,93,0.034,0.40,-0.89,0.0690,0.1252,0.048
1582,71.1260,301,3.3,0.405,0.3175,82,0.038,0.46,-0.89,0.0654,0.1160,0.087
1583,54.6142,312,3.3,0.415,0.3087,90,0.035,0.48,-0.88,0.0690,0.1328,0.090
1584,64.7542,293,3.2,0.420,0.3063,87,0.036,0.45,-0.87,0.0672,0.1365,0.076
1585,50.2133,275,3.2,0.450,0.3111,88,0.036,0.42,-0.83,0.0654,0.1356,0.101
1586,53.5523,269,3.2,0.370,0.3211,86,0.036,0.41,-0.95,0.0680,0.1353,0.098
1587,51.0056,245,3.2,0.485,0.3257,87,0.036,0.38,-0.77,0.0668,0.1179,0.071
1588,65.8158,282,3.3,0.340,0.3212,92,0.034,0.43,-0.99,0.0723,0.1184,0.058
1589,52.7748,233,3.2,0.450,0.3254,96,0.033,0.36,-0.83,0.0703,0.1280,0.066
1590,62.8702,280,3.2,0.355,0.3285,93,0.034,0.43,-0.97,0.0655,0.1304,0.081
1591,49.0334,267,3.4,0.445,0.3130,93,0.034,0.41,-0.83,0.0693,0.1256,0.084
1592,39.5068,246,3.3,0.405,0.3031,97,0.032,0.38,-0.89,0.0724,0.1125,0.085
1593,54.0108,279,3.1,0.455,0.3205,95,0.033,0.43,-0.82,0.0683,0.1273,0.061
1594,38.0544,245,3.2,0.390,0.3206,90,0.035,0.38,-0.92,0.0708,0.1307,0.053
1595,59.5114,259,3.3,0.460,0.3156,96,0.033,0.40,-0.81,0.0691,0.1216,0.046
1596,69.0147,266,3.2,0.415,0.3224,90,0.035,0.41,-0.88,0.0673,0.1246,0.056
1597,76.0935,269,3.2,0.395,0.3250,90,0.035,0.41,-0.91,0.0658,0.1135,0.074
1598,53.2314,261,3.3,0.445,0.3258,91,0.034,0.40,-0.83,0.0713,0.1165,0.057
1599,60.1558,260,3.2,0.405,0.3151,89,0.035,0.40,-0.89,0.0719,0.1419,0.029
1600,47.2506,261,3.2,0.455,0.3128,91,0.034,0.40,-0.82,0.0694,0.1366,0.062
1601,65.6895,266,3.2,0.390,0.3182,91,0.034,0.41,-0.92,0.0684,0.1302,0.076
1602,54.1026,292,3.3,0.430,0.3188,95,0.033,0.45,-0.86,0.0656,0.1280,0.077
1603,65.1942,304,3.2,0.440,0.3161,89,0.035,0.47,-0.84,0.0654,0.1218,0.082
1604,67.9436,319,3.2,0.410,0.3230,88,0.036,0.49,-0.89,0.0701,0.1167,0.099
1605,57.4112,302,3.1,0.385,0.3155,90,0.035,0.46,-0.92,0.0662,0.1198,0.096
1606,42.2492,250,3.2,0.425,0.3290,98,0.032,0.38,-0.86,0.0649,0.1338,0.101
1607,74.8784,250,3.2,0.400,0.3284,87,0.036,0.38,-0.90,0.0684,0.1299,0.082
1608,50.1417,275,3.2,0.450,0.3234,87,0.036,0.42,-0.83,0.0694,0.1285,0.060
1609,49.1542,228,3.2,0.430,0.3325,90,0.035,0.35,-0.86,0.0698,0.1257,0.049
1610,50.6494,238,3.3,0.455,0.3248,89,0.035,0.37,-0.82,0.0673,0.1196,0.054
1611,56.8072,269,3.2,0.440,0.3240,87,0.036,0.41,-0.84,0.0673,0.1225,0.041
1612,53.3880,285,3.2,0.415,0.3299,88,0.036,0.44,-0.88,0.0712,0.1319,0.020
1613,48.3079,250,3.2,0.440,0.3216,91,0.034,0.38,-0.84,0.0713,0.1426,0.014
1614,48.1498,270,3.3,0.375,0.3121,87,0.036,0.41,-0.94,0.0676,0.1248,0.052
1615,49.1228,245,3.2,0.455,0.3066,89,0.035,0.38,-0.82,0.0728,0.1237,0.077
1616,64.3059,271,3.3,0.390,0.3204,85,0.037,0.42,-0.92,0.0716,0.1240,0.075
1617,56.3757,260,3.3,0.475,0.3197,89,0.035,0.40,-0.79,0.0697,0.1212,0.082
1618,49.1925,266,3.2,0.335,0.3121,90,0.035,0.41,-1.00,0.0673,0.1270,0.065
1619,44.0773,229,3.2,0.520,0.3197,98,0.032,0.35,-0.72,0.0662,0.1411,0.053
1620,60.6399,305,3.2,0.340,0.3250,92,0.034,0.47,-0.99,0.0713,0.1382,0.064
1621,45.0911,243,3.2,0.500,0.3263,92,0.034,0.37,-0.75,0.0700,0.1190,0.060
1622,77.6590,273,3.2,0.345,0.3168,91,0.034,0.42,-0.98,0.0641,0.1205,0.058
1623,43.4409,263,3.2,0.485,0.3173,87,0.036,0.40,-0.77,0.0674,0.1006,0.072
1624,58.3268,257,3.3,0.360,0.3098,91,0.034,0.39,-0.96,0.0688,0.1035,0.086
1625,44.9697,275,3.3,0.450,0.3159,92,0.034,0.42,-0.83,0.0672,0.1115,0.072
1626,60.8938,278,3.2,0.395,0.3218,91,0.034,0.43,-0.91,0.0691,0.1149,0.034
1627,77.7885,317,3.2,0.405,0.3180,86,0.036,0.49,-0.89,0.0648,0.1201,0.071
1628,48.8763,286,3.2,0.385,0.3194,91,0.034,0.44,-0.92,0.0704,0.1180,0.090
1629,55.9680,257,3.2,0.435,0.3216,94,0.033,0.39,-0.85,0.0696,0.1080,0.128
1630,64.5322,295,3.3,0.380,0.3186,92,0.034,0.45,-0.93,0.0702,0.1122,0.124
1631,59.0515,249,3.3,0.450,0.3302,92,0.034,0.38,-0.83,0.0700,0.1372,0.079
1632,60.0771,281,3.2,0.380,0.3233,90,0.035,0.43,-0.93,0.0701,0.1284,0.050
1633,77.0825,299,3.2,0.420,0.3077,92,0.034,0.46,-0.87,0.0675,0.1225,0.058
1634,60.7358,301,3.1,0.410,0.3089,93,0.034,0.46,-0.89,0.0681,0.1242,0.074
1635,63.3302,296,3.2,0.400,0.3168,90,0.035,0.45,-0.90,0.0689,0.1346,0.057
1636,51.7690,279,3.2,0.395,0.3220,90,0.035,0.43,-0.91,0.0721,0.1326,0.053
1637,54.3753,261,3.2,0.430,0.3236,88,0.036,0.40,-0.86,0.0717,0.1340,0.051
1638,57.7567,288,3.2,0.410,0.3256,91,0.034,0.44,-0.89,0.0671,0.1315,0.023
1639,47.7034,290,3.3,0.395,0.3182,88,0.036,0.45,-0.91,0.0688,0.1234,0.054
1640,36.1312,234,3.3,0.435,0.3194,91,0.034,0.36,-0.85,0.0714,0.1199,0.093
1641,34.9422,237,3.2,0.445,0.3277,86,0.036,0.36,-0.83,0.0693,0.1120,0.089
1642,48.3229,243,3.2,0.410,0.3209,91,0.034,0.37,-0.89,0.0643,0.1167,0.095
1643,54.4872,263,3.3,0.420,0.3161,91,0.034,0.40,-0.87,0.0675,0.1064,0.112
1644,63.4265,264,3.2,0.415,0.3119,90,0.035,0.41,-0.88,0.0668,0.1150,0.080
1645,62.8116,264,3.2,0.410,0.3170,92,0.034,0.41,-0.89,0.0682,0.1235,0.073
1646,51.4403,281,3.2,0.395,0.3245,89,0.035,0.43,-0.91,0.0658,0.1213,0.041
1647,39.7304,255,3.2,0.420,0.3197,98,0.032,0.39,-0.87,0.0677,0.1112,0.036
1648,45.8766,245,3.2,0.465,0.3188,97,0.032,0.38,-0.80,0.0703,0.1133,0.052
1649,65.3393,281,3.2,0.415,0.3199,89,0.035,0.43,-0.88,0.0688,0.1269,0.040
1650,66.2106,275,3.3,0.410,0.3120,90,0.035,0.42,-0.89,0.0698,0.1250,0.049
1651,37.8177,269,3.3,0.435,0.3067,86,0.036,0.41,-0.85,0.0705,0.1077,0.091
1652,38.5009,228,3.2,0.360,0.3127,84,0.037,0.35,-0.96,0.0753,0.1141,0.096
1653,28.2624,223,3.3,0.500,0.3099,90,0.035,0.34,-0.75,0.0688,0.1176,0.077
1654,66.0909,289,3.2,0.325,0.3024,89,0.035,0.44,-1.01,0.0694,0.1120,0.076
1655,61.1207,310,3.2,0.445,0.3063,93,0.034,0.48,-0.83,0.0680,0.1018,0.072
1656,66.7349,293,3.2,0.370,0.3181,92,0.034,0.45,-0.95,0.0695,0.1101,0.069
1657,54.9270,312,3.2,0.480,0.3152,90,0.035,0.48,-0.78,0.0717,0.1090,0.078
1658,55.5234,275,3.2,0.380,0.3067,88,0.036,0.42,-0.93,0.0700,0.1021,0.100
1659,57.4105,270,3.2,0.445,0.3092,89,0.035,0.42,-0.83,0.0733,0.1250,0.107
1660,66.9273,292,3.2,0.410,0.3138,87,0.036,0.45,-0.89,0.0646,0.1268,0.068
1661,36.4120,257,3.2,0.465,0.3115,88,0.036,0.40,-0.80,0.0672,0.1152,0.078
1662,68.4669,282,3.2,0.390,0.3035,93,0.034,0.43,-0.92,0.0651,0.1058,0.089
1663,45.7713,264,3.1,0.420,0.3064,90,0.035,0.41,-0.87,0.0650,0.1135,0.098
1664,62.2942,264,3.2,0.415,0.3082,86,0.036,0.41,-0.88,0.0698,0.1237,0.114
1665,63.7974,270,3.3,0.455,0.3169,86,0.036,0.42,-0.82,0.0699,0.1186,0.122
1666,55.4363,266,3.2,0.385,0.3184,88,0.036,0.41,-0.92,0.0636,0.1254,0.110
1667,41.3787,254,3.2,0.485,0.3134,90,0.035,0.39,-0.77,0.0697,0.1159,0.108
1668,69.2111,296,3.2,0.365,0.3067,90,0.035,0.46,-0.95,0.0728,0.1007,0.105
1669,56.6996,275,3.1,0.430,0.3157,93,0.034,0.42,-0.86,0.0655,0.1058,0.094
1670,57.4096,283,3.2,0.335,0.3184,90,0.035,0.44,-1.00,0.0686,0.1190,0.108
1671,63.2217,295,3.3,0.405,0.3168,89,0.035,0.45,-0.89,0.0690,0.1087,0.098
1672,58.5943,272,3.3,0.385,0.3158,92,0.034,0.42,-0.92,0.0703,0.1054,0.058
1673,51.4202,271,3.2,0.425,0.3173,87,0.036,0.42,-0.86,0.0688,0.1134,0.051
1674,60.7514,296,3.2,0.370,0.3199,93,0.034,0.46,-0.95,0.0698,0.1082,0.076
1675,54.7577,273,3.2,0.430,0.3151,86,0.036,0.42,-0.86,0.0688,0.1114,0.069
1676,54.7072,281,3.2,0.330,0.3124,91,0.034,0.43,-1.00,0.0697,0.1126,0.061
1677,46.2034,256,3.2,0.470,0.3165,89,0.035,0.39,-0.80,0.0705,0.1069,0.056
1678,68.0337,315,3.2,0.375,0.3162,91,0.034,0.48,-0.94,0.0676,0.1044,0.075
1679,59.6266,274,3.1,0.445,0.3210,91,0.034,0.42,-0.83,0.0656,0.1154,0.097
1680,54.9058,268,3.2,0.360,0.3162,87,0.036,0.41,-0.96,0.0719,0.1139,0.085
1681,55.6474,252,3.2,0.410,0.3258,93,0.034,0.39,-0.89,0.0676,0.1081,0.074
1682,48.8923,264,3.2,0.420,0.3100,93,0.034,0.41,-0.87,0.0656,0.1082,0.084
1683,60.2002,253,3.2,0.415,0.3072,91,0.034,0.39,-0.88,0.0705,0.0968,0.107
1684,49.5533,246,3.3,0.460,0.3041,91,0.034,0.38,-0.81,0.0674,0.0982,0.117
1685,48.0614,247,3.4,0.415,0.3097,93,0.034,0.38,-0.88,0.0670,0.1154,0.071
1686,46.6167,230,3.3,0.445,0.3071,93,0.034,0.35,-0.83,0.0681,0.1276,0.065
1687,47.7262,265,3.2,0.425,0.3026,94,0.033,0.41,-0.86,0.0705,0.1163,0.073
1688,60.1650,258,3.2,0.445,0.3164,92,0.034,0.40,-0.83,0.0720,0.1115,0.068
1689,64.9193,310,3.1,0.415,0.3246,95,0.033,0.48,-0.88,0.0672,0.1195,0.082
1690,57.0988,263,3.1,0.440,0.3243,91,0.034,0.40,-0.84,0.0664,0.1158,0.083
1691,49.3831,270,3.2,0.370,0.3259,90,0.035,0.42,-0.95,0.0693,0.1208,0.049
1692,46.3792,271,3.3,0.415,0.3146,88,0.036,0.42,-0.88,0.0667,0.1127,0.063
1693,54.6941,272,3.3,0.420,0.3139,96,0.033,0.42,-0.87,0.0722,0.1202,0.072
1694,42.3331,281,3.3,0.445,0.3060,91,0.034,0.43,-0.83,0.0683,0.1245,0.064
1695,40.7464,225,3.2,0.415,0.3097,88,0.036,0.35,-0.88,0.0695,0.1339,0.071
1696,64.1167,231,3.2,0.425,0.3210,87,0.036,0.36,-0.86,0.0710,0.1464,0.060
1697,64.5854,277,3.3,0.400,0.3122,86,0.036,0.43,-0.90,0.0683,0.1250,0.071
1698,56.9048,272,3.2,0.460,0.3106,85,0.037,0.42,-0.81,0.0656,0.1221,0.085
1699,68.7614,286,3.1,0.405,0.3088,89,0.035,0.44,-0.89,0.0670,0.1226,0.084
1700,67.3604,309,3.1,0.395,0.3054,98,0.032,0.47,-0.91,0.0703,0.1174,0.083
1701,53.4784,261,3.2,0.425,0.3191,89,0.035,0.40,-0.86,0.0680,0.1127,0.083
1702,63.6286,291,3.2,0.395,0.3099,89,0.035,0.45,-0.91,0.0642,0.1189,0.090
1703,67.7577,274,3.2,0.385,0.3126,92,0.034,0.42,-0.92,0.0669,0.1323,0.088
1704,53.6040,297,3.2,0.410,0.3067,94,0.033,0.46,-0.89,0.0690,0.1263,0.085
1705,52.8367,274,3.3,0.430,0.3071,96,0.033,0.42,-0.86,0.0636,0.1145,0.088
1706,50.3555,261,3.2,0.405,0.3118,93,0.034,0.40,-0.89,0.0679,0.1160,0.090
1707,52.1079,256,3.1,0.420,0.3054,89,0.035,0.39,-0.87,0.0672,0.1156,0.088
1708,56.4096,305,3.2,0.365,0.2955,93,0.034,0.47,-0.95,0.0679,0.1124,0.099
1709,41.8032,247,3.2,0.480,0.3004,91,0.034,0.38,-0.78,0.0697,0.1183,0.118
1710,66.7713,234,3.2,0.325,0.3072,96,0.033,0.36,-1.01,0.0701,0.1264,0.115
1711,53.7376,259,3.2,0.485,0.3159,91,0.034,0.40,-0.77,0.0676,0.1379,0.077
1712,65.3392,279,3.2,0.330,0.3212,94,0.033,0.43,-1.00,0.0667,0.1331,0.028
1713,51.7189,250,3.2,0.455,0.3255,93,0.034,0.38,-0.82,0.0681,0.1235,0.042
1714,56.4624,262,3.3,0.370,0.3213,90,0.035,0.40,-0.95,0.0736,0.1322,0.060
1715,59.6955,297,3.3,0.465,0.3140,89,0.035,0.46,-0.80,0.0690,0.1320,0.078
1716,48.8167,277,3.3,0.365,0.3153,94,0.033,0.43,-0.95,0.0669,0.1181,0.078
1717,41.8450,241,3.2,0.435,0.3159,94,0.033,0.37,-0.85,0.0691,0.1156,0.086
1718,41.8637,238,3.2,0.410,0.3134,91,0.034,0.37,-0.89,0.0658,0.1122,0.076
1719,71.8833,308,3.2,0.420,0.3145,90,0.035,0.47,-0.87,0.0669,0.1182,0.067
1720,76.2190,302,3.1,0.410,0.3090,80,0.039,0.46,-0.89,0.0692,0.1316,0.068
1721,68.2269,275,3.2,0.390,0.3130,85,0.037,0.42,-0.92,0.0687,0.1204,0.084
1722,43.8863,292,3.3,0.435,0.3166,90,0.035,0.45,-0.85,0.0648,0.1118,0.073
1723,50.0175,224,3.3,0.385,0.3208,95,0.033,0.34,-0.92,0.0667,0.1204,0.034
1724,60.8986,270,3.2,0.425,0.3174,87,0.036,0.42,-0.86,0.0656,0.1206,0.070
1725,51.1712,292,3.2,0.390,0.3132,91,0.034,0.45,-0.92,0.0689,0.1171,0.088
1726,51.1000,255,3.3,0.430,0.3176,92,0.034,0.39,-0.86,0.0665,0.1183,0.061
1727,51.8170,279,3.2,0.405,0.3228,94,0.033,0.43,-0.89,0.0676,0.1190,0.072
1728,58.7416,259,3.2,0.390,0.3136,95,0.033,0.40,-0.92,0.0669,0.1178,0.119
1729,43.0891,280,3.2,0.390,0.3123,87,0.036,0.43,-0.92,0.0711,0.1081,0.129
1730,52.3319,272,3.2,0.410,0.3252,91,0.034,0.42,-0.89,0.0696,0.1096,0.113
1731,57.5822,294,3.2,0.395,0.3206,92,0.034,0.45,-0.91,0.0653,0.1004,0.107
1732,51.4984,262,3.3,0.405,0.3082,98,0.032,0.40,-0.89,0.0722,0.1075,0.054
1733,44.7380,255,3.4,0.455,0.3068,94,0.033,0.39,-0.82,0.0667,0.1240,0.059
1734,53.5456,267,3.2,0.445,0.3177,94,0.033,0.41,-0.83,0.0713,0.1214,0.096
1735,70.6525,266,3.2,0.385,0.3161,94,0.033,0.41,-0.92,0.0681,0.1175,0.094
1736,57.3050,269,3.2,0.450,0.3086,91,0.034,0.41,-0.83,0.0680,0.1023,0.094
1737,52.6857,268,3.3,0.425,0.3073,91,0.034,0.41,-0.86,0.0650,0.0966,0.093
1738,67.1359,284,3.3,0.400,0.3031,88,0.036,0.44,-0.90,0.0679,0.1135,0.076
1739,52.5874,276,3.2,0.455,0.3114,87,0.036,0.42,-0.82,0.0698,0.1118,0.064
1740,62.0107,301,3.1,0.375,0.3169,83,0.038,0.46,-0.94,0.0639,0.1141,0.066
1741,65.2028,300,3.1,0.410,0.3180,90,0.035,0.46,-0.89,0.0704,0.1198,0.062
1742,57.6286,290,3.2,0.415,0.3145,93,0.034,0.45,-0.88,0.0643,0.1146,0.055
1743,45.6929,291,3.2,0.415,0.3061,94,0.033,0.45,-0.88,0.0663,0.1104,0.068
1744,43.6551,238,3.2,0.450,0.3136,96,0.033,0.37,-0.83,0.0661,0.1103,0.074
1745,61.7683,275,3.1,0.435,0.3216,97,0.032,0.42,-0.85,0.0684,0.1137,0.106
1746,53.5124,278,3.2,0.375,0.3145,95,0.033,0.43,-0.94,0.0691,0.1161,0.124
1747,51.6452,254,3.3,0.440,0.3113,89,0.035,0.39,-0.84,0.0659,0.1135,0.105
1748,62.4325,275,3.2,0.375,0.3179,93,0.034,0.42,-0.94,0.0655,0.1122,0.068
1749,51.6489,246,3.2,0.420,0.3210,89,0.035,0.38,-0.87,0.0662,0.1245,0.067
1750,62.6225,284,3.2,0.405,0.3200,93,0.034,0.44,-0.89,0.0692,0.1160,0.093
1751,50.2731,247,3.2,0.400,0.3206,90,0.035,0.38,-0.90,0.0695,0.1121,0.075
1752,60.5460,290,3.2,0.405,0.3218,96,0.033,0.45,-0.89,0.0690,0.1129,0.064
1753,44.6264,294,3.3,0.415,0.3155,93,0.034,0.45,-0.88,0.0704,0.1000,0.087
1754,58.5633,261,3.3,0.425,0.3204,87,0.036,0.40,-0.86,0.0670,0.0960,0.119
1755,54.7559,253,3.2,0.435,0.3182,91,0.034,0.39,-0.85,0.0696,0.0947,0.094
1756,58.8488,282,3.1,0.375,0.3206,90,0.035,0.43,-0.94,0.0715,0.1002,0.074
1757,44.6487,259,3.2,0.390,0.3180,96,0.033,0.40,-0.92,0.0700,0.1003,0.097
1758,52.5931,270,3.2,0.440,0.3201,94,0.033,0.42,-0.84,0.0704,0.1001,0.085
1759,47.1816,238,3.2,0.375,0.3230,92,0.034,0.37,-0.94,0.0723,0.1230,0.047
1760,80.6832,290,3.2,0.400,0.3181,89,0.035,0.45,-0.90,0.0714,0.1413,0.057
1761,63.7882,292,3.2,0.400,0.3151,93,0.034,0.45,-0.90,0.0667,0.1247,0.113
1762,69.5891,323,3.2,0.395,0.3161,92,0.034,0.50,-0.91,0.0676,0.1074,0.126
1763,43.8944,254,3.2,0.440,0.3158,85,0.037,0.39,-0.84,0.0642,0.1108,0.110
1764,57.8506,272,3.3,0.370,0.3154,85,0.037,0.42,-0.95,0.0649,0.1096,0.074
1765,55.1333,280,3.3,0.420,0.3123,86,0.036,0.43,-0.87,0.0660,0.1101,0.081
1766,43.9954,229,3.2,0.410,0.3153,99,0.032,0.35,-0.89,0.0696,0.1137,0.092
1767,61.6361,260,3.2,0.415,0.3237,91,0.034,0.40,-0.88,0.0663,0.1093,0.058
1768,44.9529,270,3.3,0.410,0.3188,85,0.037,0.41,-0.89,0.0668,0.1090,0.058
1769,63.7072,304,3.2,0.460,0.3139,85,0.037,0.47,-0.81,0.0679,0.1126,0.046
1770,46.1524,271,3.2,0.370,0.3251,90,0.035,0.42,-0.95,0.0702,0.1232,0.007
1771,45.7946,225,3.2,0.430,0.3369,88,0.036,0.35,-0.86,0.0666,0.1300,0.061
1772,64.2610,260,3.3,0.400,0.3315,86,0.036,0.40,-0.90,0.0692,0.1358,0.087
1773,54.3346,266,3.2,0.430,0.3241,90,0.035,0.41,-0.86,0.0715,0.1345,0.081
1774,50.1736,278,3.2,0.375,0.3207,92,0.034,0.43,-0.94,0.0695,0.1279,0.081
1775,49.6045,254,3.2,0.470,0.3232,93,0.034,0.39,-0.80,0.0683,0.1121,0.074
1776,56.9415,245,3.2,0.360,0.3192,94,0.033,0.38,-0.96,0.0690,0.1014,0.071
1777,62.3870,274,3.2,0.390,0.3255,93,0.034,0.42,-0.92,0.0693,0.1144,0.059
1778,56.9723,270,3.2,0.395,0.3315,88,0.036,0.41,-0.91,0.0683,0.1201,0.087
1779,53.5336,261,3.2,0.405,0.3235,91,0.034,0.40,-0.89,0.0696,0.1093,0.094
1780,66.2520,308,3.2,0.420,0.3206,93,0.034,0.47,-0.87,0.0696,0.1025,0.090
1781,73.7087,322,3.2,0.330,0.3165,91,0.034,0.50,-1.00,0.0743,0.1097,0.076
1782,56.1738,285,3.1,0.460,0.3151,95,0.033,0.44,-0.81,0.0643,0.1115,0.043
1783,77.5433,288,3.1,0.370,0.3200,94,0.033,0.44,-0.95,0.0678,0.1125,0.071
1784,60.6045,281,3.1,0.420,0.3188,88,0.036,0.43,-0.87,0.0664,0.1153,0.082
1785,58.7552,298,3.2,0.340,0.3172,86,0.036,0.46,-0.99,0.0668,0.1171,0.043
1786,47.4094,249,3.3,0.445,0.3085,86,0.036,0.38,-0.83,0.0665,0.1119,0.049
1787,42.7297,235,3.3,0.390,0.3132,85,0.037,0.36,-0.92,0.0687,0.1111,0.074
1788,49.8122,242,3.2,0.385,0.3196,90,0.035,0.37,-0.92,0.0663,0.1240,0.058
1789,67.8121,306,3.1,0.415,0.3215,97,0.032,0.47,-0.88,0.0665,0.1344,0.035
1790,68.0725,301,3.2,0.365,0.3249,95,0.033,0.46,-0.95,0.0674,0.1311,0.079
1791,55.3210,273,3.2,0.415,0.3231,91,0.034,0.42,-0.88,0.0706,0.1343,0.092
1792,67.7676,278,3.1,0.385,0.3268,92,0.034,0.43,-0.92,0.0709,0.1228,0.097
1793,83.8821,315,3.1,0.325,0.3215,89,0.035,0.48,-1.01,0.0672,0.1099,0.108
1794,35.4487,258,3.2,0.415,0.3312,93,0.034,0.40,-0.88,0.0694,0.1077,0.104
1795,67.7530,257,3.2,0.400,0.3278,92,0.034,0.39,-0.90,0.0706,0.1047,0.073
1796,58.2169,293,3.2,0.390,0.3084,92,0.034,0.45,-0.92,0.0692,0.1150,0.087
1797,53.6161,274,3.3,0.400,0.3100,88,0.036,0.42,-0.90,0.0688,0.1070,0.099
1798,39.6669,261,3.2,0.395,0.3125,92,0.034,0.40,-0.91,0.0672,0.1016,0.079
1799,36.8268,224,3.2,0.395,0.3158,93,0.034,0.34,-0.91,0.0702,0.1010,0.093
1800,74.8193,280,3.2,0.380,0.3154,92,0.034,0.43,-0.93,0.0710,0.1074,0.099
1801,65.3446,329,3.1,0.410,0.3084,89,0.035,0.51,-0.89,0.0700,0.1220,0.085
1802,53.2269,312,3.2,0.405,0.3133,91,0.034,0.48,-0.89,0.0655,0.1272,0.057
1803,53.6589,285,3.2,0.435,0.3262,92,0.034,0.44,-0.85,0.0695,0.1127,0.076
1804,49.3616,260,3.2,0.405,0.3295,92,0.034,0.40,-0.89,0.0658,0.1203,0.072
1805,64.6493,234,3.2,0.360,0.3345,90,0.035,0.36,-0.96,0.0658,0.1288,0.071
1806,67.4494,296,3.1,0.395,0.3266,89,0.035,0.46,-0.91,0.0679,0.1150,0.086
1807,60.0816,288,3.2,0.400,0.3224,90,0.035,0.44,-0.90,0.0702,0.1131,0.078
1808,58.4279,283,3.2,0.430,0.3337,93,0.034,0.43,-0.86,0.0675,0.1048,0.090
1809,61.4283,288,3.3,0.375,0.3194,91,0.034,0.44,-0.94,0.0686,0.1040,0.078
1810,42.9693,231,3.3,0.475,0.3082,89,0.035,0.36,-0.79,0.0655,0.1109,0.086
1811,57.5984,255,3.2,0.385,0.3066,90,0.035,0.39,-0.92,0.0728,0.1210,0.066
1812,68.1290,288,3.2,0.400,0.3088,94,0.033,0.44,-0.90,0.0697,0.1341,0.029
1813,62.1934,270,3.2,0.425,0.3125,84,0.037,0.42,-0.86,0.0680,0.1231,0.053
1814,58.8296,275,3.2,0.365,0.3212,91,0.034,0.42,-0.95,0.0705,0.1059,0.069
1815,66.1543,294,3.2,0.430,0.3246,86,0.036,0.45,-0.86,0.0674,0.1021,0.055
1816,72.2760,285,3.2,0.365,0.3098,85,0.037,0.44,-0.95,0.0678,0.1204,0.062
1817,75.9783,302,3.2,0.390,0.3037,97,0.032,0.46,-0.92,0.0679,0.1247,0.071
1818,36.5678,242,3.3,0.435,0.3126,89,0.035,0.37,-0.85,0.0713,0.1119,0.079
1819,70.4304,282,3.2,0.385,0.3075,91,0.034,0.43,-0.92,0.0731,0.1172,0.068
1820,53.1445,278,3.2,0.425,0.3068,90,0.035,0.43,-0.86,0.0662,0.1209,0.047
1821,51.9135,250,3.2,0.325,0.3097,89,0.035,0.38,-1.01,0.0713,0.1221,0.051
1822,62.2691,289,3.2,0.460,0.3161,88,0.036,0.44,-0.81,0.0629,0.1167,0.063
1823,70.7531,310,3.2,0.355,0.3075,87,0.036,0.48,-0.97,0.0643,0.1085,0.079
1824,67.9226,291,3.2,0.420,0.3174,94,0.033,0.45,-0.87,0.0663,0.0999,0.104
1825,65.5064,277,3.1,0.385,0.3284,92,0.034,0.43,-0.92,0.0668,0.1104,0.082
1826,62.2430,294,3.2,0.385,0.3255,89,0.035,0.45,-0.92,0.0668,0.1199,0.068
1827,67.6734,263,3.2,0.420,0.3311,85,0.037,0.40,-0.87,0.0647,0.1300,0.088
1828,61.8549,276,3.3,0.405,0.3219,91,0.034,0.42,-0.89,0.0686,0.1344,0.110
1829,48.0021,241,3.2,0.450,0.3203,90,0.035,0.37,-0.83,0.0696,0.1199,0.120
1830,48.5289,285,3.2,0.390,0.3250,93,0.034,0.44,-0.92,0.0677,0.1207,0.092
1831,58.7171,266,3.2,0.410,0.3255,91,0.034,0.41,-0.89,0.0673,0.1187,0.054
1832,83.2304,319,3.3,0.365,0.3101,92,0.034,0.49,-0.95,0.0717,0.1091,0.062
1833,55.5941,286,3.2,0.400,0.3042,94,0.033,0.44,-0.90,0.0694,0.1056,0.060
1834,57.7817,270,3.2,0.380,0.3223,90,0.035,0.41,-0.93,0.0694,0.1248,0.053
1835,55.7261,285,3.1,0.420,0.3355,90,0.035,0.44,-0.87,0.0719,0.1341,0.035
1836,86.5254,314,3.1,0.380,0.3424,94,0.033,0.48,-0.93,0.0691,0.1283,0.070
1837,58.9556,305,3.1,0.395,0.3268,91,0.034,0.47,-0.91,0.0689,0.1109,0.098
1838,44.3708,230,3.2,0.440,0.3237,86,0.036,0.35,-0.84,0.0710,0.0985,0.107
1839,72.0678,288,3.3,0.390,0.3047,92,0.034,0.44,-0.92,0.0650,0.1090,0.092
1840,51.3071,278,3.2,0.420,0.3157,89,0.035,0.43,-0.87,0.0686,0.1143,0.070
1841,55.8749,238,3.2,0.360,0.3225,88,0.036,0.37,-0.96,0.0680,0.1096,0.113
1842,61.3144,281,3.2,0.420,0.3179,89,0.035,0.43,-0.87,0.0678,0.1228,0.089
1843,68.3393,290,3.2,0.380,0.3242,88,0.036,0.45,-0.93,0.0660,0.1255,0.062
1844,73.3178,310,3.2,0.345,0.3129,85,0.037,0.48,-0.98,0.0655,0.1253,0.067
1845,60.6715,277,3.2,0.465,0.3204,98,0.032,0.43,-0.80,0.0695,0.1193,0.099
1846,66.0098,294,3.1,0.385,0.3188,88,0.036,0.45,-0.92,0.0718,0.1207,0.105
1847,49.7697,259,3.1,0.370,0.3344,91,0.034,0.40,-0.95,0.0625,0.1227,0.113
1848,71.7213,260,3.2,0.365,0.3279,93,0.034,0.40,-0.95,0.0671,0.1163,0.096
1849,76.5683,314,3.2,0.400,0.3219,95,0.033,0.48,-0.90,0.0677,0.1143,0.076
1850,39.6838,277,3.2,0.395,0.3231,93,0.034,0.43,-0.91,0.0642,0.1182,0.066
1851,65.7712,254,3.3,0.430,0.3188,90,0.035,0.39,-0.86,0.0712,0.1126,0.053
1852,53.7059,296,3.2,0.395,0.3154,87,0.036,0.45,-0.91,0.0718,0.1102,0.083
1853,62.2270,269,3.2,0.395,0.3283,87,0.036,0.41,-0.91,0.0694,0.1144,0.061
1854,70.5318,298,3.2,0.350,0.3223,86,0.036,0.46,-0.98,0.0699,0.1132,0.042
1855,75.6928,330,3.2,0.440,0.3115,89,0.035,0.51,-0.84,0.0701,0.1051,0.059
1856,58.2574,343,3.1,0.370,0.3259,95,0.033,0.53,-0.95,0.0708,0.1034,0.063
1857,38.4882,241,3.2,0.400,0.3283,93,0.034,0.37,-0.90,0.0697,0.1043,0.066
1858,55.6739,257,3.2,0.370,0.3299,92,0.034,0.39,-0.95,0.0683,0.1171,0.072
1859,56.2287,292,3.3,0.410,0.3242,89,0.035,0.45,-0.89,0.0681,0.1264,0.087
1860,54.7987,260,3.4,0.380,0.3228,95,0.033,0.40,-0.93,0.0674,0.1284,0.072
1861,69.9675,280,3.3,0.440,0.3290,90,0.035,0.43,-0.84,0.0675,0.1205,0.062
1862,60.7619,273,3.3,0.405,0.3254,90,0.035,0.42,-0.89,0.0661,0.1219,0.047
1863,48.1706,270,3.3,0.355,0.3309,91,0.034,0.42,-0.97,0.0683,0.1263,0.072
1864,72.8327,277,3.3,0.465,0.3189,91,0.034,0.43,-0.80,0.0675,0.1312,0.072
1865,62.9383,315,3.3,0.305,0.3242,94,0.033,0.48,-1.04,0.0666,0.1295,0.072
1866,62.5495,282,3.2,0.405,0.3228,97,0.032,0.43,-0.89,0.0681,0.1250,0.081
1867,77.6154,295,3.2,0.335,0.3238,95,0.033,0.45,-1.00,0.0674,0.1174,0.071
1868,75.9925,312,3.3,0.400,0.3294,93,0.034,0.48,-0.90,0.0707,0.1211,0.109
1869,42.5495,241,3.2,0.415,0.3209,86,0.036,0.37,-0.88,0.0666,0.1207,0.095
1870,43.7341,269,3.1,0.395,0.3201,86,0.036,0.41,-0.91,0.0700,0.1101,0.055
1871,44.7790,224,3.2,0.365,0.3230,89,0.035,0.34,-0.95,0.0728,0.1091,0.070
1872,51.7823,284,3.3,0.415,0.3254,89,0.035,0.44,-0.88,0.0700,0.1043,0.088
1873,59.3699,271,3.3,0.355,0.3227,89,0.035,0.42,-0.97,0.0706,0.1083,0.083
1874,58.7399,302,3.2,0.440,0.2986,91,0.034,0.46,-0.84,0.0668,0.1102,0.103
1875,48.6832,268,3.2,0.355,0.3132,92,0.034,0.41,-0.97,0.0696,0.1087,0.106
1876,51.5796,274,3.2,0.430,0.3194,93,0.034,0.42,-0.86,0.0690,0.1078,0.099
1877,62.9983,298,3.2,0.325,0.3166,96,0.033,0.46,-1.01,0.0679,0.1099,0.101
1878,50.2718,275,3.2,0.420,0.3235,89,0.035,0.42,-0.87,0.0685,0.1082,0.106
1879,58.2390,270,3.2,0.400,0.3212,94,0.033,0.42,-0.90,0.0692,0.1045,0.114
1880,51.1220,303,3.2,0.420,0.3181,89,0.035,0.47,-0.87,0.0693,0.1057,0.097
1881,65.6745,244,3.1,0.380,0.3260,89,0.035,0.38,-0.93,0.0709,0.1210,0.068
1882,73.7938,315,3.2,0.420,0.3261,89,0.035,0.48,-0.87,0.0669,0.1248,0.075
1883,66.6253,289,3.2,0.375,0.3307,91,0.034,0.44,-0.94,0.0692,0.1094,0.101
1884,61.0901,263,3.2,0.385,0.3240,89,0.035,0.40,-0.92,0.0693,0.1032,0.110
1885,48.7618,305,3.2,0.395,0.3211,83,0.038,0.47,-0.91,0.0683,0.1044,0.097
1886,73.3534,282,3.2,0.370,0.3243,85,0.037,0.43,-0.95,0.0691,0.1028,0.063
1887,58.7348,285,3.2,0.365,0.3199,88,0.036,0.44,-0.95,0.0701,0.1206,0.066
1888,53.3829,256,3.1,0.395,0.3205,94,0.033,0.39,-0.91,0.0715,0.1315,0.095
1889,65.0255,301,3.2,0.380,0.3190,91,0.034,0.46,-0.93,0.0716,0.1114,0.132
1890,55.1544,292,3.2,0.410,0.3216,91,0.034,0.45,-0.89,0.0710,0.1027,0.128
1891,54.4385,263,3.2,0.390,0.3307,91,0.034,0.40,-0.92,0.0670,0.1099,0.101
1892,57.5730,264,3.3,0.395,0.3374,92,0.034,0.41,-0.91,0.0673,0.1278,0.116
1893,58.9639,274,3.2,0.405,0.3258,93,0.034,0.42,-0.89,0.0686,0.1227,0.092
1894,62.6367,301,3.2,0.400,0.3192,90,0.035,0.46,-0.90,0.0718,0.1165,0.079
1895,48.4116,259,3.2,0.375,0.3172,89,0.035,0.40,-0.94,0.0705,0.1180,0.077
1896,63.4647,273,3.2,0.420,0.3181,91,0.034,0.42,-0.87,0.0733,0.1193,0.074
1897,70.6842,286,3.2,0.375,0.3271,90,0.035,0.44,-0.94,0.0663,0.1170,0.082
1898,58.5942,312,3.2,0.320,0.3301,90,0.035,0.48,-1.02,0.0686,0.1052,0.085
1899,54.0190,261,3.2,0.425,0.3153,95,0.033,0.40,-0.86,0.0699,0.1038,0.064
1900,58.1396,285,3.1,0.410,0.3146,95,0.033,0.44,-0.89,0.0681,0.1082,0.045
1901,57.3366,258,3.2,0.385,0.3209,94,0.033,0.40,-0.92,0.0709,0.1082,0.096
1902,78.4781,288,3.2,0.395,0.3223,92,0.034,0.44,-0.91,0.0658,0.1179,0.105
1903,68.4608,271,3.2,0.415,0.3216,95,0.033,0.42,-0.88,0.0671,0.1190,0.079
1904,66.4484,286,3.2,0.375,0.3222,86,0.036,0.44,-0.94,0.0697,0.1055,0.087
1905,58.5232,311,3.2,0.375,0.3243,89,0.035,0.48,-0.94,0.0639,0.1071,0.077
1906,69.4504,284,3.1,0.400,0.3236,91,0.034,0.44,-0.90,0.0694,0.1194,0.075
1907,67.9407,288,3.2,0.385,0.3248,90,0.035,0.44,-0.92,0.0689,0.1195,0.082
1908,56.7179,288,3.2,0.370,0.3228,91,0.034,0.44,-0.95,0.0695,0.1173,0.066
1909,63.5617,290,3.1,0.425,0.3159,88,0.036,0.45,-0.86,0.0710,0.1155,0.096
1910,45.4303,248,3.2,0.370,0.3288,93,0.034,0.38,-0.95,0.0694,0.1133,0.092
1911,55.9980,262,3.2,0.450,0.3252,94,0.033,0.40,-0.83,0.0698,0.1166,0.055
1912,55.8800,277,3.1,0.365,0.3231,91,0.034,0.43,-0.95,0.0705,0.1144,0.087
1913,58.7471,272,3.2,0.390,0.3326,89,0.035,0.42,-0.92,0.0682,0.1094,0.120
1914,69.4520,280,3.2,0.370,0.3285,90,0.035,0.43,-0.95,0.0698,0.1236,0.081
1915,50.9323,268,3.2,0.425,0.3251,90,0.035,0.41,-0.86,0.0702,0.1241,0.074
1916,41.8379,251,3.2,0.345,0.3244,90,0.035,0.39,-0.98,0.0671,0.1128,0.126
1917,63.9890,277,3.3,0.385,0.3288,88,0.036,0.43,-0.92,0.0724,0.1160,0.127
1918,42.7108,259,3.3,0.455,0.3323,90,0.035,0.40,-0.82,0.0701,0.1112,0.104
1919,59.0033,280,3.2,0.340,0.3239,89,0.035,0.43,-0.99,0.0706,0.1093,0.110
1920,69.6591,308,3.2,0.415,0.3233,89,0.035,0.47,-0.88,0.0653,0.1192,0.126
1921,55.1128,287,3.2,0.360,0.3357,87,0.036,0.44,-0.96,0.0724,0.1132,0.110
1922,63.9676,280,3.2,0.415,0.3286,92,0.034,0.43,-0.88,0.0676,0.0987,0.072
1923,67.8293,279,3.3,0.390,0.3210,93,0.034,0.43,-0.92,0.0656,0.0981,0.082
1924,58.9247,278,3.2,0.375,0.3199,89,0.035,0.43,-0.94,0.0666,0.1108,0.062
1925,62.9457,309,3.1,0.355,0.3144,93,0.034,0.47,-0.97,0.0688,0.1032,0.077
1926,67.9077,298,3.1,0.395,0.3184,88,0.036,0.46,-0.91,0.0710,0.1050,0.071
1927,63.8476,296,3.1,0.360,0.3244,91,0.034,0.46,-0.96,0.0715,0.0972,0.050
1928,65.4482,293,3.1,0.410,0.3136,90,0.035,0.45,-0.89,0.0667,0.0926,0.079
1929,53.8302,273,3.1,0.355,0.3244,87,0.036,0.42,-0.97,0.0722,0.0960,0.066
1930,49.6556,282,3.2,0.405,0.3317,90,0.035,0.43,-0.89,0.0655,0.1053,0.072
1931,52.7517,266,3.2,0.370,0.3273,89,0.035,0.41,-0.95,0.0723,0.1186,0.076
1932,43.4504,254,3.2,0.400,0.3235,93,0.034,0.39,-0.90,0.0685,0.1147,0.082
1933,71.1099,263,3.2,0.385,0.3265,91,0.034,0.40,-0.92,0.0711,0.1180,0.067
1934,62.5841,278,3.2,0.390,0.3136,87,0.036,0.43,-0.92,0.0703,0.1104,0.041
1935,46.3500,272,3.2,0.370,0.3106,95,0.033,0.42,-0.95,0.0719,0.1037,0.058
1936,55.0465,264,3.2,0.345,0.3263,94,0.033,0.41,-0.98,0.0684,0.1174,0.037
1937,54.5884,277,3.2,0.420,0.3155,91,0.034,0.43,-0.87,0.0657,0.1246,0.052
1938,48.1443,254,3.2,0.350,0.3180,93,0.034,0.39,-0.98,0.0692,0.1105,0.082
1939,62.0196,293,3.1,0.400,0.3321,90,0.035,0.45,-0.90,0.0723,0.1032,0.080
1940,55.8570,286,3.2,0.370,0.3293,90,0.035,0.44,-0.95,0.0694,0.1107,0.086
1941,68.7646,290,3.2,0.375,0.3272,87,0.036,0.45,-0.94,0.0663,0.1145,0.065
1942,67.2743,317,3.2,0.390,0.3213,87,0.036,0.49,-0.92,0.0667,0.1051,0.083
1943,56.9322,292,3.2,0.365,0.3053,92,0.034,0.45,-0.95,0.0701,0.0959,0.128
1944,49.3969,278,3.2,0.440,0.3100,91,0.034,0.43,-0.84,0.0666,0.1013,0.095
1945,49.9533,244,3.2,0.370,0.3202,89,0.035,0.37,-0.95,0.0684,0.1008,0.068
1946,59.2342,259,3.2,0.405,0.3182,91,0.034,0.40,-0.89,0.0662,0.1097,0.075
1947,72.4090,315,3.2,0.370,0.3207,94,0.033,0.48,-0.95,0.0694,0.1071,0.099
1948,68.9297,292,3.2,0.420,0.3264,93,0.034,0.45,-0.87,0.0649,0.1017,0.095
1949,65.8426,315,3.1,0.360,0.3268,95,0.033,0.48,-0.96,0.0685,0.1055,0.101
1950,61.9845,294,3.1,0.420,0.3320,98,0.032,0.45,-0.87,0.0686,0.1029,0.136
1951,61.3319,289,3.2,0.350,0.3387,96,0.033,0.44,-0.98,0.0666,0.1055,0.123
1952,69.4817,282,3.1,0.370,0.3314,86,0.036,0.43,-0.95,0.0686,0.1119,0.108
1953,68.1074,305,3.2,0.360,0.3353,87,0.036,0.47,-0.96,0.0685,0.1161,0.113
1954,33.9128,279,3.3,0.415,0.3198,94,0.033,0.43,-0.88,0.0693,0.1089,0.113
1955,57.0151,236,3.2,0.360,0.3226,91,0.034,0.36,-0.96,0.0651,0.1018,0.110
1956,57.4503,259,3.2,0.385,0.3259,91,0.034,0.40,-0.92,0.0691,0.1052,0.115
1957,58.2837,301,3.2,0.340,0.3250,88,0.036,0.46,-0.99,0.0663,0.1059,0.090
1958,57.3320,291,3.2,0.395,0.3209,93,0.034,0.45,-0.91,0.0674,0.1022,0.096
1959,77.8291,288,3.2,0.405,0.3256,90,0.035,0.44,-0.89,0.0678,0.1044,0.131
1960,69.9393,327,3.1,0.400,0.3257,91,0.034,0.50,-0.90,0.0679,0.1019,0.128
1961,83.2888,288,3.1,0.360,0.3241,93,0.034,0.44,-0.96,0.0662,0.1003,0.104
1962,72.7129,328,3.2,0.420,0.3228,89,0.035,0.50,-0.87,0.0663,0.1054,0.097
1963,62.2445,286,3.2,0.360,0.3258,88,0.036,0.44,-0.96,0.0666,0.1154,0.112
1964,59.2172,277,3.2,0.410,0.3218,93,0.034,0.43,-0.89,0.0624,0.1166,0.090
1965,46.8205,280,3.2,0.365,0.3273,88,0.036,0.43,-0.95,0.0704,0.1110,0.040
1966,52.6831,267,3.3,0.405,0.3307,86,0.036,0.41,-0.89,0.0682,0.1222,0.034
1967,52.0764,260,3.2,0.410,0.3154,89,0.035,0.40,-0.89,0.0699,0.1192,0.099
1968,66.7566,254,3.2,0.325,0.3097,93,0.034,0.39,-1.01,0.0671,0.1172,0.113
1969,70.2975,297,3.2,0.380,0.3184,90,0.035,0.46,-0.93,0.0691,0.1143,0.101
1970,56.8485,310,3.2,0.355,0.3244,93,0.034,0.48,-0.97,0.0689,0.1116,0.112
1971,50.4905,278,3.2,0.390,0.3340,97,0.032,0.43,-0.92,0.0717,0.1056,0.094
1972,56.3797,281,3.2,0.390,0.3294,88,0.036,0.43,-0.92,0.0645,0.0979,0.083
1973,81.8955,335,3.2,0.350,0.3215,89,0.035,0.52,-0.98,0.0710,0.1049,0.092
1974,45.3733,309,3.3,0.395,0.3271,91,0.034,0.48,-0.91,0.0693,0.1043,0.083
1975,70.2056,274,3.2,0.335,0.3194,92,0.034,0.42,-1.00,0.0702,0.1034,0.079
1976,52.9363,299,3.2,0.405,0.3250,89,0.035,0.46,-0.89,0.0669,0.1035,0.100
1977,69.6274,294,3.2,0.360,0.3156,89,0.035,0.45,-0.96,0.0693,0.1063,0.077
1978,54.7510,286,3.2,0.435,0.3176,88,0.036,0.44,-0.85,0.0708,0.1142,0.078
1979,69.3652,294,3.2,0.300,0.3197,93,0.034,0.45,-1.05,0.0685,0.1066,0.101
1980,43.6410,243,3.2,0.470,0.3178,92,0.034,0.37,-0.80,0.0723,0.1102,0.075
1981,67.8879,303,3.1,0.315,0.3254,93,0.034,0.47,-1.03,0.0715,0.1198,0.072
1982,60.8634,256,3.2,0.440,0.3433,94,0.033,0.39,-0.84,0.0669,0.1215,0.105
1983,71.4325,298,3.2,0.335,0.3398,90,0.035,0.46,-1.00,0.0694,0.1149,0.110
1984,64.9791,287,3.1,0.405,0.3293,90,0.035,0.44,-0.89,0.0687,0.1085,0.099
1985,51.8238,290,3.2,0.350,0.3303,89,0.035,0.45,-0.98,0.0694,0.1121,0.116
1986,53.2676,304,3.2,0.395,0.3279,87,0.036,0.47,-0.91,0.0669,0.1040,0.118
1987,55.5039,267,3.3,0.375,0.3282,89,0.035,0.41,-0.94,0.0662,0.1012,0.103
1988,78.7073,316,3.1,0.390,0.3232,93,0.034,0.49,-0.92,0.0696,0.1070,0.103
1989,69.6371,292,3.1,0.325,0.3251,89,0.035,0.45,-1.01,0.0705,0.1051,0.099
1990,63.1001,310,3.2,0.420,0.3221,92,0.034,0.48,-0.87,0.0707,0.1166,0.083
1991,54.6589,285,3.2,0.370,0.3239,95,0.033,0.44,-0.95,0.0673,0.1054,0.053
1992,67.4620,295,3.1,0.380,0.3224,91,0.034,0.45,-0.93,0.0691,0.1005,0.054
1993,69.4851,310,3.1,0.395,0.3286,88,0.036,0.48,-0.91,0.0708,0.1109,0.099
1994,69.7188,288,3.1,0.350,0.3322,93,0.034,0.44,-0.98,0.0682,0.1152,0.116
1995,48.0379,262,3.2,0.380,0.3327,93,0.034,0.40,-0.93,0.0691,0.1079,0.131
1996,54.8685,288,3.2,0.415,0.3376,87,0.036,0.44,-0.88,0.0692,0.0918,0.140
1997,56.9267,306,3.2,0.380,0.3281,89,0.035,0.47,-0.93,0.0694,0.1095,0.117
1998,53.9729,254,3.2,0.400,0.3363,91,0.034,0.39,-0.90,0.0711,0.1137,0.123
1999,54.6075,270,3.3,0.415,0.3207,94,0.033,0.41,-0.88,0.0691,0.1011,0.118
2000,65.2731,304,3.2,0.300,0.3175,90,0.035,0.47,-1.05,0.0678,0.1095,0.085
2001,37.8873,257,3.1,0.425,0.3159,91,0.034,0.40,-0.86,0.0685,0.1125,0.071
2002,69.9023,294,3.2,0.360,0.3298,96,0.033,0.45,-0.96,0.0680,0.1198,0.095
2003,68.9824,280,3.2,0.410,0.3313,91,0.034,0.43,-0.89,0.0692,0.1208,0.108
2004,50.9123,276,3.2,0.370,0.3301,93,0.034,0.42,-0.95,0.0674,0.0996,0.098
2005,73.9955,265,3.3,0.335,0.3350,89,0.035,0.41,-1.00,0.0675,0.0996,0.080
2006,53.8069,294,3.2,0.410,0.3268,91,0.034,0.45,-0.89,0.0694,0.1058,0.072
2007,59.6114,277,3.2,0.365,0.3305,85,0.037,0.43,-0.95,0.0687,0.1064,0.084
2008,52.5101,263,3.2,0.385,0.3328,85,0.037,0.40,-0.92,0.0693,0.1188,0.068
2009,41.1349,234,3.2,0.400,0.3368,89,0.035,0.36,-0.90,0.0659,0.1102,0.084
2010,67.4029,264,3.3,0.365,0.3260,90,0.035,0.41,-0.95,0.0680,0.1031,0.109
2011,49.5517,267,3.2,0.380,0.3231,89,0.035,0.41,-0.93,0.0689,0.1083,0.085
2012,73.0895,277,3.2,0.370,0.3313,90,0.035,0.43,-0.95,0.0699,0.1120,0.086
2013,70.0131,296,3.1,0.380,0.3237,87,0.036,0.46,-0.93,0.0681,0.1175,0.092
2014,63.7287,307,3.2,0.370,0.3235,93,0.034,0.47,-0.95,0.0663,0.1195,0.062
2015,68.7653,297,3.2,0.385,0.3237,91,0.034,0.46,-0.92,0.0692,0.1113,0.062
2016,65.7369,288,3.2,0.370,0.3397,89,0.035,0.44,-0.95,0.0683,0.1120,0.075
2017,62.4693,275,3.2,0.365,0.3343,90,0.035,0.42,-0.95,0.0672,0.1209,0.093
2018,60.8234,283,3.2,0.395,0.3262,90,0.035,0.44,-0.91,0.0668,0.1182,0.060
2019,60.6759,281,3.2,0.365,0.3294,91,0.034,0.43,-0.95,0.0704,0.1105,0.041
2020,65.4618,278,3.3,0.385,0.3372,93,0.034,0.43,-0.92,0.0689,0.1142,0.082
2021,49.5801,275,3.2,0.400,0.3273,88,0.036,0.42,-0.90,0.0686,0.1049,0.116
2022,73.3881,278,3.3,0.355,0.3267,90,0.035,0.43,-0.97,0.0678,0.1105,0.100
2023,63.2821,278,3.2,0.430,0.3337,92,0.034,0.43,-0.86,0.0661,0.1268,0.101
2024,69.1337,301,3.1,0.305,0.3362,91,0.034,0.46,-1.04,0.0657,0.1273,0.088
2025,64.0189,283,3.2,0.420,0.3273,93,0.034,0.43,-0.87,0.0668,0.1177,0.086
2026,64.0085,292,3.2,0.370,0.3302,93,0.034,0.45,-0.95,0.0692,0.1062,0.098
2027,60.9429,277,3.2,0.405,0.3417,93,0.034,0.43,-0.89,0.0697,0.1206,0.095
2028,53.4746,284,3.1,0.330,0.3353,86,0.036,0.44,-1.00,0.0717,0.1180,0.088
2029,70.3369,276,3.1,0.410,0.3234,88,0.036,0.42,-0.89,0.0696,0.1126,0.096
2030,56.7099,269,3.2,0.355,0.3236,83,0.038,0.41,-0.97,0.0697,0.1138,0.082
2031,62.2728,296,3.2,0.395,0.3307,91,0.034,0.45,-0.91,0.0700,0.1122,0.035
2032,80.8494,300,3.2,0.335,0.3357,93,0.034,0.46,-1.00,0.0740,0.1099,0.075
2033,66.1877,309,3.2,0.380,0.3393,89,0.035,0.48,-0.93,0.0682,0.1087,0.100
2034,70.3235,291,3.2,0.340,0.3332,93,0.034,0.45,-0.99,0.0671,0.1081,0.079
2035,78.7932,337,3.2,0.375,0.3356,93,0.034,0.52,-0.94,0.0646,0.1042,0.080
2036,70.0277,302,3.2,0.415,0.3348,94,0.033,0.46,-0.88,0.0667,0.1078,0.073
2037,71.4309,284,3.1,0.380,0.3253,94,0.033,0.44,-0.93,0.0719,0.1028,0.066
2038,55.7536,263,3.1,0.415,0.3282,91,0.034,0.40,-0.88,0.0699,0.1151,0.085
2039,74.8240,283,3.2,0.285,0.3256,90,0.035,0.44,-1.07,0.0690,0.1134,0.109
2040,55.2602,283,3.2,0.425,0.3193,91,0.034,0.43,-0.86,0.0718,0.0927,0.129
2041,78.9861,307,3.2,0.330,0.3212,90,0.035,0.47,-1.00,0.0719,0.1059,0.121
2042,51.3088,310,3.2,0.425,0.3291,88,0.036,0.48,-0.86,0.0689,0.1171,0.089
2043,51.5826,279,3.2,0.330,0.3436,90,0.035,0.43,-1.00,0.0670,0.1065,0.085
2044,64.7719,296,3.1,0.420,0.3359,88,0.036,0.46,-0.87,0.0670,0.1078,0.097
2045,67.6802,282,3.2,0.325,0.3234,90,0.035,0.43,-1.01,0.0724,0.1056,0.076
2046,64.5915,300,3.2,0.425,0.3249,90,0.035,0.46,-0.86,0.0720,0.1041,0.075
2047,55.1800,274,3.2,0.330,0.3237,96,0.033,0.42,-1.00,0.0674,0.1014,0.074
2048,49.4582,268,3.2,0.420,0.3341,93,0.034,0.41,-0.87,0.0698,0.1079,0.048
2049,59.8816,286,3.2,0.375,0.3337,96,0.033,0.44,-0.94,0.0679,0.1168,0.053
2050,63.4317,277,3.2,0.390,0.3401,95,0.033,0.43,-0.92,0.0679,0.1115,0.055
2051,63.6198,319,3.1,0.380,0.3378,90,0.035,0.49,-0.93,0.0725,0.1173,0.047
2052,48.2876,267,3.2,0.395,0.3222,89,0.035,0.41,-0.91,0.0671,0.1063,0.060
2053,51.7007,298,3.2,0.345,0.3266,92,0.034,0.46,-0.98,0.0720,0.0959,0.077
2054,83.0882,302,3.1,0.370,0.3313,87,0.036,0.46,-0.95,0.0643,0.1096,0.059
2055,74.1051,340,3.1,0.370,0.3266,90,0.035,0.52,-0.95,0.0733,0.1147,0.056
2056,58.9135,289,3.2,0.355,0.3342,88,0.036,0.44,-0.97,0.0686,0.1031,0.077
2057,59.5557,269,3.2,0.420,0.3326,90,0.035,0.41,-0.87,0.0712,0.1101,0.073
2058,67.5718,289,3.2,0.350,0.3306,91,0.034,0.44,-0.98,0.0683,0.1168,0.082
2059,51.5221,276,3.2,0.410,0.3283,90,0.035,0.42,-0.89,0.0689,0.1081,0.097
2060,70.4959,298,3.1,0.320,0.3267,93,0.034,0.46,-1.02,0.0706,0.1079,0.078
2061,58.8788,289,3.2,0.440,0.3261,92,0.034,0.44,-0.84,0.0708,0.1093,0.055
2062,54.3950,282,3.2,0.345,0.3319,93,0.034,0.43,-0.98,0.0647,0.1112,0.061
2063,58.5267,272,3.2,0.380,0.3363,92,0.034,0.42,-0.93,0.0659,0.1164,0.080
2064,54.0315,298,3.1,0.405,0.3417,97,0.032,0.46,-0.89,0.0694,0.1141,0.082
2065,62.2142,264,3.1,0.310,0.3345,89,0.035,0.41,-1.03,0.0656,0.1190,0.079
2066,60.0858,312,3.2,0.430,0.3243,89,0.035,0.48,-0.86,0.0685,0.1167,0.070
2067,55.8647,289,3.2,0.360,0.3287,86,0.036,0.44,-0.96,0.0674,0.1051,0.040
2068,47.7431,268,3.2,0.390,0.3328,91,0.034,0.41,-0.92,0.0661,0.1124,0.063
2069,65.2221,259,3.2,0.345,0.3288,94,0.033,0.40,-0.98,0.0691,0.1091,0.080
2070,78.9787,278,3.2,0.370,0.3300,91,0.034,0.43,-0.95,0.0668,0.1046,0.058
2071,49.7319,265,3.2,0.425,0.3243,86,0.036,0.41,-0.86,0.0688,0.1009,0.079
2072,74.2867,285,3.1,0.325,0.3281,95,0.033,0.44,-1.01,0.0689,0.0997,0.084
2073,73.0997,306,3.1,0.400,0.3235,93,0.034,0.47,-0.90,0.0697,0.1124,0.050
2074,77.9103,348,3.1,0.320,0.3266,86,0.036,0.54,-1.02,0.0667,0.1085,0.050
2075,63.2155,314,3.1,0.410,0.3355,79,0.040,0.48,-0.89,0.0668,0.1080,0.056
2076,60.4294,290,3.1,0.400,0.3341,82,0.038,0.45,-0.90,0.0659,0.1028,0.083
2077,65.7340,290,3.2,0.380,0.3235,89,0.035,0.45,-0.93,0.0691,0.1009,0.094
2078,66.6707,285,3.2,0.400,0.3139,90,0.035,0.44,-0.90,0.0686,0.1046,0.060
2079,64.4297,270,3.2,0.390,0.3193,87,0.036,0.41,-0.92,0.0686,0.1085,0.073
2080,49.1832,288,3.3,0.410,0.3206,92,0.034,0.44,-0.89,0.0679,0.1001,0.090
2081,61.2488,269,3.2,0.385,0.3199,92,0.034,0.41,-0.92,0.0685,0.1140,0.088
2082,51.7835,304,3.3,0.420,0.3306,92,0.034,0.47,-0.87,0.0681,0.1201,0.065
2083,72.0819,313,3.2,0.355,0.3288,92,0.034,0.48,-0.97,0.0661,0.1142,0.053
2084,62.8693,269,3.1,0.405,0.3305,93,0.034,0.41,-0.89,0.0672,0.1288,0.060
2085,69.6678,306,3.1,0.330,0.3383,89,0.035,0.47,-1.00,0.0645,0.1326,0.070
2086,83.5547,337,3.2,0.380,0.3456,90,0.035,0.52,-0.93,0.0684,0.1183,0.096
2087,66.1989,290,3.2,0.415,0.3324,90,0.035,0.45,-0.88,0.0629,0.1160,0.079
2088,55.6391,303,3.2,0.350,0.3277,87,0.036,0.47,-0.98,0.0663,0.1045,0.140
2089,72.6651,318,3.2,0.405,0.3274,87,0.036,0.49,-0.89,0.0672,0.1215,0.106
2090,44.0826,277,3.2,0.395,0.3196,88,0.036,0.43,-0.91,0.0707,0.1270,0.034
2091,61.1584,267,3.2,0.360,0.3249,93,0.034,0.41,-0.96,0.0735,0.1094,0.083
2092,66.1202,273,3.2,0.435,0.3190,89,0.035,0.42,-0.85,0.0684,0.1124,0.115
2093,73.2840,305,3.1,0.315,0.3166,94,0.033,0.47,-1.03,0.0716,0.1137,0.094
2094,53.3723,277,3.2,0.445,0.3350,90,0.035,0.43,-0.83,0.0701,0.1152,0.062
2095,63.3193,292,3.2,0.345,0.3322,94,0.033,0.45,-0.98,0.0676,0.1123,0.066
2096,58.5797,277,3.2,0.390,0.3359,90,0.035,0.43,-0.92,0.0695,0.1178,0.052
2097,69.4269,294,3.1,0.355,0.3336,89,0.035,0.45,-0.97,0.0721,0.1089,0.064
2098,42.2368,298,3.1,0.405,0.3281,90,0.035,0.46,-0.89,0.0685,0.1043,0.087
2099,77.2145,281,3.2,0.340,0.3213,91,0.034,0.43,-0.99,0.0669,0.1060,0.080
2100,62.3393,298,3.2,0.405,0.3244,90,0.035,0.46,-0.89,0.0697,0.1104,0.074
2101,47.6931,282,3.2,0.345,0.3320,89,0.035,0.43,-0.98,0.0707,0.1126,0.064
2102,58.3414,303,3.3,0.370,0.3322,91,0.034,0.47,-0.95,0.0671,0.1207,0.065
2103,55.9512,253,3.2,0.415,0.3250,91,0.034,0.39,-0.88,0.0679,0.1236,0.068
2104,46.1491,275,3.2,0.340,0.3294,91,0.034,0.42,-0.99,0.0652,0.1218,0.050
2105,53.1373,282,3.1,0.455,0.3328,92,0.034,0.43,-0.82,0.0666,0.1122,0.060
2106,73.6317,342,3.1,0.330,0.3358,93,0.034,0.53,-1.00,0.0678,0.1073,0.069
2107,61.7803,304,3.1,0.415,0.3344,89,0.035,0.47,-0.88,0.0677,0.1081,0.064
2108,67.3118,297,3.2,0.350,0.3282,90,0.035,0.46,-0.98,0.0700,0.1177,0.056
2109,72.7529,328,3.2,0.360,0.3294,92,0.034,0.50,-0.96,0.0733,0.1169,0.074
2110,57.1823,273,3.2,0.340,0.3259,90,0.035,0.42,-0.99,0.0714,0.1061,0.125
2111,57.1747,276,3.2,0.420,0.3403,90,0.035,0.42,-0.87,0.0686,0.0993,0.139
2112,66.5137,298,3.2,0.375,0.3320,89,0.035,0.46,-0.94,0.0692,0.1049,0.087
2113,46.8366,294,3.2,0.365,0.3171,89,0.035,0.45,-0.95,0.0719,0.1142,0.084
2114,58.3280,264,3.2,0.390,0.3161,90,0.035,0.41,-0.92,0.0696,0.1154,0.075
2115,50.8358,256,3.2,0.395,0.3155,89,0.035,0.39,-0.91,0.0691,0.1176,0.046
2116,46.9398,240,3.1,0.385,0.3185,93,0.034,0.37,-0.92,0.0676,0.1202,0.068
2117,71.5961,292,3.1,0.355,0.3250,92,0.034,0.45,-0.97,0.0673,0.1177,0.079
2118,74.5013,330,3.2,0.400,0.3343,91,0.034,0.51,-0.90,0.0742,0.1210,0.085
2119,70.1463,295,3.2,0.355,0.3365,93,0.034,0.45,-0.97,0.0721,0.1135,0.084
2120,53.0381,295,3.2,0.395,0.3164,90,0.035,0.45,-0.91,0.0702,0.0982,0.084
2121,51.7984,285,3.2,0.370,0.3245,91,0.034,0.44,-0.95,0.0658,0.1075,0.056
2122,63.4246,279,3.2,0.420,0.3323,90,0.035,0.43,-0.87,0.0662,0.1149,0.060
2123,48.7919,267,3.2,0.385,0.3279,91,0.034,0.41,-0.92,0.0680,0.1127,0.086
2124,39.5128,249,3.2,0.405,0.3293,90,0.035,0.38,-0.89,0.0686,0.1077,0.086
2125,70.7411,293,3.2,0.380,0.3317,87,0.036,0.45,-0.93,0.0672,0.1087,0.059
2126,54.5307,274,3.1,0.410,0.3278,86,0.036,0.42,-0.89,0.0706,0.1043,0.053
2127,70.1474,291,3.2,0.325,0.3271,91,0.034,0.45,-1.01,0.0651,0.1007,0.071
2128,61.9019,305,3.2,0.410,0.3383,88,0.036,0.47,-0.89,0.0704,0.1165,0.070
2129,76.2634,323,3.2,0.340,0.3312,91,0.034,0.50,-0.99,0.0710,0.1211,0.079
2130,82.1523,326,3.1,0.380,0.3392,85,0.037,0.50,-0.93,0.0691,0.1118,0.072
2131,68.4258,307,3.2,0.395,0.3380,84,0.037,0.47,-0.91,0.0699,0.1292,0.061
2132,70.0075,318,3.3,0.385,0.3294,90,0.035,0.49,-0.92,0.0723,0.1265,0.074
2133,61.1024,325,3.3,0.360,0.3209,96,0.033,0.50,-0.96,0.0725,0.1116,0.069
2134,44.4653,275,3.2,0.460,0.3237,91,0.034,0.42,-0.81,0.0731,0.1130,0.077
2135,65.9159,285,3.2,0.370,0.3230,90,0.035,0.44,-0.95,0.0722,0.1076,0.106
2136,62.0528,275,3.2,0.415,0.3247,89,0.035,0.42,-0.88,0.0719,0.1067,0.100
2137,51.7434,262,3.2,0.375,0.3313,91,0.034,0.40,-0.94,0.0697,0.1043,0.106
2138,77.9924,262,3.2,0.420,0.3257,98,0.032,0.40,-0.87,0.0675,0.1064,0.110
2139,81.1536,323,3.2,0.315,0.3256,94,0.033,0.50,-1.03,0.0708,0.1085,0.077
2140,56.9441,299,3.1,0.430,0.3282,93,0.034,0.46,-0.86,0.0705,0.1077,0.077
2141,66.4945,310,3.2,0.340,0.3379,90,0.035,0.48,-0.99,0.0739,0.1013,0.082
2142,55.1267,261,3.2,0.435,0.3388,92,0.034,0.40,-0.85,0.0674,0.1088,0.054
2143,57.2579,307,3.3,0.390,0.3382,94,0.033,0.47,-0.92,0.0665,0.1160,0.078
2144,45.9369,278,3.3,0.415,0.3336,88,0.036,0.43,-0.88,0.0665,0.1160,0.087
2145,58.3735,256,3.2,0.380,0.3264,87,0.036,0.39,-0.93,0.0677,0.1235,0.060
2146,68.9744,315,3.2,0.395,0.3317,88,0.036,0.48,-0.91,0.0722,0.1190,0.087
2147,75.0071,331,3.2,0.320,0.3225,91,0.034,0.51,-1.02,0.0688,0.1119,0.104
2148,51.8211,284,3.2,0.445,0.3260,88,0.036,0.44,-0.83,0.0674,0.1047,0.078
2149,39.9094,259,3.2,0.350,0.3333,90,0.035,0.40,-0.98,0.0705,0.0998,0.080
2150,46.9081,243,3.2,0.455,0.3469,90,0.035,0.37,-0.82,0.0696,0.1123,0.087
2151,65.7920,279,3.3,0.345,0.3397,87,0.036,0.43,-0.98,0.0677,0.1164,0.090
2152,57.7886,274,3.3,0.390,0.3304,90,0.035,0.42,-0.92,0.0710,0.1218,0.092
2153,73.5672,284,3.3,0.325,0.3280,89,0.035,0.44,-1.01,0.0709,0.1194,0.094
2154,39.7971,246,3.2,0.465,0.3358,93,0.034,0.38,-0.80,0.0719,0.1168,0.086
2155,55.2526,282,3.2,0.345,0.3376,93,0.034,0.43,-0.98,0.0709,0.1153,0.093
2156,51.5722,264,3.2,0.390,0.3408,91,0.034,0.41,-0.92,0.0674,0.1152,0.079
2157,54.8848,296,3.2,0.365,0.3363,90,0.035,0.45,-0.95,0.0678,0.1275,0.084
2158,50.3492,275,3.2,0.380,0.3422,90,0.035,0.42,-0.93,0.0675,0.1301,0.092
2159,83.3065,304,3.2,0.375,0.3376,92,0.034,0.47,-0.94,0.0740,0.1183,0.095
2160,62.6437,322,3.1,0.375,0.3372,89,0.035,0.50,-0.94,0.0703,0.1086,0.103
2161,63.7513,285,3.1,0.395,0.3420,90,0.035,0.44,-0.91,0.0671,0.1028,0.061
2162,71.4071,339,3.1,0.400,0.3370,98,0.032,0.52,-0.90,0.0695,0.1143,0.047
2163,51.3211,295,3.2,0.375,0.3326,95,0.033,0.45,-0.94,0.0671,0.1250,0.067
2164,53.6455,261,3.1,0.395,0.3344,91,0.034,0.40,-0.91,0.0672,0.1204,0.073
2165,54.7352,272,3.2,0.390,0.3338,89,0.035,0.42,-0.92,0.0667,0.1163,0.068
2166,49.8720,280,3.2,0.400,0.3314,93,0.034,0.43,-0.90,0.0690,0.1147,0.068
2167,67.2370,284,3.2,0.345,0.3366,94,0.033,0.44,-0.98,0.0700,0.1135,0.071
2168,53.0532,306,3.2,0.405,0.3391,90,0.035,0.47,-0.89,0.0714,0.1206,0.076
2169,57.5580,282,3.1,0.335,0.3362,91,0.034,0.43,-1.00,0.0675,0.1195,0.121
2170,67.2524,300,3.2,0.450,0.3367,88,0.036,0.46,-0.83,0.0677,0.1270,0.086
2171,56.8763,301,3.2,0.385,0.3312,85,0.037,0.46,-0.92,0.0693,0.1170,0.074
2172,65.6792,244,3.2,0.420,0.3365,89,0.035,0.38,-0.87,0.0652,0.1092,0.065
2173,69.6771,291,3.2,0.355,0.3380,93,0.034,0.45,-0.97,0.0685,0.1151,0.027
2174,61.6874,303,3.2,0.395,0.3416,91,0.034,0.47,-0.91,0.0712,0.1200,0.075
2175,51.9700,287,3.2,0.385,0.3459,95,0.033,0.44,-0.92,0.0708,0.1205,0.093
2176,43.9816,254,3.2,0.400,0.3450,92,0.034,0.39,-0.90,0.0681,0.1088,0.101
2177,62.0192,274,3.2,0.385,0.3326,91,0.034,0.42,-0.92,0.0687,0.1180,0.074
2178,78.4287,311,3.2,0.350,0.3424,92,0.034,0.48,-0.98,0.0679,0.1338,0.043
2179,62.8919,297,3.2,0.370,0.3491,92,0.034,0.46,-0.95,0.0694,0.1156,0.067
2180,54.1750,260,3.2,0.370,0.3399,86,0.036,0.40,-0.95,0.0699,0.1016,0.115
2181,66.2797,291,3.2,0.420,0.3352,92,0.034,0.45,-0.87,0.0729,0.1063,0.146
2182,72.6399,325,3.2,0.315,0.3403,90,0.035,0.50,-1.03,0.0671,0.1152,0.114
2183,52.0711,269,3.1,0.455,0.3398,90,0.035,0.41,-0.82,0.0656,0.1129,0.096
2184,64.9746,263,3.2,0.340,0.3464,90,0.035,0.40,-0.99,0.0701,0.1127,0.093
2185,60.6093,260,3.2,0.385,0.3332,90,0.035,0.40,-0.92,0.0665,0.1101,0.092
2186,55.4903,274,3.2,0.400,0.3396,90,0.035,0.42,-0.90,0.0709,0.1070,0.105
2187,58.5170,283,3.2,0.385,0.3470,89,0.035,0.44,-0.92,0.0686,0.1068,0.077
2188,56.3107,291,3.2,0.350,0.3367,90,0.035,0.45,-0.98,0.0703,0.1177,0.041
2189,65.8362,282,3.2,0.350,0.3366,91,0.034,0.43,-0.98,0.0705,0.1179,0.043
2190,64.0357,296,3.2,0.330,0.3344,91,0.034,0.45,-1.00,0.0715,0.1078,0.076
2191,64.6190,294,3.2,0.370,0.3345,90,0.035,0.45,-0.95,0.0690,0.1093,0.098
2192,64.7517,273,3.1,0.395,0.3279,94,0.033,0.42,-0.91,0.0684,0.1042,0.084
2193,59.2888,271,3.2,0.395,0.3326,93,0.034,0.42,-0.91,0.0754,0.1075,0.074
2194,47.2395,275,3.2,0.385,0.3445,93,0.034,0.42,-0.92,0.0670,0.1083,0.075
2195,46.8359,277,3.2,0.385,0.3416,89,0.035,0.43,-0.92,0.0721,0.1057,0.062
2196,59.8037,286,3.2,0.380,0.3382,92,0.034,0.44,-0.93,0.0683,0.1006,0.082
2197,53.2624,303,3.2,0.415,0.3388,89,0.035,0.47,-0.88,0.0696,0.1086,0.086
2198,46.4765,248,3.2,0.355,0.3375,91,0.034,0.38,-0.97,0.0695,0.1208,0.083
2199,51.4883,279,3.2,0.385,0.3415,93,0.034,0.43,-0.92,0.0667,0.1115,0.064
2200,59.6463,252,3.1,0.340,0.3443,95,0.033,0.39,-0.99,0.0700,0.1070,0.059
2201,63.0686,287,3.1,0.405,0.3367,92,0.034,0.44,-0.89,0.0691,0.1066,0.073
2202,68.1076,302,3.1,0.370,0.3353,85,0.037,0.46,-0.95,0.0684,0.1036,0.054
2203,48.0847,252,3.1,0.430,0.3344,90,0.035,0.39,-0.86,0.0655,0.1035,0.071
2204,80.3222,265,3.2,0.290,0.3335,91,0.034,0.41,-1.06,0.0695,0.1034,0.123
2205,57.3763,305,3.2,0.410,0.3451,91,0.034,0.47,-0.89,0.0691,0.1094,0.098
2206,60.2641,311,3.2,0.350,0.3379,90,0.035,0.48,-0.98,0.0672,0.1118,0.069
2207,56.9847,300,3.2,0.425,0.3375,89,0.035,0.46,-0.86,0.0724,0.1167,0.074
2208,70.0685,298,3.2,0.330,0.3412,89,0.035,0.46,-1.00,0.0721,0.1164,0.056
2209,62.1140,266,3.2,0.370,0.3477,94,0.033,0.41,-0.95,0.0727,0.1126,0.058
2210,60.7434,295,3.2,0.415,0.3480,92,0.034,0.45,-0.88,0.0681,0.1068,0.067
2211,73.8230,317,3.1,0.350,0.3411,96,0.033,0.49,-0.98,0.0702,0.1069,0.049
2212,72.4197,353,3.2,0.360,0.3449,90,0.035,0.54,-0.96,0.0717,0.1086,0.074
2213,59.5336,280,3.2,0.425,0.3459,87,0.036,0.43,-0.86,0.0671,0.1042,0.078
2214,63.7010,263,3.2,0.355,0.3377,89,0.035,0.40,-0.97,0.0709,0.1056,0.058
2215,42.4099,254,3.2,0.455,0.3327,93,0.034,0.39,-0.82,0.0680,0.1136,0.065
2216,50.0586,249,3.2,0.360,0.3423,93,0.034,0.38,-0.96,0.0687,0.1124,0.058
2217,72.2243,287,3.2,0.400,0.3403,95,0.033,0.44,-0.90,0.0734,0.1200,0.054
2218,50.3626,295,3.2,0.385,0.3485,90,0.035,0.45,-0.92,0.0722,0.1299,0.054
2219,61.8505,255,3.2,0.370,0.3516,92,0.034,0.39,-0.95,0.0711,0.1279,0.076
2220,70.7353,289,3.2,0.410,0.3455,86,0.036,0.44,-0.89,0.0705,0.1224,0.072
2221,54.3144,279,3.2,0.355,0.3376,85,0.037,0.43,-0.97,0.0717,0.1056,0.061
2222,56.0891,311,3.2,0.395,0.3455,86,0.036,0.48,-0.91,0.0644,0.1107,0.063
2223,46.2985,278,3.2,0.330,0.3349,88,0.036,0.43,-1.00,0.0683,0.1252,0.064
2224,49.1389,270,3.2,0.430,0.3330,87,0.036,0.42,-0.86,0.0679,0.1187,0.055
2225,61.5759,276,3.2,0.325,0.3355,85,0.037,0.42,-1.01,0.0667,0.1130,0.079
2226,63.6819,284,3.2,0.420,0.3308,97,0.032,0.44,-0.87,0.0661,0.1133,0.106
2227,50.8358,256,3.3,0.380,0.3223,95,0.033,0.39,-0.93,0.0690,0.1169,0.111
2228,51.9337,275,3.3,0.420,0.3380,95,0.033,0.42,-0.87,0.0682,0.1207,0.107
2229,72.2014,278,3.2,0.350,0.3414,94,0.033,0.43,-0.98,0.0677,0.1181,0.081
2230,64.9851,306,3.2,0.430,0.3341,91,0.034,0.47,-0.86,0.0678,0.1191,0.065
2231,71.4275,324,3.1,0.350,0.3389,91,0.034,0.50,-0.98,0.0713,0.1201,0.061
2232,69.0464,286,3.1,0.375,0.3575,89,0.035,0.44,-0.94,0.0719,0.1171,0.080
2233,70.8890,315,3.1,0.385,0.3449,92,0.034,0.48,-0.92,0.0687,0.1169,0.062
2234,61.7458,297,3.2,0.345,0.3329,93,0.034,0.46,-0.98,0.0692,0.1039,0.106
2235,52.4085,289,3.2,0.395,0.3323,91,0.034,0.44,-0.91,0.0691,0.1124,0.097
2236,51.6551,258,3.3,0.365,0.3317,91,0.034,0.40,-0.95,0.0730,0.1180,0.063
2237,72.5801,287,3.2,0.420,0.3377,94,0.033,0.44,-0.87,0.0694,0.1277,0.061
2238,68.3796,293,3.2,0.395,0.3410,96,0.033,0.45,-0.91,0.0688,0.1301,0.064
2239,68.9486,281,3.1,0.425,0.3365,93,0.034,0.43,-0.86,0.0708,0.1233,0.106
2240,65.5834,294,3.1,0.350,0.3283,87,0.036,0.45,-0.98,0.0683,0.1218,0.107
2241,70.0176,311,3.1,0.400,0.3444,92,0.034,0.48,-0.90,0.0737,0.1161,0.095
2242,54.5992,309,3.2,0.360,0.3382,89,0.035,0.47,-0.96,0.0674,0.1137,0.088
2243,60.5066,279,3.1,0.380,0.3434,94,0.033,0.43,-0.93,0.0658,0.1074,0.084
2244,78.6455,302,3.1,0.410,0.3414,91,0.034,0.46,-0.89,0.0671,0.1121,0.103
2245,63.1476,300,3.2,0.350,0.3337,88,0.036,0.46,-0.98,0.0688,0.1253,0.093
2246,57.1017,277,3.2,0.400,0.3417,86,0.036,0.43,-0.90,0.0695,0.1259,0.048
2247,55.7245,277,3.2,0.405,0.3469,93,0.034,0.43,-0.89,0.0675,0.1157,0.065
2248,59.5739,272,3.2,0.360,0.3501,94,0.033,0.42,-0.96,0.0716,0.1116,0.085
2249,62.0899,267,3.2,0.395,0.3332,93,0.034,0.41,-0.91,0.0697,0.1051,0.064
2250,63.3347,277,3.2,0.390,0.3253,90,0.035,0.43,-0.92,0.0695,0.1109,0.082
2251,60.1951,272,3.2,0.360,0.3373,94,0.033,0.42,-0.96,0.0687,0.1088,0.093
2252,54.5452,248,3.2,0.410,0.3479,93,0.034,0.38,-0.89,0.0684,0.1114,0.088
2253,72.1041,300,3.2,0.335,0.3490,94,0.033,0.46,-1.00,0.0701,0.1097,0.069
2254,68.9789,315,3.2,0.395,0.3439,91,0.034,0.48,-0.91,0.0664,0.1076,0.072
2255,71.9004,274,3.1,0.335,0.3415,89,0.035,0.42,-1.00,0.0666,0.1140,0.088
2256,52.7259,291,3.2,0.435,0.3362,90,0.035,0.45,-0.85,0.0683,0.1068,0.106
2257,62.0079,271,3.3,0.340,0.3301,88,0.036,0.42,-0.99,0.0677,0.1053,0.140
2258,63.7905,300,3.3,0.420,0.3332,90,0.035,0.46,-0.87,0.0703,0.1104,0.075
2259,40.4726,274,3.3,0.380,0.3357,91,0.034,0.42,-0.93,0.0653,0.1116,0.046
2260,52.9343,291,3.2,0.370,0.3369,94,0.033,0.45,-0.95,0.0720,0.1231,0.041
2261,64.1237,275,3.2,0.410,0.3410,93,0.034,0.42,-0.89,0.0706,0.1276,0.033
2262,67.0519,268,3.1,0.375,0.3466,91,0.034,0.41,-0.94,0.0654,0.1198,0.060
2263,74.2897,321,3.1,0.380,0.3471,90,0.035,0.49,-0.93,0.0664,0.1257,0.092
2264,58.3044,290,3.1,0.385,0.3424,91,0.034,0.45,-0.92,0.0670,0.1222,0.099
2265,65.0454,290,3.2,0.355,0.3414,88,0.036,0.45,-0.97,0.0661,0.1155,0.106
2266,64.9432,273,3.2,0.390,0.3334,87,0.036,0.42,-0.92,0.0662,0.1106,0.105
2267,51.9884,285,3.2,0.395,0.3386,87,0.036,0.44,-0.91,0.0692,0.1083,0.102
2268,53.1525,267,3.2,0.405,0.3413,90,0.035,0.41,-0.89,0.0698,0.1089,0.105
2269,55.7254,271,3.2,0.325,0.3461,85,0.037,0.42,-1.01,0.0666,0.1108,0.093
2270,31.0234,252,3.2,0.490,0.3359,92,0.034,0.39,-0.77,0.0724,0.1077,0.070
2271,50.5478,258,3.3,0.325,0.3317,90,0.035,0.40,-1.01,0.0702,0.1164,0.051
2272,59.2200,260,3.1,0.455,0.3394,94,0.033,0.40,-0.82,0.0705,0.1260,0.048
2273,75.0861,305,3.1,0.355,0.3413,92,0.034,0.47,-0.97,0.0700,0.1136,0.059
2274,66.4234,278,3.2,0.410,0.3501,89,0.035,0.43,-0.89,0.0681,0.1277,0.048
2275,54.1124,257,3.3,0.400,0.3513,90,0.035,0.39,-0.90,0.0707,0.1260,0.045
2276,57.4489,274,3.1,0.345,0.3589,93,0.034,0.42,-0.98,0.0704,0.1251,0.042
2277,76.1958,304,3.1,0.365,0.3471,91,0.034,0.47,-0.95,0.0690,0.1313,0.037
2278,58.4234,322,3.3,0.390,0.3385,86,0.036,0.50,-0.92,0.0686,0.1189,0.035
2279,51.0754,277,3.3,0.380,0.3341,89,0.035,0.43,-0.93,0.0670,0.1073,0.079
2280,54.7206,284,3.3,0.425,0.3406,90,0.035,0.44,-0.86,0.0680,0.1087,0.114
2281,56.0474,247,3.2,0.395,0.3376,92,0.034,0.38,-0.91,0.0684,0.1149,0.092
2282,48.4397,294,3.2,0.405,0.3339,95,0.033,0.45,-0.89,0.0679,0.1127,0.075
2283,56.2262,264,3.2,0.360,0.3367,91,0.034,0.41,-0.96,0.0666,0.1289,0.064
2284,62.5702,290,3.2,0.410,0.3347,96,0.033,0.45,-0.89,0.0655,0.1416,0.056
2285,40.3371,249,3.3,0.415,0.3482,89,0.035,0.38,-0.88,0.0674,0.1305,0.065
2286,56.2688,237,3.2,0.390,0.3545,89,0.035,0.36,-0.92,0.0709,0.1214,0.065
2287,57.9070,257,3.2,0.390,0.3404,94,0.033,0.39,-0.92,0.0654,0.1113,0.059
2288,63.2990,278,3.2,0.365,0.3472,93,0.034,0.43,-0.95,0.0733,0.1124,0.075
2289,61.1486,273,3.3,0.420,0.3437,94,0.033,0.42,-0.87,0.0684,0.1191,0.086
2290,58.1124,265,3.3,0.395,0.3463,92,0.034,0.41,-0.91,0.0724,0.1179,0.093
2291,70.0533,314,3.2,0.370,0.3456,93,0.034,0.48,-0.95,0.0688,0.1190,0.086
2292,58.0801,293,3.2,0.415,0.3406,87,0.036,0.45,-0.88,0.0662,0.1239,0.065
2293,56.1474,281,3.2,0.345,0.3431,93,0.034,0.43,-0.98,0.0669,0.1239,0.047
2294,53.8698,259,3.2,0.405,0.3341,94,0.033,0.40,-0.89,0.0720,0.1086,0.062
2295,55.0093,265,3.2,0.425,0.3467,96,0.033,0.41,-0.86,0.0708,0.1197,0.056
2296,61.3077,273,3.2,0.340,0.3533,92,0.034,0.42,-0.99,0.0705,0.1286,0.061
2297,61.4908,239,3.3,0.455,0.3484,85,0.037,0.37,-0.82,0.0714,0.1198,0.092
2298,58.9371,274,3.3,0.355,0.3442,90,0.035,0.42,-0.97,0.0727,0.1155,0.060
2299,49.2829,297,3.3,0.425,0.3443,93,0.034,0.46,-0.86,0.0681,0.1125,0.040
2300,43.8536,242,3.3,0.360,0.3467,96,0.033,0.37,-0.96,0.0744,0.1289,0.088
2301,73.0880,288,3.2,0.415,0.3358,92,0.034,0.44,-0.88,0.0695,0.1388,0.089
2302,62.6498,298,3.3,0.380,0.3325,87,0.036,0.46,-0.93,0.0686,0.1323,0.073
2303,52.7855,280,3.2,0.390,0.3441,90,0.035,0.43,-0.92,0.0682,0.1122,0.097
2304,61.5043,286,3.2,0.390,0.3514,94,0.033,0.44,-0.92,0.0692,0.1150,0.068
2305,68.9079,272,3.2,0.420,0.3475,96,0.033,0.42,-0.87,0.0685,0.1255,0.057
2306,58.7708,322,3.1,0.360,0.3389,90,0.035,0.49,-0.96,0.0687,0.1126,0.078
2307,56.0922,285,3.2,0.410,0.3445,89,0.035,0.44,-0.89,0.0689,0.1092,0.066
2308,58.6261,295,3.2,0.370,0.3514,84,0.037,0.45,-0.95,0.0704,0.1130,0.041
2309,60.5309,284,3.1,0.395,0.3444,89,0.035,0.44,-0.91,0.0693,0.1139,0.045
2310,64.2744,299,3.2,0.375,0.3469,92,0.034,0.46,-0.94,0.0728,0.1225,0.074
2311,52.2297,259,3.2,0.430,0.3473,91,0.034,0.40,-0.86,0.0677,0.1223,0.084
2312,54.1627,293,3.3,0.380,0.3367,89,0.035,0.45,-0.93,0.0684,0.1238,0.075
2313,61.6743,295,3.2,0.385,0.3469,86,0.036,0.45,-0.92,0.0675,0.1326,0.047
2314,64.7654,298,3.2,0.355,0.3443,88,0.036,0.46,-0.97,0.0690,0.1298,0.042
2315,66.0249,304,3.2,0.365,0.3404,90,0.035,0.47,-0.95,0.0717,0.1233,0.088
2316,72.6488,314,3.1,0.395,0.3384,88,0.036,0.48,-0.91,0.0672,0.1173,0.112
2317,69.5854,315,3.2,0.355,0.3363,88,0.036,0.48,-0.97,0.0692,0.1197,0.064
2318,63.7010,297,3.1,0.370,0.3422,90,0.035,0.46,-0.95,0.0685,0.1041,0.058
2319,77.3914,266,3.2,0.380,0.3399,94,0.033,0.41,-0.93,0.0699,0.1002,0.070
2320,63.1854,312,3.1,0.380,0.3357,87,0.036,0.48,-0.93,0.0698,0.1027,0.082
2321,66.3231,295,3.2,0.345,0.3464,88,0.036,0.45,-0.98,0.0677,0.0988,0.099
2322,53.6106,300,3.3,0.400,0.3547,92,0.034,0.46,-0.90,0.0668,0.1217,0.069
2323,59.9466,262,3.3,0.335,0.3378,87,0.036,0.40,-1.00,0.0691,0.1231,0.070
2324,61.2856,306,3.3,0.415,0.3409,87,0.036,0.47,-0.88,0.0668,0.1198,0.106
2325,66.5256,277,3.3,0.355,0.3587,94,0.033,0.43,-0.97,0.0705,0.1247,0.081
2326,77.0247,321,3.2,0.370,0.3648,92,0.034,0.49,-0.95,0.0704,0.1311,0.083
2327,44.5958,261,3.2,0.385,0.3550,93,0.034,0.40,-0.92,0.0679,0.1254,0.075
2328,55.6174,245,3.1,0.440,0.3444,92,0.034,0.38,-0.84,0.0717,0.1057,0.031
2329,60.7016,303,3.2,0.375,0.3499,92,0.034,0.47,-0.94,0.0708,0.1091,0.044
2330,64.7389,285,3.1,0.425,0.3543,93,0.034,0.44,-0.86,0.0671,0.1160,0.068
2331,69.3874,286,3.2,0.405,0.3493,88,0.036,0.44,-0.89,0.0707,0.1156,0.072
2332,73.8381,319,3.2,0.385,0.3565,92,0.034,0.49,-0.92,0.0696,0.1172,0.072
2333,53.8860,306,3.3,0.360,0.3513,88,0.036,0.47,-0.96,0.0665,0.1242,0.074
2334,56.6521,272,3.2,0.345,0.3437,86,0.036,0.42,-0.98,0.0683,0.1170,0.078
2335,65.2197,309,3.2,0.375,0.3551,92,0.034,0.47,-0.94,0.0678,0.1246,0.075
2336,67.6520,338,3.2,0.350,0.3493,92,0.034,0.52,-0.98,0.0736,0.1401,0.088
2337,56.6893,278,3.3,0.430,0.3479,92,0.034,0.43,-0.86,0.0675,0.1339,0.097
2338,60.5778,265,3.2,0.390,0.3594,90,0.035,0.41,-0.92,0.0705,0.1312,0.065
2339,77.1000,287,3.2,0.410,0.3602,92,0.034,0.44,-0.89,0.0653,0.1355,0.045
2340,55.5140,306,3.2,0.370,0.3566,96,0.033,0.47,-0.95,0.0683,0.1316,0.054
2341,57.6410,245,3.2,0.425,0.3525,90,0.035,0.38,-0.86,0.0714,0.1310,0.040
2342,66.7943,304,3.3,0.355,0.3449,88,0.036,0.47,-0.97,0.0653,0.1175,0.054
2343,77.2938,311,3.1,0.410,0.3533,90,0.035,0.48,-0.89,0.0678,0.1213,0.096
2344,70.3413,313,3.2,0.365,0.3625,83,0.038,0.48,-0.95,0.0665,0.1285,0.082
2345,63.6343,301,3.2,0.370,0.3451,91,0.034,0.46,-0.95,0.0675,0.1262,0.072
2346,79.8590,317,3.2,0.345,0.3535,92,0.034,0.49,-0.98,0.0681,0.1283,0.081
2347,56.6217,312,3.2,0.365,0.3498,86,0.036,0.48,-0.95,0.0712,0.1263,0.080
2348,64.4784,299,3.2,0.365,0.3475,85,0.037,0.46,-0.95,0.0703,0.1245,0.069
2349,54.8780,266,3.2,0.430,0.3451,87,0.036,0.41,-0.86,0.0675,0.1190,0.078
2350,56.2185,246,3.2,0.360,0.3280,91,0.034,0.38,-0.96,0.0705,0.1117,0.103
2351,65.8968,284,3.2,0.420,0.3356,94,0.033,0.44,-0.87,0.0694,0.1264,0.086
2352,54.3483,273,3.1,0.365,0.3424,90,0.035,0.42,-0.95,0.0704,0.1400,0.068
2353,62.8957,295,3.2,0.425,0.3439,83,0.038,0.45,-0.86,0.0711,0.1349,0.088
2354,63.2835,286,3.2,0.310,0.3443,88,0.036,0.44,-1.03,0.0692,0.1201,0.078
2355,49.3072,275,3.2,0.415,0.3497,90,0.035,0.42,-0.88,0.0676,0.1211,0.064
2356,57.8725,299,3.2,0.340,0.3535,91,0.034,0.46,-0.99,0.0689,0.1212,0.082
2357,60.9731,295,3.1,0.380,0.3566,95,0.033,0.45,-0.93,0.0690,0.1179,0.085
2358,80.6285,321,3.2,0.335,0.3603,86,0.036,0.49,-1.00,0.0700,0.1252,0.076
2359,60.0705,291,3.2,0.410,0.3457,92,0.034,0.45,-0.89,0.0687,0.1095,0.072
2360,54.2236,284,3.3,0.385,0.3443,89,0.035,0.44,-0.92,0.0709,0.1092,0.088
2361,60.0417,291,3.2,0.390,0.3332,96,0.033,0.45,-0.92,0.0688,0.1213,0.065
2362,43.5204,263,3.2,0.380,0.3500,95,0.033,0.40,-0.93,0.0676,0.1352,0.054
2363,57.9876,271,3.3,0.380,0.3536,93,0.034,0.42,-0.93,0.0678,0.1255,0.067
2364,73.2833,295,3.2,0.395,0.3445,90,0.035,0.45,-0.91,0.0691,0.1207,0.088
2365,59.8889,296,3.2,0.350,0.3463,92,0.034,0.45,-0.98,0.0691,0.1108,0.127
2366,59.6555,267,3.2,0.415,0.3507,91,0.034,0.41,-0.88,0.0691,0.1092,0.081
2367,66.5836,273,3.1,0.375,0.3534,95,0.033,0.42,-0.94,0.0706,0.1210,0.058
2368,74.2003,295,3.1,0.380,0.3542,89,0.035,0.45,-0.93,0.0737,0.1198,0.067
2369,81.8779,348,3.2,0.325,0.3457,83,0.038,0.53,-1.01,0.0700,0.1120,0.058
2370,62.5807,333,3.2,0.385,0.3361,92,0.034,0.51,-0.92,0.0712,0.1122,0.052
2371,71.1855,277,3.2,0.355,0.3432,94,0.033,0.43,-0.97,0.0705,0.1191,0.079
2372,59.1425,289,3.2,0.390,0.3451,95,0.033,0.44,-0.92,0.0674,0.1247,0.086
2373,59.5911,284,3.3,0.360,0.3455,93,0.034,0.44,-0.96,0.0676,0.1256,0.063
2374,66.5636,308,3.2,0.390,0.3334,91,0.034,0.47,-0.92,0.0698,0.1142,0.090
2375,62.4887,279,3.1,0.400,0.3307,90,0.035,0.43,-0.90,0.0713,0.1087,0.093
2376,68.4531,323,3.1,0.375,0.3440,94,0.033,0.50,-0.94,0.0701,0.1238,0.074
2377,62.6358,301,3.2,0.420,0.3375,92,0.034,0.46,-0.87,0.0713,0.1220,0.092
2378,61.7274,317,3.1,0.345,0.3427,84,0.037,0.49,-0.98,0.0672,0.1115,0.094
2379,70.7501,308,3.2,0.395,0.3478,94,0.033,0.47,-0.91,0.0722,0.1118,0.090
2380,57.5221,299,3.2,0.345,0.3469,92,0.034,0.46,-0.98,0.0696,0.1115,0.097
2381,48.9771,293,3.2,0.395,0.3354,91,0.034,0.45,-0.91,0.0723,0.1112,0.088
2382,61.8127,303,3.2,0.360,0.3359,91,0.034,0.47,-0.96,0.0682,0.1097,0.062
2383,49.3422,268,3.3,0.400,0.3432,91,0.034,0.41,-0.90,0.0668,0.1101,0.068
2384,66.4231,262,3.2,0.325,0.3390,90,0.035,0.40,-1.01,0.0653,0.1129,0.079
2385,50.4155,279,3.1,0.435,0.3342,91,0.034,0.43,-0.85,0.0669,0.1173,0.049
2386,60.8180,284,3.2,0.340,0.3332,97,0.032,0.44,-0.99,0.0709,0.1135,0.069
2387,63.9884,272,3.2,0.405,0.3410,94,0.033,0.42,-0.89,0.0698,0.1146,0.070
2388,72.0779,293,3.1,0.350,0.3430,94,0.033,0.45,-0.98,0.0719,0.1182,0.049
2389,72.9106,339,3.1,0.320,0.3460,91,0.034,0.52,-1.02,0.0684,0.1330,0.071
2390,62.9587,297,3.1,0.410,0.3418,87,0.036,0.46,-0.89,0.0704,0.1336,0.086
2391,65.0560,299,3.1,0.345,0.3468,90,0.035,0.46,-0.98,0.0697,0.1095,0.083
2392,57.5351,293,3.2,0.410,0.3388,95,0.033,0.45,-0.89,0.0666,0.1099,0.076
2393,68.0926,319,3.2,0.345,0.3444,91,0.034,0.49,-0.98,0.0698,0.1214,0.055
2394,52.8089,286,3.3,0.365,0.3466,88,0.036,0.44,-0.95,0.0681,0.1140,0.036
2395,65.3208,271,3.3,0.405,0.3422,87,0.036,0.42,-0.89,0.0688,0.1061,0.041
2396,72.5949,300,3.2,0.380,0.3432,92,0.034,0.46,-0.93,0.0710,0.1156,0.060
2397,59.3984,281,3.2,0.370,0.3463,95,0.033,0.43,-0.95,0.0659,0.1267,0.070
2398,67.1858,277,3.2,0.380,0.3535,92,0.034,0.43,-0.93,0.0710,0.1121,0.084
2399,60.6519,295,3.2,0.390,0.3482,88,0.036,0.45,-0.92,0.0709,0.1087,0.096
2400,71.9949,296,3.2,0.340,0.3475,88,0.036,0.45,-0.99,0.0693,0.1075,0.106
2401,70.9340,294,3.1,0.360,0.3458,87,0.036,0.45,-0.96,0.0711,0.1017,0.132
2402,56.7107,299,3.2,0.370,0.3451,92,0.034,0.46,-0.95,0.0690,0.1116,0.118
2403,44.5869,244,3.3,0.405,0.3480,90,0.035,0.37,-0.89,0.0663,0.1203,0.073
2404,57.9200,277,3.3,0.345,0.3520,90,0.035,0.43,-0.98,0.0653,0.1119,0.068
2405,57.2269,286,3.2,0.430,0.3437,89,0.035,0.44,-0.86,0.0711,0.1118,0.086
2406,56.4583,290,3.2,0.350,0.3393,82,0.038,0.45,-0.98,0.0662,0.1142,0.107
2407,67.2895,302,3.2,0.375,0.3319,93,0.034,0.46,-0.94,0.0695,0.1139,0.066
2408,64.3983,267,3.1,0.365,0.3425,86,0.036,0.41,-0.95,0.0691,0.1111,0.057
2409,57.2686,270,3.2,0.485,0.3546,93,0.034,0.41,-0.77,0.0693,0.1199,0.081
2410,71.8947,296,3.2,0.305,0.3620,94,0.033,0.46,-1.04,0.0726,0.1314,0.088
2411,70.9891,322,3.1,0.400,0.3593,93,0.034,0.49,-0.90,0.0712,0.1316,0.088
2412,81.8216,316,3.1,0.305,0.3506,90,0.035,0.49,-1.04,0.0707,0.1328,0.058
2413,52.4499,322,3.2,0.425,0.3362,90,0.035,0.49,-0.86,0.0709,0.1262,0.088
2414,61.3640,312,3.2,0.355,0.3467,93,0.034,0.48,-0.97,0.0721,0.1162,0.081
2415,50.3933,249,3.3,0.435,0.3447,92,0.034,0.38,-0.85,0.0711,0.1154,0.066
2416,66.1368,310,3.2,0.345,0.3251,89,0.035,0.48,-0.98,0.0704,0.1071,0.081
2417,46.9676,269,3.1,0.430,0.3282,92,0.034,0.41,-0.86,0.0672,0.1157,0.068
2418,57.1015,269,3.1,0.375,0.3401,91,0.034,0.41,-0.94,0.0673,0.1197,0.046
2419,46.2658,268,3.1,0.410,0.3525,93,0.034,0.41,-0.89,0.0701,0.1158,0.046
2420,66.1098,280,3.2,0.415,0.3512,97,0.032,0.43,-0.88,0.0727,0.1196,0.108
2421,66.5097,300,3.2,0.335,0.3539,92,0.034,0.46,-1.00,0.0701,0.1141,0.104
2422,60.7793,271,3.2,0.415,0.3555,96,0.033,0.42,-0.88,0.0708,0.1131,0.076
2423,63.2812,316,3.2,0.325,0.3565,89,0.035,0.49,-1.01,0.0689,0.1201,0.085
2424,75.8863,319,3.2,0.360,0.3554,86,0.036,0.49,-0.96,0.0705,0.1365,0.070
2425,67.3290,300,3.3,0.425,0.3430,87,0.036,0.46,-0.86,0.0687,0.1311,0.066
2426,57.6116,275,3.3,0.380,0.3402,91,0.034,0.42,-0.93,0.0665,0.1108,0.076
2427,54.6333,245,3.3,0.420,0.3387,92,0.034,0.38,-0.87,0.0697,0.1171,0.059
2428,70.4555,291,3.2,0.305,0.3450,89,0.035,0.45,-1.04,0.0705,0.1328,0.036
2429,74.9684,280,3.2,0.410,0.3589,89,0.035,0.43,-0.89,0.0740,0.1223,0.065
2430,69.3153,326,3.1,0.320,0.3526,88,0.036,0.50,-1.02,0.0700,0.1113,0.072
2431,71.9505,273,3.2,0.430,0.3549,94,0.033,0.42,-0.86,0.0715,0.1181,0.049
2432,68.5691,306,3.2,0.325,0.3483,96,0.033,0.47,-1.01,0.0712,0.1132,0.054
2433,53.4354,327,3.3,0.425,0.3468,93,0.034,0.50,-0.86,0.0715,0.1183,0.076
2434,56.7683,275,3.2,0.350,0.3539,91,0.034,0.42,-0.98,0.0678,0.1146,0.125
2435,65.7287,319,3.2,0.405,0.3533,95,0.033,0.49,-0.89,0.0746,0.1088,0.110
2436,56.5658,275,3.2,0.390,0.3428,90,0.035,0.42,-0.92,0.0705,0.1071,0.065
2437,71.6709,264,3.2,0.335,0.3297,91,0.034,0.41,-1.00,0.0687,0.1079,0.057
2438,77.4534,302,3.2,0.410,0.3360,88,0.036,0.46,-0.89,0.0679,0.1196,0.061
2439,73.5473,305,3.2,0.340,0.3496,91,0.034,0.47,-0.99,0.0696,0.1166,0.063
2440,60.2668,293,3.2,0.420,0.3480,88,0.036,0.45,-0.87,0.0691,0.1171,0.094
2441,79.9138,321,3.2,0.320,0.3470,94,0.033,0.49,-1.02,0.0679,0.1296,0.107
2442,62.2274,265,3.2,0.495,0.3492,91,0.034,0.41,-0.76,0.0672,0.1297,0.089
2443,57.3331,297,3.3,0.305,0.3454,98,0.032,0.46,-1.04,0.0656,0.1183,0.085
2444,50.9877,260,3.3,0.400,0.3400,92,0.034,0.40,-0.90,0.0678,0.1161,0.081
2445,48.2685,253,3.3,0.380,0.3468,84,0.037,0.39,-0.93,0.0667,0.1128,0.088
2446,45.3712,293,3.2,0.360,0.3545,89,0.035,0.45,-0.96,0.0674,0.1188,0.099
2447,40.7863,257,3.2,0.445,0.3587,91,0.034,0.40,-0.83,0.0649,0.1179,0.103
2448,53.2159,292,3.2,0.340,0.3470,96,0.033,0.45,-0.99,0.0685,0.1180,0.079
2449,54.0472,271,3.2,0.410,0.3512,92,0.034,0.42,-0.89,0.0676,0.1113,0.076
2450,56.4424,295,3.2,0.325,0.3489,91,0.034,0.45,-1.01,0.0669,0.1048,0.065
2451,57.1258,251,3.2,0.380,0.3537,89,0.035,0.39,-0.93,0.0727,0.1131,0.052
2452,65.2564,282,3.2,0.395,0.3406,90,0.035,0.43,-0.91,0.0683,0.1096,0.069
2453,52.2622,282,3.2,0.395,0.3486,94,0.033,0.43,-0.91,0.0685,0.1134,0.082
2454,65.6792,301,3.2,0.390,0.3540,92,0.034,0.46,-0.92,0.0638,0.1206,0.074
2455,61.7922,318,3.3,0.350,0.3647,87,0.036,0.49,-0.98,0.0708,0.1211,0.063
2456,62.9714,293,3.3,0.400,0.3652,88,0.036,0.45,-0.90,0.0703,0.1218,0.076
2457,44.7668,290,3.2,0.395,0.3511,92,0.034,0.45,-0.91,0.0696,0.1239,0.052
2458,55.6002,260,3.2,0.365,0.3484,90,0.035,0.40,-0.95,0.0711,0.1193,0.047
2459,60.0250,298,3.2,0.385,0.3412,92,0.034,0.46,-0.92,0.0669,0.1185,0.084
2460,62.9039,288,3.1,0.350,0.3566,92,0.034,0.44,-0.98,0.0678,0.1129,0.086
2461,70.5864,298,3.2,0.375,0.3589,93,0.034,0.46,-0.94,0.0713,0.1084,0.100
2462,67.9844,314,3.2,0.385,0.3513,87,0.036,0.48,-0.92,0.0686,0.1142,0.103
2463,57.1301,287,3.2,0.415,0.3485,88,0.036,0.44,-0.88,0.0630,0.1162,0.059
2464,45.7855,282,3.2,0.405,0.3520,89,0.035,0.43,-0.89,0.0619,0.1122,0.050
2465,53.0985,270,3.2,0.400,0.3530,95,0.033,0.41,-0.90,0.0701,0.1151,0.065
2466,72.2113,296,3.2,0.370,0.3545,88,0.036,0.46,-0.95,0.0722,0.1210,0.068
2467,64.5412,297,3.2,0.370,0.3461,92,0.034,0.46,-0.95,0.0692,0.1273,0.077
2468,68.9549,275,3.2,0.325,0.3483,85,0.037,0.42,-1.01,0.0686,0.1332,0.074
2469,49.4493,276,3.2,0.450,0.3680,87,0.036,0.42,-0.83,0.0696,0.1193,0.066
2470,64.9556,294,3.2,0.320,0.3546,89,0.035,0.45,-1.02,0.0717,0.1166,0.060
2471,63.7978,288,3.2,0.390,0.3618,89,0.035,0.44,-0.92,0.0681,0.1286,0.090
2472,70.8284,325,3.2,0.345,0.3614,92,0.034,0.50,-0.98,0.0694,0.1256,0.101
2473,54.7760,267,3.2,0.390,0.3464,86,0.036,0.41,-0.92,0.0717,0.1152,0.113
2474,64.9807,289,3.2,0.370,0.3458,92,0.034,0.44,-0.95,0.0689,0.1079,0.109
2475,64.7400,286,3.1,0.465,0.3542,93,0.034,0.44,-0.80,0.0704,0.1125,0.061
2476,72.4248,277,3.1,0.340,0.3512,92,0.034,0.43,-0.99,0.0692,0.1155,0.070
2477,56.8528,306,3.2,0.430,0.3598,91,0.034,0.47,-0.86,0.0686,0.1214,0.076
2478,68.3266,289,3.2,0.340,0.3505,91,0.034,0.44,-0.99,0.0690,0.1118,0.082
2479,59.4309,291,3.2,0.390,0.3588,92,0.034,0.45,-0.92,0.0713,0.1166,0.070
2480,67.3504,280,3.1,0.350,0.3587,93,0.034,0.43,-0.98,0.0707,0.1259,0.035
2481,50.3863,302,3.2,0.400,0.3534,96,0.033,0.46,-0.90,0.0668,0.1228,0.062
2482,58.3581,289,3.2,0.365,0.3517,90,0.035,0.44,-0.95,0.0707,0.1191,0.082
2483,78.1993,299,3.2,0.370,0.3441,85,0.037,0.46,-0.95,0.0689,0.1247,0.071
2484,64.8579,302,3.2,0.375,0.3610,92,0.034,0.46,-0.94,0.0685,0.1239,0.070
2485,68.7505,278,3.2,0.405,0.3562,93,0.034,0.43,-0.89,0.0652,0.1142,0.068
2486,60.6745,306,3.1,0.365,0.3458,92,0.034,0.47,-0.95,0.0662,0.1254,0.070
2487,58.1168,256,3.1,0.410,0.3514,89,0.035,0.39,-0.89,0.0727,0.1296,0.068
2488,48.5669,280,3.2,0.395,0.3561,90,0.035,0.43,-0.91,0.0641,0.1151,0.052
2489,56.1766,242,3.2,0.385,0.3504,90,0.035,0.37,-0.92,0.0672,0.1138,0.058
2490,72.5374,304,3.2,0.400,0.3617,95,0.033,0.47,-0.90,0.0715,0.1286,0.071
2491,63.0544,301,3.2,0.340,0.3586,91,0.034,0.46,-0.99,0.0681,0.1296,0.071
2492,59.9446,292,3.2,0.375,0.3570,86,0.036,0.45,-0.94,0.0704,0.1276,0.073
2493,74.2004,306,3.1,0.340,0.3525,87,0.036,0.47,-0.99,0.0690,0.1385,0.080
2494,86.1149,329,3.1,0.335,0.3502,89,0.035,0.50,-1.00,0.0686,0.1202,0.131
2495,39.5847,302,3.3,0.405,0.3515,91,0.034,0.46,-0.89,0.0722,0.1023,0.140
2496,35.5570,230,3.4,0.415,0.3479,88,0.036,0.35,-0.88,0.0687,0.1049,0.133
2497,52.1707,262,3.3,0.375,0.3574,86,0.036,0.40,-0.94,0.0722,0.1234,0.112
2498,49.6742,253,3.1,0.370,0.3664,90,0.035,0.39,-0.95,0.0743,0.1283,0.063
2499,59.5452,321,3.1,0.365,0.3605,90,0.035,0.49,-0.95,0.0672,0.1208,0.049
2500,69.0801,284,3.1,0.390,0.3723,91,0.034,0.44,-0.92,0.0706,0.1223,0.048
2501,59.1278,293,3.1,0.380,0.3703,89,0.035,0.45,-0.93,0.0700,0.1312,0.079
2502,87.8448,289,3.2,0.345,0.3583,90,0.035,0.44,-0.98,0.0656,0.1387,0.106
2503,63.8819,346,3.2,0.385,0.3566,92,0.034,0.53,-0.92,0.0653,0.1148,0.129
2504,57.2973,290,3.2,0.355,0.3539,86,0.036,0.45,-0.97,0.0660,0.1047,0.118
2505,51.3578,283,3.2,0.420,0.3518,95,0.033,0.43,-0.87,0.0677,0.1249,0.063
2506,52.5689,277,3.2,0.380,0.3524,94,0.033,0.43,-0.93,0.0697,0.1280,0.053
2507,60.9135,258,3.2,0.425,0.3584,93,0.034,0.40,-0.86,0.0694,0.1259,0.064
2508,65.3050,319,3.2,0.350,0.3658,92,0.034,0.49,-0.98,0.0710,0.1268,0.067
2509,62.6059,286,3.3,0.360,0.3606,87,0.036,0.44,-0.96,0.0689,0.1183,0.096
2510,63.7377,309,3.2,0.345,0.3546,92,0.034,0.48,-0.98,0.0702,0.1131,0.119
2511,57.2266,286,3.2,0.395,0.3467,90,0.035,0.44,-0.91,0.0688,0.1196,0.076
2512,56.9263,288,3.2,0.395,0.3476,90,0.035,0.44,-0.91,0.0716,0.1276,0.033
2513,71.3997,312,3.1,0.390,0.3628,90,0.035,0.48,-0.92,0.0681,0.1236,0.055
2514,47.4852,266,3.1,0.390,0.3553,90,0.035,0.41,-0.92,0.0698,0.1203,0.075
2515,64.9314,256,3.3,0.395,0.3487,85,0.037,0.39,-0.91,0.0665,0.1195,0.093
2516,72.2257,291,3.2,0.360,0.3515,88,0.036,0.45,-0.96,0.0662,0.1159,0.081
2517,42.2669,289,3.2,0.410,0.3537,92,0.034,0.44,-0.89,0.0741,0.1153,0.052
2518,63.0690,276,3.2,0.340,0.3504,87,0.036,0.42,-0.99,0.0674,0.1216,0.062
2519,62.9915,333,3.2,0.390,0.3463,88,0.036,0.51,-0.92,0.0656,0.1230,0.101
2520,54.1147,273,3.2,0.325,0.3373,93,0.034,0.42,-1.01,0.0698,0.1218,0.094
2521,47.3458,253,3.2,0.415,0.3411,95,0.033,0.39,-0.88,0.0679,0.1301,0.062
2522,79.7297,342,3.1,0.400,0.3367,87,0.036,0.53,-0.90,0.0687,0.1278,0.083
2523,61.3068,306,3.2,0.375,0.3523,90,0.035,0.47,-0.94,0.0667,0.1144,0.081
2524,75.3588,334,3.2,0.325,0.3615,92,0.034,0.51,-1.01,0.0680,0.1165,0.075
2525,73.9335,307,3.1,0.385,0.3548,93,0.034,0.47,-0.92,0.0684,0.1304,0.073
2526,50.8858,296,3.2,0.400,0.3447,90,0.035,0.45,-0.90,0.0725,0.1239,0.117
2527,64.1440,283,3.2,0.345,0.3431,94,0.033,0.44,-0.98,0.0705,0.1139,0.116
2528,55.8655,278,3.3,0.440,0.3488,91,0.034,0.43,-0.84,0.0733,0.1205,0.085
2529,51.2197,271,3.2,0.340,0.3545,93,0.034,0.42,-0.99,0.0678,0.1327,0.090
2530,57.8201,279,3.2,0.400,0.3465,91,0.034,0.43,-0.90,0.0695,0.1307,0.090
2531,54.0740,288,3.2,0.370,0.3344,89,0.035,0.44,-0.95,0.0704,0.1172,0.118
2532,69.5719,310,3.2,0.370,0.3437,89,0.035,0.48,-0.95,0.0718,0.1180,0.098
2533,65.2870,285,3.2,0.370,0.3574,90,0.035,0.44,-0.95,0.0702,0.1084,0.085
2534,59.5605,295,3.1,0.400,0.3636,89,0.035,0.45,-0.90,0.0696,0.1144,0.085
2535,54.1399,279,3.1,0.365,0.3656,91,0.034,0.43,-0.95,0.0707,0.1216,0.057
2536,54.7920,282,3.3,0.425,0.3592,91,0.034,0.43,-0.86,0.0691,0.1265,0.082
2537,57.2866,272,3.2,0.325,0.3615,93,0.034,0.42,-1.01,0.0744,0.1363,0.076
2538,58.6459,269,3.2,0.415,0.3493,96,0.033,0.41,-0.88,0.0694,0.1187,0.062
2539,64.5683,305,3.1,0.360,0.3515,94,0.033,0.47,-0.96,0.0701,0.1135,0.067
2540,58.2765,283,3.2,0.405,0.3483,91,0.034,0.43,-0.89,0.0735,0.1169,0.075
2541,63.3451,320,3.2,0.340,0.3489,92,0.034,0.49,-0.99,0.0683,0.1215,0.116
2542,66.8514,304,3.2,0.400,0.3381,92,0.034,0.47,-0.90,0.0653,0.1164,0.101
2543,69.4442,329,3.2,0.365,0.3351,95,0.033,0.51,-0.95,0.0698,0.1113,0.055
2544,68.5383,276,3.2,0.420,0.3490,96,0.033,0.42,-0.87,0.0695,0.1208,0.062
2545,73.2838,316,3.0,0.345,0.3586,95,0.033,0.49,-0.98,0.0728,0.1226,0.062
2546,70.0355,328,3.1,0.395,0.3586,93,0.034,0.50,-0.91,0.0698,0.1255,0.088
2547,59.5928,307,3.2,0.390,0.3693,89,0.035,0.47,-0.92,0.0738,0.1304,0.089
2548,57.7411,301,3.2,0.365,0.3548,91,0.034,0.46,-0.95,0.0736,0.1336,0.089
2549,54.3256,291,3.2,0.410,0.3510,94,0.033,0.45,-0.89,0.0665,0.1362,0.081
2550,44.4905,263,3.2,0.370,0.3594,92,0.034,0.40,-0.95,0.0708,0.1332,0.046
2551,57.3033,259,3.2,0.390,0.3573,88,0.036,0.40,-0.92,0.0708,0.1432,0.068
2552,57.5282,282,3.2,0.380,0.3515,91,0.034,0.43,-0.93,0.0666,0.1365,0.089
2553,57.2881,291,3.3,0.400,0.3432,90,0.035,0.45,-0.90,0.0697,0.1136,0.078
2554,56.1318,258,3.2,0.420,0.3429,93,0.034,0.40,-0.87,0.0705,0.1141,0.087
2555,55.0679,291,3.1,0.405,0.3616,94,0.033,0.45,-0.89,0.0673,0.1327,0.093
2556,52.0855,271,3.2,0.400,0.3793,92,0.034,0.42,-0.90,0.0727,0.1386,0.073
2557,65.0455,288,3.2,0.375,0.3586,86,0.036,0.44,-0.94,0.0698,0.1267,0.048
2558,53.8288,261,3.2,0.415,0.3653,89,0.035,0.40,-0.88,0.0706,0.1326,0.048
2559,57.7331,282,3.3,0.385,0.3609,91,0.034,0.43,-0.92,0.0698,0.1265,0.086
2560,51.5695,274,3.3,0.410,0.3551,88,0.036,0.42,-0.89,0.0684,0.1210,0.059
2561,55.2945,279,3.2,0.365,0.3609,93,0.034,0.43,-0.95,0.0702,0.1257,0.034
2562,63.3606,282,3.1,0.400,0.3470,93,0.034,0.43,-0.90,0.0703,0.1280,0.054
2563,58.6430,297,3.2,0.380,0.3526,89,0.035,0.46,-0.93,0.0668,0.1387,0.047
2564,55.8544,273,3.2,0.345,0.3557,87,0.036,0.42,-0.98,0.0673,0.1349,0.058
2565,52.8719,279,3.2,0.445,0.3570,92,0.034,0.43,-0.83,0.0674,0.1312,0.060
2566,62.2462,295,3.1,0.335,0.3662,93,0.034,0.45,-1.00,0.0718,0.1352,0.061
2567,69.2689,289,3.2,0.420,0.3645,93,0.034,0.44,-0.87,0.0751,0.1237,0.049
2568,67.6482,316,3.2,0.320,0.3633,88,0.036,0.49,-1.02,0.0687,0.1090,0.057
2569,50.4726,268,3.2,0.425,0.3537,89,0.035,0.41,-0.86,0.0731,0.1090,0.061
2570,59.0238,274,3.2,0.360,0.3662,93,0.034,0.42,-0.96,0.0670,0.1280,0.067
2571,61.2552,312,3.3,0.360,0.3613,90,0.035,0.48,-0.96,0.0705,0.1404,0.065
2572,54.4186,314,3.2,0.350,0.3634,90,0.035,0.48,-0.98,0.0721,0.1348,0.051
2573,63.0100,274,3.1,0.415,0.3481,94,0.033,0.42,-0.88,0.0722,0.1216,0.086
2574,57.1781,279,3.3,0.405,0.3535,88,0.036,0.43,-0.89,0.0701,0.1224,0.078
2575,41.4181,231,3.2,0.335,0.3463,93,0.034,0.35,-1.00,0.0718,0.1304,0.066
2576,58.2273,261,3.1,0.420,0.3532,91,0.034,0.40,-0.87,0.0702,0.1283,0.069
2577,57.9568,286,3.2,0.375,0.3516,94,0.033,0.44,-0.94,0.0690,0.1222,0.080
2578,74.8996,311,3.2,0.360,0.3701,95,0.033,0.48,-0.96,0.0690,0.1159,0.101
2579,51.8479,309,3.2,0.360,0.3639,92,0.034,0.47,-0.96,0.0697,0.1203,0.080
2580,55.2000,258,3.2,0.375,0.3570,95,0.033,0.40,-0.94,0.0693,0.1247,0.071
2581,62.5815,288,3.3,0.370,0.3566,89,0.035,0.44,-0.95,0.0722,0.1188,0.054
2582,58.5013,274,3.3,0.385,0.3593,91,0.034,0.42,-0.92,0.0667,0.1166,0.062
2583,51.2840,272,3.3,0.345,0.3654,86,0.036,0.42,-0.98,0.0696,0.1175,0.070
2584,44.8299,271,3.2,0.440,0.3540,90,0.035,0.42,-0.84,0.0661,0.1280,0.061
2585,64.9660,281,3.2,0.375,0.3474,90,0.035,0.43,-0.94,0.0700,0.1321,0.098
2586,58.1922,310,3.1,0.390,0.3491,89,0.035,0.48,-0.92,0.0686,0.1458,0.090
2587,53.6951,275,3.1,0.390,0.3461,98,0.032,0.42,-0.92,0.0731,0.1358,0.068
2588,45.6698,247,3.2,0.410,0.3497,96,0.033,0.38,-0.89,0.0721,0.1173,0.077
2589,43.1043,228,3.3,0.345,0.3520,95,0.033,0.35,-0.98,0.0703,0.1211,0.048
2590,66.9768,267,3.2,0.345,0.3558,95,0.033,0.41,-0.98,0.0673,0.1247,0.098
2591,64.8353,276,3.3,0.405,0.3648,96,0.033,0.42,-0.89,0.0694,0.1358,0.137
2592,54.0008,258,3.2,0.375,0.3663,101,0.031,0.40,-0.94,0.0680,0.1269,0.082
2593,61.7673,277,3.2,0.395,0.3631,90,0.035,0.43,-0.91,0.0678,0.1307,0.107
2594,46.5205,271,3.2,0.375,0.3520,92,0.034,0.42,-0.94,0.0659,0.1286,0.128
2595,50.9652,269,3.2,0.415,0.3499,92,0.034,0.41,-0.88,0.0712,0.1196,0.073
2596,53.7402,288,3.2,0.315,0.3577,96,0.033,0.44,-1.03,0.0694,0.1388,0.037
2597,63.0893,276,3.1,0.420,0.3526,93,0.034,0.42,-0.87,0.0684,0.1555,0.043
2598,66.1112,283,3.2,0.365,0.3591,90,0.035,0.43,-0.95,0.0701,0.1365,0.033
2599,62.5895,302,3.2,0.395,0.3623,90,0.035,0.46,-0.91,0.0690,0.1187,0.034
